state_representation,reward_type,update,first_episode,last_episode,batch_size,loss,gradient_norm,cumulative_steps,mean_episode_length,mean_abs_return,max_abs_return
raw,net_profit,1,0,31,32,-1.518782615661621,0.9184274248765563,50,1.5625,4.375,8.0
raw,net_profit,2,32,63,32,-1.9762752056121826,0.3327454503457917,92,1.3125,4.875,8.0
raw,net_profit,3,64,95,32,-0.1381245255470276,0.6696067191158046,138,1.4375,4.25,6.0
raw,net_profit,4,96,127,32,0.19118790328502655,0.9463244255694281,181,1.34375,4.515625,8.0
raw,net_profit,5,128,159,32,-0.4706132411956787,0.7012099205290774,222,1.28125,4.328125,8.0
raw,net_profit,6,160,191,32,-1.5547329187393188,0.5844026660439678,266,1.375,4.625,8.0
raw,net_profit,7,192,223,32,-0.2898300290107727,1.1243298281627996,320,1.6875,4.109375,8.0
raw,net_profit,8,224,255,32,-2.4365687370300293,0.765440883991178,365,1.40625,4.515625,7.0
raw,net_profit,9,256,287,32,-0.8460119366645813,0.6587530170354321,414,1.53125,4.28125,8.0
raw,net_profit,10,288,319,32,0.1808227151632309,1.0821381225940563,454,1.25,4.59375,8.0
raw,net_profit,11,320,351,32,0.8488097190856934,1.3631010830059953,495,1.28125,4.15625,6.0
raw,net_profit,12,352,383,32,-1.7847561836242676,1.1218826546422835,544,1.53125,4.25,8.0
raw,net_profit,13,384,415,32,-1.6606580018997192,0.9199827335325799,589,1.40625,4.328125,7.0
raw,net_profit,14,416,447,32,0.9593406915664673,1.0086381782182048,636,1.46875,4.125,8.0
raw,net_profit,15,448,479,32,-0.12675821781158447,0.661508618450241,677,1.28125,4.3125,6.0
raw,net_profit,16,480,511,32,-1.088883399963379,1.2967260263723535,721,1.375,4.609375,7.0
raw,net_profit,17,512,543,32,-1.2678487300872803,0.7137445874188877,765,1.375,3.78125,6.0
raw,net_profit,18,544,575,32,0.6257716417312622,1.2547340273876457,807,1.3125,4.078125,8.0
raw,net_profit,19,576,607,32,0.11764958500862122,1.3141882707567092,849,1.3125,4.359375,6.5
raw,net_profit,20,608,639,32,-0.6302515268325806,1.9821304515563714,891,1.3125,3.84375,6.0
raw,net_profit,21,640,671,32,-1.1327728033065796,1.1556425476205974,933,1.3125,4.546875,8.0
raw,net_profit,22,672,703,32,-0.8016513586044312,0.7930530442497369,971,1.1875,4.34375,6.0
raw,net_profit,23,704,735,32,-0.7151443958282471,0.8050091809935866,1013,1.3125,4.359375,6.5
raw,net_profit,24,736,767,32,-0.3614259362220764,0.8276472563412699,1055,1.3125,4.6875,8.0
raw,net_profit,25,768,799,32,0.49510085582733154,0.8624236218084099,1100,1.40625,4.078125,6.0
raw,net_profit,26,800,831,32,-0.06385338306427002,0.8777644726229299,1144,1.375,4.21875,8.0
raw,net_profit,27,832,863,32,-1.1479461193084717,0.8195259655224365,1185,1.28125,4.3125,6.0
raw,net_profit,28,864,895,32,-0.7913485765457153,0.9036165173440086,1231,1.4375,3.625,6.0
raw,net_profit,29,896,927,32,-0.48666509985923767,0.9184482342176439,1272,1.28125,4.5,6.0
raw,net_profit,30,928,959,32,0.6675487160682678,1.6714295573864022,1313,1.28125,4.390625,8.0
raw,net_profit,31,960,991,32,-1.0364062786102295,2.516333358701233,1348,1.09375,5.03125,6.0
raw,net_profit,32,992,1023,32,-0.6071444749832153,3.032750431935079,1386,1.1875,4.484375,6.5
raw,net_profit,33,1024,1055,32,-0.5151712894439697,1.1301732265484177,1423,1.15625,4.21875,6.0
raw,net_profit,34,1056,1087,32,-0.17673219740390778,1.186672569363742,1464,1.28125,4.625,6.5
raw,net_profit,35,1088,1119,32,-0.4690861105918884,1.683482812386959,1504,1.25,4.21875,6.0
raw,net_profit,36,1120,1151,32,0.8832896947860718,1.754677563537735,1538,1.0625,4.453125,8.0
raw,net_profit,37,1152,1183,32,0.2839154899120331,0.8656852301610573,1580,1.3125,4.546875,7.0
raw,net_profit,38,1184,1215,32,-0.7515825033187866,1.268722431556827,1625,1.40625,4.375,6.0
raw,net_profit,39,1216,1247,32,0.3869757056236267,0.5098994015167228,1660,1.09375,4.875,8.0
raw,net_profit,40,1248,1279,32,0.4304407238960266,1.4346968073723891,1698,1.1875,4.65625,7.0
raw,net_profit,41,1280,1311,32,-1.5290179252624512,1.3126531066902805,1739,1.28125,4.96875,8.0
raw,net_profit,42,1312,1343,32,0.7652791738510132,0.749970867096047,1776,1.15625,4.234375,6.5
raw,net_profit,43,1344,1375,32,28.771421432495117,34.03401225454671,1822,1.4375,19.640625,503.0
raw,net_profit,44,1376,1407,32,-0.45050615072250366,2.2367306543548264,1859,1.15625,4.671875,6.0
raw,net_profit,45,1408,1439,32,-0.2977222800254822,0.8400259758336835,1901,1.3125,4.53125,6.5
raw,net_profit,46,1440,1471,32,-1.2166253328323364,0.9568120858088913,1942,1.28125,4.609375,8.0
raw,net_profit,47,1472,1503,32,-1.172829031944275,1.1576998664761995,1982,1.25,4.5625,6.0
raw,net_profit,48,1504,1535,32,-2.4403910636901855,0.5823830984764844,2018,1.125,5.03125,6.0
raw,net_profit,49,1536,1567,32,0.42160773277282715,0.6463757295387779,2057,1.21875,4.28125,8.0
raw,net_profit,50,1568,1599,32,-2.5383315086364746,1.7497949047294463,2099,1.3125,4.5625,6.0
raw,net_profit,51,1600,1631,32,-1.841888189315796,1.4399979826917888,2136,1.15625,4.890625,6.0
raw,net_profit,52,1632,1663,32,3.1640570163726807,2.834385855863088,2174,1.1875,6.03125,53.0
raw,net_profit,53,1664,1695,32,-2.0144026279449463,1.0656415526377487,2217,1.34375,4.75,8.0
raw,net_profit,54,1696,1727,32,-2.296461582183838,1.4102649665901066,2254,1.15625,4.3125,6.0
raw,net_profit,55,1728,1759,32,-1.9285738468170166,1.039129617995364,2294,1.25,4.9375,8.0
raw,net_profit,56,1760,1791,32,-0.5799849033355713,1.268703109711033,2334,1.25,4.609375,7.0
raw,net_profit,57,1792,1823,32,0.17452263832092285,0.9136337619118404,2372,1.1875,4.125,6.0
raw,net_profit,58,1824,1855,32,0.9039788842201233,1.1985505467937947,2411,1.21875,4.375,6.0
raw,net_profit,59,1856,1887,32,-1.4318922758102417,0.9534514568637897,2451,1.25,4.578125,6.0
raw,net_profit,60,1888,1919,32,-1.4626648426055908,1.8239952120236702,2489,1.1875,4.796875,7.0
raw,net_profit,61,1920,1951,32,-1.1532189846038818,1.226109019522261,2530,1.28125,4.65625,6.5
raw,net_profit,62,1952,1983,32,-1.9073669910430908,1.2567581524427032,2568,1.1875,4.59375,6.0
raw,net_profit,63,1984,2015,32,-0.10761517286300659,1.5349701079000788,2609,1.28125,5.046875,15.0
raw,net_profit,64,2016,2047,32,-1.824800729751587,0.6484284431264867,2649,1.25,4.515625,8.0
raw,net_profit,65,2048,2079,32,0.12539958953857422,0.7126853808909515,2690,1.28125,4.296875,6.5
raw,net_profit,66,2080,2111,32,1.7973686456680298,1.4097395120569156,2729,1.21875,4.09375,7.0
raw,net_profit,67,2112,2143,32,-0.5168699622154236,0.7789967153025081,2770,1.28125,4.421875,6.5
raw,net_profit,68,2144,2175,32,0.10286527872085571,0.6632852648860152,2810,1.25,4.4375,6.5
raw,net_profit,69,2176,2207,32,0.5474931597709656,0.7279737075493892,2853,1.34375,4.265625,8.0
raw,net_profit,70,2208,2239,32,-0.9795622825622559,1.5853384749507524,2898,1.40625,4.25,8.0
raw,net_profit,71,2240,2271,32,-2.12315034866333,1.771145537476991,2946,1.5,4.40625,6.0
raw,net_profit,72,2272,2303,32,-1.4662162065505981,1.3826192536839805,2989,1.34375,4.28125,6.0
raw,net_profit,73,2304,2335,32,-0.25713884830474854,0.8167820764374156,3032,1.34375,4.015625,6.5
raw,net_profit,74,2336,2367,32,-1.1832259893417358,1.7778727836473893,3076,1.375,4.578125,8.0
raw,net_profit,75,2368,2399,32,0.7016664743423462,0.38822904830138877,3113,1.15625,4.734375,15.0
raw,net_profit,76,2400,2431,32,-1.6689817905426025,1.4925677702747562,3153,1.25,4.546875,6.5
raw,net_profit,77,2432,2463,32,0.23498713970184326,0.9426543602521729,3201,1.5,3.9375,6.0
raw,net_profit,78,2464,2495,32,1.1947766542434692,0.9383191241701078,3239,1.1875,4.09375,6.0
raw,net_profit,79,2496,2527,32,0.9159336090087891,0.38687039622150665,3277,1.1875,4.515625,6.0
raw,net_profit,80,2528,2559,32,-1.4975829124450684,0.6513697700921272,3321,1.375,4.78125,8.0
raw,net_profit,81,2560,2591,32,-0.6691955327987671,1.7146193934749017,3359,1.1875,4.171875,6.5
raw,net_profit,82,2592,2623,32,-1.7489819526672363,0.9508521044320336,3403,1.375,4.578125,6.5
raw,net_profit,83,2624,2655,32,-0.3400173783302307,1.1089093860090704,3446,1.34375,4.1875,6.0
raw,net_profit,84,2656,2687,32,0.23785734176635742,1.2467596109111547,3486,1.25,4.609375,8.0
raw,net_profit,85,2688,2719,32,0.3755098581314087,1.0927008566024659,3525,1.21875,4.890625,8.0
raw,net_profit,86,2720,2751,32,0.9552765488624573,0.5413738305493996,3569,1.375,4.046875,6.0
raw,net_profit,87,2752,2783,32,-0.6882405281066895,0.3862619467982617,3611,1.3125,4.03125,7.0
raw,net_profit,88,2784,2815,32,-0.5517147183418274,0.6875836751023177,3653,1.3125,4.34375,6.5
raw,net_profit,89,2816,2847,32,-0.7889060974121094,0.9836490465905033,3693,1.25,4.28125,8.0
raw,net_profit,90,2848,2879,32,0.2840455174446106,0.638517256986521,3733,1.25,3.96875,6.0
raw,net_profit,91,2880,2911,32,-0.5055850744247437,1.5150629780227314,3777,1.375,4.3125,8.0
raw,net_profit,92,2912,2943,32,1.515162706375122,0.7366874791436346,3819,1.3125,4.59375,8.0
raw,net_profit,93,2944,2975,32,-0.10397350788116455,1.1361653254280852,3857,1.1875,4.71875,8.0
raw,net_profit,94,2976,3007,32,1.2867968082427979,0.7871917012125426,3900,1.34375,3.984375,6.5
raw,net_profit,95,3008,3039,32,-1.5364857912063599,1.8526978062294401,3946,1.4375,4.4375,7.0
raw,net_profit,96,3040,3071,32,0.4141843020915985,0.7443881145304145,3987,1.28125,4.03125,6.0
raw,net_profit,97,3072,3103,32,-1.0449382066726685,1.4944528936568384,4034,1.46875,4.25,8.0
raw,net_profit,98,3104,3135,32,-0.46584901213645935,0.8528876453347095,4074,1.25,4.09375,6.0
raw,net_profit,99,3136,3167,32,0.6825734376907349,0.5900112196390273,4115,1.28125,4.59375,15.0
raw,net_profit,100,3168,3199,32,-1.3321274518966675,1.90392224895195,4159,1.375,4.546875,7.0
raw,net_profit,101,3200,3231,32,0.45723187923431396,1.3603385495885412,4198,1.21875,4.546875,6.5
raw,net_profit,102,3232,3263,32,0.2008710503578186,1.6944484168450222,4246,1.5,3.984375,7.0
raw,net_profit,103,3264,3295,32,-0.22822421789169312,2.6684936820821457,4285,1.21875,4.671875,7.0
raw,net_profit,104,3296,3327,32,-1.8038544654846191,1.9752593467381117,4323,1.1875,4.71875,7.0
raw,net_profit,105,3328,3359,32,-0.8292322754859924,1.2846803701285336,4368,1.40625,4.203125,6.0
raw,net_profit,106,3360,3391,32,-0.10911305248737335,1.0065706286382157,4409,1.28125,4.296875,6.5
raw,net_profit,107,3392,3423,32,-1.8020340204238892,1.2418604032083642,4453,1.375,4.5,7.0
raw,net_profit,108,3424,3455,32,-0.3007611632347107,1.832269499305314,4495,1.3125,4.34375,6.5
raw,net_profit,109,3456,3487,32,-0.09424671530723572,1.3312681852766888,4537,1.3125,4.5625,7.0
raw,net_profit,110,3488,3519,32,-0.6720348000526428,1.9632614468263159,4579,1.3125,4.546875,6.0
raw,net_profit,111,3520,3551,32,-0.5872561931610107,0.74565406025638,4620,1.28125,4.171875,8.0
raw,net_profit,112,3552,3583,32,-1.0355799198150635,0.6949032444905008,4663,1.34375,4.15625,6.0
raw,net_profit,113,3584,3615,32,-0.3315936326980591,1.6053274723049509,4698,1.09375,4.359375,6.5
raw,net_profit,114,3616,3647,32,-0.9115966558456421,1.0560208421110369,4740,1.3125,4.34375,8.0
raw,net_profit,115,3648,3679,32,0.07008340954780579,0.8977439083028872,4784,1.375,4.015625,6.0
raw,net_profit,116,3680,3711,32,-1.667703628540039,0.6235472824447562,4826,1.3125,4.625,7.0
raw,net_profit,117,3712,3743,32,-1.4873872995376587,0.698067818321297,4869,1.34375,4.5,8.0
raw,net_profit,118,3744,3775,32,-1.4607161283493042,0.5379627525767023,4910,1.28125,4.53125,6.0
raw,net_profit,119,3776,3807,32,0.18844293057918549,0.8530392282460024,4947,1.15625,4.5,8.0
raw,net_profit,120,3808,3839,32,-0.7985262870788574,0.8549296990003449,4988,1.28125,4.21875,6.0
raw,net_profit,121,3840,3871,32,-2.3999645709991455,0.7544943160203864,5028,1.25,4.546875,6.0
raw,net_profit,122,3872,3903,32,-0.7780942916870117,0.45631954254614393,5065,1.15625,4.453125,6.5
raw,net_profit,123,3904,3935,32,0.4967317581176758,1.786963997804351,5107,1.3125,4.484375,13.0
raw,net_profit,124,3936,3967,32,0.0008010268211364746,0.993776187072613,5156,1.53125,4.171875,7.0
raw,net_profit,125,3968,3999,32,-0.14765194058418274,1.3294647763987004,5197,1.28125,4.0625,6.5
raw,net_profit,126,4000,4031,32,0.7099875211715698,1.0193492448979977,5236,1.21875,4.515625,7.0
raw,net_profit,127,4032,4063,32,0.04609909653663635,1.0466769620400822,5275,1.21875,4.71875,8.0
raw,net_profit,128,4064,4095,32,0.7484601736068726,0.7166514204645192,5317,1.3125,4.109375,7.0
raw,net_profit,129,4096,4127,32,-1.2974045276641846,0.7508501435099748,5355,1.1875,4.71875,8.0
raw,net_profit,130,4128,4159,32,-1.9314093589782715,0.8863489072166063,5398,1.34375,4.484375,6.5
raw,net_profit,131,4160,4191,32,1.9343990087509155,1.16799956785991,5442,1.375,4.1875,8.0
raw,net_profit,132,4192,4223,32,-1.398484230041504,1.08669511225994,5483,1.28125,4.328125,6.0
raw,net_profit,133,4224,4255,32,-0.6935322284698486,1.0396593239562093,5531,1.5,3.890625,6.0
raw,net_profit,134,4256,4287,32,-0.4510500431060791,1.3845952142211762,5576,1.40625,4.25,6.0
raw,net_profit,135,4288,4319,32,-0.5548215508460999,0.9530584878225262,5621,1.40625,4.25,6.0
raw,net_profit,136,4320,4351,32,-2.1637845039367676,1.5326428337262732,5663,1.3125,4.65625,8.0
raw,net_profit,137,4352,4383,32,-0.9528439044952393,0.9959920570796368,5701,1.1875,4.34375,7.0
raw,net_profit,138,4384,4415,32,0.8645844459533691,0.7864879924088517,5747,1.4375,4.0625,6.0
raw,net_profit,139,4416,4447,32,-2.328951835632324,0.7520282807838577,5791,1.375,4.21875,8.0
raw,net_profit,140,4448,4479,32,-0.5049724578857422,0.7811800508275252,5833,1.3125,4.421875,8.0
raw,net_profit,141,4480,4511,32,-1.275526762008667,0.5943119755161318,5874,1.28125,4.171875,6.0
raw,net_profit,142,4512,4543,32,-0.1288403868675232,0.7098927727127342,5914,1.25,4.375,6.0
raw,net_profit,143,4544,4575,32,-0.7780095338821411,0.4956638286803575,5956,1.3125,4.921875,8.0
raw,net_profit,144,4576,4607,32,0.1028817892074585,0.4051725805890051,5995,1.21875,4.5625,7.0
raw,net_profit,145,4608,4639,32,-0.9500106573104858,1.2738392177419358,6038,1.34375,3.6875,6.0
raw,net_profit,146,4640,4671,32,-0.7523510456085205,0.6667482931661257,6082,1.375,4.609375,8.0
raw,net_profit,147,4672,4703,32,-0.9389063119888306,0.9222019095616946,6125,1.34375,4.15625,6.0
raw,net_profit,148,4704,4735,32,-0.9798166751861572,1.9554852730608316,6170,1.40625,4.4375,8.0
raw,net_profit,149,4736,4767,32,-1.3895944356918335,1.570004233145563,6207,1.15625,4.796875,6.5
raw,net_profit,150,4768,4799,32,0.024481743574142456,1.3297882528340765,6252,1.40625,4.046875,6.0
raw,net_profit,151,4800,4831,32,-0.2786552309989929,0.8272783658314723,6291,1.21875,4.59375,6.5
raw,net_profit,152,4832,4863,32,-0.14045217633247375,0.9586131141798985,6328,1.15625,4.359375,6.5
raw,net_profit,153,4864,4895,32,0.33149030804634094,1.3550951106508133,6367,1.21875,4.5,6.5
raw,net_profit,154,4896,4927,32,0.3978310227394104,0.9253912735994634,6412,1.40625,4.1875,8.0
raw,net_profit,155,4928,4959,32,0.2175837755203247,0.4942839967210906,6455,1.34375,4.359375,8.0
raw,net_profit,156,4960,4991,32,-1.4491969347000122,0.649697448675026,6493,1.1875,4.390625,6.5
raw,net_profit,157,4992,5023,32,-0.42995181679725647,0.6898507585184215,6533,1.25,4.78125,7.0
raw,net_profit,158,5024,5055,32,-1.5940732955932617,0.7700651932194201,6579,1.4375,3.875,6.0
raw,net_profit,159,5056,5087,32,-2.0625545978546143,1.498986365562216,6617,1.1875,4.953125,6.5
raw,net_profit,160,5088,5119,32,-0.578761875629425,0.6464631880151293,6657,1.25,4.046875,6.5
raw,net_profit,161,5120,5151,32,-1.648913860321045,0.6847714106817276,6696,1.21875,4.5,7.0
raw,net_profit,162,5152,5183,32,-1.3237955570220947,0.9649817985363195,6736,1.25,4.015625,6.5
raw,net_profit,163,5184,5215,32,-2.2765746116638184,1.1124441916058034,6775,1.21875,4.9375,6.0
raw,net_profit,164,5216,5247,32,0.9766800999641418,0.9506580945096051,6812,1.15625,4.953125,8.0
raw,net_profit,165,5248,5279,32,0.08652274310588837,1.555892879858717,6850,1.1875,4.40625,6.5
raw,net_profit,166,5280,5311,32,0.6315109133720398,0.5353778984173467,6886,1.125,4.28125,6.0
raw,net_profit,167,5312,5343,32,-0.43013858795166016,0.7508527172571786,6926,1.25,4.671875,7.0
raw,net_profit,168,5344,5375,32,0.20765626430511475,1.051282425170233,6967,1.28125,4.34375,6.5
raw,net_profit,169,5376,5407,32,0.1725941300392151,1.2305910515472955,7007,1.25,4.4375,8.0
raw,net_profit,170,5408,5439,32,-0.26481467485427856,1.0195048612737032,7048,1.28125,4.125,8.0
raw,net_profit,171,5440,5471,32,0.004489034414291382,0.8195324445059899,7091,1.34375,4.25,8.0
raw,net_profit,172,5472,5503,32,-0.640526294708252,0.9565026895167456,7136,1.40625,3.96875,6.0
raw,net_profit,173,5504,5535,32,0.026870891451835632,1.2023441539690947,7175,1.21875,4.40625,8.0
raw,net_profit,174,5536,5567,32,-0.11228644847869873,0.8593889222366735,7218,1.34375,4.234375,8.0
raw,net_profit,175,5568,5599,32,-0.5977641940116882,2.3696698693205858,7258,1.25,4.9375,14.0
raw,net_profit,176,5600,5631,32,-0.718858003616333,0.7878997646150016,7298,1.25,4.765625,7.0
raw,net_profit,177,5632,5663,32,-0.49514323472976685,0.6497572981470371,7338,1.25,4.6875,14.0
raw,net_profit,178,5664,5695,32,0.5933045148849487,1.17217941683987,7378,1.25,4.109375,6.0
raw,net_profit,179,5696,5727,32,-1.4593830108642578,1.015762285501065,7417,1.21875,4.484375,7.0
raw,net_profit,180,5728,5759,32,0.8499853610992432,1.7909302407789705,7454,1.15625,4.4375,8.0
raw,net_profit,181,5760,5791,32,-0.4018791615962982,1.2073434485215289,7491,1.15625,4.171875,6.0
raw,net_profit,182,5792,5823,32,-0.8257890343666077,0.6597215879916659,7530,1.21875,4.53125,6.0
raw,net_profit,183,5824,5855,32,0.9132091999053955,0.68551910246257,7571,1.28125,4.546875,7.0
raw,net_profit,184,5856,5887,32,-0.7562389373779297,1.300366288043184,7614,1.34375,3.953125,6.0
raw,net_profit,185,5888,5919,32,0.9039166569709778,0.6640906571323422,7653,1.21875,4.4375,8.0
raw,net_profit,186,5920,5951,32,-0.9466134905815125,1.3002941128273904,7692,1.21875,4.453125,6.5
raw,net_profit,187,5952,5983,32,0.07069137692451477,1.5522742959616678,7731,1.21875,4.5,7.0
raw,net_profit,188,5984,6015,32,-1.1094024181365967,1.2751098321139136,7769,1.1875,4.515625,6.0
raw,net_profit,189,6016,6047,32,-2.3842384815216064,0.9312742235722186,7808,1.21875,4.828125,8.0
raw,net_profit,190,6048,6079,32,-0.6735172867774963,1.4691999272610803,7849,1.28125,4.875,7.0
raw,net_profit,191,6080,6111,32,-0.09306737780570984,1.853711985052625,7894,1.40625,4.3125,7.0
raw,net_profit,192,6112,6143,32,-1.9720669984817505,1.3677625828292619,7940,1.4375,4.390625,6.5
raw,net_profit,193,6144,6175,32,-1.4850454330444336,1.549065040027381,7981,1.28125,4.453125,8.0
raw,net_profit,194,6176,6207,32,-0.6733511686325073,0.6637533652818463,8026,1.40625,4.0,6.0
raw,net_profit,195,6208,6239,32,-0.6583849787712097,0.9126544744673751,8066,1.25,4.5625,7.0
raw,net_profit,196,6240,6271,32,-1.0109455585479736,0.557505454356371,8104,1.1875,4.484375,7.0
raw,net_profit,197,6272,6303,32,-1.8362984657287598,1.2491132335520054,8144,1.25,4.453125,7.0
raw,net_profit,198,6304,6335,32,-1.4753155708312988,2.3257651503629004,8183,1.21875,4.515625,6.0
raw,net_profit,199,6336,6367,32,-0.5272892713546753,0.9507565899027837,8218,1.09375,4.6875,8.0
raw,net_profit,200,6368,6399,32,-0.9963265657424927,1.8375161420975354,8258,1.25,4.703125,8.0
raw,net_profit,201,6400,6431,32,-0.31636321544647217,1.0147815605882973,8295,1.15625,4.171875,6.0
raw,net_profit,202,6432,6463,32,-1.6929584741592407,1.5830982476177196,8338,1.34375,4.5,8.0
raw,net_profit,203,6464,6495,32,-0.22912615537643433,1.2713555729286272,8380,1.3125,3.6875,6.0
raw,net_profit,204,6496,6527,32,-0.09611764550209045,1.0260482707108542,8418,1.1875,4.125,6.0
raw,net_profit,205,6528,6559,32,-0.4732937216758728,1.2058994452586724,8457,1.21875,3.90625,6.0
raw,net_profit,206,6560,6591,32,-1.110464334487915,1.136556842030979,8497,1.25,4.59375,6.0
raw,net_profit,207,6592,6623,32,-0.5359208583831787,1.14898123209342,8541,1.375,4.421875,13.0
raw,net_profit,208,6624,6655,32,-3.095069408416748,1.8985424830592785,8583,1.3125,4.59375,6.0
raw,net_profit,209,6656,6687,32,-0.638355016708374,0.9557761714240195,8619,1.125,4.75,7.0
raw,net_profit,210,6688,6719,32,-1.3703176975250244,1.0658077552609302,8662,1.34375,4.359375,6.5
raw,net_profit,211,6720,6751,32,0.7667776942253113,0.8435254580215592,8702,1.25,4.3125,8.0
raw,net_profit,212,6752,6783,32,-1.1255042552947998,0.6262971759079291,8743,1.28125,4.53125,6.0
raw,net_profit,213,6784,6815,32,0.027132317423820496,1.5014823168241789,8785,1.3125,4.328125,6.0
raw,net_profit,214,6816,6847,32,0.10137993097305298,2.951474204016581,8824,1.21875,6.109375,54.0
raw,net_profit,215,6848,6879,32,-0.40519607067108154,1.6735418836816958,8864,1.25,4.125,6.0
raw,net_profit,216,6880,6911,32,2.914722204208374,2.5649537493959924,8905,1.28125,5.96875,55.0
raw,net_profit,217,6912,6943,32,1.2071729898452759,2.0496798221612593,8946,1.28125,4.6875,8.0
raw,net_profit,218,6944,6975,32,0.766072154045105,1.1670296388383383,8990,1.375,4.078125,8.0
raw,net_profit,219,6976,7007,32,-1.5531129837036133,1.7297720428114993,9029,1.21875,4.703125,6.0
raw,net_profit,220,7008,7039,32,0.9886003136634827,1.0850468644994717,9069,1.25,4.21875,6.0
raw,net_profit,221,7040,7071,32,-1.4961202144622803,1.0221511219926496,9106,1.15625,4.8125,6.0
raw,net_profit,222,7072,7103,32,-0.939003586769104,0.9044313314590637,9146,1.25,4.484375,7.0
raw,net_profit,223,7104,7135,32,0.4077768921852112,1.1747380200211734,9191,1.40625,4.5,13.0
raw,net_profit,224,7136,7167,32,-0.039244651794433594,0.7895590378363276,9233,1.3125,4.484375,8.0
raw,net_profit,225,7168,7199,32,1.02730131149292,1.7685629673561412,9272,1.21875,4.171875,6.5
raw,net_profit,226,7200,7231,32,0.006729975342750549,0.8677468296670635,9312,1.25,4.1875,6.0
raw,net_profit,227,7232,7263,32,-0.14809465408325195,1.1052852961915534,9354,1.3125,4.328125,6.0
raw,net_profit,228,7264,7295,32,-0.6648880243301392,0.7277945463889021,9395,1.28125,4.59375,6.5
raw,net_profit,229,7296,7327,32,-1.7375574111938477,1.1542138566529856,9437,1.3125,4.59375,8.0
raw,net_profit,230,7328,7359,32,-0.8538062572479248,0.9318404823676465,9474,1.15625,4.875,8.0
raw,net_profit,231,7360,7391,32,-2.118286609649658,1.7336862553512111,9517,1.34375,4.75,8.0
raw,net_profit,232,7392,7423,32,-2.515671730041504,1.170498976334437,9559,1.3125,4.734375,6.0
raw,net_profit,233,7424,7455,32,0.28073418140411377,1.1913326789076297,9597,1.1875,4.265625,6.5
raw,net_profit,234,7456,7487,32,-1.0631911754608154,0.8651115270677556,9635,1.1875,4.671875,6.5
raw,net_profit,235,7488,7519,32,0.04599261283874512,2.1943324325798548,9674,1.21875,4.8125,6.5
raw,net_profit,236,7520,7551,32,0.4826444387435913,2.167965794394775,9713,1.21875,3.875,6.0
raw,net_profit,237,7552,7583,32,-0.7244089841842651,1.5920863219947414,9752,1.21875,4.859375,7.0
raw,net_profit,238,7584,7615,32,1.457065224647522,1.3134474170850303,9792,1.25,4.34375,8.0
raw,net_profit,239,7616,7647,32,0.3950568735599518,1.7048119015746839,9835,1.34375,4.25,6.5
raw,net_profit,240,7648,7679,32,0.3811156153678894,2.1030022448148364,9877,1.3125,4.0625,8.0
raw,net_profit,241,7680,7711,32,-1.6593165397644043,2.314848747234908,9919,1.3125,4.390625,6.0
raw,net_profit,242,7712,7743,32,0.03565564751625061,0.9956094949042287,9958,1.21875,4.375,6.0
raw,net_profit,243,7744,7775,32,0.8743591904640198,2.443321577231783,9999,1.28125,4.53125,7.0
raw,net_profit,244,7776,7807,32,0.08475035429000854,0.8476329438894551,10041,1.3125,4.5625,8.0
raw,net_profit,245,7808,7839,32,-0.12509331107139587,1.4283059858362603,10078,1.15625,4.390625,8.0
raw,net_profit,246,7840,7871,32,-1.6114091873168945,1.7603033293775394,10115,1.15625,4.59375,6.0
raw,net_profit,247,7872,7903,32,0.08757174015045166,1.3353867760726417,10157,1.3125,4.140625,7.0
raw,net_profit,248,7904,7935,32,0.4445111155509949,1.5213129592791381,10197,1.25,4.390625,8.0
raw,net_profit,249,7936,7967,32,-1.3298637866973877,1.121069783661084,10236,1.21875,4.546875,6.0
raw,net_profit,250,7968,7999,32,0.3297750651836395,1.1805225785046403,10274,1.1875,4.640625,8.0
raw,net_profit,251,8000,8031,32,0.5326564908027649,1.591520436330873,10311,1.15625,4.203125,6.5
raw,net_profit,252,8032,8063,32,-1.7010443210601807,1.4724935136187163,10352,1.28125,4.5625,6.0
raw,net_profit,253,8064,8095,32,-0.8249934315681458,2.11592025143198,10389,1.15625,4.90625,8.0
raw,net_profit,254,8096,8127,32,-0.3709644675254822,1.4528663011340879,10432,1.34375,4.6875,7.0
raw,net_profit,255,8128,8159,32,-0.6836379766464233,2.547163609188831,10475,1.34375,4.484375,15.0
raw,net_profit,256,8160,8191,32,-0.674317479133606,1.1889462854907529,10513,1.1875,4.578125,6.0
raw,net_profit,257,8192,8223,32,-0.8519120216369629,0.8854329528931515,10550,1.15625,4.4375,7.0
raw,net_profit,258,8224,8255,32,0.4552674889564514,1.3119520878939561,10586,1.125,4.984375,6.0
raw,net_profit,259,8256,8287,32,-0.862474799156189,0.9888688156961554,10622,1.125,4.515625,6.5
raw,net_profit,260,8288,8319,32,-0.7628622651100159,1.5115226904060217,10658,1.125,4.75,6.0
raw,net_profit,261,8320,8351,32,-0.8238644599914551,1.5404541818970106,10699,1.28125,4.4375,6.0
raw,net_profit,262,8352,8383,32,-1.227388620376587,2.2670286419092807,10739,1.25,4.671875,6.5
raw,net_profit,263,8384,8415,32,0.2510129511356354,2.970194478894177,10775,1.125,4.5,8.0
raw,net_profit,264,8416,8447,32,1.6235623359680176,2.1437650403886437,10817,1.3125,4.15625,6.5
raw,net_profit,265,8448,8479,32,-1.1925218105316162,2.1726231790056514,10854,1.15625,4.875,6.0
raw,net_profit,266,8480,8511,32,-0.3401676118373871,1.5683726046246944,10891,1.15625,4.546875,6.0
raw,net_profit,267,8512,8543,32,-0.346737265586853,0.9756768227586053,10928,1.15625,4.671875,6.0
raw,net_profit,268,8544,8575,32,-0.40192997455596924,1.5688975401157677,10965,1.15625,4.640625,6.5
raw,net_profit,269,8576,8607,32,-0.439398854970932,1.8960545411418503,11004,1.21875,4.3125,8.0
raw,net_profit,270,8608,8639,32,-0.21283303201198578,1.448214838792574,11045,1.28125,4.96875,8.0
raw,net_profit,271,8640,8671,32,-0.49810272455215454,1.639156051826405,11083,1.1875,4.78125,8.0
raw,net_profit,272,8672,8703,32,0.01123519241809845,3.077963602441692,11123,1.25,4.390625,8.0
raw,net_profit,273,8704,8735,32,-0.4392697215080261,1.2799225438489374,11165,1.3125,4.171875,6.0
raw,net_profit,274,8736,8767,32,-0.9597029685974121,1.336250356658971,11205,1.25,4.78125,7.0
raw,net_profit,275,8768,8799,32,-1.0190024375915527,1.0505310900724976,11248,1.34375,4.296875,6.5
raw,net_profit,276,8800,8831,32,-0.6223656535148621,1.5703967773024594,11287,1.21875,4.609375,7.0
raw,net_profit,277,8832,8863,32,0.17946559190750122,1.0071681727812207,11329,1.3125,4.4375,6.5
raw,net_profit,278,8864,8895,32,-0.8158462643623352,1.5004308030982265,11371,1.3125,4.46875,6.0
raw,net_profit,279,8896,8927,32,-1.6232709884643555,1.5229082499111992,11415,1.375,4.546875,8.0
raw,net_profit,280,8928,8959,32,0.1686122864484787,1.4820267675381824,11451,1.125,5.03125,7.0
raw,net_profit,281,8960,8991,32,-0.08684247732162476,1.130511237626148,11495,1.375,4.46875,8.0
raw,net_profit,282,8992,9023,32,-0.34310877323150635,2.0196552454715087,11534,1.21875,4.5625,6.0
raw,net_profit,283,9024,9055,32,0.9728808999061584,2.9194535855467683,11574,1.25,4.3125,6.5
raw,net_profit,284,9056,9087,32,0.12692436575889587,1.3226381348612126,11615,1.28125,4.0,6.0
raw,net_profit,285,9088,9119,32,-0.21128520369529724,1.1569004426099962,11652,1.15625,4.53125,6.0
raw,net_profit,286,9120,9151,32,-1.5608075857162476,1.6085622571972487,11692,1.25,4.140625,6.0
raw,net_profit,287,9152,9183,32,-0.3869123160839081,2.9019790229827227,11732,1.25,4.25,6.0
raw,net_profit,288,9184,9215,32,-2.1531429290771484,1.5797121110055943,11768,1.125,4.953125,6.0
raw,net_profit,289,9216,9247,32,1.0434547662734985,1.400754571259771,11812,1.375,3.9375,8.0
raw,net_profit,290,9248,9279,32,-0.6721736192703247,1.4633611249458824,11856,1.375,4.859375,15.0
raw,net_profit,291,9280,9311,32,-1.1036968231201172,1.4112139800552155,11896,1.25,4.828125,6.5
raw,net_profit,292,9312,9343,32,-0.48196691274642944,1.7244591770514746,11936,1.25,4.546875,6.5
raw,net_profit,293,9344,9375,32,-1.2155466079711914,0.9226117561147086,11977,1.28125,4.5,6.0
raw,net_profit,294,9376,9407,32,-0.7029385566711426,1.0506127533870913,12014,1.15625,4.78125,8.0
raw,net_profit,295,9408,9439,32,-1.3897135257720947,1.2013160134128642,12050,1.125,4.703125,6.0
raw,net_profit,296,9440,9471,32,-1.2589226961135864,2.729939535984576,12094,1.375,4.453125,6.5
raw,net_profit,297,9472,9503,32,0.004261486232280731,1.2848233845131205,12133,1.21875,4.625,6.0
raw,net_profit,298,9504,9535,32,-0.31221622228622437,0.9297775182525321,12172,1.21875,4.5,6.5
raw,net_profit,299,9536,9567,32,-1.0820103883743286,0.9685244968561053,12214,1.3125,4.734375,6.0
raw,net_profit,300,9568,9599,32,-1.7699519395828247,1.5317632520056539,12253,1.21875,4.65625,8.0
raw,net_profit,301,9600,9631,32,-1.5930941104888916,0.9642093257422226,12294,1.28125,4.421875,6.0
raw,net_profit,302,9632,9663,32,-1.9910022020339966,1.0861512954859736,12340,1.4375,4.125,6.0
raw,net_profit,303,9664,9695,32,-0.5661227703094482,1.269130095549111,12376,1.125,4.5,8.0
raw,net_profit,304,9696,9727,32,0.024656563997268677,2.2396271560535292,12413,1.15625,4.578125,6.0
raw,net_profit,305,9728,9759,32,0.6674215793609619,1.1238949735924648,12454,1.28125,4.78125,8.0
raw,net_profit,306,9760,9791,32,-0.8398160934448242,1.6484103156742602,12496,1.3125,4.4375,6.0
raw,net_profit,307,9792,9823,32,0.5041933059692383,2.107473932102829,12534,1.1875,4.8125,6.5
raw,net_profit,308,9824,9855,32,0.3152044415473938,1.3611795305265166,12573,1.21875,4.609375,7.0
raw,net_profit,309,9856,9887,32,-1.4654791355133057,1.011075173789792,12617,1.375,4.25,6.0
raw,net_profit,310,9888,9919,32,-1.4752410650253296,1.0154565309431312,12658,1.28125,4.53125,8.0
raw,net_profit,311,9920,9951,32,0.5478578805923462,1.6553289546836667,12701,1.34375,4.59375,8.0
raw,net_profit,312,9952,9983,32,1.0593903064727783,3.343123457576972,12740,1.21875,4.703125,14.0
raw,net_profit,313,9984,10015,32,0.40635913610458374,1.9773799224604491,12789,1.53125,4.25,14.0
raw,net_profit,314,10016,10047,32,0.40136265754699707,0.9972866362889129,12826,1.15625,4.90625,8.0
raw,net_profit,315,10048,10079,32,-0.020652055740356445,1.6152537496295125,12869,1.34375,4.21875,6.0
raw,net_profit,316,10080,10111,32,0.5585731267929077,1.8871460207922768,12906,1.15625,4.75,8.0
raw,net_profit,317,10112,10143,32,-0.19110235571861267,1.4430921957735414,12947,1.28125,4.640625,6.5
raw,net_profit,318,10144,10175,32,0.8713810443878174,1.2215720044661091,12989,1.3125,4.59375,8.0
raw,net_profit,319,10176,10207,32,-1.1733393669128418,1.0226574804240767,13037,1.5,3.75,6.0
raw,net_profit,320,10208,10239,32,0.9602075815200806,1.7745795997846363,13076,1.21875,4.625,8.0
raw,net_profit,321,10240,10271,32,0.304036021232605,1.8434135796818807,13117,1.28125,4.0625,8.0
raw,net_profit,322,10272,10303,32,-1.6959757804870605,2.2673414989683995,13157,1.25,4.78125,6.0
raw,net_profit,323,10304,10335,32,-0.04248550534248352,1.1275668349292254,13196,1.21875,4.484375,6.0
raw,net_profit,324,10336,10367,32,-1.170210599899292,1.921836021506806,13235,1.21875,4.484375,6.5
raw,net_profit,325,10368,10399,32,-1.2307246923446655,1.4700132403927113,13280,1.40625,4.546875,6.5
raw,net_profit,326,10400,10431,32,-0.34616008400917053,0.9970713764393833,13321,1.28125,4.515625,7.0
raw,net_profit,327,10432,10463,32,-0.6023550033569336,1.118738972089579,13361,1.25,4.875,8.0
raw,net_profit,328,10464,10495,32,0.07410836219787598,0.8528228303367449,13403,1.3125,4.40625,6.0
raw,net_profit,329,10496,10527,32,-0.7774139642715454,1.1540689016764298,13445,1.3125,4.34375,7.0
raw,net_profit,330,10528,10559,32,-0.9984380006790161,1.1184325279881446,13485,1.25,4.8125,8.0
raw,net_profit,331,10560,10591,32,-1.0027471780776978,1.0644764909319027,13525,1.25,4.65625,6.0
raw,net_profit,332,10592,10623,32,0.2371135950088501,2.707523224537002,13562,1.15625,4.734375,6.5
raw,net_profit,333,10624,10655,32,-1.655478596687317,1.5914048409507437,13605,1.34375,4.578125,6.0
raw,net_profit,334,10656,10687,32,-1.5233653783798218,2.633329690865136,13649,1.375,4.375,6.0
raw,net_profit,335,10688,10719,32,0.45370885729789734,1.0330275219130762,13687,1.1875,4.828125,8.0
raw,net_profit,336,10720,10751,32,0.5918920040130615,1.0367264476694198,13728,1.28125,4.0625,7.0
raw,net_profit,337,10752,10783,32,-0.019565224647521973,1.3282276841263696,13769,1.28125,4.671875,6.5
raw,net_profit,338,10784,10815,32,-0.842201828956604,1.265407723286144,13808,1.21875,4.75,7.0
raw,net_profit,339,10816,10847,32,-0.9376706480979919,2.654451855266446,13849,1.28125,4.953125,7.0
raw,net_profit,340,10848,10879,32,-0.45895814895629883,1.3398130816097764,13899,1.5625,3.96875,6.0
raw,net_profit,341,10880,10911,32,-1.2196643352508545,1.909256014866851,13939,1.25,4.5,6.0
raw,net_profit,342,10912,10943,32,0.784056544303894,1.0208969757627604,13983,1.375,3.796875,6.5
raw,net_profit,343,10944,10975,32,-0.9813321232795715,1.1233234735587598,14023,1.25,4.671875,6.5
raw,net_profit,344,10976,11007,32,-1.7220454216003418,0.6744702985660312,14064,1.28125,4.375,6.0
raw,net_profit,345,11008,11039,32,-1.255927562713623,1.4313394776416553,14104,1.25,4.578125,7.0
raw,net_profit,346,11040,11071,32,-1.201728105545044,0.9529237693595486,14145,1.28125,4.53125,6.0
raw,net_profit,347,11072,11103,32,-0.6873630881309509,1.5569014766645835,14188,1.34375,4.6875,8.0
raw,net_profit,348,11104,11135,32,-0.6672355532646179,0.6717467109581265,14230,1.3125,4.75,6.5
raw,net_profit,349,11136,11167,32,1.3906716108322144,1.306357551806007,14270,1.25,4.59375,6.5
raw,net_profit,350,11168,11199,32,-1.0225005149841309,0.7013583043219638,14313,1.34375,4.4375,6.0
raw,net_profit,351,11200,11231,32,-0.8744236826896667,0.6455302799069252,14353,1.25,4.5625,6.0
raw,net_profit,352,11232,11263,32,-2.181131362915039,1.0054533827197105,14402,1.53125,4.21875,6.0
raw,net_profit,353,11264,11295,32,0.02804553508758545,1.6878327685205956,14445,1.34375,4.890625,14.0
raw,net_profit,354,11296,11327,32,-0.6061391830444336,0.8090907024058055,14485,1.25,4.265625,7.0
raw,net_profit,355,11328,11359,32,-1.0011757612228394,0.8599072864791445,14529,1.375,4.1875,8.0
raw,net_profit,356,11360,11391,32,-0.7184734344482422,1.2556835219656675,14572,1.34375,4.40625,6.0
raw,net_profit,357,11392,11423,32,-0.3329734802246094,0.6344186522263058,14614,1.3125,4.453125,8.0
raw,net_profit,358,11424,11455,32,0.6209888458251953,1.1394486428237522,14656,1.3125,4.453125,8.0
raw,net_profit,359,11456,11487,32,-0.3353758454322815,0.9816300129242008,14698,1.3125,4.5,6.5
raw,net_profit,360,11488,11519,32,1.0228486061096191,0.9456775271085307,14743,1.40625,4.3125,8.0
raw,net_profit,361,11520,11551,32,0.5673405528068542,1.1602407380828317,14782,1.21875,4.921875,14.0
raw,net_profit,362,11552,11583,32,-0.945778489112854,1.6010556632093706,14830,1.5,3.96875,6.0
raw,net_profit,363,11584,11615,32,-1.7230238914489746,0.8192886745308563,14873,1.34375,4.375,6.0
raw,net_profit,364,11616,11647,32,-0.2265327423810959,0.8707153031938918,14912,1.21875,4.5,6.0
raw,net_profit,365,11648,11679,32,-0.49160337448120117,0.5803573210818773,14953,1.28125,4.703125,8.0
raw,net_profit,366,11680,11711,32,-1.010716199874878,0.6035896202892418,14997,1.375,4.0,6.0
raw,net_profit,367,11712,11743,32,-0.12532414495944977,1.2392034813217492,15042,1.40625,4.40625,7.0
raw,net_profit,368,11744,11775,32,-0.18695056438446045,1.384319335280001,15095,1.65625,4.078125,8.0
raw,net_profit,369,11776,11807,32,1.2988401651382446,1.9701886419997467,15145,1.5625,4.15625,15.0
raw,net_profit,370,11808,11839,32,-1.2753887176513672,1.09957378225575,15190,1.40625,4.5625,7.0
raw,net_profit,371,11840,11871,32,-0.6154249906539917,1.4416700983814115,15236,1.4375,4.078125,6.0
raw,net_profit,372,11872,11903,32,-0.9943869113922119,1.123516133523535,15282,1.4375,4.078125,7.0
raw,net_profit,373,11904,11935,32,0.38656890392303467,2.2830268150010884,15329,1.46875,4.015625,6.0
raw,net_profit,374,11936,11967,32,0.748483419418335,1.1181347548206666,15378,1.53125,4.046875,7.0
raw,net_profit,375,11968,11999,32,-1.35874342918396,1.0501360880129944,15425,1.46875,4.09375,6.0
raw,net_profit,376,12000,12031,32,0.2168777585029602,0.7628984100215184,15464,1.21875,4.703125,8.0
raw,net_profit,377,12032,12063,32,-0.0011060833930969238,1.0271242160702847,15511,1.46875,3.703125,6.0
raw,net_profit,378,12064,12095,32,0.23146900534629822,0.8795161608071351,15550,1.21875,4.578125,6.5
raw,net_profit,379,12096,12127,32,-2.9025912284851074,1.2359240451752376,15591,1.28125,4.59375,6.0
raw,net_profit,380,12128,12159,32,-0.9391316175460815,0.7888603983592459,15638,1.46875,4.15625,7.0
raw,net_profit,381,12160,12191,32,-0.23408019542694092,0.6693505704904197,15687,1.53125,4.03125,6.0
raw,net_profit,382,12192,12223,32,-0.7792568206787109,1.3908498817145132,15734,1.46875,4.328125,6.0
raw,net_profit,383,12224,12255,32,-1.02885901927948,0.9152797901774381,15782,1.5,4.03125,6.0
raw,net_profit,384,12256,12287,32,-0.25726941227912903,1.0946023577939674,15831,1.53125,3.828125,6.0
raw,net_profit,385,12288,12319,32,-0.4219968020915985,1.03474003122755,15866,1.09375,4.46875,8.0
raw,net_profit,386,12320,12351,32,-0.9604835510253906,0.7280196930223463,15910,1.375,4.546875,6.5
raw,net_profit,387,12352,12383,32,-1.5014927387237549,1.6598184298493044,15952,1.3125,4.640625,6.0
raw,net_profit,388,12384,12415,32,-1.0186209678649902,1.1408887575768611,15999,1.46875,4.0,6.5
raw,net_profit,389,12416,12447,32,-2.7652125358581543,0.8724369642774276,16045,1.4375,4.640625,6.5
raw,net_profit,390,12448,12479,32,0.7061599493026733,0.7547340512171065,16086,1.28125,3.765625,6.0
raw,net_profit,391,12480,12511,32,-1.2105438709259033,1.1413840674824098,16131,1.40625,4.359375,6.5
raw,net_profit,392,12512,12543,32,-1.7610660791397095,2.483297437846094,16171,1.25,4.75,15.0
raw,net_profit,393,12544,12575,32,-1.5204129219055176,1.045457339542705,16220,1.53125,4.46875,7.0
raw,net_profit,394,12576,12607,32,-0.6258586049079895,1.287353962679452,16263,1.34375,4.5625,6.0
raw,net_profit,395,12608,12639,32,-0.2079811692237854,0.7869392090780252,16301,1.1875,4.40625,7.0
raw,net_profit,396,12640,12671,32,-0.52167809009552,1.0070952753581126,16346,1.40625,4.515625,13.0
raw,net_profit,397,12672,12703,32,-1.1088693141937256,0.6736829319078884,16388,1.3125,4.375,7.0
raw,net_profit,398,12704,12735,32,-0.19336408376693726,0.7026368549135913,16426,1.1875,4.09375,6.0
raw,net_profit,399,12736,12767,32,-0.19448190927505493,0.7668753484648282,16467,1.28125,3.359375,8.0
raw,net_profit,400,12768,12799,32,-1.002346158027649,1.3411392576204448,16505,1.1875,4.390625,6.5
raw,net_profit,401,12800,12831,32,-0.030088797211647034,2.251373727686953,16553,1.5,6.015625,53.0
raw,net_profit,402,12832,12863,32,-1.5263266563415527,1.1210412915507437,16598,1.40625,4.234375,6.0
raw,net_profit,403,12864,12895,32,-0.93229740858078,1.132112560082726,16641,1.34375,4.296875,6.0
raw,net_profit,404,12896,12927,32,-1.940608263015747,1.3743564560210535,16683,1.3125,4.59375,7.0
raw,net_profit,405,12928,12959,32,0.6113240718841553,1.6306968952620244,16728,1.40625,4.234375,8.0
raw,net_profit,406,12960,12991,32,-0.1990809291601181,1.081321290533358,16777,1.53125,3.953125,6.0
raw,net_profit,407,12992,13023,32,0.7171013355255127,1.8049238002908867,16826,1.53125,4.25,6.5
raw,net_profit,408,13024,13055,32,0.5887643694877625,1.6850649996926375,16871,1.40625,4.25,8.0
raw,net_profit,409,13056,13087,32,-0.675119161605835,0.9844150593405713,16913,1.3125,4.53125,8.0
raw,net_profit,410,13088,13119,32,0.6027840375900269,1.1433859934960875,16953,1.25,4.484375,8.0
raw,net_profit,411,13120,13151,32,-0.3053305745124817,1.048788126726123,16996,1.34375,4.359375,7.0
raw,net_profit,412,13152,13183,32,-1.3176242113113403,1.5618319150988322,17043,1.46875,4.25,6.0
raw,net_profit,413,13184,13215,32,0.01519252359867096,0.8170175719416225,17085,1.3125,4.46875,8.0
raw,net_profit,414,13216,13247,32,-1.7113012075424194,0.916282108661593,17125,1.25,4.125,6.0
raw,net_profit,415,13248,13279,32,-1.0282666683197021,0.7703659629120078,17166,1.28125,4.5625,6.0
raw,net_profit,416,13280,13311,32,-1.5832303762435913,0.9732723035260616,17212,1.4375,4.3125,6.0
raw,net_profit,417,13312,13343,32,-0.06561443209648132,0.913380930775504,17252,1.25,4.671875,7.0
raw,net_profit,418,13344,13375,32,-0.12230458855628967,1.1300615971397086,17295,1.34375,4.609375,6.5
raw,net_profit,419,13376,13407,32,-0.9147495031356812,0.969003725239372,17336,1.28125,4.53125,6.0
raw,net_profit,420,13408,13439,32,-0.5247799158096313,1.418588079711801,17379,1.34375,5.03125,15.0
raw,net_profit,421,13440,13471,32,-1.3931193351745605,1.3268899916623327,17420,1.28125,4.40625,8.0
raw,net_profit,422,13472,13503,32,-1.1314384937286377,1.8592533339796222,17458,1.1875,5.0625,7.0
raw,net_profit,423,13504,13535,32,1.0932197570800781,2.6386910763584313,17499,1.28125,4.375,8.0
raw,net_profit,424,13536,13567,32,-0.17440368235111237,1.0225116053069667,17539,1.25,4.609375,8.0
raw,net_profit,425,13568,13599,32,-0.09901118278503418,1.9988707990685892,17576,1.15625,4.828125,8.0
raw,net_profit,426,13600,13631,32,-0.9437573552131653,1.1807652452233914,17619,1.34375,4.40625,6.0
raw,net_profit,427,13632,13663,32,-1.565938949584961,1.5158059378252882,17666,1.46875,4.140625,6.0
raw,net_profit,428,13664,13695,32,-0.6282792687416077,0.931197800962275,17709,1.34375,4.453125,6.5
raw,net_profit,429,13696,13727,32,0.8036967515945435,2.747265712576175,17748,1.21875,4.609375,8.0
raw,net_profit,430,13728,13759,32,-1.3996180295944214,0.857530725239485,17785,1.15625,4.703125,6.0
raw,net_profit,431,13760,13791,32,1.5194165706634521,1.0104570441797753,17824,1.21875,4.125,6.5
raw,net_profit,432,13792,13823,32,0.8146626949310303,2.0319168570033317,17865,1.28125,4.46875,7.0
raw,net_profit,433,13824,13855,32,-0.4359379708766937,0.7782587521337815,17905,1.25,4.109375,6.0
raw,net_profit,434,13856,13887,32,-1.2451369762420654,1.8820330015676598,17944,1.21875,4.625,8.0
raw,net_profit,435,13888,13919,32,-0.8482218384742737,1.1021097879743402,17986,1.3125,4.34375,6.5
raw,net_profit,436,13920,13951,32,-1.4059547185897827,1.3005824024482977,18023,1.15625,4.109375,6.5
raw,net_profit,437,13952,13983,32,0.0857497826218605,1.0027635788117553,18066,1.34375,4.078125,6.5
raw,net_profit,438,13984,14015,32,-0.42388832569122314,1.0412575290678232,18109,1.34375,4.625,15.0
raw,net_profit,439,14016,14047,32,0.768950343132019,1.8211662128168011,18146,1.15625,4.34375,6.0
raw,net_profit,440,14048,14079,32,0.2555787265300751,1.285203428926501,18182,1.125,5.0625,13.0
raw,net_profit,441,14080,14111,32,-1.9032694101333618,1.389928735256459,18224,1.3125,4.859375,6.5
raw,net_profit,442,14112,14143,32,-2.159881591796875,2.2263559695895356,18264,1.25,4.375,6.0
raw,net_profit,443,14144,14175,32,-0.6485031247138977,1.5701262946286334,18306,1.3125,4.03125,6.0
raw,net_profit,444,14176,14207,32,-1.7875151634216309,1.3000125281182549,18352,1.4375,4.375,6.0
raw,net_profit,445,14208,14239,32,1.5268988609313965,1.1761274096154566,18391,1.21875,4.65625,13.0
raw,net_profit,446,14240,14271,32,-1.6672743558883667,1.5628786885451933,18427,1.125,4.96875,6.0
raw,net_profit,447,14272,14303,32,-0.619097113609314,1.2688588514677626,18465,1.1875,4.34375,6.0
raw,net_profit,448,14304,14335,32,-0.8488332033157349,1.2906143898927596,18503,1.1875,4.515625,6.0
raw,net_profit,449,14336,14367,32,-1.1442971229553223,1.5899683953200034,18544,1.28125,4.453125,6.0
raw,net_profit,450,14368,14399,32,-0.9877938032150269,2.1605663029758264,18585,1.28125,4.28125,6.0
raw,net_profit,451,14400,14431,32,0.15958428382873535,0.8709047101086085,18625,1.25,4.953125,8.0
raw,net_profit,452,14432,14463,32,-0.05668165534734726,1.1192899893080925,18670,1.40625,4.109375,6.0
raw,net_profit,453,14464,14495,32,-0.09131890535354614,1.329773518149923,18709,1.21875,4.59375,6.0
raw,net_profit,454,14496,14527,32,-1.1194663047790527,1.1546760679673596,18751,1.3125,4.59375,6.0
raw,net_profit,455,14528,14559,32,0.1339758336544037,1.8120594721326362,18788,1.15625,4.796875,8.0
raw,net_profit,456,14560,14591,32,0.9995062947273254,0.8335890840934751,18825,1.15625,4.25,6.0
raw,net_profit,457,14592,14623,32,0.28241607546806335,1.3487747796196015,18866,1.28125,4.515625,6.0
raw,net_profit,458,14624,14655,32,-0.06573998928070068,1.0446260885557865,18909,1.34375,4.421875,6.0
raw,net_profit,459,14656,14687,32,-0.9792380928993225,1.4697261327435596,18951,1.3125,4.53125,8.0
raw,net_profit,460,14688,14719,32,0.2596297562122345,1.7285059706133479,18994,1.34375,4.265625,8.0
raw,net_profit,461,14720,14751,32,-0.9305142760276794,0.980730900438663,19032,1.1875,4.65625,8.0
raw,net_profit,462,14752,14783,32,0.3300299048423767,2.3132639754519526,19076,1.375,4.484375,8.0
raw,net_profit,463,14784,14815,32,-1.1232883930206299,1.2170101640997697,19116,1.25,4.578125,6.0
raw,net_profit,464,14816,14847,32,0.4722314476966858,1.4083804618503089,19154,1.1875,4.78125,8.0
raw,net_profit,465,14848,14879,32,-0.13031348586082458,1.3682852908097733,19195,1.28125,4.328125,6.5
raw,net_profit,466,14880,14911,32,0.05965372920036316,2.86542943218022,19230,1.09375,4.78125,8.0
raw,net_profit,467,14912,14943,32,-0.8851969242095947,1.46209632675851,19272,1.3125,4.609375,6.0
raw,net_profit,468,14944,14975,32,-1.7228704690933228,1.1505010997059693,19311,1.21875,4.609375,7.0
raw,net_profit,469,14976,15007,32,-0.8177744150161743,0.9940636705341703,19352,1.28125,4.734375,8.0
raw,net_profit,470,15008,15039,32,-1.2826141119003296,1.200896394823573,19392,1.25,4.921875,7.0
raw,net_profit,471,15040,15071,32,-0.17512430250644684,0.825811183337249,19432,1.25,4.34375,6.5
raw,net_profit,472,15072,15103,32,0.48067525029182434,1.3645232537184449,19472,1.25,4.859375,6.5
raw,net_profit,473,15104,15135,32,0.3805088996887207,1.0805957994880828,19510,1.1875,4.5625,8.0
raw,net_profit,474,15136,15167,32,-0.36533886194229126,1.106332455665625,19546,1.125,4.921875,8.0
raw,net_profit,475,15168,15199,32,-0.17403721809387207,1.2492875115014503,19585,1.21875,4.40625,8.0
raw,net_profit,476,15200,15231,32,-1.0091115236282349,1.4415031288862383,19627,1.3125,4.375,8.0
raw,net_profit,477,15232,15263,32,-1.7920485734939575,1.7475515591095598,19665,1.1875,4.6875,6.0
raw,net_profit,478,15264,15295,32,-1.4984138011932373,1.476016919445125,19703,1.1875,4.859375,6.5
raw,net_profit,479,15296,15327,32,-0.2575666904449463,0.8913391219854938,19746,1.34375,4.328125,8.0
raw,net_profit,480,15328,15359,32,-0.9336949586868286,0.788644968662185,19787,1.28125,4.65625,6.5
raw,net_profit,481,15360,15391,32,-1.135252594947815,1.3796864914957374,19826,1.21875,4.5625,6.0
raw,net_profit,482,15392,15423,32,-0.3355799913406372,1.3023225937822152,19870,1.375,4.75,8.0
raw,net_profit,483,15424,15455,32,-0.6377136707305908,1.0316307135051193,19914,1.375,4.515625,6.5
raw,net_profit,484,15456,15487,32,-0.6907728314399719,1.0186654886811026,19963,1.53125,3.59375,6.0
raw,net_profit,485,15488,15519,32,0.05472324788570404,1.0767224842514358,20000,1.15625,4.21875,6.0
raw,net_profit,486,15520,15551,32,-0.6307533979415894,1.6294526358851196,20045,1.40625,4.46875,6.0
raw,net_profit,487,15552,15583,32,-1.160329818725586,1.6777182551174088,20094,1.53125,4.109375,7.0
raw,net_profit,488,15584,15615,32,0.9103643894195557,1.3236267514672064,20138,1.375,4.34375,8.0
raw,net_profit,489,15616,15647,32,-0.8521985411643982,0.7885753724839585,20180,1.3125,4.515625,8.0
raw,net_profit,490,15648,15679,32,-2.0086870193481445,1.4107653836126013,20222,1.3125,4.40625,6.0
raw,net_profit,491,15680,15711,32,-1.4810535907745361,1.1334427788503751,20267,1.40625,4.703125,8.0
raw,net_profit,492,15712,15743,32,-0.8073931932449341,0.7765178250661714,20308,1.28125,4.734375,8.0
raw,net_profit,493,15744,15775,32,0.6692154407501221,0.9086010568095505,20349,1.28125,4.265625,8.0
raw,net_profit,494,15776,15807,32,-0.9653921723365784,1.7712718703356012,20395,1.4375,4.203125,6.0
raw,net_profit,495,15808,15839,32,0.08032719790935516,0.7022549870686415,20435,1.25,4.203125,8.0
raw,net_profit,496,15840,15871,32,-0.41022244095802307,0.6795602420449448,20480,1.40625,4.453125,8.0
raw,net_profit,497,15872,15903,32,0.3189423978328705,0.9826467995094639,20517,1.15625,4.90625,14.0
raw,net_profit,498,15904,15935,32,-1.058829665184021,0.7181176821526573,20561,1.375,4.59375,7.0
raw,net_profit,499,15936,15967,32,0.40958917140960693,0.8186384388257699,20607,1.4375,4.515625,6.0
raw,net_profit,500,15968,15999,32,-0.8217517137527466,0.7189323248253936,20647,1.25,4.671875,6.5
raw,net_profit,501,16000,16031,32,-2.3978748321533203,1.1893574661749862,20687,1.25,4.84375,6.0
raw,net_profit,502,16032,16063,32,0.7534921169281006,0.8925413016284492,20733,1.4375,4.296875,6.0
raw,net_profit,503,16064,16095,32,-0.2195388674736023,1.3040938934686102,20773,1.25,4.546875,8.0
raw,net_profit,504,16096,16127,32,0.9027011394500732,1.1759475954973821,20819,1.4375,4.171875,6.0
raw,net_profit,505,16128,16159,32,-0.6635860800743103,0.7734288214128102,20860,1.28125,4.96875,14.0
raw,net_profit,506,16160,16191,32,-0.761915922164917,1.1383428329615866,20905,1.40625,4.53125,6.0
raw,net_profit,507,16192,16223,32,-0.5077449083328247,1.4436125940416789,20959,1.6875,3.90625,6.0
raw,net_profit,508,16224,16255,32,-1.2444305419921875,0.9033123895289767,21006,1.46875,4.53125,6.0
raw,net_profit,509,16256,16287,32,0.0244143009185791,2.135347410966516,21048,1.3125,4.078125,6.0
raw,net_profit,510,16288,16319,32,-0.2961755096912384,0.9893471074970585,21091,1.34375,4.53125,15.0
raw,net_profit,511,16320,16351,32,-0.5361001491546631,0.9891627781133638,21133,1.3125,4.578125,6.0
raw,net_profit,512,16352,16383,32,-0.6918348670005798,1.303693698567203,21179,1.4375,4.1875,6.0
raw,net_profit,513,16384,16415,32,0.05623084306716919,1.1356109428202341,21230,1.59375,4.359375,13.0
raw,net_profit,514,16416,16447,32,0.6089295148849487,1.1420648859588631,21275,1.40625,4.046875,8.0
raw,net_profit,515,16448,16479,32,-1.0632636547088623,1.5089506846295495,21314,1.21875,4.78125,8.0
raw,net_profit,516,16480,16511,32,-0.7300199270248413,1.5501780374386622,21360,1.4375,4.0,6.0
raw,net_profit,517,16512,16543,32,-0.5954244136810303,0.9400239908366703,21406,1.4375,4.703125,8.0
raw,net_profit,518,16544,16575,32,-1.3244946002960205,1.5139603795554553,21447,1.28125,4.171875,6.0
raw,net_profit,519,16576,16607,32,0.2230282425880432,1.7019809468637754,21494,1.46875,4.40625,8.0
raw,net_profit,520,16608,16639,32,0.2337723970413208,1.2091851377030043,21543,1.53125,4.171875,8.0
raw,net_profit,521,16640,16671,32,-1.5925161838531494,1.376620684098365,21586,1.34375,4.609375,6.0
raw,net_profit,522,16672,16703,32,0.893958568572998,1.2292145878706509,21627,1.28125,4.09375,6.0
raw,net_profit,523,16704,16735,32,-1.282904863357544,1.1841644340513315,21669,1.3125,4.515625,8.0
raw,net_profit,524,16736,16767,32,-0.9670824408531189,1.7572048588240923,21712,1.34375,4.65625,8.0
raw,net_profit,525,16768,16799,32,0.44323647022247314,1.946617283143292,21756,1.375,4.6875,6.0
raw,net_profit,526,16800,16831,32,-3.4516491889953613,2.330336653930504,21799,1.34375,4.65625,6.0
raw,net_profit,527,16832,16863,32,-0.2220320701599121,2.0269156242140483,21844,1.40625,4.4375,6.0
raw,net_profit,528,16864,16895,32,-0.9179550409317017,0.7841788271871042,21886,1.3125,4.71875,6.0
raw,net_profit,529,16896,16927,32,-1.1782476902008057,1.0965434365294842,21924,1.1875,4.6875,8.0
raw,net_profit,530,16928,16959,32,-0.7279424667358398,2.4138066099758864,21971,1.46875,4.3125,6.0
raw,net_profit,531,16960,16991,32,1.3218638896942139,1.3023934181027985,22009,1.1875,4.796875,7.0
raw,net_profit,532,16992,17023,32,0.15124036371707916,1.0751133912473683,22049,1.25,4.546875,15.0
raw,net_profit,533,17024,17055,32,-1.5006698369979858,1.0106019136418305,22095,1.4375,4.484375,6.0
raw,net_profit,534,17056,17087,32,-2.8658876419067383,1.033865130904312,22142,1.46875,4.5625,8.0
raw,net_profit,535,17088,17119,32,1.0987975597381592,1.4866523299161019,22187,1.40625,4.296875,7.0
raw,net_profit,536,17120,17151,32,-0.015328198671340942,1.013385100977432,22230,1.34375,4.46875,7.0
raw,net_profit,537,17152,17183,32,-0.5357460379600525,1.4198436052322085,22277,1.46875,4.421875,6.5
raw,net_profit,538,17184,17215,32,-0.35849323868751526,1.1280147498119508,22320,1.34375,4.6875,6.5
raw,net_profit,539,17216,17247,32,-0.4658321738243103,1.6002019930945688,22372,1.625,4.0,6.0
raw,net_profit,540,17248,17279,32,0.09078586101531982,1.2834113175712643,22419,1.46875,4.09375,6.5
raw,net_profit,541,17280,17311,32,-1.3002655506134033,1.693567994644948,22462,1.34375,4.78125,6.0
raw,net_profit,542,17312,17343,32,-0.8996075391769409,1.1078223868636534,22500,1.1875,4.5,6.0
raw,net_profit,543,17344,17375,32,-0.49318283796310425,1.4549938048636102,22544,1.375,4.546875,6.0
raw,net_profit,544,17376,17407,32,-1.051603078842163,1.055886174826673,22588,1.375,4.53125,6.0
raw,net_profit,545,17408,17439,32,-0.9272023439407349,0.8053741014443575,22628,1.25,4.765625,8.0
raw,net_profit,546,17440,17471,32,1.3924174308776855,1.789433147135794,22667,1.21875,4.609375,8.0
raw,net_profit,547,17472,17503,32,-2.61419939994812,1.0779818253908433,22710,1.34375,4.8125,8.0
raw,net_profit,548,17504,17535,32,-0.11550739407539368,1.9336131267619103,22751,1.28125,4.0625,6.5
raw,net_profit,549,17536,17567,32,0.5440390110015869,0.891833914645856,22789,1.1875,4.484375,6.5
raw,net_profit,550,17568,17599,32,1.1783901453018188,1.5378013633833716,22833,1.375,4.4375,8.0
raw,net_profit,551,17600,17631,32,0.6168707609176636,0.8544973280948028,22874,1.28125,4.25,7.0
raw,net_profit,552,17632,17663,32,-0.029094934463500977,1.7415420746485217,22919,1.40625,4.1875,8.0
raw,net_profit,553,17664,17695,32,-0.1596347689628601,2.4721601472631516,22957,1.1875,5.203125,6.5
raw,net_profit,554,17696,17727,32,0.44876527786254883,2.3149869570799937,22998,1.28125,4.59375,8.0
raw,net_profit,555,17728,17759,32,-0.6839535236358643,1.7328310761577994,23038,1.25,4.4375,6.0
raw,net_profit,556,17760,17791,32,-0.10524535179138184,2.504246771822627,23075,1.15625,5.078125,8.0
raw,net_profit,557,17792,17823,32,0.03030252456665039,0.8475423582258197,23116,1.28125,4.328125,8.0
raw,net_profit,558,17824,17855,32,-1.0953325033187866,1.5609716468646877,23160,1.375,4.546875,6.0
raw,net_profit,559,17856,17887,32,-0.5086345076560974,0.9658751710325981,23200,1.25,4.796875,8.0
raw,net_profit,560,17888,17919,32,-1.843563437461853,1.7882947302371506,23243,1.34375,3.890625,6.0
raw,net_profit,561,17920,17951,32,-1.7576103210449219,1.5617150416486842,23282,1.21875,4.625,6.0
raw,net_profit,562,17952,17983,32,-1.2430694103240967,1.403275325317115,23328,1.4375,4.40625,6.0
raw,net_profit,563,17984,18015,32,0.27219358086586,3.222896903438042,23372,1.375,4.6875,12.0
raw,net_profit,564,18016,18047,32,0.45787662267684937,1.3062770131524906,23411,1.21875,4.734375,8.0
raw,net_profit,565,18048,18079,32,-1.70953369140625,1.5564742430153244,23452,1.28125,4.453125,6.5
raw,net_profit,566,18080,18111,32,1.1118652820587158,1.765075966458392,23487,1.09375,4.828125,6.0
raw,net_profit,567,18112,18143,32,-0.38759949803352356,1.6796624115803371,23531,1.375,4.40625,6.0
raw,net_profit,568,18144,18175,32,-1.0673811435699463,0.8256075475165768,23569,1.1875,4.84375,6.0
raw,net_profit,569,18176,18207,32,-1.9182260036468506,2.9669146496388494,23624,1.71875,3.859375,6.5
raw,net_profit,570,18208,18239,32,-1.2808330059051514,0.9099120586647271,23661,1.15625,5.03125,8.0
raw,net_profit,571,18240,18271,32,0.3729895353317261,1.731851721634424,23703,1.3125,4.625,6.5
raw,net_profit,572,18272,18303,32,-1.3249515295028687,2.355746258803273,23744,1.28125,4.625,7.0
raw,net_profit,573,18304,18335,32,-0.1239958107471466,1.2576978143792774,23788,1.375,4.421875,6.5
raw,net_profit,574,18336,18367,32,-0.6791759729385376,1.4764682669105234,23825,1.15625,4.921875,8.0
raw,net_profit,575,18368,18399,32,-0.9167193174362183,1.3679367581603423,23863,1.1875,4.515625,8.0
raw,net_profit,576,18400,18431,32,-0.3240731656551361,1.0263762225987667,23907,1.375,4.1875,6.0
raw,net_profit,577,18432,18463,32,-1.1716461181640625,1.993003467546887,23958,1.59375,4.484375,6.0
raw,net_profit,578,18464,18495,32,-0.7433938980102539,2.6050936042888853,24003,1.40625,4.515625,8.0
raw,net_profit,579,18496,18527,32,-0.7608412504196167,1.638310179857546,24047,1.375,4.21875,6.0
raw,net_profit,580,18528,18559,32,-0.42911142110824585,3.2443296468263307,24085,1.1875,4.71875,6.0
raw,net_profit,581,18560,18591,32,-2.6344399452209473,1.2011436361946235,24128,1.34375,4.78125,6.5
raw,net_profit,582,18592,18623,32,-0.10719555616378784,1.846475053389592,24170,1.3125,5.03125,15.0
raw,net_profit,583,18624,18655,32,-1.3390785455703735,2.254134861126249,24213,1.34375,4.65625,8.0
raw,net_profit,584,18656,18687,32,-0.8287209272384644,0.9479516607170403,24251,1.1875,4.46875,6.0
raw,net_profit,585,18688,18719,32,-0.8202358484268188,1.1432856269027931,24293,1.3125,4.84375,6.0
raw,net_profit,586,18720,18751,32,-1.3101640939712524,1.6586958498105329,24336,1.34375,4.0625,6.0
raw,net_profit,587,18752,18783,32,0.7989591360092163,1.5154171418007392,24378,1.3125,4.421875,8.0
raw,net_profit,588,18784,18815,32,0.354770302772522,1.684588338780705,24413,1.09375,5.171875,8.0
raw,net_profit,589,18816,18847,32,-0.20222243666648865,1.4960076935630475,24456,1.34375,4.59375,6.0
raw,net_profit,590,18848,18879,32,-1.6432201862335205,4.408806613123814,24495,1.21875,4.734375,6.0
raw,net_profit,591,18880,18911,32,-1.1070613861083984,1.5797322898105346,24534,1.21875,4.8125,6.0
raw,net_profit,592,18912,18943,32,-1.3373321294784546,1.3738518093426597,24580,1.4375,4.609375,8.0
raw,net_profit,593,18944,18975,32,-0.5499988198280334,0.9100026734052546,24621,1.28125,4.515625,6.0
raw,net_profit,594,18976,19007,32,-0.1418486088514328,2.8200805495786962,24659,1.1875,4.625,6.0
raw,net_profit,595,19008,19039,32,-0.687533974647522,1.0303011893316651,24701,1.3125,4.5625,8.0
raw,net_profit,596,19040,19071,32,0.6541759967803955,1.1046966635722795,24739,1.1875,4.671875,8.0
raw,net_profit,597,19072,19103,32,1.9928282499313354,2.530708028360598,24788,1.53125,4.28125,6.5
raw,net_profit,598,19104,19135,32,-1.2308855056762695,2.571184599752965,24828,1.25,4.71875,8.0
raw,net_profit,599,19136,19167,32,-1.3531415462493896,2.7277522871900035,24865,1.15625,5.34375,15.0
raw,net_profit,600,19168,19199,32,-1.8912829160690308,2.5667397899140925,24904,1.21875,4.96875,8.0
raw,net_profit,601,19200,19231,32,1.2981990575790405,2.543938320567918,24947,1.34375,4.75,7.0
raw,net_profit,602,19232,19263,32,-0.2831491529941559,2.6403085299862217,24987,1.25,4.921875,8.0
raw,net_profit,603,19264,19295,32,-0.8256043791770935,1.48164527046208,25028,1.28125,4.703125,6.0
raw,net_profit,604,19296,19327,32,0.10471495985984802,1.4974640136628792,25066,1.1875,4.8125,8.0
raw,net_profit,605,19328,19359,32,-0.9694862365722656,1.3199882941591785,25106,1.25,4.625,6.0
raw,net_profit,606,19360,19391,32,0.5760533213615417,2.9517921047388866,25149,1.34375,4.59375,7.0
raw,net_profit,607,19392,19423,32,-2.002213478088379,2.3004493866513522,25192,1.34375,4.765625,8.0
raw,net_profit,608,19424,19455,32,-0.7256368398666382,2.1467031390469957,25229,1.15625,5.1875,7.0
raw,net_profit,609,19456,19487,32,-0.44916167855262756,1.060352283986956,25268,1.21875,5.140625,8.0
raw,net_profit,610,19488,19519,32,-0.48057037591934204,0.9550994584718289,25309,1.28125,4.515625,6.0
raw,net_profit,611,19520,19551,32,-0.08160889148712158,2.2485009492042467,25344,1.09375,4.84375,6.0
raw,net_profit,612,19552,19583,32,-0.41889965534210205,1.337069481174441,25381,1.15625,5.03125,6.0
raw,net_profit,613,19584,19615,32,-0.3051726818084717,0.9458327376028749,25421,1.25,4.75,6.0
raw,net_profit,614,19616,19647,32,0.6402460336685181,1.8208119160837608,25456,1.09375,5.171875,6.5
raw,net_profit,615,19648,19679,32,-0.016422182321548462,1.8040410991271107,25493,1.15625,4.625,6.0
raw,net_profit,616,19680,19711,32,-1.68606698513031,0.7961919491263602,25533,1.25,5.078125,8.0
raw,net_profit,617,19712,19743,32,-1.5725587606430054,1.1199807495447687,25570,1.15625,4.84375,8.0
raw,net_profit,618,19744,19775,32,-0.4362591803073883,0.93320959694631,25607,1.15625,5.140625,8.0
raw,net_profit,619,19776,19807,32,-0.6373263597488403,1.4442523680177604,25646,1.21875,5.125,8.0
raw,net_profit,620,19808,19839,32,-0.22804813086986542,0.8568507143172177,25686,1.25,4.421875,6.5
raw,net_profit,621,19840,19871,32,-0.3002249598503113,1.4589802302580142,25724,1.1875,4.875,6.0
raw,net_profit,622,19872,19903,32,-0.1279693841934204,1.0641803678804351,25765,1.28125,4.703125,6.0
raw,net_profit,623,19904,19935,32,0.24090281128883362,1.930687281266166,25804,1.21875,4.5,6.0
raw,net_profit,624,19936,19967,32,-0.9525129795074463,1.5069528722410945,25843,1.21875,4.75,6.0
raw,net_profit,625,19968,19999,32,-0.3250728249549866,1.578267125499503,25888,1.40625,4.734375,6.5
raw,net_profit,626,20000,20031,32,-0.5250582695007324,1.5065066140225913,25926,1.1875,4.84375,8.0
raw,net_profit,627,20032,20063,32,-0.9860866069793701,1.3256216944555574,25969,1.34375,4.625,6.0
raw,net_profit,628,20064,20095,32,-0.44258415699005127,4.020135416779093,26008,1.21875,4.71875,6.0
raw,net_profit,629,20096,20127,32,-0.07167322933673859,2.1841854394530085,26042,1.0625,4.859375,6.0
raw,net_profit,630,20128,20159,32,-0.7501670122146606,1.288501962009128,26079,1.15625,4.84375,6.0
raw,net_profit,631,20160,20191,32,-0.009388387203216553,1.4395117554915724,26131,1.625,4.25,8.0
raw,net_profit,632,20192,20223,32,1.0989344120025635,1.3728657115237313,26174,1.34375,4.671875,8.0
raw,net_profit,633,20224,20255,32,0.2554076313972473,2.1108367160529644,26219,1.40625,4.75,6.0
raw,net_profit,634,20256,20287,32,-0.0503593310713768,2.7898901116967596,26261,1.3125,4.484375,6.0
raw,net_profit,635,20288,20319,32,-0.7582155466079712,2.0550244839867498,26305,1.375,4.625,8.0
raw,net_profit,636,20320,20351,32,-1.4510396718978882,0.8679057760378925,26351,1.4375,4.140625,6.5
raw,net_profit,637,20352,20383,32,-1.1016099452972412,1.8009513804123372,26392,1.28125,4.40625,6.0
raw,net_profit,638,20384,20415,32,-1.0379753112792969,0.7237865269238092,26441,1.53125,4.359375,6.0
raw,net_profit,639,20416,20447,32,-1.2729823589324951,1.684853253966093,26484,1.34375,4.65625,6.5
raw,net_profit,640,20448,20479,32,-1.7986737489700317,1.8570820858206054,26526,1.3125,4.625,6.0
raw,net_profit,641,20480,20511,32,-1.6051115989685059,1.77573993510206,26575,1.53125,4.3125,8.0
raw,net_profit,642,20512,20543,32,-1.0717003345489502,0.900426102311477,26622,1.46875,4.375,6.0
raw,net_profit,643,20544,20575,32,-0.9713982343673706,1.4076893978183485,26668,1.4375,4.484375,6.0
raw,net_profit,644,20576,20607,32,-1.4958155155181885,1.797942537078707,26719,1.59375,4.203125,6.0
raw,net_profit,645,20608,20639,32,-0.11370891332626343,0.9807169708139402,26769,1.5625,4.125,6.0
raw,net_profit,646,20640,20671,32,-0.31380927562713623,0.6697340372409575,26808,1.21875,4.65625,6.0
raw,net_profit,647,20672,20703,32,0.08946532011032104,0.8752642232952025,26856,1.5,4.25,6.0
raw,net_profit,648,20704,20735,32,-0.021668970584869385,2.4830136911806227,26895,1.21875,4.59375,8.0
raw,net_profit,649,20736,20767,32,0.2964872121810913,0.8560558349310348,26942,1.46875,4.34375,6.0
raw,net_profit,650,20768,20799,32,0.5013809204101562,0.8087555886144681,26986,1.375,3.90625,6.0
raw,net_profit,651,20800,20831,32,0.7799375653266907,2.579077801063746,27037,1.59375,4.125,6.0
raw,net_profit,652,20832,20863,32,1.9195307493209839,4.958857855824855,27089,1.625,5.796875,54.0
raw,net_profit,653,20864,20895,32,-1.0793638229370117,1.22469916029961,27137,1.5,4.125,6.0
raw,net_profit,654,20896,20927,32,-1.088714838027954,1.8137084510424097,27180,1.34375,4.65625,6.0
raw,net_profit,655,20928,20959,32,1.1603864431381226,0.7533590658997531,27230,1.5625,4.078125,6.5
raw,net_profit,656,20960,20991,32,0.20190834999084473,1.688536849022041,27275,1.40625,4.5625,14.0
raw,net_profit,657,20992,21023,32,-0.8943182229995728,0.9522719531381141,27317,1.3125,4.71875,8.0
raw,net_profit,658,21024,21055,32,-0.7402386665344238,1.0828451865837183,27354,1.15625,4.53125,6.0
raw,net_profit,659,21056,21087,32,-0.7349955439567566,1.6429164596710297,27397,1.34375,4.625,8.0
raw,net_profit,660,21088,21119,32,-0.036054208874702454,0.9143480700179538,27438,1.28125,3.90625,7.0
raw,net_profit,661,21120,21151,32,-0.08228272199630737,1.4633950490587637,27482,1.375,3.984375,6.0
raw,net_profit,662,21152,21183,32,-0.953394889831543,1.030501981164935,27526,1.375,4.546875,8.0
raw,net_profit,663,21184,21215,32,-1.3415390253067017,1.5538952966945279,27572,1.4375,4.140625,7.0
raw,net_profit,664,21216,21247,32,-1.0551722049713135,1.3933223851723795,27614,1.3125,3.8125,6.0
raw,net_profit,665,21248,21279,32,0.7503252029418945,1.5684538046403897,27655,1.28125,4.734375,13.0
raw,net_profit,666,21280,21311,32,-1.464208722114563,0.86798710206942,27702,1.46875,3.96875,6.0
raw,net_profit,667,21312,21343,32,-1.3300065994262695,1.0059866798607386,27752,1.5625,4.15625,8.0
raw,net_profit,668,21344,21375,32,1.030754804611206,1.02537635981273,27792,1.25,5.0,15.0
raw,net_profit,669,21376,21407,32,-0.07740378379821777,1.282478394213471,27835,1.34375,4.453125,6.5
raw,net_profit,670,21408,21439,32,-2.696892261505127,1.2273928162270862,27875,1.25,4.53125,6.0
raw,net_profit,671,21440,21471,32,0.9896103143692017,1.364125502476953,27924,1.53125,4.546875,8.0
raw,net_profit,672,21472,21503,32,0.16012752056121826,0.7905835427640313,27972,1.5,3.9375,8.0
raw,net_profit,673,21504,21535,32,-0.47765231132507324,1.3977928563588657,28020,1.5,4.09375,6.0
raw,net_profit,674,21536,21567,32,0.38289180397987366,0.7084245523645358,28063,1.34375,4.03125,6.0
raw,net_profit,675,21568,21599,32,-0.4736332297325134,1.0499227060238425,28109,1.4375,4.09375,6.5
raw,net_profit,676,21600,21631,32,-0.8649411797523499,0.9622925336879405,28151,1.3125,4.640625,6.5
raw,net_profit,677,21632,21663,32,-0.8428746461868286,1.7332919827968325,28190,1.21875,4.75,8.0
raw,net_profit,678,21664,21695,32,-0.7507588863372803,1.0753688880693049,28238,1.5,4.5,15.0
raw,net_profit,679,21696,21727,32,1.5295178890228271,0.9665155357683987,28285,1.46875,3.71875,6.0
raw,net_profit,680,21728,21759,32,-0.7007817029953003,0.7251412687042177,28333,1.5,4.078125,6.0
raw,net_profit,681,21760,21791,32,-0.039340049028396606,0.7513426987821074,28380,1.46875,4.375,8.0
raw,net_profit,682,21792,21823,32,0.5160595178604126,0.7348091558087959,28422,1.3125,4.515625,6.0
raw,net_profit,683,21824,21855,32,-0.8743788003921509,0.9891821812561616,28472,1.5625,4.34375,7.0
raw,net_profit,684,21856,21887,32,-0.23360797762870789,1.2446852540657698,28521,1.53125,4.078125,8.0
raw,net_profit,685,21888,21919,32,1.1481480598449707,2.1678217516512266,28570,1.53125,4.515625,8.0
raw,net_profit,686,21920,21951,32,0.3681400418281555,1.0583285293659253,28610,1.25,4.921875,8.0
raw,net_profit,687,21952,21983,32,0.2932819128036499,1.3360873195186962,28653,1.34375,4.5625,7.0
raw,net_profit,688,21984,22015,32,0.8742161989212036,0.7936496625427638,28700,1.46875,3.8125,8.0
raw,net_profit,689,22016,22047,32,-0.733641505241394,2.2265188980254957,28748,1.5,4.4375,8.0
raw,net_profit,690,22048,22079,32,0.24485211074352264,1.1600833615689408,28790,1.3125,4.40625,8.0
raw,net_profit,691,22080,22111,32,-1.115787148475647,0.9409452819770034,28835,1.40625,4.3125,6.0
raw,net_profit,692,22112,22143,32,-2.5990216732025146,1.0532530082786569,28878,1.34375,4.703125,6.0
raw,net_profit,693,22144,22175,32,-0.45011287927627563,1.0564567568520804,28919,1.28125,4.984375,8.0
raw,net_profit,694,22176,22207,32,-0.7032140493392944,1.134342411141866,28973,1.6875,4.15625,6.0
raw,net_profit,695,22208,22239,32,0.0942949429154396,1.2814237131290667,29013,1.25,4.390625,7.0
raw,net_profit,696,22240,22271,32,0.6978498697280884,1.049671237716816,29066,1.65625,3.640625,8.0
raw,net_profit,697,22272,22303,32,-1.4997563362121582,2.7617877354350524,29114,1.5,4.375,6.0
raw,net_profit,698,22304,22335,32,-1.233506441116333,1.6089514608365763,29162,1.5,4.015625,6.0
raw,net_profit,699,22336,22367,32,-0.16202273964881897,0.8951423925145172,29211,1.53125,4.421875,6.0
raw,net_profit,700,22368,22399,32,0.47268950939178467,1.6162297592011312,29263,1.625,3.78125,6.0
raw,net_profit,701,22400,22431,32,-0.2690282166004181,1.0968742680689123,29300,1.15625,4.75,6.0
raw,net_profit,702,22432,22463,32,-0.5602412223815918,1.0449305891339238,29349,1.53125,4.125,6.0
raw,net_profit,703,22464,22495,32,-0.04871535301208496,0.8073719027296555,29398,1.53125,3.8125,8.0
raw,net_profit,704,22496,22527,32,0.7336705923080444,0.8194672698681473,29439,1.28125,4.171875,6.5
raw,net_profit,705,22528,22559,32,-1.8081161975860596,0.7742770345137816,29483,1.375,4.34375,6.0
raw,net_profit,706,22560,22591,32,-0.2214565873146057,1.1405069743758998,29527,1.375,4.265625,6.0
raw,net_profit,707,22592,22623,32,-0.17723248898983002,0.91536497450912,29572,1.40625,4.546875,6.5
raw,net_profit,708,22624,22655,32,0.20295140147209167,0.8343341713774158,29620,1.5,4.203125,6.5
raw,net_profit,709,22656,22687,32,-1.5237500667572021,2.70190031678937,29658,1.1875,4.5625,6.0
raw,net_profit,710,22688,22719,32,-1.3723617792129517,1.0904466166497988,29699,1.28125,4.5625,6.0
raw,net_profit,711,22720,22751,32,-0.945842444896698,1.7166347795535206,29748,1.53125,4.234375,6.5
raw,net_profit,712,22752,22783,32,-1.6639316082000732,1.6445778371490283,29798,1.5625,4.4375,6.0
raw,net_profit,713,22784,22815,32,0.010078072547912598,0.9115257452777911,29846,1.5,4.28125,6.0
raw,net_profit,714,22816,22847,32,-0.8555454015731812,0.7784467486022614,29894,1.5,3.609375,6.0
raw,net_profit,715,22848,22879,32,0.7055257558822632,1.1757986775203486,29937,1.34375,3.953125,6.5
raw,net_profit,716,22880,22911,32,1.465329885482788,0.8058769870207589,29986,1.53125,3.84375,8.0
raw,net_profit,717,22912,22943,32,0.7918082475662231,1.6468887500803737,30029,1.34375,4.28125,6.0
raw,net_profit,718,22944,22975,32,-1.5146300792694092,1.6180351958002304,30080,1.59375,4.0625,6.5
raw,net_profit,719,22976,23007,32,-1.0505343675613403,1.4676725367031678,30127,1.46875,4.484375,6.0
raw,net_profit,720,23008,23039,32,-0.4168277084827423,1.3376218912441618,30177,1.5625,4.015625,6.5
raw,net_profit,721,23040,23071,32,-1.014003872871399,0.694142420883974,30222,1.40625,4.21875,6.0
raw,net_profit,722,23072,23103,32,1.1369551420211792,0.886891060999676,30264,1.3125,4.40625,8.0
raw,net_profit,723,23104,23135,32,-0.6608952283859253,1.241398710838946,30319,1.71875,4.171875,8.0
raw,net_profit,724,23136,23167,32,-0.7356501817703247,1.3383636768889706,30366,1.46875,4.71875,8.0
raw,net_profit,725,23168,23199,32,-0.9003535509109497,1.0836487104108017,30409,1.34375,4.65625,8.0
raw,net_profit,726,23200,23231,32,-1.0847049951553345,0.8333488586396535,30454,1.40625,4.375,7.0
raw,net_profit,727,23232,23263,32,0.14795415103435516,2.5557905069191595,30497,1.34375,4.3125,7.0
raw,net_profit,728,23264,23295,32,-0.5120112895965576,2.2593335435430855,30539,1.3125,4.421875,6.5
raw,net_profit,729,23296,23327,32,-1.5403400659561157,1.7807178231345915,30576,1.15625,5.046875,6.5
raw,net_profit,730,23328,23359,32,-1.8598358631134033,1.4018690017176896,30628,1.625,3.78125,6.0
raw,net_profit,731,23360,23391,32,-0.18561750650405884,1.3623473248120561,30673,1.40625,4.28125,6.0
raw,net_profit,732,23392,23423,32,-1.7884280681610107,1.2474288503955833,30716,1.34375,4.5625,6.0
raw,net_profit,733,23424,23455,32,-0.11934152245521545,1.196239003501687,30758,1.3125,4.53125,6.5
raw,net_profit,734,23456,23487,32,-0.6080977916717529,1.0870123067488433,30805,1.46875,4.390625,8.0
raw,net_profit,735,23488,23519,32,-0.31919920444488525,1.6951303759245648,30852,1.46875,4.234375,7.0
raw,net_profit,736,23520,23551,32,-0.10696618258953094,1.7823741167872342,30898,1.4375,4.46875,6.0
raw,net_profit,737,23552,23583,32,0.5565930604934692,1.3812973309490642,30942,1.375,4.390625,8.0
raw,net_profit,738,23584,23615,32,-1.2169499397277832,1.1660262318502375,30989,1.46875,4.25,7.0
raw,net_profit,739,23616,23647,32,-0.9067603945732117,1.5225599075352487,31036,1.46875,4.3125,6.5
raw,net_profit,740,23648,23679,32,-0.8505973815917969,1.2384096102174411,31078,1.3125,4.453125,6.5
raw,net_profit,741,23680,23711,32,-0.6359939575195312,1.468147387746364,31120,1.3125,4.703125,8.0
raw,net_profit,742,23712,23743,32,1.1706827878952026,1.0090504087977044,31164,1.375,4.296875,6.5
raw,net_profit,743,23744,23775,32,-0.6383858919143677,1.1922588742312659,31207,1.34375,4.390625,6.0
raw,net_profit,744,23776,23807,32,-0.0682571679353714,1.611615406749172,31251,1.375,4.1875,7.0
raw,net_profit,745,23808,23839,32,-1.298293948173523,0.8741200480430493,31296,1.40625,4.3125,8.0
raw,net_profit,746,23840,23871,32,0.9193123579025269,0.8482795285056463,31337,1.28125,4.3125,8.0
raw,net_profit,747,23872,23903,32,-1.4911251068115234,1.2091728799436825,31382,1.40625,4.5,6.0
raw,net_profit,748,23904,23935,32,-1.4849680662155151,1.0040394027653095,31429,1.46875,4.34375,6.0
raw,net_profit,749,23936,23967,32,-0.03717562556266785,0.8098957989168557,31482,1.65625,3.671875,6.0
raw,net_profit,750,23968,23999,32,-1.090261697769165,1.6332285687172565,31523,1.28125,4.71875,6.0
raw,net_profit,751,24000,24031,32,1.2502893209457397,1.4625470833712606,31571,1.5,4.3125,8.0
raw,net_profit,752,24032,24063,32,-0.018197357654571533,0.7141911486570907,31618,1.46875,4.4375,7.0
raw,net_profit,753,24064,24095,32,-0.508073627948761,1.9850304108469854,31666,1.5,4.15625,6.0
raw,net_profit,754,24096,24127,32,-0.7961038947105408,2.461642835586351,31710,1.375,4.09375,6.0
raw,net_profit,755,24128,24159,32,-1.7060871124267578,1.8600500183729882,31754,1.375,4.578125,6.0
raw,net_profit,756,24160,24191,32,-0.8250207304954529,0.842281719785733,31802,1.5,4.546875,15.0
raw,net_profit,757,24192,24223,32,0.5855987071990967,0.6866987342603065,31844,1.3125,4.3125,6.5
raw,net_profit,758,24224,24255,32,-2.072737693786621,1.6614487470629749,31892,1.5,4.640625,8.0
raw,net_profit,759,24256,24287,32,-1.398834466934204,1.0368597927021668,31937,1.40625,4.203125,6.0
raw,net_profit,760,24288,24319,32,-0.24879878759384155,0.7193311995667507,31991,1.6875,3.828125,6.5
raw,net_profit,761,24320,24351,32,-0.4256669878959656,1.3867383892165377,32039,1.5,4.015625,6.5
raw,net_profit,762,24352,24383,32,0.2577579617500305,0.8688004475389108,32091,1.625,4.046875,6.5
raw,net_profit,763,24384,24415,32,-0.6965548992156982,1.353339615578441,32140,1.53125,4.171875,6.0
raw,net_profit,764,24416,24447,32,0.5655877590179443,1.427745056877268,32185,1.40625,4.015625,8.0
raw,net_profit,765,24448,24479,32,-1.7267372608184814,0.7607183810007119,32233,1.5,4.46875,6.0
raw,net_profit,766,24480,24511,32,-1.182868242263794,1.07405966767984,32282,1.53125,4.1875,8.0
raw,net_profit,767,24512,24543,32,-1.5814911127090454,1.1534595872256468,32333,1.59375,4.34375,6.0
raw,net_profit,768,24544,24575,32,-1.147998571395874,0.9314332201393223,32380,1.46875,4.46875,7.0
raw,net_profit,769,24576,24607,32,0.5900565981864929,1.0676378863740168,32433,1.65625,3.828125,14.0
raw,net_profit,770,24608,24639,32,-1.5939677953720093,0.7641057625276646,32479,1.4375,4.4375,8.0
raw,net_profit,771,24640,24671,32,1.517228126525879,1.8346251478000208,32520,1.28125,4.828125,8.0
raw,net_profit,772,24672,24703,32,-0.9958158731460571,1.4145254302834338,32563,1.34375,4.3125,6.5
raw,net_profit,773,24704,24735,32,-1.6719536781311035,0.6481139275391987,32612,1.53125,3.8125,6.0
raw,net_profit,774,24736,24767,32,1.6333562135696411,0.9682368183743607,32653,1.28125,4.59375,8.0
raw,net_profit,775,24768,24799,32,-0.47999146580696106,1.1448698630982816,32702,1.53125,3.921875,6.5
raw,net_profit,776,24800,24831,32,-2.186816453933716,1.6919403186681876,32749,1.46875,4.65625,6.0
raw,net_profit,777,24832,24863,32,-0.5020192861557007,0.7281418196094537,32791,1.3125,4.703125,6.5
raw,net_profit,778,24864,24895,32,1.1880030632019043,1.1755881305699616,32836,1.40625,3.78125,6.0
raw,net_profit,779,24896,24927,32,-2.7446205615997314,1.2630716685018832,32878,1.3125,4.65625,6.0
raw,net_profit,780,24928,24959,32,0.3765915632247925,1.243054403896932,32927,1.53125,4.046875,8.0
raw,net_profit,781,24960,24991,32,-0.13563880324363708,0.8298091841033909,32974,1.46875,3.8125,6.0
raw,net_profit,782,24992,25023,32,-2.063415288925171,1.6582519731277516,33017,1.34375,4.40625,6.0
raw,net_profit,783,25024,25055,32,-0.42959970235824585,1.0876707093810747,33055,1.1875,4.609375,6.5
raw,net_profit,784,25056,25087,32,-0.3075951933860779,1.2363275952443629,33097,1.3125,4.484375,6.0
raw,net_profit,785,25088,25119,32,-0.12320384383201599,1.8642172136658528,33146,1.53125,4.078125,6.0
raw,net_profit,786,25120,25151,32,-1.6615548133850098,0.8519040609718379,33187,1.28125,4.3125,6.0
raw,net_profit,787,25152,25183,32,-0.642995297908783,1.4892154195973488,33229,1.3125,4.375,6.0
raw,net_profit,788,25184,25215,32,-0.9947630167007446,1.887784307649575,33274,1.40625,4.28125,6.0
raw,net_profit,789,25216,25247,32,0.5608080625534058,0.7803484782387115,33321,1.46875,4.265625,8.0
raw,net_profit,790,25248,25279,32,-0.6862205266952515,1.208183363665716,33374,1.65625,4.421875,7.0
raw,net_profit,791,25280,25311,32,-0.06002163887023926,1.0104453911732494,33422,1.5,4.390625,8.0
raw,net_profit,792,25312,25343,32,-2.035212278366089,1.3283094158046205,33470,1.5,4.34375,6.0
raw,net_profit,793,25344,25375,32,0.31887516379356384,1.0868814683574244,33516,1.4375,4.21875,6.0
raw,net_profit,794,25376,25407,32,0.2824474573135376,1.4388924293614318,33563,1.46875,4.21875,7.0
raw,net_profit,795,25408,25439,32,1.6189179420471191,1.2233985085950176,33606,1.34375,4.40625,8.0
raw,net_profit,796,25440,25471,32,-0.5467292666435242,0.7114951531913127,33673,2.09375,3.921875,12.0
raw,net_profit,797,25472,25503,32,-0.28505611419677734,1.1681041709172806,33726,1.65625,4.15625,8.0
raw,net_profit,798,25504,25535,32,-2.0610742568969727,1.5376683992326863,33781,1.71875,4.1875,8.0
raw,net_profit,799,25536,25567,32,-0.685174822807312,1.4799647708083905,33833,1.625,4.28125,6.5
raw,net_profit,800,25568,25599,32,-0.05740365386009216,1.1704252219795446,33872,1.21875,4.90625,14.0
raw,net_profit,801,25600,25631,32,-0.4860764145851135,0.9543512031558445,33920,1.5,4.265625,6.0
raw,net_profit,802,25632,25663,32,-0.24618515372276306,0.8216526420150116,33963,1.34375,4.375,7.0
raw,net_profit,803,25664,25695,32,-0.41706588864326477,1.977221661095892,34016,1.65625,4.265625,8.0
raw,net_profit,804,25696,25727,32,-0.012349963188171387,1.1481671255415942,34062,1.4375,4.65625,8.0
raw,net_profit,805,25728,25759,32,-0.2775648534297943,1.2380128243371376,34108,1.4375,4.125,6.5
raw,net_profit,806,25760,25791,32,-0.46068471670150757,0.956880353169313,34161,1.65625,4.03125,8.0
raw,net_profit,807,25792,25823,32,0.061134159564971924,0.9846376648630231,34207,1.4375,4.125,7.0
raw,net_profit,808,25824,25855,32,0.07203048467636108,1.5841068254721216,34253,1.4375,3.90625,6.0
raw,net_profit,809,25856,25887,32,-1.9891517162322998,1.1532538330854811,34305,1.625,4.265625,8.0
raw,net_profit,810,25888,25919,32,0.05818122625350952,2.1206589424715996,34357,1.625,4.234375,7.0
raw,net_profit,811,25920,25951,32,0.37006092071533203,0.9595525596837817,34401,1.375,4.421875,15.0
raw,net_profit,812,25952,25983,32,-0.8631120920181274,1.0818537767319587,34445,1.375,4.09375,6.0
raw,net_profit,813,25984,26015,32,-0.43759769201278687,0.7649278475889779,34488,1.34375,4.640625,8.0
raw,net_profit,814,26016,26047,32,-0.02055494487285614,0.6869222631190114,34533,1.40625,3.9375,6.0
raw,net_profit,815,26048,26079,32,-0.5799015164375305,0.7652385314082014,34578,1.40625,4.28125,6.0
raw,net_profit,816,26080,26111,32,-0.2519501745700836,0.776667547050554,34623,1.40625,4.40625,6.0
raw,net_profit,817,26112,26143,32,-0.9197215437889099,0.896896346910009,34681,1.8125,4.15625,8.0
raw,net_profit,818,26144,26175,32,-0.7670862674713135,1.0074834276656923,34733,1.625,4.171875,6.5
raw,net_profit,819,26176,26207,32,0.7428327798843384,1.45360950733399,34774,1.28125,4.4375,6.0
raw,net_profit,820,26208,26239,32,-0.8161815404891968,1.403206286814751,34819,1.40625,4.0625,7.0
raw,net_profit,821,26240,26271,32,-1.1119483709335327,0.8896168340746357,34866,1.46875,4.40625,6.0
raw,net_profit,822,26272,26303,32,0.06430301070213318,0.921503193749908,34905,1.21875,4.421875,6.5
raw,net_profit,823,26304,26335,32,0.6395962238311768,0.9227962134470679,34956,1.59375,3.46875,6.5
raw,net_profit,824,26336,26367,32,-0.5503463745117188,1.0680221432809929,35000,1.375,4.671875,8.0
raw,net_profit,825,26368,26399,32,-0.2454754114151001,1.2905606046352889,35046,1.4375,3.859375,8.0
raw,net_profit,826,26400,26431,32,0.4447817802429199,1.0580009069330816,35097,1.59375,3.90625,6.0
raw,net_profit,827,26432,26463,32,-0.6155070066452026,1.5201820467970053,35150,1.65625,4.015625,8.0
raw,net_profit,828,26464,26495,32,0.2554730772972107,1.1257386471401958,35198,1.5,4.109375,8.0
raw,net_profit,829,26496,26527,32,-0.46757739782333374,1.1186909320483502,35244,1.4375,4.25,6.0
raw,net_profit,830,26528,26559,32,1.1880159378051758,0.8448662462036829,35287,1.34375,3.78125,8.0
raw,net_profit,831,26560,26591,32,-1.1357810497283936,0.8062290282600597,35327,1.25,4.6875,8.0
raw,net_profit,832,26592,26623,32,-0.2995843291282654,1.0056515510160307,35376,1.53125,4.171875,8.0
raw,net_profit,833,26624,26655,32,0.06364002823829651,1.197497090729348,35423,1.46875,3.890625,6.0
raw,net_profit,834,26656,26687,32,0.09217174351215363,1.3012585175556028,35462,1.21875,4.875,8.0
raw,net_profit,835,26688,26719,32,-0.10744791477918625,2.5897850491421464,35506,1.375,4.5625,15.0
raw,net_profit,836,26720,26751,32,0.8276441097259521,1.3250897823848844,35548,1.3125,4.34375,7.0
raw,net_profit,837,26752,26783,32,-2.393366575241089,1.2418245140136923,35591,1.34375,4.8125,6.0
raw,net_profit,838,26784,26815,32,-1.3005168437957764,0.9827092913682052,35637,1.4375,4.34375,6.0
raw,net_profit,839,26816,26847,32,-1.6437147855758667,0.8404477419988052,35679,1.3125,4.125,6.0
raw,net_profit,840,26848,26879,32,1.070610523223877,1.392239067821728,35723,1.375,4.546875,7.0
raw,net_profit,841,26880,26911,32,-1.3420026302337646,1.4743947864582814,35770,1.46875,4.125,6.0
raw,net_profit,842,26912,26943,32,0.195411816239357,1.8084761389730895,35816,1.4375,4.125,7.0
raw,net_profit,843,26944,26975,32,-0.9033992290496826,0.8379888230733636,35859,1.34375,4.40625,6.0
raw,net_profit,844,26976,27007,32,0.9145483374595642,1.3110231460612527,35910,1.59375,4.109375,7.0
raw,net_profit,845,27008,27039,32,-0.023189395666122437,1.0779035907745993,35957,1.46875,4.03125,8.0
raw,net_profit,846,27040,27071,32,0.5625659823417664,0.7794277024678915,36001,1.375,3.953125,6.0
raw,net_profit,847,27072,27103,32,-0.03497046232223511,1.0229444364723554,36049,1.5,4.375,7.0
raw,net_profit,848,27104,27135,32,-0.8320026397705078,1.0857982806134332,36086,1.15625,4.1875,6.0
raw,net_profit,849,27136,27167,32,-0.49449771642684937,1.3098409748086182,36128,1.3125,4.5625,8.0
raw,net_profit,850,27168,27199,32,-1.7168725728988647,0.9571009774783612,36170,1.3125,4.578125,6.5
raw,net_profit,851,27200,27231,32,-1.2766157388687134,1.0295632003261797,36208,1.1875,4.546875,6.5
raw,net_profit,852,27232,27263,32,-0.04519772529602051,1.9375868351484633,36252,1.375,4.28125,6.0
raw,net_profit,853,27264,27295,32,-0.4460476040840149,0.9143909501219283,36295,1.34375,4.5625,8.0
raw,net_profit,854,27296,27327,32,-2.138275146484375,1.1748450674277946,36343,1.5,4.265625,6.0
raw,net_profit,855,27328,27359,32,-0.21562200784683228,1.319224594062909,36387,1.375,4.28125,6.0
raw,net_profit,856,27360,27391,32,-0.879843533039093,1.3809666205389548,36432,1.40625,3.90625,6.0
raw,net_profit,857,27392,27423,32,-0.5359664559364319,1.5365729512026542,36471,1.21875,4.796875,6.5
raw,net_profit,858,27424,27455,32,1.1953319311141968,1.3948550276976868,36512,1.28125,4.46875,8.0
raw,net_profit,859,27456,27487,32,-2.012455463409424,0.9805582194049204,36557,1.40625,4.125,6.0
raw,net_profit,860,27488,27519,32,-1.8145310878753662,0.9860562269617082,36594,1.15625,5.125,8.0
raw,net_profit,861,27520,27551,32,0.28249412775039673,1.4754226902899346,36641,1.46875,4.5,8.0
raw,net_profit,862,27552,27583,32,0.8574244976043701,1.6801095891610303,36682,1.28125,4.390625,6.5
raw,net_profit,863,27584,27615,32,-2.403855085372925,1.320736758434571,36723,1.28125,4.84375,6.0
raw,net_profit,864,27616,27647,32,-0.7044612169265747,2.326223134434267,36765,1.3125,4.640625,7.0
raw,net_profit,865,27648,27679,32,-1.839198112487793,2.768565547227314,36806,1.28125,4.859375,6.5
raw,net_profit,866,27680,27711,32,-0.3754432797431946,1.525102631644233,36847,1.28125,4.34375,6.0
raw,net_profit,867,27712,27743,32,-0.730003833770752,1.7408765167461169,36886,1.21875,4.796875,6.5
raw,net_profit,868,27744,27775,32,-0.14552024006843567,1.5778804333686334,36928,1.3125,4.375,6.0
raw,net_profit,869,27776,27807,32,-1.1396516561508179,1.1044947928749635,36970,1.3125,4.5,6.0
raw,net_profit,870,27808,27839,32,1.001176118850708,1.3465528570427199,37018,1.5,4.359375,6.5
raw,net_profit,871,27840,27871,32,-0.415973424911499,1.2384932086813603,37066,1.5,4.328125,6.5
raw,net_profit,872,27872,27903,32,-1.3701465129852295,0.8767187798003329,37103,1.15625,4.8125,8.0
raw,net_profit,873,27904,27935,32,0.7379274368286133,5.218098843933555,37148,1.40625,6.03125,54.0
raw,net_profit,874,27936,27967,32,1.0001087188720703,1.8585520553433938,37185,1.15625,4.546875,14.0
raw,net_profit,875,27968,27999,32,-0.9732494354248047,1.2066093981160737,37226,1.28125,4.0625,6.0
raw,net_profit,876,28000,28031,32,-1.1812025308609009,1.4013204371966783,37279,1.65625,4.46875,8.0
raw,net_profit,877,28032,28063,32,-0.20844009518623352,1.3256470555579394,37331,1.625,4.0625,8.0
raw,net_profit,878,28064,28095,32,-0.6497997045516968,1.232884390450278,37373,1.3125,4.875,14.0
raw,net_profit,879,28096,28127,32,0.07557284832000732,1.1637389580325894,37415,1.3125,4.4375,8.0
raw,net_profit,880,28128,28159,32,-1.2998716831207275,1.332012363677954,37458,1.34375,4.265625,7.0
raw,net_profit,881,28160,28191,32,-0.14132988452911377,1.1261354103542518,37504,1.4375,3.890625,7.0
raw,net_profit,882,28192,28223,32,-1.68589186668396,1.2174155108551152,37552,1.5,4.15625,6.0
raw,net_profit,883,28224,28255,32,-0.47265464067459106,1.0000123638806957,37593,1.28125,4.890625,15.0
raw,net_profit,884,28256,28287,32,-1.7310482263565063,1.1738590802491282,37635,1.3125,4.46875,6.0
raw,net_profit,885,28288,28319,32,0.39291703701019287,3.0123624767455626,37685,1.5625,5.890625,55.0
raw,net_profit,886,28320,28351,32,-0.05616123974323273,0.9419154403692399,37734,1.53125,4.390625,6.5
raw,net_profit,887,28352,28383,32,-1.1869313716888428,1.015950497624151,37786,1.625,4.046875,6.5
raw,net_profit,888,28384,28415,32,-1.3901722431182861,1.1111683789486921,37827,1.28125,4.4375,7.0
raw,net_profit,889,28416,28447,32,-0.42516225576400757,0.9280037392716884,37866,1.21875,4.875,6.0
raw,net_profit,890,28448,28479,32,-0.26782605051994324,1.0068502391622902,37910,1.375,4.59375,14.0
raw,net_profit,891,28480,28511,32,0.186910942196846,1.0396590157677494,37959,1.53125,4.203125,7.0
raw,net_profit,892,28512,28543,32,-1.1759698390960693,0.940233858809231,38003,1.375,4.21875,6.0
raw,net_profit,893,28544,28575,32,-0.5745188593864441,1.1569412463296984,38048,1.40625,4.890625,12.0
raw,net_profit,894,28576,28607,32,0.017441987991333008,1.7407807370783834,38092,1.375,4.875,13.0
raw,net_profit,895,28608,28639,32,-1.292919397354126,1.9438517638063455,38140,1.5,4.1875,6.5
raw,net_profit,896,28640,28671,32,-1.3635990619659424,0.7510167220526351,38187,1.46875,3.96875,6.0
raw,net_profit,897,28672,28703,32,-0.08575274050235748,0.9223884374754241,38227,1.25,4.390625,6.0
raw,net_profit,898,28704,28735,32,-0.3377947509288788,0.9867064528173861,38272,1.40625,4.28125,6.0
raw,net_profit,899,28736,28767,32,-0.6971246600151062,1.953202995546384,38310,1.1875,4.703125,8.0
raw,net_profit,900,28768,28799,32,-1.1075150966644287,0.990617856873797,38352,1.3125,4.4375,8.0
raw,net_profit,901,28800,28831,32,-0.2589830756187439,1.446343396489658,38396,1.375,4.265625,6.5
raw,net_profit,902,28832,28863,32,-0.45321106910705566,0.9768099561810493,38446,1.5625,4.21875,8.0
raw,net_profit,903,28864,28895,32,-0.01787566766142845,0.8091214412747972,38495,1.53125,4.015625,6.5
raw,net_profit,904,28896,28927,32,0.272225022315979,1.1669373455188532,38542,1.46875,4.3125,8.0
raw,net_profit,905,28928,28959,32,0.9373677372932434,1.060983237090452,38586,1.375,4.109375,6.0
raw,net_profit,906,28960,28991,32,-0.6569925546646118,1.138851499017648,38632,1.4375,4.21875,6.0
raw,net_profit,907,28992,29023,32,0.48055586218833923,0.9833354414396173,38669,1.15625,3.90625,6.0
raw,net_profit,908,29024,29055,32,-2.6460981369018555,0.8066440542360828,38722,1.65625,4.234375,6.0
raw,net_profit,909,29056,29087,32,-1.5083141326904297,0.7364368156477503,38773,1.59375,4.1875,8.0
raw,net_profit,910,29088,29119,32,-0.6280699372291565,1.238562374391388,38822,1.53125,4.03125,8.0
raw,net_profit,911,29120,29151,32,0.3672991991043091,0.8137055672916014,38870,1.5,4.1875,6.0
raw,net_profit,912,29152,29183,32,-1.6756434440612793,1.2486732272037844,38913,1.34375,4.640625,6.5
raw,net_profit,913,29184,29215,32,-1.5643936395645142,1.0799644202942302,38952,1.21875,4.46875,6.0
raw,net_profit,914,29216,29247,32,0.25337812304496765,0.8537908367028697,38992,1.25,4.609375,7.0
raw,net_profit,915,29248,29279,32,-1.9961298704147339,0.7675282486140474,39034,1.3125,4.125,6.0
raw,net_profit,916,29280,29311,32,1.3028628826141357,0.8930391553239706,39084,1.5625,4.046875,8.0
raw,net_profit,917,29312,29343,32,-1.9974522590637207,1.4647319247388273,39143,1.84375,3.5625,8.0
raw,net_profit,918,29344,29375,32,-0.5755586624145508,0.7400006637628581,39185,1.3125,4.203125,6.5
raw,net_profit,919,29376,29407,32,0.5267505645751953,1.5874216297974333,39232,1.46875,4.359375,6.0
raw,net_profit,920,29408,29439,32,-0.19429194927215576,1.5253150333555507,39269,1.15625,4.953125,8.0
raw,net_profit,921,29440,29471,32,-1.1076674461364746,0.7822370877163163,39312,1.34375,4.484375,6.0
raw,net_profit,922,29472,29503,32,-0.10840499401092529,1.5011668514450296,39361,1.53125,3.9375,8.0
raw,net_profit,923,29504,29535,32,-0.12634646892547607,0.6130638313362319,39405,1.375,4.375,6.5
raw,net_profit,924,29536,29567,32,-0.9790497422218323,0.8550416532719929,39447,1.3125,4.515625,6.5
raw,net_profit,925,29568,29599,32,0.6969113349914551,1.0359443229521803,39495,1.5,3.9375,8.0
raw,net_profit,926,29600,29631,32,-0.5358315706253052,1.1639935882414976,39545,1.5625,3.5625,6.0
raw,net_profit,927,29632,29663,32,-1.3040146827697754,1.8234732473108337,39587,1.3125,4.71875,6.0
raw,net_profit,928,29664,29695,32,-0.23384369909763336,1.2018861441996533,39626,1.21875,4.8125,6.5
raw,net_profit,929,29696,29727,32,-0.4498939514160156,0.7821535151744993,39669,1.34375,4.15625,6.0
raw,net_profit,930,29728,29759,32,0.7644896507263184,1.3291949718071452,39716,1.46875,4.3125,6.0
raw,net_profit,931,29760,29791,32,-0.6622941493988037,1.0234680570606352,39763,1.46875,3.921875,6.5
raw,net_profit,932,29792,29823,32,0.4982398748397827,0.7169609883552193,39806,1.34375,4.703125,8.0
raw,net_profit,933,29824,29855,32,-1.311206579208374,0.6933304872465048,39848,1.3125,4.3125,6.0
raw,net_profit,934,29856,29887,32,-0.20035338401794434,2.521610474252644,39890,1.3125,4.65625,7.0
raw,net_profit,935,29888,29919,32,-0.6974743604660034,0.8678571588776026,39935,1.40625,4.390625,8.0
raw,net_profit,936,29920,29951,32,-0.6950897574424744,1.488958894250234,39975,1.25,4.609375,7.0
raw,net_profit,937,29952,29983,32,-1.1995607614517212,1.5586971946915156,40025,1.5625,4.078125,8.0
raw,net_profit,938,29984,30015,32,-0.23302581906318665,0.7100551400322375,40074,1.53125,3.59375,6.0
raw,net_profit,939,30016,30047,32,-1.0818750858306885,1.1848532573934478,40118,1.375,4.609375,7.0
raw,net_profit,940,30048,30079,32,-0.025814414024353027,1.5294132559879767,40161,1.34375,4.15625,7.0
raw,net_profit,941,30080,30111,32,-1.5476049184799194,0.8848885289773963,40206,1.40625,4.296875,6.5
raw,net_profit,942,30112,30143,32,-0.7912613749504089,1.03350165253183,40249,1.34375,4.375,6.0
raw,net_profit,943,30144,30175,32,-1.4085078239440918,0.9085042011952721,40301,1.625,4.0625,8.0
raw,net_profit,944,30176,30207,32,-1.3334872722625732,0.8957142333237809,40350,1.53125,4.5,8.0
raw,net_profit,945,30208,30239,32,0.6841628551483154,1.8953695886220396,40395,1.40625,4.15625,6.0
raw,net_profit,946,30240,30271,32,-0.43507546186447144,1.2229881956431226,40440,1.40625,4.34375,6.0
raw,net_profit,947,30272,30303,32,-0.27421802282333374,1.1017813467458857,40486,1.4375,4.296875,6.5
raw,net_profit,948,30304,30335,32,-0.9165106415748596,1.4839585736403593,40535,1.53125,4.109375,6.0
raw,net_profit,949,30336,30367,32,0.8684122562408447,0.7899413752591481,40579,1.375,4.015625,6.0
raw,net_profit,950,30368,30399,32,-0.1984863579273224,1.147098032977608,40625,1.4375,4.328125,6.0
raw,net_profit,951,30400,30431,32,-2.250044345855713,0.8712025296070113,40672,1.46875,4.40625,6.0
raw,net_profit,952,30432,30463,32,-0.3368838131427765,0.9230053209626332,40717,1.40625,3.890625,8.0
raw,net_profit,953,30464,30495,32,-0.3129236698150635,0.8169403683260499,40763,1.4375,4.015625,6.0
raw,net_profit,954,30496,30527,32,-1.768136978149414,0.5991749469835144,40809,1.4375,4.3125,6.0
raw,net_profit,955,30528,30559,32,-0.6529594659805298,0.8804420719331754,40851,1.3125,4.25,8.0
raw,net_profit,956,30560,30591,32,-1.3697134256362915,1.1383079912597958,40893,1.3125,4.546875,6.5
raw,net_profit,957,30592,30623,32,-1.5997650623321533,1.3192460400605595,40935,1.3125,4.875,8.0
raw,net_profit,958,30624,30655,32,-1.0466558933258057,0.7288707161000133,40983,1.5,4.4375,7.0
raw,net_profit,959,30656,30687,32,1.7105348110198975,0.9633066061337741,41026,1.34375,3.984375,8.0
raw,net_profit,960,30688,30719,32,0.3807414770126343,1.1469821487677458,41079,1.65625,3.953125,6.0
raw,net_profit,961,30720,30751,32,-0.8995875120162964,0.8083040461276674,41120,1.28125,4.390625,6.0
raw,net_profit,962,30752,30783,32,-1.6067262887954712,0.6398546301655023,41169,1.53125,3.90625,6.0
raw,net_profit,963,30784,30815,32,-3.163069725036621,0.7641001432085599,41213,1.375,4.125,6.0
raw,net_profit,964,30816,30847,32,0.6493164300918579,1.19373788780224,41255,1.3125,4.34375,8.0
raw,net_profit,965,30848,30879,32,-1.5079779624938965,1.1721751624095413,41300,1.40625,5.046875,8.0
raw,net_profit,966,30880,30911,32,-0.5965452194213867,1.5904956100385685,41344,1.375,4.125,6.5
raw,net_profit,967,30912,30943,32,-1.710854172706604,0.8587009063643979,41397,1.65625,4.1875,7.0
raw,net_profit,968,30944,30975,32,-0.6899072527885437,1.9858433416499055,41437,1.25,4.6875,7.0
raw,net_profit,969,30976,31007,32,-1.9568779468536377,2.519026706606382,41480,1.34375,4.28125,8.0
raw,net_profit,970,31008,31039,32,-0.8421337604522705,0.9089678574069626,41525,1.40625,4.4375,8.0
raw,net_profit,971,31040,31071,32,-1.1371409893035889,0.8970961190429774,41568,1.34375,4.625,6.0
raw,net_profit,972,31072,31103,32,-0.6911572813987732,0.9205538212973017,41618,1.5625,3.9375,7.0
raw,net_profit,973,31104,31135,32,-0.8138837814331055,0.7381040102455181,41662,1.375,4.859375,8.0
raw,net_profit,974,31136,31167,32,-0.8234695792198181,0.7709120398927776,41711,1.53125,4.0625,6.0
raw,net_profit,975,31168,31199,32,-0.8874444365501404,0.695922065959609,41762,1.59375,4.09375,6.5
raw,net_profit,976,31200,31231,32,-0.4230835735797882,0.6601125426749712,41816,1.6875,3.921875,6.0
raw,net_profit,977,31232,31263,32,-0.23537611961364746,1.3134092975315137,41853,1.15625,4.84375,8.0
raw,net_profit,978,31264,31295,32,-1.8801603317260742,1.6342803415247062,41898,1.40625,4.15625,8.0
raw,net_profit,979,31296,31327,32,-0.6822937726974487,0.8304103491063144,41942,1.375,4.46875,7.0
raw,net_profit,980,31328,31359,32,-1.6617803573608398,2.398918013180447,41987,1.40625,4.40625,6.0
raw,net_profit,981,31360,31391,32,-0.158480703830719,1.0259895105838828,42030,1.34375,4.359375,8.0
raw,net_profit,982,31392,31423,32,-1.3282357454299927,2.227314407517391,42072,1.3125,4.53125,6.0
raw,net_profit,983,31424,31455,32,-0.5129397511482239,0.67764104955684,42111,1.21875,4.421875,6.5
raw,net_profit,984,31456,31487,32,-0.4190056622028351,1.5692955114545273,42147,1.125,4.9375,7.0
raw,net_profit,985,31488,31519,32,-1.9344100952148438,1.8563281547787962,42188,1.28125,4.6875,6.0
raw,net_profit,986,31520,31551,32,-3.423816204071045,1.5864185063830256,42229,1.28125,4.484375,6.5
raw,net_profit,987,31552,31583,32,1.291924238204956,0.9636709173978729,42280,1.59375,3.984375,6.0
raw,net_profit,988,31584,31615,32,-1.3886052370071411,1.3237284048929931,42331,1.59375,4.09375,7.0
raw,net_profit,989,31616,31647,32,-0.23813149333000183,1.2409450667577375,42379,1.5,3.84375,7.0
raw,net_profit,990,31648,31679,32,-1.8810176849365234,0.9506475648580937,42426,1.46875,4.359375,6.0
raw,net_profit,991,31680,31711,32,-1.9495961666107178,0.8914724303164355,42476,1.5625,4.53125,7.0
raw,net_profit,992,31712,31743,32,-0.21958515048027039,0.830225254643488,42527,1.59375,4.15625,14.0
raw,net_profit,993,31744,31775,32,-0.609926164150238,1.6557289644382713,42577,1.5625,4.03125,6.0
raw,net_profit,994,31776,31807,32,0.3848640024662018,0.9660555933797419,42624,1.46875,4.203125,7.0
raw,net_profit,995,31808,31839,32,-2.2679693698883057,1.1674716269322563,42668,1.375,4.875,8.0
raw,net_profit,996,31840,31871,32,0.34166547656059265,1.1965550242978604,42721,1.65625,3.984375,6.0
raw,net_profit,997,31872,31903,32,-0.29104501008987427,0.881980478231632,42770,1.53125,4.125,6.0
raw,net_profit,998,31904,31935,32,1.590798020362854,1.1824838208803983,42821,1.59375,4.171875,8.0
raw,net_profit,999,31936,31967,32,-1.3110482692718506,0.5483943673090461,42870,1.53125,4.203125,6.0
raw,net_profit,1000,31968,31999,32,-2.4540934562683105,0.7423473148287347,42917,1.46875,4.296875,6.0
raw,stake_scaled_net_profit,1,0,31,32,-0.2531304359436035,0.1530712406726467,50,1.5625,0.7291666666666665,1.3333333333333333
raw,stake_scaled_net_profit,2,32,63,32,-0.32937926054000854,0.05545745848302798,92,1.3125,0.8124999999999998,1.3333333333333333
raw,stake_scaled_net_profit,3,64,95,32,-0.02302052080631256,0.11160097054201217,138,1.4375,0.7083333333333334,1.0
raw,stake_scaled_net_profit,4,96,127,32,0.031864676624536514,0.15772015394766004,181,1.34375,0.7526041666666666,1.3333333333333333
raw,stake_scaled_net_profit,5,128,159,32,-0.07843524217605591,0.1168677789054833,222,1.28125,0.7213541666666666,1.3333333333333333
raw,stake_scaled_net_profit,6,160,191,32,-0.25912222266197205,0.09739994628730186,266,1.375,0.7708333333333333,1.3333333333333333
raw,stake_scaled_net_profit,7,192,223,32,-0.04830457270145416,0.18738728192547774,320,1.6875,0.6848958333333333,1.3333333333333333
raw,stake_scaled_net_profit,8,224,255,32,-0.40609532594680786,0.1275737895900243,365,1.40625,0.7526041666666664,1.1666666666666667
raw,stake_scaled_net_profit,9,256,287,32,-0.14100122451782227,0.10979085221113814,414,1.53125,0.7135416666666667,1.3333333333333333
raw,stake_scaled_net_profit,10,288,319,32,0.03013775497674942,0.180332484326932,454,1.25,0.765625,1.3333333333333333
raw,stake_scaled_net_profit,11,320,351,32,0.14146943390369415,0.2271764779487996,495,1.28125,0.6927083333333331,1.0
raw,stake_scaled_net_profit,12,352,383,32,-0.29745951294898987,0.18697604734878484,544,1.53125,0.7083333333333335,1.3333333333333333
raw,stake_scaled_net_profit,13,384,415,32,-0.2767757475376129,0.15333374360749394,589,1.40625,0.7213541666666666,1.1666666666666667
raw,stake_scaled_net_profit,14,416,447,32,0.15989001095294952,0.16810324912730326,636,1.46875,0.6874999999999999,1.3333333333333333
raw,stake_scaled_net_profit,15,448,479,32,-0.02112753503024578,0.11025089151312242,677,1.28125,0.7187500000000001,1.0
raw,stake_scaled_net_profit,16,480,511,32,-0.18147598206996918,0.21603339188442103,721,1.375,0.7682291666666665,1.1666666666666667
raw,stake_scaled_net_profit,17,512,543,32,-0.21130797266960144,0.11896481690891436,765,1.375,0.6302083333333334,1.0
raw,stake_scaled_net_profit,18,544,575,32,0.10431396961212158,0.20908346496377814,807,1.3125,0.6796875,1.3333333333333333
raw,stake_scaled_net_profit,19,576,607,32,0.019594460725784302,0.21892930909484457,849,1.3125,0.7265625000000001,1.0833333333333333
raw,stake_scaled_net_profit,20,608,639,32,-0.10505399107933044,0.33039188627055377,891,1.3125,0.6406249999999999,1.0
raw,stake_scaled_net_profit,21,640,671,32,-0.18880048394203186,0.19260918865393972,933,1.3125,0.7578124999999999,1.3333333333333333
raw,stake_scaled_net_profit,22,672,703,32,-0.13361766934394836,0.13211696528110262,971,1.1875,0.7239583333333334,1.0
raw,stake_scaled_net_profit,23,704,735,32,-0.1191917434334755,0.13401111596179296,1013,1.3125,0.7265625,1.0833333333333333
raw,stake_scaled_net_profit,24,736,767,32,-0.06024044007062912,0.1379399464274247,1055,1.3125,0.7812499999999999,1.3333333333333333
raw,stake_scaled_net_profit,25,768,799,32,0.08250900357961655,0.14369254766984993,1100,1.40625,0.6796875,1.0
raw,stake_scaled_net_profit,26,800,831,32,-0.010613415390253067,0.14623736156602213,1144,1.375,0.7031249999999998,1.3333333333333333
raw,stake_scaled_net_profit,27,832,863,32,-0.1913171410560608,0.13646794197583956,1185,1.28125,0.7187500000000001,1.0
raw,stake_scaled_net_profit,28,864,895,32,-0.1318470537662506,0.1505700308761711,1231,1.4375,0.6041666666666667,1.0
raw,stake_scaled_net_profit,29,896,927,32,-0.08112873136997223,0.15287606440153587,1272,1.28125,0.7500000000000001,1.0
raw,stake_scaled_net_profit,30,928,959,32,0.1113085001707077,0.27827355139937715,1313,1.28125,0.7317708333333331,1.3333333333333333
raw,stake_scaled_net_profit,31,960,991,32,-0.1727125346660614,0.4190482092456328,1348,1.09375,0.8385416666666664,1.0
raw,stake_scaled_net_profit,32,992,1023,32,-0.10105495899915695,0.5051586412888929,1386,1.1875,0.7473958333333334,1.0833333333333333
raw,stake_scaled_net_profit,33,1024,1055,32,-0.08582030236721039,0.18806087737746086,1423,1.15625,0.7031250000000001,1.0
raw,stake_scaled_net_profit,34,1056,1087,32,-0.029577039182186127,0.19747838363293416,1464,1.28125,0.7708333333333334,1.0833333333333333
raw,stake_scaled_net_profit,35,1088,1119,32,-0.07828155159950256,0.2803414977656649,1504,1.25,0.7031249999999999,1.0
raw,stake_scaled_net_profit,36,1120,1151,32,0.14724817872047424,0.2920484965742319,1538,1.0625,0.7421874999999999,1.3333333333333333
raw,stake_scaled_net_profit,37,1152,1183,32,0.04728860408067703,0.14454814178326522,1580,1.3125,0.7578125000000002,1.1666666666666667
raw,stake_scaled_net_profit,38,1184,1215,32,-0.12507528066635132,0.21142612627531768,1625,1.40625,0.7291666666666665,1.0
raw,stake_scaled_net_profit,39,1216,1247,32,0.06449788808822632,0.08493313500180666,1660,1.09375,0.8124999999999998,1.3333333333333333
raw,stake_scaled_net_profit,40,1248,1279,32,0.07185127586126328,0.2389275697678214,1698,1.1875,0.7760416666666667,1.1666666666666667
raw,stake_scaled_net_profit,41,1280,1311,32,-0.2548854351043701,0.21838836997871874,1739,1.28125,0.8281249999999999,1.3333333333333333
raw,stake_scaled_net_profit,42,1312,1343,32,0.12748819589614868,0.12459994534828858,1776,1.15625,0.7057291666666664,1.0833333333333333
raw,stake_scaled_net_profit,43,1344,1375,32,4.792974948883057,5.653533842089933,1822,1.4375,3.2734375,83.83333333333333
raw,stake_scaled_net_profit,44,1376,1407,32,-0.0751529112458229,0.37171153067717566,1859,1.15625,0.7786458333333333,1.0
raw,stake_scaled_net_profit,45,1408,1439,32,-0.049539946019649506,0.14084901152911825,1901,1.3125,0.755208333333333,1.0833333333333333
raw,stake_scaled_net_profit,46,1440,1471,32,-0.20270010828971863,0.15898814566819772,1942,1.28125,0.7682291666666666,1.3333333333333333
raw,stake_scaled_net_profit,47,1472,1503,32,-0.19556882977485657,0.19312857028979022,1982,1.25,0.7604166666666666,1.0
raw,stake_scaled_net_profit,48,1504,1535,32,-0.40687134861946106,0.09734105119434043,2018,1.125,0.8385416666666669,1.0
raw,stake_scaled_net_profit,49,1536,1567,32,0.0700870007276535,0.107666418585763,2057,1.21875,0.7135416666666669,1.3333333333333333
raw,stake_scaled_net_profit,50,1568,1599,32,-0.42300093173980713,0.2913487951754496,2099,1.3125,0.7604166666666665,1.0
raw,stake_scaled_net_profit,51,1600,1631,32,-0.3070864677429199,0.2398122825480515,2136,1.15625,0.8151041666666666,1.0
raw,stake_scaled_net_profit,52,1632,1663,32,0.5274270176887512,0.4727086143253356,2174,1.1875,1.0052083333333333,8.833333333333334
raw,stake_scaled_net_profit,53,1664,1695,32,-0.33549922704696655,0.176850560264886,2217,1.34375,0.7916666666666666,1.3333333333333333
raw,stake_scaled_net_profit,54,1696,1727,32,-0.3829061686992645,0.23443793379019395,2254,1.15625,0.7187499999999999,1.0
raw,stake_scaled_net_profit,55,1728,1759,32,-0.32144004106521606,0.17351797198792776,2294,1.25,0.8229166666666666,1.3333333333333333
raw,stake_scaled_net_profit,56,1760,1791,32,-0.09658183157444,0.21135634019334668,2334,1.25,0.7682291666666665,1.1666666666666667
raw,stake_scaled_net_profit,57,1792,1823,32,0.029136888682842255,0.1518257733773141,2372,1.1875,0.6875,1.0
raw,stake_scaled_net_profit,58,1824,1855,32,0.15051695704460144,0.19940116469921776,2411,1.21875,0.7291666666666669,1.0
raw,stake_scaled_net_profit,59,1856,1887,32,-0.23880937695503235,0.15855109769744075,2451,1.25,0.7630208333333334,1.0
raw,stake_scaled_net_profit,60,1888,1919,32,-0.2437032014131546,0.30460231221405254,2489,1.1875,0.7994791666666666,1.1666666666666667
raw,stake_scaled_net_profit,61,1920,1951,32,-0.19220146536827087,0.20478298968792463,2530,1.28125,0.7760416666666665,1.0833333333333333
raw,stake_scaled_net_profit,62,1952,1983,32,-0.31774917244911194,0.20981075144575498,2568,1.1875,0.7656250000000001,1.0
raw,stake_scaled_net_profit,63,1984,2015,32,-0.01821587234735489,0.25662558252880974,2609,1.28125,0.8411458333333334,2.5
raw,stake_scaled_net_profit,64,2016,2047,32,-0.30415254831314087,0.10878776514822543,2649,1.25,0.7526041666666667,1.3333333333333333
raw,stake_scaled_net_profit,65,2048,2079,32,0.0211237370967865,0.11977139176646327,2690,1.28125,0.7161458333333334,1.0833333333333333
raw,stake_scaled_net_profit,66,2080,2111,32,0.30004647374153137,0.23598545459123504,2729,1.21875,0.6822916666666666,1.1666666666666667
raw,stake_scaled_net_profit,67,2112,2143,32,-0.08616704493761063,0.1300434665776992,2770,1.28125,0.7369791666666667,1.0833333333333333
raw,stake_scaled_net_profit,68,2144,2175,32,0.017021849751472473,0.11020997941292489,2810,1.25,0.7395833333333334,1.0833333333333333
raw,stake_scaled_net_profit,69,2176,2207,32,0.09118016809225082,0.12114327055601848,2853,1.34375,0.7109375000000001,1.3333333333333333
raw,stake_scaled_net_profit,70,2208,2239,32,-0.16327306628227234,0.2641642177370906,2898,1.40625,0.7083333333333333,1.3333333333333333
raw,stake_scaled_net_profit,71,2240,2271,32,-0.35374730825424194,0.29660994434765797,2946,1.5,0.7343749999999999,1.0
raw,stake_scaled_net_profit,72,2272,2303,32,-0.17708951234817505,0.11150973960711164,2986,1.25,0.7343750000000001,1.0
raw,stake_scaled_net_profit,73,2304,2335,32,-0.03329989314079285,0.17947696584446182,3031,1.40625,0.6692708333333333,1.0
raw,stake_scaled_net_profit,74,2336,2367,32,-0.1801813840866089,0.1696508915079678,3076,1.40625,0.7526041666666666,1.0833333333333333
raw,stake_scaled_net_profit,75,2368,2399,32,0.11739087104797363,0.06462857117486963,3113,1.15625,0.7890624999999999,2.5
raw,stake_scaled_net_profit,76,2400,2431,32,-0.27796655893325806,0.24450345828008946,3153,1.25,0.7578125,1.0833333333333333
raw,stake_scaled_net_profit,77,2432,2463,32,0.03552846610546112,0.1482110362841752,3201,1.5,0.6562500000000001,1.0
raw,stake_scaled_net_profit,78,2464,2495,32,0.19958919286727905,0.15327451765931854,3239,1.1875,0.682291666666667,1.0
raw,stake_scaled_net_profit,79,2496,2527,32,0.15418624877929688,0.06505174354825971,3277,1.1875,0.7526041666666667,1.0
raw,stake_scaled_net_profit,80,2528,2559,32,-0.2532532513141632,0.10909923269151359,3321,1.375,0.796875,1.3333333333333333
raw,stake_scaled_net_profit,81,2560,2591,32,-0.10395389050245285,0.11800579249953051,3360,1.21875,0.7005208333333334,1.0833333333333333
raw,stake_scaled_net_profit,82,2592,2623,32,-0.3200780749320984,0.14470010007806877,3409,1.53125,0.7265625000000002,1.0
raw,stake_scaled_net_profit,83,2624,2655,32,-0.03947296738624573,0.07386153698205397,3450,1.28125,0.7083333333333333,1.0
raw,stake_scaled_net_profit,84,2656,2687,32,0.038807351142168045,0.1569013699521761,3489,1.21875,0.7786458333333331,1.1666666666666667
raw,stake_scaled_net_profit,85,2688,2719,32,0.041561443358659744,0.19184821467011473,3529,1.25,0.8098958333333333,1.3333333333333333
raw,stake_scaled_net_profit,86,2720,2751,32,0.13140228390693665,0.13042602746992255,3575,1.4375,0.6796875,1.0
raw,stake_scaled_net_profit,87,2752,2783,32,-0.1217186376452446,0.1484559936590383,3616,1.28125,0.6718750000000002,1.1666666666666667
raw,stake_scaled_net_profit,88,2784,2815,32,-0.10224802792072296,0.10867085366766412,3660,1.375,0.703125,1.0
raw,stake_scaled_net_profit,89,2816,2847,32,-0.11209355294704437,0.15972259654219767,3699,1.21875,0.7187500000000001,1.0833333333333333
raw,stake_scaled_net_profit,90,2848,2879,32,0.05274750292301178,0.10170089369295236,3738,1.21875,0.6770833333333336,1.0
raw,stake_scaled_net_profit,91,2880,2911,32,-0.019614767283201218,0.13000390825448127,3781,1.34375,0.7135416666666666,1.0
raw,stake_scaled_net_profit,92,2912,2943,32,0.27501025795936584,0.19961345757091856,3823,1.3125,0.7604166666666669,1.3333333333333333
raw,stake_scaled_net_profit,93,2944,2975,32,-0.04498406872153282,0.10485927580760364,3865,1.3125,0.75,1.3333333333333333
raw,stake_scaled_net_profit,94,2976,3007,32,0.22334806621074677,0.09404861924135123,3906,1.28125,0.6796875000000001,1.1666666666666667
raw,stake_scaled_net_profit,95,3008,3039,32,-0.185434028506279,0.13674762019976672,3952,1.4375,0.7499999999999999,1.3333333333333333
raw,stake_scaled_net_profit,96,3040,3071,32,0.06988270580768585,0.08663309971837779,3996,1.375,0.65625,1.1666666666666667
raw,stake_scaled_net_profit,97,3072,3103,32,-0.17879103124141693,0.24950569367810696,4045,1.53125,0.6875000000000002,1.0
raw,stake_scaled_net_profit,98,3104,3135,32,-0.03476933389902115,0.05860656293983144,4082,1.15625,0.7135416666666669,1.0
raw,stake_scaled_net_profit,99,3136,3167,32,0.16603843867778778,0.21183409452607355,4126,1.375,0.7291666666666665,2.1666666666666665
raw,stake_scaled_net_profit,100,3168,3199,32,-0.24235375225543976,0.12485479519219507,4168,1.3125,0.7682291666666667,1.0
raw,stake_scaled_net_profit,101,3200,3231,32,0.13800746202468872,0.2955246343930145,4214,1.4375,0.7265625000000001,1.0
raw,stake_scaled_net_profit,102,3232,3263,32,0.0820632204413414,0.09380762796338762,4259,1.40625,0.6692708333333331,1.3333333333333333
raw,stake_scaled_net_profit,103,3264,3295,32,-0.0043794214725494385,0.20390463064897754,4298,1.21875,0.7838541666666666,1.3333333333333333
raw,stake_scaled_net_profit,104,3296,3327,32,-0.3227376341819763,0.10359938549401577,4344,1.4375,0.7187500000000001,1.3333333333333333
raw,stake_scaled_net_profit,105,3328,3359,32,-0.08815333992242813,0.10557105619326496,4386,1.3125,0.7369791666666669,1.0833333333333333
raw,stake_scaled_net_profit,106,3360,3391,32,-0.03593567758798599,0.10632575174652356,4429,1.34375,0.6901041666666666,1.1666666666666667
raw,stake_scaled_net_profit,107,3392,3423,32,-0.2771576941013336,0.3233601523570306,4474,1.40625,0.7291666666666665,1.3333333333333333
raw,stake_scaled_net_profit,108,3424,3455,32,-0.11781749129295349,0.15236670128801763,4515,1.28125,0.7343749999999999,1.0833333333333333
raw,stake_scaled_net_profit,109,3456,3487,32,-0.038794390857219696,0.12856517129018047,4562,1.46875,0.7239583333333334,1.3333333333333333
raw,stake_scaled_net_profit,110,3488,3519,32,-0.09354465454816818,0.12592255622225754,4606,1.375,0.7421874999999999,1.0833333333333333
raw,stake_scaled_net_profit,111,3520,3551,32,-0.11515118926763535,0.1318821143013242,4648,1.3125,0.7109375,1.3333333333333333
raw,stake_scaled_net_profit,112,3552,3583,32,-0.24100010097026825,0.13570529103117346,4688,1.25,0.7031250000000002,1.0
raw,stake_scaled_net_profit,113,3584,3615,32,-0.03039911761879921,0.18295120949251048,4731,1.34375,0.6640625,1.0
raw,stake_scaled_net_profit,114,3616,3647,32,-0.1954958587884903,0.09400296155654772,4775,1.375,0.7239583333333331,1.3333333333333333
raw,stake_scaled_net_profit,115,3648,3679,32,0.03263750299811363,0.1222948338385117,4817,1.3125,0.6953124999999998,1.0833333333333333
raw,stake_scaled_net_profit,116,3680,3711,32,-0.32466790080070496,0.17448260768135507,4864,1.46875,0.7499999999999998,1.3333333333333333
raw,stake_scaled_net_profit,117,3712,3743,32,-0.2231856882572174,0.09695896316225328,4905,1.28125,0.75,1.3333333333333333
raw,stake_scaled_net_profit,118,3744,3775,32,-0.2790985405445099,0.17287757386469624,4945,1.25,0.7760416666666665,1.0
raw,stake_scaled_net_profit,119,3776,3807,32,0.016742005944252014,0.2154413977993945,4986,1.28125,0.703125,1.1666666666666667
raw,stake_scaled_net_profit,120,3808,3839,32,-0.13117575645446777,0.21194545640157114,5026,1.25,0.7291666666666669,1.0833333333333333
raw,stake_scaled_net_profit,121,3840,3871,32,-0.368041068315506,0.18761344161297874,5064,1.1875,0.763020833333333,1.0
raw,stake_scaled_net_profit,122,3872,3903,32,-0.15848655998706818,0.06657666482096145,5108,1.375,0.7057291666666666,1.0
raw,stake_scaled_net_profit,123,3904,3935,32,0.03252524882555008,0.3285065608365963,5158,1.5625,0.6848958333333336,2.3333333333333335
raw,stake_scaled_net_profit,124,3936,3967,32,-0.052826520055532455,0.14434052488660265,5198,1.25,0.7682291666666666,1.3333333333333333
raw,stake_scaled_net_profit,125,3968,3999,32,-0.030149683356285095,0.192242363662419,5238,1.25,0.6718750000000001,1.0833333333333333
raw,stake_scaled_net_profit,126,4000,4031,32,0.08983569592237473,0.2199186004192662,5278,1.25,0.7369791666666665,1.1666666666666667
raw,stake_scaled_net_profit,127,4032,4063,32,0.04048420488834381,0.11913284254740189,5321,1.34375,0.7447916666666667,1.1666666666666667
raw,stake_scaled_net_profit,128,4064,4095,32,0.15597319602966309,0.12624911854484258,5361,1.25,0.7161458333333334,1.1666666666666667
raw,stake_scaled_net_profit,129,4096,4127,32,-0.186149001121521,0.1656441645807855,5404,1.34375,0.7343749999999999,1.0
raw,stake_scaled_net_profit,130,4128,4159,32,-0.39817848801612854,0.2008042288860418,5453,1.53125,0.7213541666666666,1.0
raw,stake_scaled_net_profit,131,4160,4191,32,0.30878350138664246,0.1556491139100428,5500,1.46875,0.6927083333333334,1.1666666666666667
raw,stake_scaled_net_profit,132,4192,4223,32,-0.25716066360473633,0.18306028222900095,5551,1.59375,0.6744791666666667,1.0
raw,stake_scaled_net_profit,133,4224,4255,32,-0.08035878092050552,0.1343341323704393,5600,1.53125,0.6588541666666667,1.0833333333333333
raw,stake_scaled_net_profit,134,4256,4287,32,-0.1259637176990509,0.3460279692149359,5644,1.375,0.71875,1.0
raw,stake_scaled_net_profit,135,4288,4319,32,-0.10002782940864563,0.0949371274677041,5684,1.25,0.71875,1.0
raw,stake_scaled_net_profit,136,4320,4351,32,-0.35869428515434265,0.18322115775754602,5727,1.34375,0.7604166666666666,1.1666666666666667
raw,stake_scaled_net_profit,137,4352,4383,32,-0.19637717306613922,0.17394265649517288,5774,1.46875,0.7083333333333335,1.3333333333333333
raw,stake_scaled_net_profit,138,4384,4415,32,0.13265033066272736,0.1266061604857829,5815,1.28125,0.7187500000000001,1.0
raw,stake_scaled_net_profit,139,4416,4447,32,-0.3629004955291748,0.18383750225144047,5859,1.375,0.7187499999999998,1.3333333333333333
raw,stake_scaled_net_profit,140,4448,4479,32,-0.08129233121871948,0.11304633198031039,5903,1.375,0.7161458333333333,1.3333333333333333
raw,stake_scaled_net_profit,141,4480,4511,32,-0.23309245705604553,0.1341321668874056,5948,1.40625,0.6692708333333333,1.0
raw,stake_scaled_net_profit,142,4512,4543,32,-0.038399189710617065,0.18120025157477251,5990,1.3125,0.703125,1.0
raw,stake_scaled_net_profit,143,4544,4575,32,-0.1428176760673523,0.1512498681440623,6037,1.46875,0.7890625,1.1666666666666667
raw,stake_scaled_net_profit,144,4576,4607,32,0.03451458364725113,0.11645068602359167,6083,1.4375,0.7395833333333334,1.1666666666666667
raw,stake_scaled_net_profit,145,4608,4639,32,-0.14125393331050873,0.1113124250882681,6132,1.53125,0.5833333333333333,1.0
raw,stake_scaled_net_profit,146,4640,4671,32,-0.1653391718864441,0.13140497562225728,6180,1.5,0.7734374999999999,1.3333333333333333
raw,stake_scaled_net_profit,147,4672,4703,32,-0.17106933891773224,0.2583659183475092,6227,1.46875,0.7031250000000001,1.0
raw,stake_scaled_net_profit,148,4704,4735,32,-0.12831652164459229,0.2545270322777052,6272,1.40625,0.7291666666666665,1.1666666666666667
raw,stake_scaled_net_profit,149,4736,4767,32,-0.24171321094036102,0.11485364524022126,6312,1.25,0.7578125,1.0833333333333333
raw,stake_scaled_net_profit,150,4768,4799,32,0.02920408919453621,0.11906218169930184,6355,1.34375,0.7265625,1.0
raw,stake_scaled_net_profit,151,4800,4831,32,-0.09129906445741653,0.07648891537420115,6402,1.46875,0.6979166666666666,1.0833333333333333
raw,stake_scaled_net_profit,152,4832,4863,32,-0.08815039694309235,0.15078764290325042,6444,1.3125,0.7057291666666669,1.0833333333333333
raw,stake_scaled_net_profit,153,4864,4895,32,0.07017295062541962,0.10350746325114617,6486,1.3125,0.7083333333333333,1.0833333333333333
raw,stake_scaled_net_profit,154,4896,4927,32,0.09489540755748749,0.14637491919513276,6529,1.34375,0.7031250000000001,1.3333333333333333
raw,stake_scaled_net_profit,155,4928,4959,32,0.03629954531788826,0.09513940299947367,6578,1.53125,0.6953124999999999,1.3333333333333333
raw,stake_scaled_net_profit,156,4960,4991,32,-0.24914142489433289,0.0900033481344005,6617,1.21875,0.7421874999999998,1.0
raw,stake_scaled_net_profit,157,4992,5023,32,-0.05909005180001259,0.18965451209118547,6661,1.375,0.7708333333333335,1.0
raw,stake_scaled_net_profit,158,5024,5055,32,-0.298417329788208,0.13225961674453812,6701,1.25,0.6822916666666666,1.0
raw,stake_scaled_net_profit,159,5056,5087,32,-0.38349777460098267,0.10665142490425057,6747,1.4375,0.7630208333333334,1.0
raw,stake_scaled_net_profit,160,5088,5119,32,-0.10312243551015854,0.117569207658908,6787,1.25,0.6744791666666665,1.0833333333333333
raw,stake_scaled_net_profit,161,5120,5151,32,-0.3107631802558899,0.2549139519632442,6825,1.1875,0.7656250000000001,1.0
raw,stake_scaled_net_profit,162,5152,5183,32,-0.20452921092510223,0.08499158187155866,6865,1.25,0.6901041666666666,1.0
raw,stake_scaled_net_profit,163,5184,5215,32,-0.38368815183639526,0.16584987639573853,6902,1.15625,0.8177083333333334,1.3333333333333333
raw,stake_scaled_net_profit,164,5216,5247,32,0.2119492143392563,0.23463836423079218,6950,1.5,0.7421874999999998,1.3333333333333333
raw,stake_scaled_net_profit,165,5248,5279,32,-0.017431650310754776,0.1723135977177992,6995,1.40625,0.671875,1.0
raw,stake_scaled_net_profit,166,5280,5311,32,0.12419088929891586,0.25371374328530016,7043,1.5,0.625,1.0
raw,stake_scaled_net_profit,167,5312,5343,32,-0.04432252049446106,0.19601182135318776,7088,1.40625,0.7526041666666667,1.1666666666666667
raw,stake_scaled_net_profit,168,5344,5375,32,0.02222359925508499,0.31558713253769904,7135,1.46875,0.6562500000000002,1.3333333333333333
raw,stake_scaled_net_profit,169,5376,5407,32,-0.025088641792535782,0.14868577046349785,7177,1.3125,0.7343749999999999,1.3333333333333333
raw,stake_scaled_net_profit,170,5408,5439,32,-0.05850162357091904,0.07522531236473218,7223,1.4375,0.671875,1.1666666666666667
raw,stake_scaled_net_profit,171,5440,5471,32,-0.04256591200828552,0.13369938436892065,7269,1.4375,0.6874999999999999,1.3333333333333333
raw,stake_scaled_net_profit,172,5472,5503,32,-0.11617858707904816,0.1082191085012605,7311,1.3125,0.6822916666666666,1.0
raw,stake_scaled_net_profit,173,5504,5535,32,-0.013640441000461578,0.1510724236626105,7358,1.46875,0.6822916666666666,1.1666666666666667
raw,stake_scaled_net_profit,174,5536,5567,32,-0.032924965023994446,0.10377318766853796,7402,1.375,0.6901041666666666,1.3333333333333333
raw,stake_scaled_net_profit,175,5568,5599,32,-0.1343058943748474,0.19639745697902947,7438,1.125,0.8385416666666666,2.5
raw,stake_scaled_net_profit,176,5600,5631,32,-0.11672405153512955,0.16972254059740224,7485,1.46875,0.7421874999999999,1.0833333333333333
raw,stake_scaled_net_profit,177,5632,5663,32,-0.08958858996629715,0.19040336795018958,7526,1.28125,0.7864583333333334,2.3333333333333335
raw,stake_scaled_net_profit,178,5664,5695,32,0.11142773181200027,0.10414929501809495,7568,1.3125,0.6484374999999999,1.0
raw,stake_scaled_net_profit,179,5696,5727,32,-0.24922767281532288,0.10891469654655753,7613,1.40625,0.7005208333333334,1.1666666666666667
raw,stake_scaled_net_profit,180,5728,5759,32,0.06657467037439346,0.15536506695514254,7654,1.28125,0.7239583333333335,1.1666666666666667
raw,stake_scaled_net_profit,181,5760,5791,32,-0.17302145063877106,0.23327190170100479,7701,1.46875,0.6380208333333335,1.0
raw,stake_scaled_net_profit,182,5792,5823,32,-0.14836600422859192,0.074171391173851,7742,1.28125,0.7343750000000001,1.0
raw,stake_scaled_net_profit,183,5824,5855,32,0.1675398200750351,0.15423906224634568,7791,1.53125,0.7109375,1.3333333333333333
raw,stake_scaled_net_profit,184,5856,5887,32,-0.11352868378162384,0.12305148993249601,7833,1.3125,0.7057291666666667,1.0
raw,stake_scaled_net_profit,185,5888,5919,32,0.15504240989685059,0.16964654417608171,7879,1.4375,0.6718749999999999,1.3333333333333333
raw,stake_scaled_net_profit,186,5920,5951,32,-0.17581191658973694,0.13870317369613996,7930,1.59375,0.6692708333333333,1.0
raw,stake_scaled_net_profit,187,5952,5983,32,-0.025518037378787994,0.0951828460353914,7977,1.46875,0.7135416666666667,1.1666666666666667
raw,stake_scaled_net_profit,188,5984,6015,32,-0.15630391240119934,0.07668437935218543,8022,1.40625,0.6796875000000002,1.0
raw,stake_scaled_net_profit,189,6016,6047,32,-0.370152086019516,0.17858404561443117,8063,1.28125,0.7838541666666667,1.0
raw,stake_scaled_net_profit,190,6048,6079,32,-0.13005384802818298,0.11827058952741991,8105,1.3125,0.7760416666666665,1.3333333333333333
raw,stake_scaled_net_profit,191,6080,6111,32,-0.051335595548152924,0.13466731076763097,8148,1.34375,0.7291666666666665,1.3333333333333333
raw,stake_scaled_net_profit,192,6112,6143,32,-0.35823196172714233,0.25105349786938796,8194,1.4375,0.7265625000000001,1.0
raw,stake_scaled_net_profit,193,6144,6175,32,-0.1912912130355835,0.11001466342532427,8231,1.15625,0.7786458333333331,1.3333333333333333
raw,stake_scaled_net_profit,194,6176,6207,32,-0.1402372419834137,0.16206316586215713,8278,1.46875,0.671875,1.0833333333333333
raw,stake_scaled_net_profit,195,6208,6239,32,-0.11751162260770798,0.11370969846146098,8317,1.21875,0.765625,1.1666666666666667
raw,stake_scaled_net_profit,196,6240,6271,32,-0.2115132212638855,0.09782714802194147,8369,1.625,0.7057291666666665,1.3333333333333333
raw,stake_scaled_net_profit,197,6272,6303,32,-0.31699445843696594,0.16176797736006923,8411,1.3125,0.7213541666666666,1.3333333333333333
raw,stake_scaled_net_profit,198,6304,6335,32,-0.2518913447856903,0.21386996352054705,8455,1.375,0.6744791666666665,1.0
raw,stake_scaled_net_profit,199,6336,6367,32,-0.09027081727981567,0.08192941737069216,8496,1.28125,0.7291666666666666,1.3333333333333333
raw,stake_scaled_net_profit,200,6368,6399,32,-0.1766154170036316,0.16658725552485779,8541,1.40625,0.7369791666666665,1.1666666666666667
raw,stake_scaled_net_profit,201,6400,6431,32,-0.08434449136257172,0.2329286524034423,8585,1.375,0.6484375,1.0
raw,stake_scaled_net_profit,202,6432,6463,32,-0.29030704498291016,0.1479855437914266,8623,1.1875,0.7499999999999999,1.3333333333333333
raw,stake_scaled_net_profit,203,6464,6495,32,0.010579094290733337,0.13425489356641682,8667,1.375,0.5885416666666666,1.0
raw,stake_scaled_net_profit,204,6496,6527,32,-0.032745592296123505,0.15072536570199052,8711,1.375,0.6354166666666666,1.0
raw,stake_scaled_net_profit,205,6528,6559,32,-0.10509410500526428,0.10476393931892358,8758,1.46875,0.6197916666666666,1.0
raw,stake_scaled_net_profit,206,6560,6591,32,-0.2271190583705902,0.11302332963991263,8797,1.21875,0.7708333333333331,1.0
raw,stake_scaled_net_profit,207,6592,6623,32,-0.13831636309623718,0.1056848367975645,8842,1.40625,0.7265625,2.5
raw,stake_scaled_net_profit,208,6624,6655,32,-0.5691738724708557,0.18636120965538694,8884,1.3125,0.7656250000000001,1.0
raw,stake_scaled_net_profit,209,6656,6687,32,-0.0652225911617279,0.08527852745947634,8925,1.28125,0.7604166666666666,1.3333333333333333
raw,stake_scaled_net_profit,210,6688,6719,32,-0.2899740934371948,0.11223060712188855,8973,1.5,0.6692708333333333,1.0
raw,stake_scaled_net_profit,211,6720,6751,32,0.1344049572944641,0.24166662420814597,9018,1.40625,0.6822916666666667,1.1666666666666667
raw,stake_scaled_net_profit,212,6752,6783,32,-0.20365431904792786,0.10079295060036296,9060,1.3125,0.7135416666666665,1.0
raw,stake_scaled_net_profit,213,6784,6815,32,0.024236463010311127,0.20447612905155246,9100,1.25,0.7369791666666666,1.0833333333333333
raw,stake_scaled_net_profit,214,6816,6847,32,-0.008115917444229126,0.2881822669576658,9142,1.3125,0.9869791666666667,9.0
raw,stake_scaled_net_profit,215,6848,6879,32,-0.0726613774895668,0.14503894570067988,9189,1.46875,0.6718750000000001,1.0
raw,stake_scaled_net_profit,216,6880,6911,32,0.6947728395462036,0.47958158531405926,9235,1.4375,0.96875,8.833333333333334
raw,stake_scaled_net_profit,217,6912,6943,32,0.1959645003080368,0.23890973869984536,9278,1.34375,0.765625,1.3333333333333333
raw,stake_scaled_net_profit,218,6944,6975,32,0.13419267535209656,0.08555678720297924,9319,1.28125,0.7161458333333333,1.1666666666666667
raw,stake_scaled_net_profit,219,6976,7007,32,-0.2895519435405731,0.15965975885071215,9365,1.4375,0.7369791666666667,1.0833333333333333
raw,stake_scaled_net_profit,220,7008,7039,32,0.12397216260433197,0.36375659015742284,9414,1.53125,0.671875,1.0
raw,stake_scaled_net_profit,221,7040,7071,32,-0.27431774139404297,0.11655824665854035,9456,1.3125,0.7916666666666667,1.0
raw,stake_scaled_net_profit,222,7072,7103,32,-0.13238415122032166,0.15988688073312532,9499,1.34375,0.7526041666666666,1.0833333333333333
raw,stake_scaled_net_profit,223,7104,7135,32,0.08049134165048599,0.08969465006881736,9540,1.28125,0.7552083333333335,2.3333333333333335
raw,stake_scaled_net_profit,224,7136,7167,32,0.009246792644262314,0.15669388053263086,9581,1.28125,0.7369791666666665,1.1666666666666667
raw,stake_scaled_net_profit,225,7168,7199,32,0.193484365940094,0.1235659122079651,9619,1.1875,0.7161458333333333,1.3333333333333333
raw,stake_scaled_net_profit,226,7200,7231,32,-0.0006670057773590088,0.1477574743201595,9660,1.28125,0.71875,1.0
raw,stake_scaled_net_profit,227,7232,7263,32,-0.08938508480787277,0.1127722433463783,9706,1.4375,0.6796875,1.0
raw,stake_scaled_net_profit,228,7264,7295,32,-0.09837797284126282,0.25020753626556935,9747,1.28125,0.7552083333333334,1.3333333333333333
raw,stake_scaled_net_profit,229,7296,7327,32,-0.27378565073013306,0.12178300917869628,9789,1.3125,0.7708333333333333,1.1666666666666667
raw,stake_scaled_net_profit,230,7328,7359,32,-0.15553484857082367,0.13810425878007596,9835,1.4375,0.7239583333333334,1.1666666666666667
raw,stake_scaled_net_profit,231,7360,7391,32,-0.3388606309890747,0.1248091289965204,9880,1.40625,0.7499999999999999,1.1666666666666667
raw,stake_scaled_net_profit,232,7392,7423,32,-0.40996915102005005,0.12429057027435152,9923,1.34375,0.7734375,1.0
raw,stake_scaled_net_profit,233,7424,7455,32,0.06974227726459503,0.16527678693872677,9964,1.28125,0.7005208333333333,1.0
raw,stake_scaled_net_profit,234,7456,7487,32,-0.20871314406394958,0.14796899600459684,10004,1.25,0.7526041666666666,1.0833333333333333
raw,stake_scaled_net_profit,235,7488,7519,32,0.03153199702501297,0.13891274272504092,10052,1.5,0.6927083333333336,1.0833333333333333
raw,stake_scaled_net_profit,236,7520,7551,32,0.09100300073623657,0.11421074505658893,10089,1.15625,0.6354166666666666,1.0
raw,stake_scaled_net_profit,237,7552,7583,32,-0.19720463454723358,0.11104299054935438,10129,1.25,0.7994791666666665,1.1666666666666667
raw,stake_scaled_net_profit,238,7584,7615,32,0.29843905568122864,0.28189952355354464,10175,1.4375,0.65625,1.1666666666666667
raw,stake_scaled_net_profit,239,7616,7647,32,0.1333966702222824,0.2070677372030083,10216,1.28125,0.7239583333333331,1.0833333333333333
raw,stake_scaled_net_profit,240,7648,7679,32,0.07156337797641754,0.20705945635906234,10260,1.375,0.6770833333333333,1.3333333333333333
raw,stake_scaled_net_profit,241,7680,7711,32,-0.269677072763443,0.15522204662319583,10298,1.1875,0.7473958333333331,1.0833333333333333
raw,stake_scaled_net_profit,242,7712,7743,32,0.03300170600414276,0.1544285433887001,10341,1.34375,0.7031249999999999,1.0
raw,stake_scaled_net_profit,243,7744,7775,32,0.0485820509493351,0.14240863691546252,10385,1.375,0.7291666666666665,1.3333333333333333
raw,stake_scaled_net_profit,244,7776,7807,32,0.0027438923716545105,0.15909781721582245,10432,1.46875,0.6979166666666669,1.3333333333333333
raw,stake_scaled_net_profit,245,7808,7839,32,-0.003683442249894142,0.1041318089523918,10476,1.375,0.6588541666666665,1.1666666666666667
raw,stake_scaled_net_profit,246,7840,7871,32,-0.352973610162735,0.182359684285055,10519,1.34375,0.7239583333333334,1.0
raw,stake_scaled_net_profit,247,7872,7903,32,0.05873233079910278,0.1851824633355254,10560,1.28125,0.6953124999999999,1.3333333333333333
raw,stake_scaled_net_profit,248,7904,7935,32,0.08512457460165024,0.13783846561967067,10602,1.3125,0.7109374999999999,1.0
raw,stake_scaled_net_profit,249,7936,7967,32,-0.18519718945026398,0.08598185616156634,10640,1.1875,0.7526041666666666,1.0
raw,stake_scaled_net_profit,250,7968,7999,32,0.1116928979754448,0.13610905166734488,10682,1.3125,0.7369791666666665,1.3333333333333333
raw,stake_scaled_net_profit,251,8000,8031,32,0.14775951206684113,0.08627565562989102,10723,1.28125,0.6588541666666667,1.0833333333333333
raw,stake_scaled_net_profit,252,8032,8063,32,-0.2963229715824127,0.17137000356877144,10767,1.375,0.6875,1.0
raw,stake_scaled_net_profit,253,8064,8095,32,-0.21338191628456116,0.3143659331516441,10811,1.375,0.71875,1.1666666666666667
raw,stake_scaled_net_profit,254,8096,8127,32,-0.016717970371246338,0.13150331749170605,10850,1.21875,0.7968750000000001,1.0
raw,stake_scaled_net_profit,255,8128,8159,32,-0.03454071283340454,0.16202096040306493,10891,1.28125,0.7630208333333333,2.3333333333333335
raw,stake_scaled_net_profit,256,8160,8191,32,-0.16768693923950195,0.24873298270991448,10936,1.40625,0.6692708333333334,1.0
raw,stake_scaled_net_profit,257,8192,8223,32,-0.1642431616783142,0.10227617966714259,10977,1.28125,0.6979166666666666,1.3333333333333333
raw,stake_scaled_net_profit,258,8224,8255,32,-0.01053261011838913,0.29466284266876275,11017,1.25,0.7630208333333334,1.0
raw,stake_scaled_net_profit,259,8256,8287,32,-0.18696582317352295,0.12599125640145253,11058,1.28125,0.7109375000000001,1.0833333333333333
raw,stake_scaled_net_profit,260,8288,8319,32,-0.15766026079654694,0.1435728371672301,11100,1.3125,0.7083333333333335,1.1666666666666667
raw,stake_scaled_net_profit,261,8320,8351,32,-0.23316292464733124,0.24048557886004848,11144,1.375,0.7187499999999998,1.0
raw,stake_scaled_net_profit,262,8352,8383,32,-0.09738405048847198,0.23980980505627975,11191,1.46875,0.6901041666666666,1.0
raw,stake_scaled_net_profit,263,8384,8415,32,-0.05043993890285492,0.15698447858119485,11241,1.5625,0.6458333333333335,1.1666666666666667
raw,stake_scaled_net_profit,264,8416,8447,32,0.17233309149742126,0.14718778482048117,11279,1.1875,0.703125,1.3333333333333333
raw,stake_scaled_net_profit,265,8448,8479,32,-0.14146064221858978,0.31693350198442954,11322,1.34375,0.75,1.0
raw,stake_scaled_net_profit,266,8480,8511,32,-0.038591399788856506,0.16701129536890597,11364,1.3125,0.7005208333333334,1.0
raw,stake_scaled_net_profit,267,8512,8543,32,-0.14772264659404755,0.1988333895141408,11412,1.5,0.7005208333333334,1.0
raw,stake_scaled_net_profit,268,8544,8575,32,-0.13620594143867493,0.09959812869894856,11448,1.125,0.7421874999999999,1.0833333333333333
raw,stake_scaled_net_profit,269,8576,8607,32,-0.0874258503317833,0.29198382917594456,11494,1.4375,0.6458333333333333,1.3333333333333333
raw,stake_scaled_net_profit,270,8608,8639,32,-0.09520410001277924,0.2085994040058383,11536,1.3125,0.7708333333333334,1.3333333333333333
raw,stake_scaled_net_profit,271,8640,8671,32,-0.04268641024827957,0.1281014106781553,11576,1.25,0.7604166666666667,1.3333333333333333
raw,stake_scaled_net_profit,272,8672,8703,32,0.14316344261169434,0.0673036563113386,11619,1.34375,0.7005208333333334,1.3333333333333333
raw,stake_scaled_net_profit,273,8704,8735,32,-0.08133230358362198,0.19957098652943586,11657,1.1875,0.7005208333333334,1.0833333333333333
raw,stake_scaled_net_profit,274,8736,8767,32,-0.13566666841506958,0.10073324363283494,11698,1.28125,0.7760416666666665,1.3333333333333333
raw,stake_scaled_net_profit,275,8768,8799,32,-0.19961407780647278,0.334068245086367,11739,1.28125,0.7213541666666666,1.0833333333333333
raw,stake_scaled_net_profit,276,8800,8831,32,-0.15227435529232025,0.10241236431727332,11776,1.15625,0.7838541666666667,1.1666666666666667
raw,stake_scaled_net_profit,277,8832,8863,32,0.03472041338682175,0.15885568506729844,11824,1.5,0.6875,1.0
raw,stake_scaled_net_profit,278,8864,8895,32,-0.17414267361164093,0.12214173915712365,11871,1.46875,0.6822916666666666,1.0
raw,stake_scaled_net_profit,279,8896,8927,32,-0.24129116535186768,0.2095835990004702,11914,1.34375,0.7421875,1.3333333333333333
raw,stake_scaled_net_profit,280,8928,8959,32,0.05047554522752762,0.23926882589142612,11955,1.28125,0.7812499999999999,1.1666666666666667
raw,stake_scaled_net_profit,281,8960,8991,32,0.012503135949373245,0.1722595549712416,11997,1.3125,0.7343749999999999,1.0
raw,stake_scaled_net_profit,282,8992,9023,32,-0.09641554951667786,0.22188083720329427,12035,1.1875,0.7239583333333331,1.1666666666666667
raw,stake_scaled_net_profit,283,9024,9055,32,0.0445917472243309,0.13924757247057945,12076,1.28125,0.7083333333333334,1.0
raw,stake_scaled_net_profit,284,9056,9087,32,0.030868854373693466,0.144323271131987,12121,1.40625,0.6302083333333333,1.0
raw,stake_scaled_net_profit,285,9088,9119,32,-0.043620623648166656,0.06852234096046944,12160,1.21875,0.7031249999999999,1.1666666666666667
raw,stake_scaled_net_profit,286,9120,9151,32,-0.24847210943698883,0.27500954706786657,12205,1.40625,0.6536458333333333,1.0833333333333333
raw,stake_scaled_net_profit,287,9152,9183,32,-0.15499427914619446,0.0801694206362107,12247,1.3125,0.65625,1.0
raw,stake_scaled_net_profit,288,9184,9215,32,-0.41131582856178284,0.15465690098646717,12288,1.28125,0.7578125,1.0
raw,stake_scaled_net_profit,289,9216,9247,32,0.20366083085536957,0.11081923551272799,12334,1.4375,0.6458333333333334,1.3333333333333333
raw,stake_scaled_net_profit,290,9248,9279,32,-0.09496940672397614,0.2452926337207156,12371,1.15625,0.8619791666666664,2.3333333333333335
raw,stake_scaled_net_profit,291,9280,9311,32,-0.12359354645013809,0.2302761854322826,12411,1.25,0.7890625,1.0
raw,stake_scaled_net_profit,292,9312,9343,32,-0.028423205018043518,0.110713955278832,12451,1.25,0.7421875000000003,1.0
raw,stake_scaled_net_profit,293,9344,9375,32,-0.23225662112236023,0.10998531055545002,12492,1.28125,0.734375,1.0
raw,stake_scaled_net_profit,294,9376,9407,32,-0.1277616322040558,0.16095963808156946,12530,1.1875,0.8020833333333334,1.3333333333333333
raw,stake_scaled_net_profit,295,9408,9439,32,-0.263915091753006,0.16343560437103152,12570,1.25,0.7526041666666666,1.0833333333333333
raw,stake_scaled_net_profit,296,9440,9471,32,-0.12879544496536255,0.10662948042919537,12614,1.375,0.7057291666666666,1.0
raw,stake_scaled_net_profit,297,9472,9503,32,-0.05787532031536102,0.2918580347278621,12658,1.375,0.7187500000000001,1.3333333333333333
raw,stake_scaled_net_profit,298,9504,9535,32,-0.07688535004854202,0.21341195228645116,12704,1.4375,0.6927083333333333,1.0
raw,stake_scaled_net_profit,299,9536,9567,32,-0.1872778832912445,0.10817534191753944,12744,1.25,0.7578125000000001,1.3333333333333333
raw,stake_scaled_net_profit,300,9568,9599,32,-0.3206528127193451,0.20939431253216223,12791,1.46875,0.7083333333333334,1.0
raw,stake_scaled_net_profit,301,9600,9631,32,-0.24026155471801758,0.07646018854554518,12828,1.15625,0.7578125000000001,1.0
raw,stake_scaled_net_profit,302,9632,9663,32,-0.3121224343776703,0.18265268274398477,12872,1.375,0.6927083333333334,1.0
raw,stake_scaled_net_profit,303,9664,9695,32,-0.1439196765422821,0.14282571487535065,12909,1.15625,0.7083333333333331,1.1666666666666667
raw,stake_scaled_net_profit,304,9696,9727,32,-0.13874225318431854,0.2186907131509494,12951,1.3125,0.7109375,1.0
raw,stake_scaled_net_profit,305,9728,9759,32,0.10306395590305328,0.2827945882926604,12995,1.375,0.7604166666666669,1.1666666666666667
raw,stake_scaled_net_profit,306,9760,9791,32,-0.13132041692733765,0.4311274484354909,13044,1.53125,0.6666666666666665,1.0
raw,stake_scaled_net_profit,307,9792,9823,32,0.10102549195289612,0.21418255433168576,13084,1.25,0.7343749999999999,1.0833333333333333
raw,stake_scaled_net_profit,308,9824,9855,32,0.08837167918682098,0.3333625445263677,13124,1.25,0.7473958333333331,1.0833333333333333
raw,stake_scaled_net_profit,309,9856,9887,32,-0.23565655946731567,0.07890623725748974,13166,1.3125,0.7239583333333335,1.0
raw,stake_scaled_net_profit,310,9888,9919,32,-0.23944346606731415,0.28878255629300464,13204,1.1875,0.7760416666666666,1.3333333333333333
raw,stake_scaled_net_profit,311,9920,9951,32,0.13734060525894165,0.12632530746830936,13246,1.3125,0.7447916666666667,1.3333333333333333
raw,stake_scaled_net_profit,312,9952,9983,32,0.08277525752782822,0.12193718243845052,13293,1.46875,0.7421874999999999,2.5
raw,stake_scaled_net_profit,313,9984,10015,32,0.03159064054489136,0.12663262509407852,13334,1.28125,0.7604166666666666,2.3333333333333335
raw,stake_scaled_net_profit,314,10016,10047,32,0.05279497429728508,0.07220103924149023,13377,1.34375,0.7343750000000001,1.3333333333333333
raw,stake_scaled_net_profit,315,10048,10079,32,0.0308753103017807,0.15384884667329976,13424,1.46875,0.6718750000000001,1.3333333333333333
raw,stake_scaled_net_profit,316,10080,10111,32,0.1540442705154419,0.13254968833156963,13467,1.34375,0.7552083333333335,1.3333333333333333
raw,stake_scaled_net_profit,317,10112,10143,32,-0.005089210346341133,0.0931108196291949,13510,1.34375,0.7526041666666667,1.1666666666666667
raw,stake_scaled_net_profit,318,10144,10175,32,0.12253165245056152,0.283962440154194,13551,1.28125,0.7552083333333333,1.3333333333333333
raw,stake_scaled_net_profit,319,10176,10207,32,-0.18613259494304657,0.1742864899427261,13594,1.34375,0.6614583333333334,1.0
raw,stake_scaled_net_profit,320,10208,10239,32,0.1874973028898239,0.13826633923894907,13638,1.375,0.734375,1.0
raw,stake_scaled_net_profit,321,10240,10271,32,0.08465057611465454,0.12744053828751842,13680,1.3125,0.6718749999999999,1.0
raw,stake_scaled_net_profit,322,10272,10303,32,-0.2956525683403015,0.16022461130511473,13722,1.3125,0.7656249999999999,1.0
raw,stake_scaled_net_profit,323,10304,10335,32,-0.05088549479842186,0.14113063485624908,13764,1.3125,0.7161458333333335,1.0833333333333333
raw,stake_scaled_net_profit,324,10336,10367,32,-0.17686067521572113,0.15241120974946729,13806,1.3125,0.7005208333333335,1.0833333333333333
raw,stake_scaled_net_profit,325,10368,10399,32,-0.2666255235671997,0.08716857007095598,13851,1.40625,0.7421874999999999,1.0833333333333333
raw,stake_scaled_net_profit,326,10400,10431,32,-0.08432311564683914,0.09302926340577132,13903,1.625,0.6432291666666667,1.0
raw,stake_scaled_net_profit,327,10432,10463,32,-0.08280870318412781,0.13309109091649715,13942,1.21875,0.7916666666666665,1.3333333333333333
raw,stake_scaled_net_profit,328,10464,10495,32,-0.015574678778648376,0.2564566750667806,13988,1.4375,0.6718749999999999,1.0
raw,stake_scaled_net_profit,329,10496,10527,32,-0.10376523435115814,0.12748471632811315,14028,1.25,0.7395833333333334,1.3333333333333333
raw,stake_scaled_net_profit,330,10528,10559,32,-0.17496292293071747,0.17051632835317063,14070,1.3125,0.7499999999999999,1.1666666666666667
raw,stake_scaled_net_profit,331,10560,10591,32,-0.1808822751045227,0.2359365819215801,14110,1.25,0.7708333333333333,1.0
raw,stake_scaled_net_profit,332,10592,10623,32,-0.04624360054731369,0.10810081185350172,14151,1.28125,0.7578124999999999,1.0833333333333333
raw,stake_scaled_net_profit,333,10624,10655,32,-0.2456299513578415,0.13630528253981436,14195,1.375,0.7578125000000002,1.0
raw,stake_scaled_net_profit,334,10656,10687,32,-0.2857383191585541,0.1255787985783599,14236,1.28125,0.7604166666666666,1.0
raw,stake_scaled_net_profit,335,10688,10719,32,0.08496952056884766,0.1152754322980823,14275,1.21875,0.7682291666666667,1.1666666666666667
raw,stake_scaled_net_profit,336,10720,10751,32,0.08106297254562378,0.15561495247876578,14319,1.375,0.65625,1.1666666666666667
raw,stake_scaled_net_profit,337,10752,10783,32,-0.042438726872205734,0.10262085831071673,14361,1.3125,0.7473958333333334,1.0833333333333333
raw,stake_scaled_net_profit,338,10784,10815,32,-0.16479597985744476,0.19060574672721373,14408,1.46875,0.7135416666666667,1.0
raw,stake_scaled_net_profit,339,10816,10847,32,-0.21290677785873413,0.11800864642617577,14452,1.375,0.7838541666666667,1.3333333333333333
raw,stake_scaled_net_profit,340,10848,10879,32,-0.08865167200565338,0.22383693419044726,14494,1.3125,0.7031249999999999,1.3333333333333333
raw,stake_scaled_net_profit,341,10880,10911,32,-0.255769819021225,0.18183017779162997,14541,1.46875,0.6822916666666666,1.0
raw,stake_scaled_net_profit,342,10912,10943,32,0.1380317360162735,0.18103301261196006,14583,1.3125,0.6640624999999999,1.0
raw,stake_scaled_net_profit,343,10944,10975,32,-0.15398025512695312,0.11192765621046244,14624,1.28125,0.7682291666666665,1.1666666666666667
raw,stake_scaled_net_profit,344,10976,11007,32,-0.342958003282547,0.17909950353052684,14669,1.40625,0.6874999999999999,1.0
raw,stake_scaled_net_profit,345,11008,11039,32,-0.22798925638198853,0.09974513623743819,14710,1.28125,0.7786458333333334,1.3333333333333333
raw,stake_scaled_net_profit,346,11040,11071,32,-0.26818612217903137,0.14947942824313362,14753,1.34375,0.7604166666666666,1.0
raw,stake_scaled_net_profit,347,11072,11103,32,-0.16605670750141144,0.1592375557068417,14793,1.25,0.7708333333333334,1.3333333333333333
raw,stake_scaled_net_profit,348,11104,11135,32,-0.1500413864850998,0.10705615663547707,14843,1.5625,0.6979166666666666,1.0
raw,stake_scaled_net_profit,349,11136,11167,32,0.22950142621994019,0.1030088740157733,14884,1.28125,0.7343750000000001,1.0833333333333333
raw,stake_scaled_net_profit,350,11168,11199,32,-0.15181989967823029,0.1599471525236701,14925,1.28125,0.7552083333333333,1.1666666666666667
raw,stake_scaled_net_profit,351,11200,11231,32,-0.15689969062805176,0.14951075008983272,14969,1.375,0.75,1.0
raw,stake_scaled_net_profit,352,11232,11263,32,-0.31622302532196045,0.13792973324426633,15011,1.3125,0.7604166666666666,1.0
raw,stake_scaled_net_profit,353,11264,11295,32,-0.010707087814807892,0.09756149882698051,15060,1.53125,0.7369791666666669,2.3333333333333335
raw,stake_scaled_net_profit,354,11296,11327,32,-0.09740425646305084,0.2095499684891162,15110,1.5625,0.6380208333333334,1.1666666666666667
raw,stake_scaled_net_profit,355,11328,11359,32,-0.24132701754570007,0.24952604954403362,15157,1.46875,0.6927083333333335,1.0
raw,stake_scaled_net_profit,356,11360,11391,32,-0.09391854703426361,0.3153225318105565,15205,1.5,0.6770833333333334,1.0
raw,stake_scaled_net_profit,357,11392,11423,32,-0.08090468496084213,0.13724323845392927,15249,1.375,0.7109375000000001,1.0
raw,stake_scaled_net_profit,358,11424,11455,32,0.052110131829977036,0.11764284651363299,15296,1.46875,0.7161458333333334,1.0
raw,stake_scaled_net_profit,359,11456,11487,32,-0.07408027350902557,0.23338234645608563,15343,1.46875,0.7083333333333334,1.0
raw,stake_scaled_net_profit,360,11488,11519,32,0.20150381326675415,0.22046406575022415,15389,1.4375,0.6875,1.0
raw,stake_scaled_net_profit,361,11520,11551,32,0.18159827589988708,0.4787793550948033,15434,1.40625,0.7838541666666666,2.0
raw,stake_scaled_net_profit,362,11552,11583,32,-0.20497924089431763,0.2096851303671654,15474,1.25,0.7552083333333334,1.0
raw,stake_scaled_net_profit,363,11584,11615,32,-0.22031894326210022,0.20656856745036906,15521,1.46875,0.6770833333333333,1.0
raw,stake_scaled_net_profit,364,11616,11647,32,-0.05828452855348587,0.17390089149647622,15561,1.25,0.7499999999999999,1.1666666666666667
raw,stake_scaled_net_profit,365,11648,11679,32,-0.08647139370441437,0.0731390882546457,15602,1.28125,0.7526041666666669,1.0
raw,stake_scaled_net_profit,366,11680,11711,32,-0.2055499255657196,0.1779343025301456,15648,1.4375,0.6666666666666666,1.0
raw,stake_scaled_net_profit,367,11712,11743,32,0.013918906450271606,0.17372206646343039,15698,1.5625,0.7135416666666665,1.0
raw,stake_scaled_net_profit,368,11744,11775,32,-0.09016577899456024,0.12598592436134184,15744,1.4375,0.7265624999999999,1.1666666666666667
raw,stake_scaled_net_profit,369,11776,11807,32,0.09721770882606506,0.09522805782788239,15789,1.40625,0.7343749999999999,2.5
raw,stake_scaled_net_profit,370,11808,11839,32,-0.20346073806285858,0.1717825450701195,15834,1.40625,0.7500000000000003,1.0833333333333333
raw,stake_scaled_net_profit,371,11840,11871,32,-0.07049842923879623,0.16032789970738462,15871,1.15625,0.7473958333333333,1.0
raw,stake_scaled_net_profit,372,11872,11903,32,-0.16967028379440308,0.2527981293053806,15913,1.3125,0.7473958333333334,1.0
raw,stake_scaled_net_profit,373,11904,11935,32,0.08779135346412659,0.22269638858198765,15955,1.3125,0.7109375000000001,1.0
raw,stake_scaled_net_profit,374,11936,11967,32,0.13731451332569122,0.08712739432335265,16000,1.40625,0.7005208333333334,1.1666666666666667
raw,stake_scaled_net_profit,375,11968,11999,32,-0.14147233963012695,0.20722066259573896,16045,1.40625,0.6822916666666667,1.0
raw,stake_scaled_net_profit,376,12000,12031,32,0.021009091287851334,0.14698001684431955,16090,1.40625,0.6848958333333333,1.3333333333333333
raw,stake_scaled_net_profit,377,12032,12063,32,-0.046065375208854675,0.1712288960665418,16137,1.46875,0.6380208333333333,1.3333333333333333
raw,stake_scaled_net_profit,378,12064,12095,32,0.0060488320887088776,0.21161482686469377,16184,1.46875,0.7005208333333333,1.0
raw,stake_scaled_net_profit,379,12096,12127,32,-0.44248080253601074,0.18798507972589226,16231,1.46875,0.6927083333333333,1.0
raw,stake_scaled_net_profit,380,12128,12159,32,-0.1515122950077057,0.12898572827873656,16277,1.4375,0.6979166666666667,1.1666666666666667
raw,stake_scaled_net_profit,381,12160,12191,32,0.013968396931886673,0.2186165670345116,16317,1.25,0.7239583333333333,1.1666666666666667
raw,stake_scaled_net_profit,382,12192,12223,32,-0.20001231133937836,0.23108866660112062,16362,1.40625,0.7109375000000001,1.0
raw,stake_scaled_net_profit,383,12224,12255,32,-0.18548066914081573,0.08012751642352893,16406,1.375,0.6979166666666666,1.3333333333333333
raw,stake_scaled_net_profit,384,12256,12287,32,-0.0753641128540039,0.14746422058726885,16448,1.3125,0.6901041666666666,1.3333333333333333
raw,stake_scaled_net_profit,385,12288,12319,32,-0.11404836922883987,0.12386823208006204,16489,1.28125,0.7083333333333333,1.1666666666666667
raw,stake_scaled_net_profit,386,12320,12351,32,-0.10056242346763611,0.17717289911396797,16531,1.3125,0.7369791666666666,1.0833333333333333
raw,stake_scaled_net_profit,387,12352,12383,32,-0.2798203229904175,0.2250917574803728,16580,1.53125,0.6953125000000002,1.0
raw,stake_scaled_net_profit,388,12384,12415,32,-0.16585668921470642,0.12174250134051398,16625,1.40625,0.6562499999999999,1.0
raw,stake_scaled_net_profit,389,12416,12447,32,-0.45462867617607117,0.20381937284342563,16666,1.28125,0.8359375000000001,1.1666666666666667
raw,stake_scaled_net_profit,390,12448,12479,32,0.13434438407421112,0.16544117139936057,16710,1.375,0.6067708333333334,1.0
raw,stake_scaled_net_profit,391,12480,12511,32,-0.2897593677043915,0.3039566356708188,16760,1.5625,0.6588541666666665,1.0
raw,stake_scaled_net_profit,392,12512,12543,32,-0.29988473653793335,0.23572756551140314,16811,1.59375,0.7395833333333334,2.3333333333333335
raw,stake_scaled_net_profit,393,12544,12575,32,-0.2293759435415268,0.10551029190189785,16858,1.46875,0.7500000000000002,1.3333333333333333
raw,stake_scaled_net_profit,394,12576,12607,32,-0.12403987348079681,0.2530320324575797,16904,1.4375,0.7083333333333334,1.3333333333333333
raw,stake_scaled_net_profit,395,12608,12639,32,-0.027646802365779877,0.14698695382780153,16947,1.34375,0.6562500000000001,1.1666666666666667
raw,stake_scaled_net_profit,396,12640,12671,32,-0.06341321021318436,0.10055964614785923,16988,1.28125,0.7890625,2.1666666666666665
raw,stake_scaled_net_profit,397,12672,12703,32,-0.2338101714849472,0.2363589696043832,17036,1.5,0.6614583333333334,1.0
raw,stake_scaled_net_profit,398,12704,12735,32,-0.05670596659183502,0.09918133315450442,17082,1.4375,0.609375,1.0
raw,stake_scaled_net_profit,399,12736,12767,32,0.019669894129037857,0.1333936769226152,17122,1.25,0.5651041666666667,1.3333333333333333
raw,stake_scaled_net_profit,400,12768,12799,32,-0.1684705913066864,0.08009740096980918,17165,1.34375,0.6536458333333334,1.0833333333333333
raw,stake_scaled_net_profit,401,12800,12831,32,-0.06123153865337372,0.42617281783541194,17211,1.4375,0.9921875,9.0
raw,stake_scaled_net_profit,402,12832,12863,32,-0.2719320058822632,0.1468094024733386,17257,1.4375,0.7005208333333335,1.0
raw,stake_scaled_net_profit,403,12864,12895,32,-0.13621987402439117,0.13891787072029468,17301,1.375,0.7109375,1.0
raw,stake_scaled_net_profit,404,12896,12927,32,-0.3304896354675293,0.16516874678562227,17345,1.375,0.7135416666666666,1.0
raw,stake_scaled_net_profit,405,12928,12959,32,0.03200707584619522,0.2651258451511891,17387,1.3125,0.7109374999999999,1.0
raw,stake_scaled_net_profit,406,12960,12991,32,0.0008827373385429382,0.17319057459832332,17428,1.28125,0.6901041666666665,1.0
raw,stake_scaled_net_profit,407,12992,13023,32,0.04338030144572258,0.15611877290573747,17466,1.1875,0.7343750000000001,1.0833333333333333
raw,stake_scaled_net_profit,408,13024,13055,32,0.17955507338047028,0.29874548660245903,17509,1.34375,0.6875000000000001,1.1666666666666667
raw,stake_scaled_net_profit,409,13056,13087,32,-0.06031288951635361,0.2439826985211021,17547,1.1875,0.7604166666666666,1.0
raw,stake_scaled_net_profit,410,13088,13119,32,0.14194105565547943,0.22899552850899973,17585,1.1875,0.7369791666666666,1.3333333333333333
raw,stake_scaled_net_profit,411,13120,13151,32,-0.04007329046726227,0.2578709208056979,17630,1.40625,0.7005208333333334,1.1666666666666667
raw,stake_scaled_net_profit,412,13152,13183,32,-0.15194962918758392,0.14757408689189674,17675,1.40625,0.6927083333333335,1.0
raw,stake_scaled_net_profit,413,13184,13215,32,-0.06393054127693176,0.23693752980846158,17717,1.3125,0.7291666666666667,1.1666666666666667
raw,stake_scaled_net_profit,414,13216,13247,32,-0.27789950370788574,0.1696854329200434,17755,1.1875,0.6718749999999999,1.0
raw,stake_scaled_net_profit,415,13248,13279,32,-0.18394367396831512,0.1741654176121212,17793,1.1875,0.7656249999999999,1.0
raw,stake_scaled_net_profit,416,13280,13311,32,-0.17659905552864075,0.2507078634002836,17831,1.1875,0.7604166666666665,1.1666666666666667
raw,stake_scaled_net_profit,417,13312,13343,32,-0.0970020666718483,0.22336552334852683,17873,1.3125,0.7265625,1.0
raw,stake_scaled_net_profit,418,13344,13375,32,-0.002514585852622986,0.23936090930703952,17916,1.34375,0.7317708333333334,1.0
raw,stake_scaled_net_profit,419,13376,13407,32,-0.16082043945789337,0.16581278932047996,17957,1.28125,0.7499999999999999,1.0
raw,stake_scaled_net_profit,420,13408,13439,32,-0.02527168020606041,0.15514050186242428,18001,1.375,0.8072916666666667,2.5
raw,stake_scaled_net_profit,421,13440,13471,32,-0.23455063998699188,0.16127410515659846,18042,1.28125,0.6822916666666667,1.1666666666666667
raw,stake_scaled_net_profit,422,13472,13503,32,-0.2346511334180832,0.21408911422421803,18086,1.375,0.7552083333333334,1.3333333333333333
raw,stake_scaled_net_profit,423,13504,13535,32,0.1444653570652008,0.2806561813891683,18124,1.1875,0.7135416666666669,1.1666666666666667
raw,stake_scaled_net_profit,424,13536,13567,32,0.006926421076059341,0.21060939295669792,18162,1.1875,0.7526041666666667,1.3333333333333333
raw,stake_scaled_net_profit,425,13568,13599,32,0.014051925390958786,0.18562969642246266,18198,1.125,0.7421875,1.1666666666666667
raw,stake_scaled_net_profit,426,13600,13631,32,-0.20081903040409088,0.19277682676528243,18238,1.25,0.7083333333333334,1.0
raw,stake_scaled_net_profit,427,13632,13663,32,-0.18959078192710876,0.0970050247390691,18280,1.3125,0.6692708333333335,0.9166666666666666
raw,stake_scaled_net_profit,428,13664,13695,32,-0.18640291690826416,0.1888409944135951,18325,1.40625,0.6848958333333335,1.0
raw,stake_scaled_net_profit,429,13696,13727,32,0.14266398549079895,0.2060062701007764,18366,1.28125,0.7109375,1.0
raw,stake_scaled_net_profit,430,13728,13759,32,-0.32188236713409424,0.33791435675558656,18407,1.28125,0.7005208333333333,1.0
raw,stake_scaled_net_profit,431,13760,13791,32,0.24658632278442383,0.15569202142410446,18448,1.28125,0.6510416666666667,1.0833333333333333
raw,stake_scaled_net_profit,432,13792,13823,32,0.07259511947631836,0.20933660952909938,18486,1.1875,0.6770833333333333,1.0
raw,stake_scaled_net_profit,433,13824,13855,32,-0.16842292249202728,0.2912444076470496,18525,1.21875,0.6484374999999999,1.0
raw,stake_scaled_net_profit,434,13856,13887,32,-0.35450470447540283,0.3164503285266493,18568,1.34375,0.6979166666666667,1.3333333333333333
raw,stake_scaled_net_profit,435,13888,13919,32,-0.07988997548818588,0.20117943336510236,18607,1.21875,0.6875,1.0
raw,stake_scaled_net_profit,436,13920,13951,32,-0.17934390902519226,0.13775556242190684,18648,1.28125,0.6328125000000001,1.0
raw,stake_scaled_net_profit,437,13952,13983,32,0.05268270522356033,0.2433461598581109,18693,1.40625,0.6328125,1.0833333333333333
raw,stake_scaled_net_profit,438,13984,14015,32,-0.13633695244789124,0.23666693938977526,18732,1.21875,0.7500000000000001,2.3333333333333335
raw,stake_scaled_net_profit,439,14016,14047,32,0.09504563361406326,0.22176281496019673,18769,1.15625,0.6614583333333334,1.0
raw,stake_scaled_net_profit,440,14048,14079,32,0.1058972030878067,0.24284282581591715,18807,1.1875,0.7499999999999999,2.3333333333333335
raw,stake_scaled_net_profit,441,14080,14111,32,-0.44800278544425964,0.604480689239969,18844,1.15625,0.7890624999999999,1.0
raw,stake_scaled_net_profit,442,14112,14143,32,-0.3244374096393585,0.21154514177840492,18886,1.3125,0.6510416666666666,1.0
raw,stake_scaled_net_profit,443,14144,14175,32,-0.06585244834423065,0.2014446892832043,18924,1.1875,0.6718749999999998,1.0833333333333333
raw,stake_scaled_net_profit,444,14176,14207,32,-0.10430843383073807,0.30703444251509765,18965,1.28125,0.6927083333333331,0.8333333333333334
raw,stake_scaled_net_profit,445,14208,14239,32,0.10911765694618225,0.2506800311181713,19005,1.25,0.7083333333333333,2.3333333333333335
raw,stake_scaled_net_profit,446,14240,14271,32,-0.08185353875160217,0.39978396627983326,19045,1.25,0.71875,1.0
raw,stake_scaled_net_profit,447,14272,14303,32,-0.26628169417381287,0.5752860690884367,19084,1.21875,0.6770833333333333,1.0
raw,stake_scaled_net_profit,448,14304,14335,32,-0.12488451600074768,0.307152984191184,19122,1.1875,0.7213541666666666,1.0
raw,stake_scaled_net_profit,449,14336,14367,32,-0.06255052983760834,0.3824093901776897,19162,1.25,0.7005208333333335,1.1666666666666667
raw,stake_scaled_net_profit,450,14368,14399,32,-0.11533937603235245,0.30534813489037,19201,1.21875,0.6666666666666666,1.0
raw,stake_scaled_net_profit,451,14400,14431,32,0.06488572061061859,0.300857526278134,19237,1.125,0.8203125,1.1666666666666667
raw,stake_scaled_net_profit,452,14432,14463,32,0.08493848890066147,0.3230140410140597,19274,1.15625,0.6796875,1.1666666666666667
raw,stake_scaled_net_profit,453,14464,14495,32,0.005105670541524887,0.1769526469685482,19312,1.1875,0.6875,1.0
raw,stake_scaled_net_profit,454,14496,14527,32,-0.31527265906333923,0.4668120752685668,19350,1.1875,0.7447916666666665,1.0
raw,stake_scaled_net_profit,455,14528,14559,32,-0.054894451051950455,0.21583876991921025,19391,1.28125,0.716145833333333,1.3333333333333333
raw,stake_scaled_net_profit,456,14560,14591,32,0.09087466448545456,0.28841411430785224,19429,1.1875,0.6302083333333334,1.0
raw,stake_scaled_net_profit,457,14592,14623,32,0.12040571123361588,0.2667918261201548,19467,1.1875,0.7161458333333331,1.0
raw,stake_scaled_net_profit,458,14624,14655,32,0.044449105858802795,0.20383348861336986,19504,1.15625,0.7213541666666666,1.0
raw,stake_scaled_net_profit,459,14656,14687,32,-0.21848437190055847,0.37231168347982113,19541,1.15625,0.7552083333333333,1.1666666666666667
raw,stake_scaled_net_profit,460,14688,14719,32,0.02822333201766014,0.20939188267837266,19577,1.125,0.6953125,1.1666666666666667
raw,stake_scaled_net_profit,461,14720,14751,32,-0.12291430681943893,0.19568237821680753,19612,1.09375,0.7760416666666664,1.1666666666666667
raw,stake_scaled_net_profit,462,14752,14783,32,0.0752907246351242,0.15310390095191523,19647,1.09375,0.7578125000000002,1.1666666666666667
raw,stake_scaled_net_profit,463,14784,14815,32,-0.05217370390892029,0.27195244233298155,19685,1.1875,0.7005208333333334,1.0
raw,stake_scaled_net_profit,464,14816,14847,32,0.030577030032873154,0.18593576552099625,19721,1.125,0.7395833333333334,1.1666666666666667
raw,stake_scaled_net_profit,465,14848,14879,32,-0.09657178074121475,0.20906756268536822,19759,1.1875,0.6484375000000002,1.0
raw,stake_scaled_net_profit,466,14880,14911,32,-0.0336415097117424,0.23262964851962334,19797,1.1875,0.6927083333333334,1.3333333333333333
raw,stake_scaled_net_profit,467,14912,14943,32,-0.00539804995059967,0.2920476197962946,19836,1.21875,0.7421875000000001,1.0
raw,stake_scaled_net_profit,468,14944,14975,32,-0.17611366510391235,0.23115274218619064,19874,1.1875,0.7057291666666666,1.1666666666666667
raw,stake_scaled_net_profit,469,14976,15007,32,-0.07430435717105865,0.3592262118526697,19912,1.1875,0.7369791666666666,1.3333333333333333
raw,stake_scaled_net_profit,470,15008,15039,32,-0.23813411593437195,0.2204630859676766,19955,1.34375,0.7317708333333331,1.1666666666666667
raw,stake_scaled_net_profit,471,15040,15071,32,-0.142442524433136,0.42173764272416875,19993,1.1875,0.6770833333333333,1.0
raw,stake_scaled_net_profit,472,15072,15103,32,0.09064453840255737,0.2655406053024309,20029,1.125,0.7421875,1.0833333333333333
raw,stake_scaled_net_profit,473,15104,15135,32,0.16479459404945374,0.3349195557767506,20069,1.25,0.6770833333333331,1.1666666666666667
raw,stake_scaled_net_profit,474,15136,15167,32,0.15153826773166656,0.6821505200814512,20107,1.1875,0.7526041666666666,1.0833333333333333
raw,stake_scaled_net_profit,475,15168,15199,32,0.16162550449371338,0.6021865407260117,20145,1.1875,0.6874999999999999,1.1666666666666667
raw,stake_scaled_net_profit,476,15200,15231,32,-0.2239576131105423,0.4204046137534754,20183,1.1875,0.7239583333333333,1.1666666666666667
raw,stake_scaled_net_profit,477,15232,15263,32,-0.3708561956882477,0.3194332281236199,20221,1.1875,0.7135416666666667,1.0
raw,stake_scaled_net_profit,478,15264,15295,32,-0.1198272556066513,0.4318627813149417,20264,1.34375,0.7109375000000001,1.0833333333333333
raw,stake_scaled_net_profit,479,15296,15327,32,-0.003939390182495117,0.2497850168626302,20302,1.1875,0.6953124999999998,1.1666666666666667
raw,stake_scaled_net_profit,480,15328,15359,32,-0.15863198041915894,0.21623105956885297,20339,1.15625,0.7500000000000001,1.0
raw,stake_scaled_net_profit,481,15360,15391,32,-0.09560267627239227,0.41135691513880923,20381,1.3125,0.7031249999999999,1.0
raw,stake_scaled_net_profit,482,15392,15423,32,-0.015693791210651398,0.31110498789518015,20418,1.15625,0.7708333333333331,1.3333333333333333
raw,stake_scaled_net_profit,483,15424,15455,32,-0.15132145583629608,0.28769267357742523,20460,1.3125,0.7369791666666665,1.0833333333333333
raw,stake_scaled_net_profit,484,15456,15487,32,-0.1834368109703064,0.32216107886817574,20500,1.25,0.6145833333333334,1.0
raw,stake_scaled_net_profit,485,15488,15519,32,-0.1652594357728958,0.5801757400875139,20535,1.09375,0.671875,1.0
raw,stake_scaled_net_profit,486,15520,15551,32,-0.30268293619155884,0.42862224916736946,20577,1.3125,0.71875,1.1666666666666667
raw,stake_scaled_net_profit,487,15552,15583,32,0.0067671798169612885,0.4390464848961696,20614,1.15625,0.7317708333333334,1.1666666666666667
raw,stake_scaled_net_profit,488,15584,15615,32,0.15413841605186462,0.2968458239065964,20651,1.15625,0.7239583333333334,1.1666666666666667
raw,stake_scaled_net_profit,489,15616,15647,32,-0.106098473072052,0.19409733082619227,20688,1.15625,0.7473958333333333,1.1666666666666667
raw,stake_scaled_net_profit,490,15648,15679,32,-0.3573891520500183,0.2760849267222699,20727,1.21875,0.7239583333333334,1.0
raw,stake_scaled_net_profit,491,15680,15711,32,-0.024437088519334793,0.7051731234021857,20767,1.25,0.7369791666666666,1.1666666666666667
raw,stake_scaled_net_profit,492,15712,15743,32,-0.02492968738079071,0.3222788825186788,20806,1.21875,0.7682291666666666,1.1666666666666667
raw,stake_scaled_net_profit,493,15744,15775,32,-0.00884459912776947,0.31040040404998703,20847,1.28125,0.6692708333333334,1.1666666666666667
raw,stake_scaled_net_profit,494,15776,15807,32,-0.0656423568725586,0.2624076763947926,20886,1.21875,0.7265625,1.3333333333333333
raw,stake_scaled_net_profit,495,15808,15839,32,0.004397310316562653,0.23189978448563267,20927,1.28125,0.6744791666666666,1.0
raw,stake_scaled_net_profit,496,15840,15871,32,-0.030469486489892006,0.25102030619821786,20971,1.375,0.7213541666666666,1.3333333333333333
raw,stake_scaled_net_profit,497,15872,15903,32,0.15938623249530792,0.46594359697505594,21015,1.375,0.7500000000000001,2.5
raw,stake_scaled_net_profit,498,15904,15935,32,-0.22848577797412872,0.33807560133961173,21054,1.21875,0.7708333333333334,1.1666666666666667
raw,stake_scaled_net_profit,499,15936,15967,32,0.053924381732940674,0.1386450012769485,21094,1.25,0.7526041666666666,1.0833333333333333
raw,stake_scaled_net_profit,500,15968,15999,32,-0.20776242017745972,0.4893357913129959,21132,1.1875,0.7578125,1.0
raw,stake_scaled_net_profit,501,16000,16031,32,-0.3367437422275543,0.17799367992256376,21173,1.28125,0.7656249999999999,1.0
raw,stake_scaled_net_profit,502,16032,16063,32,0.07582712173461914,0.33668819620870877,21218,1.40625,0.6848958333333333,1.0833333333333333
raw,stake_scaled_net_profit,503,16064,16095,32,-0.08706973493099213,0.247556060808869,21257,1.21875,0.7317708333333333,1.3333333333333333
raw,stake_scaled_net_profit,504,16096,16127,32,0.024350769817829132,0.420541290517915,21296,1.21875,0.7161458333333334,1.3333333333333333
raw,stake_scaled_net_profit,505,16128,16159,32,0.005601938813924789,0.442867460809737,21335,1.21875,0.7760416666666666,2.5
raw,stake_scaled_net_profit,506,16160,16191,32,0.02357349917292595,0.42153128555690683,21377,1.3125,0.7291666666666667,1.0
raw,stake_scaled_net_profit,507,16192,16223,32,-0.053697388619184494,0.22038182166530224,21418,1.28125,0.6979166666666665,1.0
raw,stake_scaled_net_profit,508,16224,16255,32,-0.08123951405286789,0.40052347159133356,21456,1.1875,0.7760416666666666,1.1666666666666667
raw,stake_scaled_net_profit,509,16256,16287,32,-0.03383994102478027,0.2293981912315791,21497,1.28125,0.6484375,1.0
raw,stake_scaled_net_profit,510,16288,16319,32,0.02335699461400509,0.31984189690174203,21543,1.4375,0.7135416666666666,2.3333333333333335
raw,stake_scaled_net_profit,511,16320,16351,32,-0.06330948323011398,0.30775452462615643,21583,1.25,0.7265624999999998,1.0833333333333333
raw,stake_scaled_net_profit,512,16352,16383,32,-0.16043809056282043,0.3472787960496195,21625,1.3125,0.671875,1.1666666666666667
raw,stake_scaled_net_profit,513,16384,16415,32,0.06288962811231613,0.3970264753165719,21664,1.21875,0.8046875,2.5
raw,stake_scaled_net_profit,514,16416,16447,32,0.07834188640117645,0.15866139155408934,21707,1.34375,0.6432291666666666,1.1666666666666667
raw,stake_scaled_net_profit,515,16448,16479,32,-0.1982111930847168,0.3817683043155843,21749,1.3125,0.7343750000000001,1.1666666666666667
raw,stake_scaled_net_profit,516,16480,16511,32,-0.03637129068374634,0.12602000320857445,21788,1.21875,0.6822916666666666,1.0
raw,stake_scaled_net_profit,517,16512,16543,32,-0.04674643278121948,0.17102812869600498,21828,1.25,0.7526041666666664,1.1666666666666667
raw,stake_scaled_net_profit,518,16544,16575,32,-0.06330825388431549,0.1663289225962843,21870,1.3125,0.6640625,1.0
raw,stake_scaled_net_profit,519,16576,16607,32,0.021738164126873016,0.2431818934166499,21903,1.03125,0.8177083333333333,1.1666666666666667
raw,stake_scaled_net_profit,520,16608,16639,32,0.1406862735748291,0.38721147811187284,21939,1.125,0.7682291666666665,1.0
raw,stake_scaled_net_profit,521,16640,16671,32,-0.3327189087867737,0.5273123138793101,21978,1.21875,0.7838541666666666,1.0
raw,stake_scaled_net_profit,522,16672,16703,32,0.020149672403931618,0.3835285867835684,22017,1.21875,0.6979166666666666,1.3333333333333333
raw,stake_scaled_net_profit,523,16704,16735,32,-0.14383776485919952,0.13694184948650115,22054,1.15625,0.7421875,1.1666666666666667
raw,stake_scaled_net_profit,524,16736,16767,32,-0.13647493720054626,0.20556744227071644,22097,1.34375,0.7291666666666666,1.3333333333333333
raw,stake_scaled_net_profit,525,16768,16799,32,0.05560284107923508,0.31056317605137623,22142,1.40625,0.734375,1.0
raw,stake_scaled_net_profit,526,16800,16831,32,-0.4463176131248474,0.20477691531868308,22180,1.1875,0.8020833333333334,1.0
raw,stake_scaled_net_profit,527,16832,16863,32,-0.00022999197244644165,0.4568841375240428,22217,1.15625,0.7499999999999998,1.0833333333333333
raw,stake_scaled_net_profit,528,16864,16895,32,-0.10395240783691406,0.44108644706868183,22258,1.28125,0.7447916666666664,1.0833333333333333
raw,stake_scaled_net_profit,529,16896,16927,32,-0.20594052970409393,0.2758123605862301,22299,1.28125,0.7291666666666665,1.1666666666666667
raw,stake_scaled_net_profit,530,16928,16959,32,-0.07494491338729858,0.3643899484966402,22340,1.28125,0.7291666666666669,1.1666666666666667
raw,stake_scaled_net_profit,531,16960,16991,32,0.15072184801101685,0.3390820638554591,22386,1.4375,0.6796875,1.0
raw,stake_scaled_net_profit,532,16992,17023,32,0.018970347940921783,0.3955517083670093,22427,1.28125,0.7109375000000002,2.5
raw,stake_scaled_net_profit,533,17024,17055,32,-0.2694423496723175,0.3081991826276807,22467,1.25,0.7473958333333335,1.0
raw,stake_scaled_net_profit,534,17056,17087,32,-0.38620367646217346,0.2004481328564829,22503,1.125,0.7656249999999999,1.1666666666666667
raw,stake_scaled_net_profit,535,17088,17119,32,0.26127463579177856,0.629487624445008,22542,1.21875,0.7265624999999999,1.0833333333333333
raw,stake_scaled_net_profit,536,17120,17151,32,0.006146319210529327,0.22359262250864181,22581,1.21875,0.7604166666666665,1.0833333333333333
raw,stake_scaled_net_profit,537,17152,17183,32,-0.052360258996486664,0.23183294010112207,22618,1.15625,0.7578125000000001,1.3333333333333333
raw,stake_scaled_net_profit,538,17184,17215,32,-0.05964677780866623,0.2693862389452544,22653,1.09375,0.8125000000000001,1.0833333333333333
raw,stake_scaled_net_profit,539,17216,17247,32,-0.01681717112660408,0.1202598147387321,22690,1.15625,0.7395833333333331,1.0
raw,stake_scaled_net_profit,540,17248,17279,32,0.024537816643714905,0.33484866068242486,22726,1.125,0.7812500000000001,1.0833333333333333
raw,stake_scaled_net_profit,541,17280,17311,32,-0.24665029346942902,0.4326810646157679,22763,1.15625,0.7916666666666664,1.0
raw,stake_scaled_net_profit,542,17312,17343,32,-0.16859979927539825,0.16664580752352884,22799,1.125,0.7447916666666666,1.0
raw,stake_scaled_net_profit,543,17344,17375,32,-0.08490865677595139,0.24270444697560156,22837,1.1875,0.7682291666666666,1.0
raw,stake_scaled_net_profit,544,17376,17407,32,-0.13594435155391693,0.41542717599443946,22873,1.125,0.7708333333333334,1.0
raw,stake_scaled_net_profit,545,17408,17439,32,-0.17240577936172485,0.22823864652182435,22911,1.1875,0.8151041666666666,1.3333333333333333
raw,stake_scaled_net_profit,546,17440,17471,32,0.2624474763870239,0.3612484195777614,22948,1.15625,0.7578124999999999,1.0833333333333333
raw,stake_scaled_net_profit,547,17472,17503,32,-0.3251299262046814,0.24363596111168598,22985,1.15625,0.8281250000000001,1.0
raw,stake_scaled_net_profit,548,17504,17535,32,0.031077295541763306,0.3365015925238266,23022,1.15625,0.6979166666666667,1.0833333333333333
raw,stake_scaled_net_profit,549,17536,17567,32,0.0489707887172699,0.28907605370237827,23056,1.0625,0.7786458333333334,1.0833333333333333
raw,stake_scaled_net_profit,550,17568,17599,32,0.018450897186994553,0.3511014076511084,23092,1.125,0.7552083333333333,1.1666666666666667
raw,stake_scaled_net_profit,551,17600,17631,32,0.09171628952026367,0.3192851459679344,23129,1.15625,0.7500000000000001,1.1666666666666667
raw,stake_scaled_net_profit,552,17632,17663,32,0.05022134631872177,0.31533147317075744,23164,1.09375,0.7552083333333333,1.3333333333333333
raw,stake_scaled_net_profit,553,17664,17695,32,-0.13403165340423584,0.24802156642731896,23199,1.09375,0.8671874999999998,1.3333333333333333
raw,stake_scaled_net_profit,554,17696,17727,32,0.18163549900054932,0.26299357801864726,23239,1.25,0.7395833333333333,1.3333333333333333
raw,stake_scaled_net_profit,555,17728,17759,32,-0.11496780067682266,0.3207094293416101,23272,1.03125,0.7395833333333334,1.0
raw,stake_scaled_net_profit,556,17760,17791,32,0.04883844405412674,0.3435437234319103,23311,1.21875,0.7994791666666664,1.1666666666666667
raw,stake_scaled_net_profit,557,17792,17823,32,0.03068137913942337,0.21335575937559123,23348,1.15625,0.7630208333333331,1.3333333333333333
raw,stake_scaled_net_profit,558,17824,17855,32,-0.10196033865213394,0.27915634868899303,23382,1.0625,0.8098958333333333,1.0833333333333333
raw,stake_scaled_net_profit,559,17856,17887,32,-0.043664537370204926,0.28436917077023194,23416,1.0625,0.8307291666666665,1.3333333333333333
raw,stake_scaled_net_profit,560,17888,17919,32,-0.18929573893547058,0.20545248836608693,23453,1.15625,0.7213541666666666,1.0833333333333333
raw,stake_scaled_net_profit,561,17920,17951,32,-0.23550796508789062,0.38936792364684764,23487,1.0625,0.7968749999999999,1.0
raw,stake_scaled_net_profit,562,17952,17983,32,-0.26435425877571106,0.2130682201792903,23524,1.15625,0.7604166666666666,1.0833333333333333
raw,stake_scaled_net_profit,563,17984,18015,32,-0.023534826934337616,0.29615620362112505,23557,1.03125,0.8489583333333331,2.5
raw,stake_scaled_net_profit,564,18016,18047,32,0.01525043323636055,0.26195154003305726,23593,1.125,0.7942708333333331,1.3333333333333333
raw,stake_scaled_net_profit,565,18048,18079,32,-0.2925563454627991,0.7606926540661424,23632,1.21875,0.7057291666666666,1.0833333333333333
raw,stake_scaled_net_profit,566,18080,18111,32,0.17932406067848206,0.2988027977627699,23665,1.03125,0.8151041666666666,1.0
raw,stake_scaled_net_profit,567,18112,18143,32,-0.09237519651651382,0.2418814439184596,23703,1.1875,0.7447916666666666,1.0
raw,stake_scaled_net_profit,568,18144,18175,32,-0.19802379608154297,0.45603379015406714,23739,1.125,0.796875,1.0
raw,stake_scaled_net_profit,569,18176,18207,32,-0.25483840703964233,0.5786605905818791,23780,1.28125,0.7109375,1.0
raw,stake_scaled_net_profit,570,18208,18239,32,-0.23568284511566162,0.6969865141577862,23814,1.0625,0.8124999999999998,1.3333333333333333
raw,stake_scaled_net_profit,571,18240,18271,32,-0.18975570797920227,0.7535420824145997,23847,1.03125,0.8229166666666665,1.0833333333333333
raw,stake_scaled_net_profit,572,18272,18303,32,-0.050823163241147995,0.5517835201225766,23882,1.09375,0.8177083333333334,1.3333333333333333
raw,stake_scaled_net_profit,573,18304,18335,32,-0.0066649094223976135,0.30755575464973994,23918,1.125,0.7942708333333333,1.0
raw,stake_scaled_net_profit,574,18336,18367,32,-0.18808551132678986,0.32570265708221924,23952,1.0625,0.8255208333333334,1.3333333333333333
raw,stake_scaled_net_profit,575,18368,18399,32,-0.21595242619514465,0.5425490057130176,23988,1.125,0.8151041666666667,1.3333333333333333
raw,stake_scaled_net_profit,576,18400,18431,32,-0.1313697248697281,0.35694259760769365,24020,1.0,0.7968749999999999,1.0833333333333333
raw,stake_scaled_net_profit,577,18432,18463,32,-0.2056637704372406,0.20929415217861844,24056,1.125,0.8619791666666666,1.3333333333333333
raw,stake_scaled_net_profit,578,18464,18495,32,0.19585469365119934,0.7184087900378509,24088,1.0,0.8776041666666665,1.3333333333333333
raw,stake_scaled_net_profit,579,18496,18527,32,0.07750234752893448,0.3168644517881417,24122,1.0625,0.8072916666666666,1.0
raw,stake_scaled_net_profit,580,18528,18559,32,-0.07438550144433975,0.15052951860167155,24154,1.0,0.8541666666666667,1.0
raw,stake_scaled_net_profit,581,18560,18591,32,-0.09611658751964569,0.15001189093571385,24186,1.0,0.9062499999999999,1.0833333333333333
raw,stake_scaled_net_profit,582,18592,18623,32,-0.04386935010552406,0.1574500147337703,24220,1.0625,0.9218749999999999,2.5
raw,stake_scaled_net_profit,583,18624,18655,32,-0.10741665214300156,0.45725500507830397,24252,1.0,0.8854166666666665,1.3333333333333333
raw,stake_scaled_net_profit,584,18656,18687,32,-0.02965712919831276,0.12397682459105897,24285,1.03125,0.8333333333333335,1.3333333333333333
raw,stake_scaled_net_profit,585,18688,18719,32,-0.3338099420070648,0.797853936985098,24320,1.09375,0.8697916666666665,1.3333333333333333
raw,stake_scaled_net_profit,586,18720,18751,32,-0.006815268192440271,0.06889284156666337,24352,1.0,0.8020833333333334,1.0
raw,stake_scaled_net_profit,587,18752,18783,32,-0.04570019990205765,0.22409736625770957,24385,1.03125,0.8463541666666666,1.3333333333333333
raw,stake_scaled_net_profit,588,18784,18815,32,0.0017497478984296322,0.03163807185672067,24417,1.0,0.9244791666666665,1.3333333333333333
raw,stake_scaled_net_profit,589,18816,18847,32,-0.006057278718799353,0.05544933828211085,24449,1.0,0.8854166666666665,1.0
raw,stake_scaled_net_profit,590,18848,18879,32,-0.10785280168056488,0.3283187235810954,24481,1.0,0.9036458333333331,1.0833333333333333
raw,stake_scaled_net_profit,591,18880,18911,32,-0.1058841124176979,0.3924873620085185,24514,1.03125,0.8854166666666666,1.0
raw,stake_scaled_net_profit,592,18912,18943,32,-0.0027733873575925827,0.029009935117844644,24546,1.0,0.9088541666666666,1.3333333333333333
raw,stake_scaled_net_profit,593,18944,18975,32,0.0697467103600502,0.22147777496413798,24579,1.03125,0.8411458333333331,1.0833333333333333
raw,stake_scaled_net_profit,594,18976,19007,32,-0.005161869339644909,0.05481866484999538,24611,1.0,0.859375,1.0
raw,stake_scaled_net_profit,595,19008,19039,32,-0.08976398408412933,0.2227590411292958,24644,1.03125,0.859375,1.3333333333333333
raw,stake_scaled_net_profit,596,19040,19071,32,0.000540145265404135,0.01163420842844639,24676,1.0,0.8567708333333335,1.3333333333333333
raw,stake_scaled_net_profit,597,19072,19103,32,-0.11385071277618408,0.3204782092049318,24709,1.03125,0.8697916666666667,1.0833333333333333
raw,stake_scaled_net_profit,598,19104,19135,32,-0.00010270628263242543,0.004310995364069131,24741,1.0,0.8854166666666664,1.3333333333333333
raw,stake_scaled_net_profit,599,19136,19167,32,-0.000817265419755131,0.010946733847740642,24773,1.0,0.9739583333333331,2.5
raw,stake_scaled_net_profit,600,19168,19199,32,-0.0013284708838909864,0.016324151497857115,24805,1.0,0.9270833333333333,1.3333333333333333
raw,stake_scaled_net_profit,601,19200,19231,32,0.15161341428756714,0.4498725760774416,24837,1.0,0.921875,1.1666666666666667
raw,stake_scaled_net_profit,602,19232,19263,32,0.0010251719504594803,0.012342312455942462,24869,1.0,0.8880208333333334,1.3333333333333333
raw,stake_scaled_net_profit,603,19264,19295,32,-0.00022666275617666543,0.004032819629693055,24901,1.0,0.8984375,1.0
raw,stake_scaled_net_profit,604,19296,19327,32,0.00038853910518810153,0.005555553237604922,24933,1.0,0.890625,1.3333333333333333
raw,stake_scaled_net_profit,605,19328,19359,32,-0.0013679625699296594,0.016781926335975344,24965,1.0,0.8593749999999999,1.0
raw,stake_scaled_net_profit,606,19360,19391,32,5.326667815097608e-05,0.0019152958046879675,24997,1.0,0.8697916666666665,1.3333333333333333
raw,stake_scaled_net_profit,607,19392,19423,32,-0.0005413884064182639,0.0074333941713808,25029,1.0,0.9192708333333334,1.3333333333333333
raw,stake_scaled_net_profit,608,19424,19455,32,-0.0002090645721182227,0.004581995770374617,25061,1.0,0.9374999999999999,1.3333333333333333
raw,stake_scaled_net_profit,609,19456,19487,32,9.229158604284748e-05,0.0021562715577196304,25093,1.0,0.9453124999999998,1.3333333333333333
raw,stake_scaled_net_profit,610,19488,19519,32,-1.2661024811677635e-05,0.0013140754746291073,25125,1.0,0.8619791666666664,1.0
raw,stake_scaled_net_profit,611,19520,19551,32,0.00023078417871147394,0.0045628569811337035,25157,1.0,0.8437500000000001,1.0
raw,stake_scaled_net_profit,612,19552,19583,32,3.465011832304299e-05,0.0026340419794064437,25189,1.0,0.9010416666666665,1.0
raw,stake_scaled_net_profit,613,19584,19615,32,-0.0007261137361638248,0.009466061688923612,25221,1.0,0.8697916666666665,1.0
raw,stake_scaled_net_profit,614,19616,19647,32,-0.0006187830585986376,0.009841058213755962,25253,1.0,0.9088541666666665,1.0833333333333333
raw,stake_scaled_net_profit,615,19648,19679,32,-0.0006782673299312592,0.008732909522528589,25285,1.0,0.8541666666666665,1.0
raw,stake_scaled_net_profit,616,19680,19711,32,-9.288142609875649e-05,0.0016879980697349906,25317,1.0,0.9296875,1.3333333333333333
raw,stake_scaled_net_profit,617,19712,19743,32,-0.0010330824879929423,0.012735585354053025,25349,1.0,0.8697916666666663,1.3333333333333333
raw,stake_scaled_net_profit,618,19744,19775,32,-0.0004174808273091912,0.009121060827082555,25381,1.0,0.9244791666666666,1.3333333333333333
raw,stake_scaled_net_profit,619,19776,19807,32,0.00024832162307575345,0.0032390534311924914,25413,1.0,0.9218749999999998,1.3333333333333333
raw,stake_scaled_net_profit,620,19808,19839,32,-0.0006811805069446564,0.008963903775875378,25445,1.0,0.8098958333333331,1.0833333333333333
raw,stake_scaled_net_profit,621,19840,19871,32,0.0001828471722546965,0.0049971368948282975,25477,1.0,0.9010416666666667,1.0
raw,stake_scaled_net_profit,622,19872,19903,32,0.0005774349556304514,0.007199510838529952,25509,1.0,0.8776041666666666,1.0
raw,stake_scaled_net_profit,623,19904,19935,32,0.00047927096602506936,0.006432739257532012,25541,1.0,0.8177083333333333,1.0
raw,stake_scaled_net_profit,624,19936,19967,32,-0.0008374017779715359,0.010771704496454948,25573,1.0,0.8802083333333331,1.0
raw,stake_scaled_net_profit,625,19968,19999,32,-0.0008150091161951423,0.010064345645521312,25605,1.0,0.8984375000000001,1.3333333333333333
raw,stake_scaled_net_profit,626,20000,20031,32,-0.00012932719255331904,0.0024307599151095222,25637,1.0,0.8802083333333334,1.3333333333333333
raw,stake_scaled_net_profit,627,20032,20063,32,0.0004544295370578766,0.005816924177210006,25669,1.0,0.8854166666666665,1.0
raw,stake_scaled_net_profit,628,20064,20095,32,-0.0002338451740797609,0.003365275410566976,25701,1.0,0.8697916666666665,1.0
raw,stake_scaled_net_profit,629,20096,20127,32,-0.000539872795343399,0.007183592406395039,25733,1.0,0.8619791666666665,1.0833333333333333
raw,stake_scaled_net_profit,630,20128,20159,32,-0.002021962311118841,0.023526203556416467,25765,1.0,0.8749999999999999,1.0
raw,stake_scaled_net_profit,631,20160,20191,32,-4.388022352941334e-05,0.003519464553817671,25797,1.0,0.8593749999999998,1.3333333333333333
raw,stake_scaled_net_profit,632,20192,20223,32,0.00010578332876320928,0.0020071314220456477,25829,1.0,0.9036458333333329,1.3333333333333333
raw,stake_scaled_net_profit,633,20224,20255,32,2.495929948054254e-06,0.0018403579036854025,25861,1.0,0.9322916666666665,1.3333333333333333
raw,stake_scaled_net_profit,634,20256,20287,32,-0.0002796792541630566,0.00411313310515362,25893,1.0,0.8984374999999998,1.0833333333333333
raw,stake_scaled_net_profit,635,20288,20319,32,-0.00013350695371627808,0.0030536207816121604,25925,1.0,0.8958333333333333,1.3333333333333333
raw,stake_scaled_net_profit,636,20320,20351,32,-0.0016182089457288384,0.01906581247775307,25957,1.0,0.8046875000000001,1.0833333333333333
raw,stake_scaled_net_profit,637,20352,20383,32,-0.12508948147296906,0.3045482441861717,25990,1.03125,0.84375,1.0
raw,stake_scaled_net_profit,638,20384,20415,32,0.10608287900686264,0.25425439145970347,26023,1.03125,0.8984374999999997,1.3333333333333333
raw,stake_scaled_net_profit,639,20416,20447,32,-0.0006634369492530823,0.008922305577709748,26055,1.0,0.895833333333333,1.0833333333333333
raw,stake_scaled_net_profit,640,20448,20479,32,-0.0005755846505053341,0.007766454032296712,26087,1.0,0.9166666666666666,1.0
raw,stake_scaled_net_profit,641,20480,20511,32,0.0007094473694451153,0.01023289723543172,26119,1.0,0.9010416666666664,1.3333333333333333
raw,stake_scaled_net_profit,642,20512,20543,32,-0.001911066472530365,0.022462469619570925,26151,1.0,0.8802083333333334,1.0
raw,stake_scaled_net_profit,643,20544,20575,32,-0.0007875424926169217,0.009971254945864507,26183,1.0,0.9192708333333333,1.0833333333333333
raw,stake_scaled_net_profit,644,20576,20607,32,0.0002716183662414551,0.003625188122305418,26215,1.0,0.9036458333333334,1.0833333333333333
raw,stake_scaled_net_profit,645,20608,20639,32,-0.0007970320293679833,0.010094151593443281,26247,1.0,0.8697916666666667,1.0
raw,stake_scaled_net_profit,646,20640,20671,32,-0.00017522898269817233,0.003034825700003245,26279,1.0,0.8854166666666665,1.0833333333333333
raw,stake_scaled_net_profit,647,20672,20703,32,-0.0002778247289825231,0.003790621518304054,26311,1.0,0.8749999999999999,1.0
raw,stake_scaled_net_profit,648,20704,20735,32,-5.3610652685165405e-05,0.004461548833126539,26343,1.0,0.9062499999999998,1.3333333333333333
raw,stake_scaled_net_profit,649,20736,20767,32,-0.00026070824242196977,0.0035558971499341703,26375,1.0,0.8958333333333331,1.0833333333333333
raw,stake_scaled_net_profit,650,20768,20799,32,0.00021598987223114818,0.003386042100649984,26407,1.0,0.7916666666666666,1.0
raw,stake_scaled_net_profit,651,20800,20831,32,7.541599916294217e-05,0.004486469342307597,26439,1.0,0.9010416666666665,1.3333333333333333
raw,stake_scaled_net_profit,652,20832,20863,32,0.00025098957121372223,0.005173552792046919,26471,1.0,1.1640624999999998,9.166666666666666
raw,stake_scaled_net_profit,653,20864,20895,32,-0.00020605696772690862,0.0035726214818077246,26503,1.0,0.84375,1.0
raw,stake_scaled_net_profit,654,20896,20927,32,-0.09118504822254181,0.22618430283517943,26536,1.03125,0.9218750000000001,1.3333333333333333
raw,stake_scaled_net_profit,655,20928,20959,32,0.0004852513666264713,0.0064976629842143615,26568,1.0,0.8515624999999998,1.0833333333333333
raw,stake_scaled_net_profit,656,20960,20991,32,0.0007055475725792348,0.011691538441342077,26600,1.0,0.9166666666666665,2.5
raw,stake_scaled_net_profit,657,20992,21023,32,-0.0008043224224820733,0.010162732919165517,26632,1.0,0.9062499999999998,1.3333333333333333
raw,stake_scaled_net_profit,658,21024,21055,32,-0.0006736578652635217,0.00866225478960493,26664,1.0,0.8697916666666665,1.0
raw,stake_scaled_net_profit,659,21056,21087,32,-0.00032150870538316667,0.0052740634078769204,26696,1.0,0.9218749999999998,1.3333333333333333
raw,stake_scaled_net_profit,660,21088,21119,32,0.0009092067484743893,0.011797204101128013,26728,1.0,0.8229166666666665,1.3333333333333333
raw,stake_scaled_net_profit,661,21120,21151,32,-0.000911101175006479,0.011064949632755096,26760,1.0,0.8046875,1.0833333333333333
raw,stake_scaled_net_profit,662,21152,21183,32,-0.0004351598909124732,0.0061244390442876905,26792,1.0,0.9088541666666665,1.3333333333333333
raw,stake_scaled_net_profit,663,21184,21215,32,-0.000126667320728302,0.002329509914191134,26824,1.0,0.8203125,1.3333333333333333
raw,stake_scaled_net_profit,664,21216,21247,32,-0.0009273029863834381,0.01195583382371325,26856,1.0,0.7864583333333333,1.3333333333333333
raw,stake_scaled_net_profit,665,21248,21279,32,0.0005379654467105865,0.006883379047495965,26888,1.0,0.9140624999999999,2.5
raw,stake_scaled_net_profit,666,21280,21311,32,-0.00023301565670408309,0.003356336808235092,26920,1.0,0.8177083333333333,1.0
raw,stake_scaled_net_profit,667,21312,21343,32,-2.859533196897246e-05,0.0010805412709305748,26952,1.0,0.8541666666666664,1.3333333333333333
raw,stake_scaled_net_profit,668,21344,21375,32,-0.0003251209855079651,0.007234411443169824,26984,1.0,0.9583333333333331,2.5
raw,stake_scaled_net_profit,669,21376,21407,32,0.0004752657259814441,0.006443660311259278,27016,1.0,0.8776041666666666,1.0833333333333333
raw,stake_scaled_net_profit,670,21408,21439,32,0.00016760575817897916,0.00321535496086986,27048,1.0,0.8697916666666665,1.0
raw,stake_scaled_net_profit,671,21440,21471,32,0.0007293559028767049,0.009352407383520054,27080,1.0,0.9348958333333331,1.3333333333333333
raw,stake_scaled_net_profit,672,21472,21503,32,-0.0004647535679396242,0.006075124304098842,27112,1.0,0.8541666666666665,1.3333333333333333
raw,stake_scaled_net_profit,673,21504,21535,32,-0.00030287602567113936,0.004634825198617724,27144,1.0,0.8541666666666667,1.0
raw,stake_scaled_net_profit,674,21536,21567,32,0.0012908305507153273,0.015702006390495776,27176,1.0,0.8229166666666667,1.0
raw,stake_scaled_net_profit,675,21568,21599,32,6.192424916662276e-05,0.001422732255762562,27208,1.0,0.8281250000000001,1.0833333333333333
raw,stake_scaled_net_profit,676,21600,21631,32,-0.0005802946980111301,0.007570752085548744,27240,1.0,0.9244791666666667,1.3333333333333333
raw,stake_scaled_net_profit,677,21632,21663,32,-0.0007479265332221985,0.009570705050168334,27272,1.0,0.9270833333333333,1.3333333333333333
raw,stake_scaled_net_profit,678,21664,21695,32,3.8571684854105115e-05,0.0021131814429048543,27304,1.0,0.9114583333333335,2.5
raw,stake_scaled_net_profit,679,21696,21727,32,0.0010996871860697865,0.013912887449456023,27336,1.0,0.7552083333333333,1.3333333333333333
raw,stake_scaled_net_profit,680,21728,21759,32,-0.00035848288098350167,0.005033780697524609,27368,1.0,0.8619791666666665,1.0833333333333333
raw,stake_scaled_net_profit,681,21760,21791,32,-0.0002492467174306512,0.004126108981793356,27400,1.0,0.9010416666666664,1.3333333333333333
raw,stake_scaled_net_profit,682,21792,21823,32,0.0003941282629966736,0.00518913387943677,27432,1.0,0.8932291666666666,1.3333333333333333
raw,stake_scaled_net_profit,683,21824,21855,32,-0.00017610190843697637,0.002625111416189927,27464,1.0,0.8958333333333333,1.3333333333333333
raw,stake_scaled_net_profit,684,21856,21887,32,0.0004580169334076345,0.006024878570624739,27496,1.0,0.8515624999999998,1.3333333333333333
raw,stake_scaled_net_profit,685,21888,21919,32,0.0006083622574806213,0.008070520180848535,27528,1.0,0.9192708333333331,1.3333333333333333
raw,stake_scaled_net_profit,686,21920,21951,32,0.0001394711434841156,0.002175388691339103,27560,1.0,0.9244791666666664,1.3333333333333333
raw,stake_scaled_net_profit,687,21952,21983,32,7.211663614725694e-05,0.0014460949756640662,27592,1.0,0.9166666666666664,1.3333333333333333
raw,stake_scaled_net_profit,688,21984,22015,32,-3.3068281481973827e-06,0.0013942992312502693,27624,1.0,0.8177083333333335,1.3333333333333333
raw,stake_scaled_net_profit,689,22016,22047,32,-9.651854634284973e-05,0.0017538632626899375,27656,1.0,0.9322916666666665,1.3333333333333333
raw,stake_scaled_net_profit,690,22048,22079,32,-0.0001230333000421524,0.002918069197423699,27688,1.0,0.8593749999999998,1.3333333333333333
raw,stake_scaled_net_profit,691,22080,22111,32,-0.0002485352451913059,0.0036658141138372134,27720,1.0,0.8749999999999999,1.0
raw,stake_scaled_net_profit,692,22112,22143,32,-0.0011774139711633325,0.015250713439847489,27752,1.0,0.9401041666666667,1.3333333333333333
raw,stake_scaled_net_profit,693,22144,22175,32,-4.0010872908169404e-05,0.001557714871941572,27784,1.0,0.9557291666666665,1.3333333333333333
raw,stake_scaled_net_profit,694,22176,22207,32,-0.0011058419477194548,0.013778249726525912,27816,1.0,0.911458333333333,1.0833333333333333
raw,stake_scaled_net_profit,695,22208,22239,32,0.00032583996653556824,0.004675138316983063,27848,1.0,0.8515624999999999,1.3333333333333333
raw,stake_scaled_net_profit,696,22240,22271,32,0.00011525924492161721,0.0021295709905869804,27880,1.0,0.7994791666666665,1.3333333333333333
raw,stake_scaled_net_profit,697,22272,22303,32,-8.847811841405928e-05,0.004110375374113638,27912,1.0,0.9062500000000001,1.0833333333333333
raw,stake_scaled_net_profit,698,22304,22335,32,0.00017045317508745939,0.003238324789464236,27944,1.0,0.8776041666666666,1.0
raw,stake_scaled_net_profit,699,22336,22367,32,-0.0002727260289248079,0.0037212992953593745,27976,1.0,0.8932291666666666,1.3333333333333333
raw,stake_scaled_net_profit,700,22368,22399,32,0.0008460344979539514,0.011580962046006813,28008,1.0,0.828125,1.0833333333333333
raw,stake_scaled_net_profit,701,22400,22431,32,-0.00017655143165029585,0.0025599782971182337,28040,1.0,0.8750000000000001,1.0
raw,stake_scaled_net_profit,702,22432,22463,32,-0.0003061865863855928,0.004200554731126749,28072,1.0,0.8749999999999998,1.0
raw,stake_scaled_net_profit,703,22464,22495,32,-0.00042308864067308605,0.005465655675359702,28104,1.0,0.8020833333333333,1.3333333333333333
raw,stake_scaled_net_profit,704,22496,22527,32,0.0003544675710145384,0.004705641126045696,28136,1.0,0.8307291666666666,1.3333333333333333
raw,stake_scaled_net_profit,705,22528,22559,32,0.00020977358508389443,0.002980306974632796,28168,1.0,0.8958333333333333,1.0
raw,stake_scaled_net_profit,706,22560,22591,32,-0.1555628925561905,0.34435948446299935,28201,1.03125,0.8203125,1.3333333333333333
raw,stake_scaled_net_profit,707,22592,22623,32,0.0001369242963846773,0.0023264616885254517,28233,1.0,0.9192708333333334,1.3333333333333333
raw,stake_scaled_net_profit,708,22624,22655,32,6.181563367135823e-05,0.002074360858011674,28265,1.0,0.8984375,1.0833333333333333
raw,stake_scaled_net_profit,709,22656,22687,32,-0.0003802888095378876,0.0052243918367622846,28297,1.0,0.8541666666666665,1.0
raw,stake_scaled_net_profit,710,22688,22719,32,-0.00038919103099033237,0.005320623050545598,28329,1.0,0.8697916666666666,1.0
raw,stake_scaled_net_profit,711,22720,22751,32,-0.00019166120910085738,0.0027743051340451677,28361,1.0,0.9036458333333331,1.0833333333333333
raw,stake_scaled_net_profit,712,22752,22783,32,-0.00015312184405047446,0.002474827572078165,28393,1.0,0.927083333333333,1.3333333333333333
raw,stake_scaled_net_profit,713,22784,22815,32,0.00012029954814352095,0.001865420998079938,28425,1.0,0.8854166666666667,1.0
raw,stake_scaled_net_profit,714,22816,22847,32,-5.766997855971567e-05,0.0010106957891908306,28457,1.0,0.7890625000000001,1.0833333333333333
raw,stake_scaled_net_profit,715,22848,22879,32,-7.587179425172508e-06,0.0016034430787687725,28489,1.0,0.794270833333333,1.0833333333333333
raw,stake_scaled_net_profit,716,22880,22911,32,0.0001524090621387586,0.002348819706495323,28521,1.0,0.8072916666666666,1.3333333333333333
raw,stake_scaled_net_profit,717,22912,22943,32,-0.00034622353268787265,0.004789895310094854,28553,1.0,0.8437499999999997,1.0
raw,stake_scaled_net_profit,718,22944,22975,32,-7.585187267977744e-05,0.0012016789110696681,28585,1.0,0.9010416666666666,1.0833333333333333
raw,stake_scaled_net_profit,719,22976,23007,32,-8.124981832224876e-05,0.001379786601035319,28617,1.0,0.9192708333333333,1.3333333333333333
raw,stake_scaled_net_profit,720,23008,23039,32,6.262709939619526e-05,0.0010487007050641822,28649,1.0,0.8619791666666669,1.0833333333333333
raw,stake_scaled_net_profit,721,23040,23071,32,0.0001457569596823305,0.0020910936852276147,28681,1.0,0.8749999999999999,1.0
raw,stake_scaled_net_profit,722,23072,23103,32,0.00011206541967112571,0.0017679795515302354,28713,1.0,0.8645833333333331,1.3333333333333333
raw,stake_scaled_net_profit,723,23104,23135,32,-0.00019620731472969055,0.0028208777216870836,28745,1.0,0.9244791666666664,1.3333333333333333
raw,stake_scaled_net_profit,724,23136,23167,32,0.0002319030463695526,0.003536853890728787,28777,1.0,0.9218749999999999,1.3333333333333333
raw,stake_scaled_net_profit,725,23168,23199,32,-0.0004477947950363159,0.0061812656405481085,28809,1.0,0.9166666666666665,1.3333333333333333
raw,stake_scaled_net_profit,726,23200,23231,32,-2.3674216208746657e-05,0.0006249861548666727,28841,1.0,0.8854166666666666,1.3333333333333333
raw,stake_scaled_net_profit,727,23232,23263,32,0.0002551699581090361,0.003675420280389818,28873,1.0,0.859375,1.3333333333333333
raw,stake_scaled_net_profit,728,23264,23295,32,-0.00010218222450930625,0.0016134572290084537,28905,1.0,0.8411458333333334,1.0833333333333333
raw,stake_scaled_net_profit,729,23296,23327,32,-0.00041226670145988464,0.005614982982072042,28937,1.0,0.9244791666666666,1.0833333333333333
raw,stake_scaled_net_profit,730,23328,23359,32,6.455181573983282e-05,0.0013200752260557958,28969,1.0,0.8385416666666666,1.0
raw,stake_scaled_net_profit,731,23360,23391,32,5.488593160407618e-06,0.0005597681764170775,29001,1.0,0.8645833333333331,1.0
raw,stake_scaled_net_profit,732,23392,23423,32,-0.00019409009837545455,0.0029128134980495263,29033,1.0,0.9062499999999999,1.3333333333333333
raw,stake_scaled_net_profit,733,23424,23455,32,-1.941248046932742e-05,0.0010592470582293362,29065,1.0,0.8854166666666669,1.0833333333333333
raw,stake_scaled_net_profit,734,23456,23487,32,-0.00023204956960398704,0.003365750273014021,29097,1.0,0.8776041666666665,1.3333333333333333
raw,stake_scaled_net_profit,735,23488,23519,32,0.0001833811547840014,0.0026116805436669395,29129,1.0,0.8828124999999999,1.3333333333333333
raw,stake_scaled_net_profit,736,23520,23551,32,-0.00010770933295134455,0.0019260199489795763,29161,1.0,0.8906249999999999,1.0
raw,stake_scaled_net_profit,737,23552,23583,32,0.0002027762238867581,0.0029067405922660466,29193,1.0,0.8671875,1.3333333333333333
raw,stake_scaled_net_profit,738,23584,23615,32,-0.0002569853968452662,0.0037441443742497384,29225,1.0,0.8645833333333334,1.3333333333333333
raw,stake_scaled_net_profit,739,23616,23647,32,5.012129986425862e-05,0.0009011046200798649,29257,1.0,0.8802083333333334,1.0833333333333333
raw,stake_scaled_net_profit,740,23648,23679,32,7.098168134689331e-05,0.0011218010039505885,29289,1.0,0.8515624999999998,1.0833333333333333
raw,stake_scaled_net_profit,741,23680,23711,32,5.515168231795542e-05,0.0009876634715307482,29321,1.0,0.9036458333333331,1.3333333333333333
raw,stake_scaled_net_profit,742,23712,23743,32,0.0002990489301737398,0.004118070573514005,29353,1.0,0.8463541666666664,1.3333333333333333
raw,stake_scaled_net_profit,743,23744,23775,32,-1.4639159417129122e-05,0.000892969739431947,29385,1.0,0.8776041666666667,1.0833333333333333
raw,stake_scaled_net_profit,744,23776,23807,32,-0.0001003369688987732,0.0015039363359008544,29417,1.0,0.8072916666666666,1.3333333333333333
raw,stake_scaled_net_profit,745,23808,23839,32,-0.0002353563904762268,0.0033763921746172623,29449,1.0,0.8906249999999999,1.3333333333333333
raw,stake_scaled_net_profit,746,23840,23871,32,0.0005790392751805484,0.00781539673348511,29481,1.0,0.8333333333333331,1.3333333333333333
raw,stake_scaled_net_profit,747,23872,23903,32,-7.99832196207717e-05,0.0014643107407952402,29513,1.0,0.875,1.0
raw,stake_scaled_net_profit,748,23904,23935,32,5.695961590390652e-06,0.0004942214553387295,29545,1.0,0.8958333333333331,1.0
raw,stake_scaled_net_profit,749,23936,23967,32,0.00029362618806771934,0.004288079481938101,29577,1.0,0.8359375,1.0
raw,stake_scaled_net_profit,750,23968,23999,32,4.861379784415476e-05,0.0011408173772106637,29609,1.0,0.9114583333333331,1.0
raw,stake_scaled_net_profit,751,24000,24031,32,-0.00027559572481550276,0.004182549294367961,29641,1.0,0.8906249999999999,1.3333333333333333
raw,stake_scaled_net_profit,752,24032,24063,32,0.18899855017662048,0.38634975293350243,29673,1.0,0.9010416666666665,1.3333333333333333
raw,stake_scaled_net_profit,753,24064,24095,32,0.1877804547548294,0.3805902210247838,29705,1.0,0.8697916666666666,1.0833333333333333
raw,stake_scaled_net_profit,754,24096,24127,32,-0.00032065811683423817,0.004420848921093078,29737,1.0,0.8333333333333334,1.0
raw,stake_scaled_net_profit,755,24128,24159,32,-0.00014406692935153842,0.003527746164895987,29769,1.0,0.9192708333333333,1.0833333333333333
raw,stake_scaled_net_profit,756,24160,24191,32,-0.00019945204257965088,0.0029247056587922383,29801,1.0,0.9244791666666665,2.5
raw,stake_scaled_net_profit,757,24192,24223,32,-0.0001354304258711636,0.0023658854676752343,29833,1.0,0.84375,1.0833333333333333
raw,stake_scaled_net_profit,758,24224,24255,32,-0.0005525412852875888,0.007266368297955444,29865,1.0,0.9505208333333333,1.3333333333333333
raw,stake_scaled_net_profit,759,24256,24287,32,-0.0005330804269760847,0.007048648411438565,29897,1.0,0.8359375,1.3333333333333333
raw,stake_scaled_net_profit,760,24288,24319,32,5.7634599215816706e-05,0.0015929147828767324,29929,1.0,0.8307291666666667,1.0833333333333333
raw,stake_scaled_net_profit,761,24320,24351,32,-4.1667364712338895e-05,0.0024196866077675835,29961,1.0,0.8619791666666664,1.0833333333333333
raw,stake_scaled_net_profit,762,24352,24383,32,0.00029355910373851657,0.00470327433419519,29993,1.0,0.8619791666666666,1.3333333333333333
raw,stake_scaled_net_profit,763,24384,24415,32,-0.0007655944209545851,0.009613001675792971,30025,1.0,0.8776041666666664,1.0833333333333333
raw,stake_scaled_net_profit,764,24416,24447,32,-8.150686335284263e-05,0.002488658287815022,30057,1.0,0.8307291666666667,1.3333333333333333
raw,stake_scaled_net_profit,765,24448,24479,32,-0.0003948286175727844,0.005750367680778066,30089,1.0,0.9270833333333333,1.0
raw,stake_scaled_net_profit,766,24480,24511,32,-0.00014952186029404402,0.008857509245962191,30121,1.0,0.8489583333333333,1.3333333333333333
raw,stake_scaled_net_profit,767,24512,24543,32,-0.0003884422476403415,0.006779851631231322,30153,1.0,0.9270833333333334,1.0
raw,stake_scaled_net_profit,768,24544,24575,32,-0.0007924077799543738,0.009940699759314966,30185,1.0,0.9218749999999999,1.3333333333333333
raw,stake_scaled_net_profit,769,24576,24607,32,-0.0009276227792724967,0.011362813326153968,30217,1.0,0.8567708333333331,2.5
raw,stake_scaled_net_profit,770,24608,24639,32,-0.001164072542451322,0.015277359297946679,30249,1.0,0.9062500000000001,1.3333333333333333
raw,stake_scaled_net_profit,771,24640,24671,32,0.00018121054745279253,0.005918100003182556,30281,1.0,0.9296875,1.3333333333333333
raw,stake_scaled_net_profit,772,24672,24703,32,-9.888783097267151e-05,0.0036307152496641588,30313,1.0,0.8437499999999998,1.0833333333333333
raw,stake_scaled_net_profit,773,24704,24735,32,-0.0018920463044196367,0.0221040741468416,30345,1.0,0.8177083333333333,1.0
raw,stake_scaled_net_profit,774,24736,24767,32,0.0033322558738291264,0.036558375946416366,30377,1.0,0.90625,1.3333333333333333
raw,stake_scaled_net_profit,775,24768,24799,32,0.0013958849012851715,0.015302974693240816,30409,1.0,0.8463541666666666,1.0833333333333333
raw,stake_scaled_net_profit,776,24800,24831,32,-0.001998594729229808,0.02381195981502673,30441,1.0,0.9479166666666666,1.3333333333333333
raw,stake_scaled_net_profit,777,24832,24863,32,-9.514507837593555e-06,0.005689217562021199,30473,1.0,0.8828124999999999,1.0833333333333333
raw,stake_scaled_net_profit,778,24864,24895,32,0.0027133063413202763,0.02893202964851659,30505,1.0,0.7812499999999999,1.0833333333333333
raw,stake_scaled_net_profit,779,24896,24927,32,-0.0020028711296617985,0.024718854168756188,30537,1.0,0.9010416666666666,1.0
raw,stake_scaled_net_profit,780,24928,24959,32,0.00027322774985805154,0.005024430120715561,30569,1.0,0.8723958333333333,1.3333333333333333
raw,stake_scaled_net_profit,781,24960,24991,32,0.0002014189667534083,0.004732503306999749,30601,1.0,0.7708333333333331,1.0
raw,stake_scaled_net_profit,782,24992,25023,32,-0.12398339807987213,0.29386404194681376,30633,1.0,0.890625,1.0
raw,stake_scaled_net_profit,783,25024,25055,32,-0.001259037060663104,0.015589435809002728,30665,1.0,0.8776041666666667,1.0833333333333333
raw,stake_scaled_net_profit,784,25056,25087,32,-0.12140797078609467,0.3276204514063579,30697,1.0,0.8671874999999999,1.0
raw,stake_scaled_net_profit,785,25088,25119,32,-0.0007397067965939641,0.00971100700864642,30729,1.0,0.8776041666666665,1.0
raw,stake_scaled_net_profit,786,25120,25151,32,-0.0006189545383676887,0.008398674701224233,30761,1.0,0.875,1.0
raw,stake_scaled_net_profit,787,25152,25183,32,-0.0006106111686676741,0.010328852261504153,30793,1.0,0.8645833333333331,1.0
raw,stake_scaled_net_profit,788,25184,25215,32,-0.00023092329502105713,0.003760175418207124,30825,1.0,0.8385416666666666,1.0833333333333333
raw,stake_scaled_net_profit,789,25216,25247,32,0.00010355499398428947,0.0024933917803365013,30857,1.0,0.8828125,1.3333333333333333
raw,stake_scaled_net_profit,790,25248,25279,32,0.0003158207982778549,0.005592327931704823,30889,1.0,0.9453124999999998,1.3333333333333333
raw,stake_scaled_net_profit,791,25280,25311,32,-1.4065473806113005e-05,0.002691488857333184,30921,1.0,0.8984374999999999,1.3333333333333333
raw,stake_scaled_net_profit,792,25312,25343,32,-0.0005180698935873806,0.007010696809128968,30953,1.0,0.9166666666666666,1.0
raw,stake_scaled_net_profit,793,25344,25375,32,0.00011064547288697213,0.002334581850418319,30985,1.0,0.859375,1.0833333333333333
raw,stake_scaled_net_profit,794,25376,25407,32,0.000551066012121737,0.007953353924485476,31017,1.0,0.864583333333333,1.3333333333333333
raw,stake_scaled_net_profit,795,25408,25439,32,-0.0004369976813904941,0.006678929312074191,31049,1.0,0.8854166666666664,1.3333333333333333
raw,stake_scaled_net_profit,796,25440,25471,32,-0.00038898485945537686,0.005358250529053455,31081,1.0,0.9348958333333333,2.5
raw,stake_scaled_net_profit,797,25472,25503,32,0.00041669420897960663,0.005987740311064509,31113,1.0,0.8749999999999998,1.3333333333333333
raw,stake_scaled_net_profit,798,25504,25535,32,-0.0005402117967605591,0.007071316797482495,31145,1.0,0.9062499999999999,1.3333333333333333
raw,stake_scaled_net_profit,799,25536,25567,32,-0.0006023521418683231,0.007597374184625175,31177,1.0,0.9322916666666665,1.0833333333333333
raw,stake_scaled_net_profit,800,25568,25599,32,-0.0011557949474081397,0.01401346100117274,31209,1.0,0.9166666666666667,2.5
raw,stake_scaled_net_profit,801,25600,25631,32,-4.005060691270046e-05,0.0014714363268712991,31241,1.0,0.8776041666666664,1.0833333333333333
raw,stake_scaled_net_profit,802,25632,25663,32,-4.332260868977755e-05,0.0032281259106900365,31273,1.0,0.8697916666666666,1.3333333333333333
raw,stake_scaled_net_profit,803,25664,25695,32,-0.0008966562454588711,0.01122790485881275,31305,1.0,0.9088541666666665,1.3333333333333333
raw,stake_scaled_net_profit,804,25696,25727,32,-0.13930362462997437,0.3288912400370865,31338,1.03125,0.9218749999999999,1.3333333333333333
raw,stake_scaled_net_profit,805,25728,25759,32,0.0008730552508495748,0.010780741072538132,31370,1.0,0.8645833333333333,1.0833333333333333
raw,stake_scaled_net_profit,806,25760,25791,32,0.0003758668899536133,0.0048480963900437895,31402,1.0,0.8437499999999999,1.3333333333333333
raw,stake_scaled_net_profit,807,25792,25823,32,-0.0001927601988427341,0.003715178566373102,31434,1.0,0.8854166666666667,1.3333333333333333
raw,stake_scaled_net_profit,808,25824,25855,32,-0.0005264791543595493,0.0068473304252708225,31466,1.0,0.8177083333333331,1.0
raw,stake_scaled_net_profit,809,25856,25887,32,-0.0004379041201900691,0.006151708534120888,31498,1.0,0.8932291666666667,1.3333333333333333
raw,stake_scaled_net_profit,810,25888,25919,32,0.000520661473274231,0.006935363259451871,31530,1.0,0.8984374999999998,1.3333333333333333
raw,stake_scaled_net_profit,811,25920,25951,32,2.2674597857985646e-05,0.0009407522004239152,31562,1.0,0.8776041666666667,2.5
raw,stake_scaled_net_profit,812,25952,25983,32,-0.0004391073889564723,0.005827754333778677,31594,1.0,0.8437499999999999,1.0
raw,stake_scaled_net_profit,813,25984,26015,32,0.00017865125846583396,0.0025372669843549854,31626,1.0,0.9088541666666666,1.3333333333333333
raw,stake_scaled_net_profit,814,26016,26047,32,-6.191928696352988e-05,0.0014530043192810774,31658,1.0,0.8229166666666666,1.0
raw,stake_scaled_net_profit,815,26048,26079,32,-1.6316756955347955e-05,0.0008909447269176656,31690,1.0,0.8749999999999999,1.0833333333333333
raw,stake_scaled_net_profit,816,26080,26111,32,0.0005064320866949856,0.00669930422902172,31722,1.0,0.890625,1.3333333333333333
raw,stake_scaled_net_profit,817,26112,26143,32,-0.00013441219925880432,0.0024994691288278328,31754,1.0,0.9479166666666665,1.3333333333333333
raw,stake_scaled_net_profit,818,26144,26175,32,-0.00015824784350115806,0.002272037074137671,31786,1.0,0.8776041666666665,1.0833333333333333
raw,stake_scaled_net_profit,819,26176,26207,32,-6.38762503513135e-06,0.0008455504586870572,31818,1.0,0.8541666666666665,1.3333333333333333
raw,stake_scaled_net_profit,820,26208,26239,32,-7.305294275283813e-05,0.0011272857462106256,31850,1.0,0.8385416666666665,1.3333333333333333
raw,stake_scaled_net_profit,821,26240,26271,32,-0.0005844521219842136,0.007723988747533944,31882,1.0,0.8802083333333334,1.0
raw,stake_scaled_net_profit,822,26272,26303,32,0.00036422599805518985,0.004763447102499848,31914,1.0,0.8567708333333331,1.0833333333333333
raw,stake_scaled_net_profit,823,26304,26335,32,4.1954219341278076e-05,0.0008406972492490674,31946,1.0,0.71875,1.0833333333333333
raw,stake_scaled_net_profit,824,26336,26367,32,-9.41989419516176e-05,0.0014054864224204168,31978,1.0,0.9192708333333333,1.3333333333333333
raw,stake_scaled_net_profit,825,26368,26399,32,1.64322536875261e-05,0.000658181877636571,32010,1.0,0.7838541666666665,1.3333333333333333
raw,stake_scaled_net_profit,826,26400,26431,32,0.0005608716746792197,0.007441271398151982,32042,1.0,0.8541666666666666,1.0833333333333333
raw,stake_scaled_net_profit,827,26432,26463,32,-0.00022038817405700684,0.0036621148942048115,32074,1.0,0.8671875,1.3333333333333333
raw,stake_scaled_net_profit,828,26464,26495,32,0.00022787474154029042,0.003236410957506985,32106,1.0,0.8515624999999999,1.3333333333333333
raw,stake_scaled_net_profit,829,26496,26527,32,-8.353964221896604e-05,0.0012455077982397639,32138,1.0,0.880208333333333,1.0
raw,stake_scaled_net_profit,830,26528,26559,32,0.0001206497399834916,0.0018090098375315874,32170,1.0,0.7812499999999999,1.3333333333333333
raw,stake_scaled_net_profit,831,26560,26591,32,-0.00032510608434677124,0.0045094955657961535,32202,1.0,0.8958333333333331,1.3333333333333333
raw,stake_scaled_net_profit,832,26592,26623,32,0.00010687361645977944,0.0015630758283662056,32234,1.0,0.8411458333333333,1.3333333333333333
raw,stake_scaled_net_profit,833,26624,26655,32,-8.633109973743558e-05,0.0014495783980131719,32266,1.0,0.8307291666666667,1.0833333333333333
raw,stake_scaled_net_profit,834,26656,26687,32,0.00012851010251324624,0.0018576799873641827,32298,1.0,0.9322916666666666,1.3333333333333333
raw,stake_scaled_net_profit,835,26688,26719,32,2.753240187303163e-05,0.0013866538931735946,32330,1.0,0.9218749999999999,2.5
raw,stake_scaled_net_profit,836,26720,26751,32,0.00017098337411880493,0.002421893163965271,32362,1.0,0.8697916666666665,1.3333333333333333
raw,stake_scaled_net_profit,837,26752,26783,32,-0.00047062960220500827,0.0063830680763753474,32394,1.0,0.9479166666666665,1.3333333333333333
raw,stake_scaled_net_profit,838,26784,26815,32,2.925597073044628e-06,0.0006916808764799124,32426,1.0,0.8697916666666664,1.0
raw,stake_scaled_net_profit,839,26816,26847,32,-0.00011972213542321697,0.0019330753486406897,32458,1.0,0.8124999999999999,1.0
raw,stake_scaled_net_profit,840,26848,26879,32,0.00020680698798969388,0.002933918447116281,32490,1.0,0.9140624999999998,1.3333333333333333
raw,stake_scaled_net_profit,841,26880,26911,32,-1.865376725618262e-05,0.0007845463590532423,32522,1.0,0.8697916666666665,1.0
raw,stake_scaled_net_profit,842,26912,26943,32,-1.4269104212871753e-05,0.0008527675982548806,32554,1.0,0.8333333333333331,1.3333333333333333
raw,stake_scaled_net_profit,843,26944,26975,32,-5.346412945073098e-05,0.001085095364377078,32586,1.0,0.8854166666666666,1.0
raw,stake_scaled_net_profit,844,26976,27007,32,0.0003078244626522064,0.004305263733904068,32618,1.0,0.8984375,1.3333333333333333
raw,stake_scaled_net_profit,845,27008,27039,32,-8.044391142902896e-05,0.001404696073809609,32650,1.0,0.8541666666666665,1.3333333333333333
raw,stake_scaled_net_profit,846,27040,27071,32,0.00014100347470957786,0.0021086168387116867,32682,1.0,0.8255208333333331,1.0833333333333333
raw,stake_scaled_net_profit,847,27072,27103,32,2.0179901184746996e-05,0.00071157928088823,32714,1.0,0.9010416666666665,1.3333333333333333
raw,stake_scaled_net_profit,848,27104,27135,32,-0.00011606390762608498,0.0018171099096236075,32746,1.0,0.8177083333333333,1.0
raw,stake_scaled_net_profit,849,27136,27167,32,-0.00011611479567363858,0.002008406884882711,32778,1.0,0.875,1.3333333333333333
raw,stake_scaled_net_profit,850,27168,27199,32,-7.946416735649109e-05,0.001427834699636264,32810,1.0,0.8984375,1.0833333333333333
raw,stake_scaled_net_profit,851,27200,27231,32,0.00028988340636715293,0.00418013474735434,32842,1.0,0.8828124999999998,1.0833333333333333
raw,stake_scaled_net_profit,852,27232,27263,32,-0.00016008193779271096,0.0024288043073685778,32874,1.0,0.8697916666666665,1.3333333333333333
raw,stake_scaled_net_profit,853,27264,27295,32,-7.019937038421631e-05,0.0013071595016815177,32906,1.0,0.8906249999999998,1.3333333333333333
raw,stake_scaled_net_profit,854,27296,27327,32,-0.0005531149217858911,0.007842865636549352,32938,1.0,0.8984375,1.0
raw,stake_scaled_net_profit,855,27328,27359,32,-0.0003725836577359587,0.005134767052724717,32970,1.0,0.8854166666666667,1.0833333333333333
raw,stake_scaled_net_profit,856,27360,27391,32,1.092752063414082e-05,0.0005469778892655278,33002,1.0,0.7916666666666665,1.3333333333333333
raw,stake_scaled_net_profit,857,27392,27423,32,4.950041329720989e-05,0.000837343854451331,33034,1.0,0.8984374999999999,1.3333333333333333
raw,stake_scaled_net_profit,858,27424,27455,32,-0.000475550681585446,0.006358914388683107,33066,1.0,0.8697916666666665,1.3333333333333333
raw,stake_scaled_net_profit,859,27456,27487,32,-0.0001496113691246137,0.0022561605647897654,33098,1.0,0.8281249999999999,1.0
raw,stake_scaled_net_profit,860,27488,27519,32,-0.00013260170817375183,0.0020358947290891544,33130,1.0,0.953125,1.3333333333333333
raw,stake_scaled_net_profit,861,27520,27551,32,-0.21951256692409515,0.459903852305609,33162,1.0,0.8958333333333333,1.3333333333333333
raw,stake_scaled_net_profit,862,27552,27583,32,-4.8541114665567875e-06,0.003979986170283374,33194,1.0,0.8515625,1.0833333333333333
raw,stake_scaled_net_profit,863,27584,27615,32,-0.0003177623148076236,0.004519645042136844,33226,1.0,0.9374999999999999,1.0
raw,stake_scaled_net_profit,864,27616,27647,32,-0.0003632393782027066,0.005142988173671515,33258,1.0,0.8932291666666664,1.3333333333333333
raw,stake_scaled_net_profit,865,27648,27679,32,-7.401904440484941e-05,0.0011596738467074322,33290,1.0,0.9244791666666665,1.0833333333333333
raw,stake_scaled_net_profit,866,27680,27711,32,-8.419156074523926e-05,0.0013774088696365298,33322,1.0,0.8281250000000001,1.0
raw,stake_scaled_net_profit,867,27712,27743,32,-6.595130253117532e-05,0.0010383677219049869,33354,1.0,0.9088541666666665,1.0833333333333333
raw,stake_scaled_net_profit,868,27744,27775,32,2.041459083557129e-06,0.00023353493865544558,33386,1.0,0.8333333333333334,1.0
raw,stake_scaled_net_profit,869,27776,27807,32,-0.00016094745660666376,0.0023417206324970992,33418,1.0,0.8645833333333333,1.0
raw,stake_scaled_net_profit,870,27808,27839,32,2.849350312317256e-05,0.0005318775779711752,33450,1.0,0.8828125,1.3333333333333333
raw,stake_scaled_net_profit,871,27840,27871,32,-6.69322835165076e-05,0.0018623892885369674,33482,1.0,0.9088541666666666,1.0833333333333333
raw,stake_scaled_net_profit,872,27872,27903,32,-0.00011098384857177734,0.0016920071166731956,33514,1.0,0.8854166666666665,1.3333333333333333
raw,stake_scaled_net_profit,873,27904,27935,32,-2.598514038254507e-05,0.0004328128599234325,33546,1.0,1.1562499999999998,9.166666666666666
raw,stake_scaled_net_profit,874,27936,27967,32,2.6918944058706984e-05,0.0008273112597868632,33578,1.0,0.8880208333333333,2.5
raw,stake_scaled_net_profit,875,27968,27999,32,3.310544343548827e-06,0.00021180045043109363,33610,1.0,0.8177083333333331,1.0
raw,stake_scaled_net_profit,876,28000,28031,32,-2.7927258997806348e-05,0.0004802329785469424,33642,1.0,0.9479166666666666,1.3333333333333333
raw,stake_scaled_net_profit,877,28032,28063,32,-0.00010734299576142803,0.0016681154618843606,33674,1.0,0.875,1.3333333333333333
raw,stake_scaled_net_profit,878,28064,28095,32,-3.213186937500723e-05,0.0005422832270396697,33706,1.0,0.9739583333333331,2.5
raw,stake_scaled_net_profit,879,28096,28127,32,1.4476476280833595e-05,0.0002794183053661908,33738,1.0,0.8645833333333334,1.3333333333333333
raw,stake_scaled_net_profit,880,28128,28159,32,-1.94646418094635e-05,0.00033252816606814796,33770,1.0,0.8619791666666665,1.3333333333333333
raw,stake_scaled_net_profit,881,28160,28191,32,-6.566445517819375e-05,0.0010699564112848412,33802,1.0,0.8098958333333334,1.3333333333333333
raw,stake_scaled_net_profit,882,28192,28223,32,-2.559771019150503e-05,0.00043489166402990487,33834,1.0,0.8697916666666667,1.0
raw,stake_scaled_net_profit,883,28224,28255,32,0.0002537146210670471,0.004005503650067707,33866,1.0,0.9348958333333335,2.5
raw,stake_scaled_net_profit,884,28256,28287,32,-0.0001250083150807768,0.0019065408790093902,33898,1.0,0.8802083333333333,1.0
raw,stake_scaled_net_profit,885,28288,28319,32,-8.05606396170333e-05,0.0012339400365426652,33930,1.0,1.1588541666666667,9.166666666666666
raw,stake_scaled_net_profit,886,28320,28351,32,6.27140179858543e-05,0.000986261359358108,33962,1.0,0.9140624999999999,1.3333333333333333
raw,stake_scaled_net_profit,887,28352,28383,32,-5.6732449593255296e-05,0.0009021939249770438,33994,1.0,0.8776041666666666,1.0833333333333333
raw,stake_scaled_net_profit,888,28384,28415,32,-6.660819781245664e-05,0.0010484592450100186,34026,1.0,0.8593750000000001,1.3333333333333333
raw,stake_scaled_net_profit,889,28416,28447,32,-2.666066166057135e-06,0.0002248018592716462,34058,1.0,0.921875,1.0833333333333333
raw,stake_scaled_net_profit,890,28448,28479,32,-2.9670696676475927e-05,0.0005186671609388733,34090,1.0,0.921875,2.5
raw,stake_scaled_net_profit,891,28480,28511,32,-4.392738628666848e-05,0.0007812454082488348,34122,1.0,0.8723958333333333,1.3333333333333333
raw,stake_scaled_net_profit,892,28512,28543,32,-0.0001718824205454439,0.0025559854789069434,34154,1.0,0.8541666666666665,1.0
raw,stake_scaled_net_profit,893,28544,28575,32,-1.2225161299284082e-05,0.00026010137423631815,34186,1.0,0.9765624999999999,2.5
raw,stake_scaled_net_profit,894,28576,28607,32,6.626173853874207e-05,0.0011952273678517017,34218,1.0,0.9531249999999998,2.5
raw,stake_scaled_net_profit,895,28608,28639,32,-6.74898547003977e-06,0.00020846419519758184,34250,1.0,0.8333333333333331,1.0833333333333333
raw,stake_scaled_net_profit,896,28640,28671,32,-2.9613573133246973e-05,0.0004949426959876567,34282,1.0,0.859375,1.0
raw,stake_scaled_net_profit,897,28672,28703,32,-7.525086402893066e-06,0.00014282326747934595,34314,1.0,0.8359374999999999,1.0833333333333333
raw,stake_scaled_net_profit,898,28704,28735,32,2.7646619855659083e-05,0.0004505131079291325,34346,1.0,0.8697916666666664,1.0
raw,stake_scaled_net_profit,899,28736,28767,32,1.662224531173706e-05,0.0002780189986987648,34378,1.0,0.8723958333333333,1.3333333333333333
raw,stake_scaled_net_profit,900,28768,28799,32,-3.50301488651894e-05,0.0005692087620878576,34410,1.0,0.8802083333333333,1.3333333333333333
raw,stake_scaled_net_profit,901,28800,28831,32,6.138035132607911e-06,0.00016486146276970838,34442,1.0,0.8515625000000001,1.0833333333333333
raw,stake_scaled_net_profit,902,28832,28863,32,-5.555649477173574e-05,0.0008893781753988712,34474,1.0,0.890625,1.3333333333333333
raw,stake_scaled_net_profit,903,28864,28895,32,-2.8283648134674877e-05,0.0004908960883042576,34506,1.0,0.8619791666666665,1.3333333333333333
raw,stake_scaled_net_profit,904,28896,28927,32,7.926175385364331e-06,0.0002149823125219652,34538,1.0,0.8958333333333331,1.3333333333333333
raw,stake_scaled_net_profit,905,28928,28959,32,8.635221092845313e-06,0.00020974186784218838,34570,1.0,0.8151041666666667,1.3333333333333333
raw,stake_scaled_net_profit,906,28960,28991,32,-1.681844332779292e-05,0.0003521951454208514,34602,1.0,0.8802083333333331,1.0
raw,stake_scaled_net_profit,907,28992,29023,32,3.6500394344329834e-05,0.000585802362303844,34634,1.0,0.7552083333333333,1.0
raw,stake_scaled_net_profit,908,29024,29055,32,-0.0001315598638029769,0.002035937726370401,34666,1.0,0.8932291666666666,1.0
raw,stake_scaled_net_profit,909,29056,29087,32,-5.287180465529673e-05,0.0008504257330936797,34698,1.0,0.8906249999999999,1.3333333333333333
raw,stake_scaled_net_profit,910,29088,29119,32,-2.2202739273780026e-06,9.716000695588128e-05,34730,1.0,0.8541666666666666,1.3333333333333333
raw,stake_scaled_net_profit,911,29120,29151,32,-1.2315809726715088e-05,0.0002905510280437094,34762,1.0,0.8802083333333331,1.3333333333333333
raw,stake_scaled_net_profit,912,29152,29183,32,5.7316072343382984e-05,0.0009428328040528115,34794,1.0,0.9244791666666666,1.0833333333333333
raw,stake_scaled_net_profit,913,29184,29215,32,-3.4819044230971485e-05,0.0005842786897113803,34826,1.0,0.8854166666666665,1.0
raw,stake_scaled_net_profit,914,29216,29247,32,1.828124004532583e-05,0.0003613980477122548,34858,1.0,0.8776041666666665,1.3333333333333333
raw,stake_scaled_net_profit,915,29248,29279,32,-8.559723937651142e-05,0.0013420457880148674,34890,1.0,0.828125,1.0
raw,stake_scaled_net_profit,916,29280,29311,32,5.8811161579797044e-05,0.0009506067336180995,34922,1.0,0.8828124999999998,1.3333333333333333
raw,stake_scaled_net_profit,917,29312,29343,32,0.0001109937802539207,0.0016963994242884988,34954,1.0,0.8489583333333333,1.3333333333333333
raw,stake_scaled_net_profit,918,29344,29375,32,8.631311357021332e-05,0.0014568828499425754,34986,1.0,0.8463541666666665,1.0833333333333333
raw,stake_scaled_net_profit,919,29376,29407,32,-1.4375895261764526e-05,0.00034867475508351843,35018,1.0,0.8932291666666666,1.0833333333333333
raw,stake_scaled_net_profit,920,29408,29439,32,1.2606382369995117e-05,0.0002579474407708866,35050,1.0,0.8776041666666665,1.3333333333333333
raw,stake_scaled_net_profit,921,29440,29471,32,0.00015881285071372986,0.002368347367985519,35082,1.0,0.9088541666666665,1.0833333333333333
raw,stake_scaled_net_profit,922,29472,29503,32,8.198127034120262e-06,0.0005139122079289839,35114,1.0,0.8281249999999998,1.3333333333333333
raw,stake_scaled_net_profit,923,29504,29535,32,3.304333222331479e-05,0.0006582415352890249,35146,1.0,0.859375,1.0833333333333333
raw,stake_scaled_net_profit,924,29536,29567,32,-1.7794554878491908e-06,0.0009006837068368643,35178,1.0,0.8932291666666665,1.0833333333333333
raw,stake_scaled_net_profit,925,29568,29599,32,0.00023271639656741172,0.0034355740966031177,35210,1.0,0.8124999999999998,1.3333333333333333
raw,stake_scaled_net_profit,926,29600,29631,32,4.48438040621113e-05,0.00075220559435076,35242,1.0,0.765625,1.0
raw,stake_scaled_net_profit,927,29632,29663,32,-3.600617128540762e-05,0.000673621710914523,35274,1.0,0.9166666666666667,1.0
raw,stake_scaled_net_profit,928,29664,29695,32,-8.162110316334292e-05,0.0012728561528596936,35306,1.0,0.9114583333333331,1.0833333333333333
raw,stake_scaled_net_profit,929,29696,29727,32,4.462524884729646e-05,0.0007329090219591891,35338,1.0,0.8072916666666666,1.0
raw,stake_scaled_net_profit,930,29728,29759,32,0.00021223102521616966,0.0031786050029438072,35370,1.0,0.890625,1.0833333333333333
raw,stake_scaled_net_profit,931,29760,29791,32,0.00012467303895391524,0.0018638748987917988,35402,1.0,0.7838541666666667,1.0833333333333333
raw,stake_scaled_net_profit,932,29792,29823,32,5.9207277445239015e-06,0.00021773483295779993,35434,1.0,0.8984374999999998,1.3333333333333333
raw,stake_scaled_net_profit,933,29824,29855,32,-2.7805566787719727e-05,0.00047534093811709007,35466,1.0,0.8593749999999999,1.0
raw,stake_scaled_net_profit,934,29856,29887,32,-3.4887343645095825e-05,0.0005762211114934214,35498,1.0,0.9114583333333334,1.3333333333333333
raw,stake_scaled_net_profit,935,29888,29919,32,-4.4272590457694605e-05,0.0007137663243732372,35530,1.0,0.8932291666666666,1.3333333333333333
raw,stake_scaled_net_profit,936,29920,29951,32,-2.962350845336914e-05,0.0004948189217514615,35562,1.0,0.9036458333333333,1.3333333333333333
raw,stake_scaled_net_profit,937,29952,29983,32,-6.35981559753418e-05,0.0010015876746372293,35594,1.0,0.8359375000000001,1.3333333333333333
raw,stake_scaled_net_profit,938,29984,30015,32,0.00016617649816907942,0.00248130707849175,35626,1.0,0.7968749999999999,1.0
raw,stake_scaled_net_profit,939,30016,30047,32,-4.002576315542683e-05,0.0006530548472848963,35658,1.0,0.9296875,1.3333333333333333
raw,stake_scaled_net_profit,940,30048,30079,32,1.2608866200025659e-05,0.00021600928946378307,35690,1.0,0.8229166666666665,1.3333333333333333
raw,stake_scaled_net_profit,941,30080,30111,32,-2.4370847313548438e-05,0.00042894307990928903,35722,1.0,0.8880208333333333,1.0833333333333333
raw,stake_scaled_net_profit,942,30112,30143,32,2.8597813070518896e-05,0.000772883298624357,35754,1.0,0.890625,1.0
raw,stake_scaled_net_profit,943,30144,30175,32,-5.100916314404458e-05,0.0008519325292055702,35786,1.0,0.8697916666666665,1.3333333333333333
raw,stake_scaled_net_profit,944,30176,30207,32,-7.935612666187808e-05,0.0012414629635504432,35818,1.0,0.9375,1.3333333333333333
raw,stake_scaled_net_profit,945,30208,30239,32,2.6424724637763575e-05,0.00043938993163939827,35850,1.0,0.84375,1.0
raw,stake_scaled_net_profit,946,30240,30271,32,-5.736698949476704e-05,0.0009217116693709406,35882,1.0,0.8645833333333331,1.0
raw,stake_scaled_net_profit,947,30272,30303,32,2.795581895043142e-05,0.00045221204678329096,35914,1.0,0.8984374999999999,1.0833333333333333
raw,stake_scaled_net_profit,948,30304,30335,32,5.953013896942139e-06,0.00018227683287896687,35946,1.0,0.8671875000000001,1.0
raw,stake_scaled_net_profit,949,30336,30367,32,1.067915718522272e-06,7.03538630267968e-05,35978,1.0,0.8307291666666664,1.0833333333333333
raw,stake_scaled_net_profit,950,30368,30399,32,-2.1900981664657593e-05,0.0003748580495501449,36010,1.0,0.8723958333333331,1.3333333333333333
raw,stake_scaled_net_profit,951,30400,30431,32,-3.138433021376841e-05,0.0005279096157268421,36042,1.0,0.9114583333333333,1.0
raw,stake_scaled_net_profit,952,30432,30463,32,1.32309905893635e-05,0.00027117238249446717,36074,1.0,0.7786458333333333,1.3333333333333333
raw,stake_scaled_net_profit,953,30464,30495,32,0.0001422116911271587,0.0021670456553871406,36106,1.0,0.8411458333333333,1.0
raw,stake_scaled_net_profit,954,30496,30527,32,0.00013662628771271557,0.0020531851341604834,36138,1.0,0.8802083333333333,1.0
raw,stake_scaled_net_profit,955,30528,30559,32,-0.00022656720830127597,0.003383433964928885,36170,1.0,0.8593749999999999,1.3333333333333333
raw,stake_scaled_net_profit,956,30560,30591,32,-9.485209739068523e-05,0.0014817166952860025,36202,1.0,0.9036458333333334,1.0833333333333333
raw,stake_scaled_net_profit,957,30592,30623,32,-2.6717780201579444e-05,0.0004537512752678769,36234,1.0,0.9218749999999999,1.3333333333333333
raw,stake_scaled_net_profit,958,30624,30655,32,-5.833556133438833e-05,0.000933795279391497,36266,1.0,0.9114583333333331,1.3333333333333333
raw,stake_scaled_net_profit,959,30656,30687,32,0.00015882278967183083,0.0023695720940378386,36298,1.0,0.8151041666666665,1.3333333333333333
raw,stake_scaled_net_profit,960,30688,30719,32,3.5449862480163574e-05,0.0006557490984447835,36330,1.0,0.8776041666666666,1.0833333333333333
raw,stake_scaled_net_profit,961,30720,30751,32,5.960462203802308e-07,0.00011411178415623008,36362,1.0,0.8515625,1.3333333333333333
raw,stake_scaled_net_profit,962,30752,30783,32,1.4007073332322761e-06,0.0002716278366444592,36394,1.0,0.8333333333333333,1.0
raw,stake_scaled_net_profit,963,30784,30815,32,-4.770358282257803e-05,0.0007907678852053146,36426,1.0,0.8489583333333334,1.0
raw,stake_scaled_net_profit,964,30816,30847,32,-0.00019349406647961587,0.002938373801502393,36458,1.0,0.880208333333333,1.3333333333333333
raw,stake_scaled_net_profit,965,30848,30879,32,2.1665047825081274e-05,0.00041880202143825766,36490,1.0,0.9713541666666665,1.3333333333333333
raw,stake_scaled_net_profit,966,30880,30911,32,-2.5103488951572217e-05,0.0004274691016120359,36522,1.0,0.8281250000000003,1.0833333333333333
raw,stake_scaled_net_profit,967,30912,30943,32,-1.0182461664953735e-06,0.00012241380217879066,36554,1.0,0.9010416666666666,1.3333333333333333
raw,stake_scaled_net_profit,968,30944,30975,32,-3.7380803405540064e-05,0.0008011541889311017,36586,1.0,0.9010416666666666,1.3333333333333333
raw,stake_scaled_net_profit,969,30976,31007,32,-3.9838258089730516e-05,0.0006698246053826524,36618,1.0,0.8697916666666665,1.3333333333333333
raw,stake_scaled_net_profit,970,31008,31039,32,-0.00018908330821432173,0.0028244956852642175,36650,1.0,0.8854166666666666,1.3333333333333333
raw,stake_scaled_net_profit,971,31040,31071,32,-3.989537799498066e-05,0.0006920844003022419,36682,1.0,0.8645833333333333,1.0
raw,stake_scaled_net_profit,972,31072,31103,32,3.074606865993701e-06,0.00015737843815818637,36714,1.0,0.8177083333333334,1.3333333333333333
raw,stake_scaled_net_profit,973,31104,31135,32,0.00018549214291851968,0.0027825132302505607,36746,1.0,0.9505208333333331,1.3333333333333333
raw,stake_scaled_net_profit,974,31136,31167,32,-1.56139321916271e-05,0.0003363985454413835,36778,1.0,0.8645833333333334,1.0
raw,stake_scaled_net_profit,975,31168,31199,32,2.022211810981389e-05,0.0003425216657438054,36810,1.0,0.8749999999999998,1.0833333333333333
raw,stake_scaled_net_profit,976,31200,31231,32,0.00011922294652322307,0.0017708038394573212,36842,1.0,0.9036458333333333,1.0833333333333333
raw,stake_scaled_net_profit,977,31232,31263,32,9.45006831898354e-05,0.0014555547329796568,36874,1.0,0.8958333333333333,1.3333333333333333
raw,stake_scaled_net_profit,978,31264,31295,32,-2.893060263886582e-05,0.0005421447457382328,36906,1.0,0.8385416666666666,1.3333333333333333
raw,stake_scaled_net_profit,979,31296,31327,32,-0.0001585322170285508,0.002363801320302013,36938,1.0,0.8958333333333334,1.3333333333333333
raw,stake_scaled_net_profit,980,31328,31359,32,2.4586796598669025e-07,0.00019151690402287249,36970,1.0,0.8802083333333335,1.0
raw,stake_scaled_net_profit,981,31360,31391,32,-1.3229750038590282e-05,0.0005133876210111228,37002,1.0,0.8671874999999998,1.3333333333333333
raw,stake_scaled_net_profit,982,31392,31423,32,3.1496088922722265e-05,0.0006227843519060743,37034,1.0,0.8854166666666666,1.0
raw,stake_scaled_net_profit,983,31424,31455,32,-1.689915734459646e-05,0.0003168704469582998,37066,1.0,0.8567708333333331,1.0833333333333333
raw,stake_scaled_net_profit,984,31456,31487,32,-0.00020358215260785073,0.0030874136467499837,37098,1.0,0.9218749999999999,1.3333333333333333
raw,stake_scaled_net_profit,985,31488,31519,32,-6.880610453663394e-05,0.001114164588568313,37130,1.0,0.9166666666666666,1.3333333333333333
raw,stake_scaled_net_profit,986,31520,31551,32,-0.00012054914986947551,0.0018435358809083234,37162,1.0,0.8828124999999999,1.0833333333333333
raw,stake_scaled_net_profit,987,31552,31583,32,9.272993338527158e-05,0.0014121212379912698,37194,1.0,0.8619791666666666,1.0833333333333333
raw,stake_scaled_net_profit,988,31584,31615,32,-7.467964678653516e-06,0.0001785781001503113,37226,1.0,0.8749999999999999,1.3333333333333333
raw,stake_scaled_net_profit,989,31616,31647,32,-0.00019028161477763206,0.0029022320104499662,37258,1.0,0.8385416666666666,1.3333333333333333
raw,stake_scaled_net_profit,990,31648,31679,32,-2.6935093046631664e-05,0.001355876991384688,37290,1.0,0.9296874999999999,1.0833333333333333
raw,stake_scaled_net_profit,991,31680,31711,32,-2.0923711417708546e-05,0.00036393170045510766,37322,1.0,0.9427083333333333,1.3333333333333333
raw,stake_scaled_net_profit,992,31712,31743,32,-0.00016842286277096719,0.0025366031740771183,37354,1.0,0.8854166666666666,2.5
raw,stake_scaled_net_profit,993,31744,31775,32,-2.905850669776555e-05,0.0004723455868484389,37386,1.0,0.8489583333333334,1.0833333333333333
raw,stake_scaled_net_profit,994,31776,31807,32,2.620120721985586e-05,0.00044465673577608517,37418,1.0,0.8619791666666665,1.3333333333333333
raw,stake_scaled_net_profit,995,31808,31839,32,-8.596231054980308e-05,0.0013516775602450484,37450,1.0,0.9843749999999999,1.3333333333333333
raw,stake_scaled_net_profit,996,31840,31871,32,2.502029383322224e-05,0.00043335007636601544,37482,1.0,0.8932291666666665,1.3333333333333333
raw,stake_scaled_net_profit,997,31872,31903,32,-4.465381607587915e-06,0.0001637683975406154,37514,1.0,0.8593749999999998,1.3333333333333333
raw,stake_scaled_net_profit,998,31904,31935,32,4.3752290366683155e-05,0.0007128131996824984,37546,1.0,0.8828125,1.3333333333333333
raw,stake_scaled_net_profit,999,31936,31967,32,-7.487957191187888e-05,0.0011942046904492667,37578,1.0,0.9140624999999999,1.0833333333333333
raw,stake_scaled_net_profit,1000,31968,31999,32,-0.0001741647720336914,0.002624629525082122,37610,1.0,0.8828124999999999,1.0833333333333333
features,net_profit,1,0,31,32,-1.504051685333252,1.1743693619161568,50,1.5625,4.40625,8.0
features,net_profit,2,32,63,32,-1.5552290678024292,0.5827348730576956,93,1.34375,4.8125,8.0
features,net_profit,3,64,95,32,0.07260948419570923,0.7883162446671753,139,1.4375,4.21875,6.0
features,net_profit,4,96,127,32,0.5995301008224487,0.5504605484728164,182,1.34375,4.484375,8.0
features,net_profit,5,128,159,32,-0.846238374710083,0.5544721648943006,227,1.40625,4.203125,8.0
features,net_profit,6,160,191,32,-1.2950711250305176,0.881470170009876,271,1.375,4.59375,6.5
features,net_profit,7,192,223,32,-0.09111319482326508,0.9378231675020688,324,1.65625,4.109375,7.0
features,net_profit,8,224,255,32,-3.069946050643921,0.667064954118539,373,1.53125,4.328125,6.0
features,net_profit,9,256,287,32,-0.5838823318481445,1.152348531767706,420,1.46875,4.390625,8.0
features,net_profit,10,288,319,32,-0.006589144468307495,0.7729637088149275,459,1.21875,4.625,8.0
features,net_profit,11,320,351,32,1.0053004026412964,0.9532499611847747,501,1.3125,4.171875,6.5
features,net_profit,12,352,383,32,-1.4482014179229736,0.9501688563117264,551,1.5625,4.09375,8.0
features,net_profit,13,384,415,32,-2.0286781787872314,0.7510189573569362,594,1.34375,4.453125,8.0
features,net_profit,14,416,447,32,0.6884236931800842,1.7313298350132975,647,1.65625,3.875,8.0
features,net_profit,15,448,479,32,-0.5560275316238403,1.4133361622532779,691,1.375,4.34375,6.0
features,net_profit,16,480,511,32,-0.7418850660324097,0.6883032512480131,731,1.25,4.703125,6.0
features,net_profit,17,512,543,32,-1.7000682353973389,0.8949878314281509,775,1.375,3.875,8.0
features,net_profit,18,544,575,32,0.8513792157173157,1.15368519608909,817,1.3125,4.125,7.0
features,net_profit,19,576,607,32,-0.1876409649848938,1.289531373678829,862,1.40625,4.125,6.5
features,net_profit,20,608,639,32,-1.1333333253860474,1.2334542659821484,903,1.28125,3.96875,6.0
features,net_profit,21,640,671,32,-0.8939626216888428,1.6469931401711981,945,1.3125,4.421875,8.0
features,net_profit,22,672,703,32,-0.9568294286727905,0.6747440168301112,983,1.1875,4.5,6.0
features,net_profit,23,704,735,32,-0.5056356191635132,2.370146351558314,1028,1.40625,4.234375,6.0
features,net_profit,24,736,767,32,-0.5569251775741577,2.5244112003513117,1068,1.25,4.796875,8.0
features,net_profit,25,768,799,32,0.35222116112709045,1.0082354997077423,1111,1.34375,4.265625,6.0
features,net_profit,26,800,831,32,-0.8107107877731323,1.6697480181649547,1156,1.40625,4.4375,8.0
features,net_profit,27,832,863,32,-1.2834326028823853,0.965546331717232,1199,1.34375,4.28125,6.0
features,net_profit,28,864,895,32,-0.715520977973938,2.485774054246973,1240,1.28125,4.15625,8.0
features,net_profit,29,896,927,32,-0.10103607922792435,1.4846160132974693,1279,1.21875,4.6875,7.0
features,net_profit,30,928,959,32,1.2257634401321411,1.0683676509180478,1316,1.15625,4.703125,7.0
features,net_profit,31,960,991,32,-1.325161099433899,1.9435346729546923,1351,1.09375,5.25,8.0
features,net_profit,32,992,1023,32,-0.47293820977211,1.147412443539157,1387,1.125,4.765625,6.0
features,net_profit,33,1024,1055,32,-0.00244748592376709,0.9520494726288262,1422,1.09375,4.46875,6.5
features,net_profit,34,1056,1087,32,-0.7349897027015686,1.95538901176929,1462,1.25,4.71875,6.5
features,net_profit,35,1088,1119,32,-0.49105435609817505,1.2602711114919543,1499,1.15625,4.53125,6.0
features,net_profit,36,1120,1151,32,0.40145573019981384,2.204246031431047,1532,1.03125,4.671875,8.0
features,net_profit,37,1152,1183,32,0.7767022848129272,2.3658238225868047,1569,1.15625,4.953125,6.0
features,net_profit,38,1184,1215,32,-0.9971649646759033,2.085137412703993,1609,1.25,4.6875,6.0
features,net_profit,39,1216,1247,32,1.199537754058838,3.1349850697148347,1647,1.1875,4.84375,8.0
features,net_profit,40,1248,1279,32,0.45543092489242554,2.2663450404205387,1684,1.15625,4.875,8.0
features,net_profit,41,1280,1311,32,-0.7757251262664795,1.4376396516330299,1722,1.1875,5.1875,8.0
features,net_profit,42,1312,1343,32,-0.07021477818489075,2.786986770087841,1759,1.15625,4.296875,6.5
features,net_profit,43,1344,1375,32,6.527027606964111,23.31734980434099,1799,1.25,20.015625,505.0
features,net_profit,44,1376,1407,32,0.40703725814819336,1.816161836679386,1839,1.25,4.609375,6.0
features,net_profit,45,1408,1439,32,0.6281629800796509,2.2269573782988763,1874,1.09375,4.9375,6.5
features,net_profit,46,1440,1471,32,-1.5826163291931152,2.3370593745829247,1909,1.09375,5.171875,7.0
features,net_profit,47,1472,1503,32,-1.3919779062271118,1.7466561154403546,1947,1.1875,4.90625,6.0
features,net_profit,48,1504,1535,32,-1.3311619758605957,1.332514173615639,1980,1.03125,5.4375,6.0
features,net_profit,49,1536,1567,32,0.29320842027664185,1.0874165989152875,2015,1.09375,4.625,8.0
features,net_profit,50,1568,1599,32,0.21648627519607544,4.5629097726701,2052,1.15625,5.0,6.0
features,net_profit,51,1600,1631,32,-1.7048547267913818,1.4291221818370532,2089,1.15625,4.890625,6.0
features,net_profit,52,1632,1663,32,0.36052876710891724,2.1448826213663525,2124,1.09375,6.40625,55.0
features,net_profit,53,1664,1695,32,-1.362783432006836,1.7164263983141343,2157,1.03125,5.1875,8.0
features,net_profit,54,1696,1727,32,-1.1897112131118774,1.0328502526257461,2190,1.03125,4.78125,6.0
features,net_profit,55,1728,1759,32,-0.8242347240447998,1.6102445522320517,2226,1.125,5.40625,8.0
features,net_profit,56,1760,1791,32,-0.2767922580242157,0.8698107960175415,2259,1.03125,5.234375,8.0
features,net_profit,57,1792,1823,32,0.9601412415504456,2.294135896005732,2294,1.09375,4.40625,6.0
features,net_profit,58,1824,1855,32,0.3816452622413635,0.4692179870497975,2326,1.0,5.125,8.0
features,net_profit,59,1856,1887,32,-0.9311679005622864,0.7437713827634687,2359,1.03125,5.359375,8.0
features,net_profit,60,1888,1919,32,-1.4950042963027954,1.6684913289268142,2394,1.09375,5.234375,8.0
features,net_profit,61,1920,1951,32,-0.5807480812072754,0.7068221769852459,2428,1.0625,5.28125,6.5
features,net_profit,62,1952,1983,32,-0.7066752910614014,1.2806550045173206,2461,1.03125,5.15625,6.0
features,net_profit,63,1984,2015,32,-0.18709494173526764,1.5834456045608176,2494,1.03125,5.765625,15.0
features,net_profit,64,2016,2047,32,0.3161570727825165,2.659107110394325,2528,1.0625,5.078125,8.0
features,net_profit,65,2048,2079,32,-0.33519941568374634,1.3262462095625693,2561,1.03125,4.921875,6.5
features,net_profit,66,2080,2111,32,1.1738492250442505,0.8237819689108277,2597,1.125,4.59375,8.0
features,net_profit,67,2112,2143,32,-0.07473959028720856,0.7255052143639129,2630,1.03125,5.140625,6.5
features,net_profit,68,2144,2175,32,0.6135538220405579,1.304467983773324,2664,1.0625,5.09375,6.5
features,net_profit,69,2176,2207,32,-0.12012031674385071,1.4029620336288517,2697,1.03125,5.046875,8.0
features,net_profit,70,2208,2239,32,-1.749645709991455,3.863158440746637,2729,1.0,5.15625,8.0
features,net_profit,71,2240,2271,32,-1.2972005605697632,0.9688777012965455,2767,1.1875,5.0,6.0
features,net_profit,72,2272,2303,32,-0.5350472331047058,0.732487801489894,2801,1.0625,5.0625,6.0
features,net_profit,73,2304,2335,32,-0.362257182598114,0.7387549030865423,2834,1.03125,4.953125,6.5
features,net_profit,74,2336,2367,32,-0.398459792137146,1.7124833686129497,2873,1.21875,5.109375,8.0
features,net_profit,75,2368,2399,32,-0.12552864849567413,1.4741813865188464,2907,1.0625,5.078125,15.0
features,net_profit,76,2400,2431,32,0.1004113256931305,1.873861442731843,2939,1.0,5.265625,6.5
features,net_profit,77,2432,2463,32,0.6537514328956604,1.6294372533853745,2973,1.0625,4.78125,8.0
features,net_profit,78,2464,2495,32,-0.3117351531982422,2.3397925155602297,3009,1.125,4.59375,6.0
features,net_profit,79,2496,2527,32,-0.601941704750061,2.443385974966471,3043,1.0625,5.234375,8.0
features,net_profit,80,2528,2559,32,-0.34738069772720337,0.8930711424855811,3077,1.0625,5.5,8.0
features,net_profit,81,2560,2591,32,-0.5141717791557312,0.6650133876283023,3109,1.0,4.890625,6.5
features,net_profit,82,2592,2623,32,-1.4571213722229004,1.2332578280093502,3143,1.0625,5.203125,6.5
features,net_profit,83,2624,2655,32,0.7813477516174316,2.0621700793794067,3177,1.0625,4.875,6.0
features,net_profit,84,2656,2687,32,-0.5350141525268555,1.60641870303316,3211,1.0625,5.515625,8.0
features,net_profit,85,2688,2719,32,0.8122745752334595,1.8765017697698982,3244,1.03125,5.453125,8.0
features,net_profit,86,2720,2751,32,0.0986754447221756,1.0043733986136805,3278,1.0625,4.890625,8.0
features,net_profit,87,2752,2783,32,-0.3998588025569916,0.8133341575991829,3311,1.03125,4.8125,8.0
features,net_profit,88,2784,2815,32,0.3533788323402405,1.722562166384068,3345,1.0625,5.03125,8.0
features,net_profit,89,2816,2847,32,-0.17073139548301697,0.49143250068311933,3377,1.0,4.90625,8.0
features,net_profit,90,2848,2879,32,0.29325515031814575,0.6930603871368337,3410,1.03125,4.6875,6.0
features,net_profit,91,2880,2911,32,-0.21614211797714233,0.9106174342736989,3443,1.03125,5.09375,8.0
features,net_profit,92,2912,2943,32,1.472847819328308,2.8155363316330195,3475,1.0,5.28125,8.0
features,net_profit,93,2944,2975,32,-0.49939268827438354,1.2388206058756945,3507,1.0,5.375,8.0
features,net_profit,94,2976,3007,32,0.2440619319677353,0.9834553223458354,3540,1.03125,4.671875,8.0
features,net_profit,95,3008,3039,32,0.0067308805882930756,2.0290324800339703,3573,1.03125,5.4375,8.0
features,net_profit,96,3040,3071,32,-0.11347305774688721,1.0856389604961272,3606,1.03125,4.90625,8.0
features,net_profit,97,3072,3103,32,0.21267805993556976,3.0123304822137387,3639,1.03125,5.25,8.0
features,net_profit,98,3104,3135,32,-0.21038809418678284,0.5659907559758224,3671,1.0,4.96875,6.0
features,net_profit,99,3136,3167,32,0.7667357325553894,1.4612341028173932,3703,1.0,5.25,15.0
features,net_profit,100,3168,3199,32,-0.6539821624755859,0.6627096041259332,3735,1.0,5.515625,8.0
features,net_profit,101,3200,3231,32,0.8767897486686707,1.4958065490586852,3769,1.0625,5.328125,6.5
features,net_profit,102,3232,3263,32,-0.007356617599725723,0.3966161628625861,3801,1.0,5.015625,8.0
features,net_profit,103,3264,3295,32,0.05681610852479935,0.9498162791678247,3837,1.125,5.234375,8.0
features,net_profit,104,3296,3327,32,-0.9328762292861938,1.4627330646862433,3871,1.0625,5.375,8.0
features,net_profit,105,3328,3359,32,0.2240426242351532,2.2162384152993164,3904,1.03125,5.015625,6.0
features,net_profit,106,3360,3391,32,-0.8522272706031799,1.7095651046608544,3939,1.09375,4.703125,8.0
features,net_profit,107,3392,3423,32,-1.1385107040405273,1.9775004335606063,3975,1.125,5.125,8.0
features,net_profit,108,3424,3455,32,0.08170217275619507,1.2485481558082103,4009,1.0625,5.0625,8.0
features,net_profit,109,3456,3487,32,0.3594285845756531,1.2896629945125804,4046,1.15625,5.125,8.0
features,net_profit,110,3488,3519,32,-0.9593178629875183,2.7278960699455896,4079,1.03125,5.109375,6.5
features,net_profit,111,3520,3551,32,-0.7616080641746521,0.9847816345736595,4112,1.03125,5.140625,8.0
features,net_profit,112,3552,3583,32,-1.0523552894592285,2.107280851834382,4148,1.125,4.75,6.0
features,net_profit,113,3584,3615,32,-0.012719213962554932,0.8814801842080852,4180,1.0,4.765625,6.5
features,net_profit,114,3616,3647,32,-2.246633529663086,4.465333356428123,4217,1.15625,4.90625,8.0
features,net_profit,115,3648,3679,32,-0.029703155159950256,1.3906374906537768,4251,1.0625,4.859375,6.5
features,net_profit,116,3680,3711,32,-0.6916006803512573,1.2193013431889226,4284,1.03125,5.3125,7.0
features,net_profit,117,3712,3743,32,-0.046908289194107056,2.3932114174056585,4317,1.03125,5.15625,8.0
features,net_profit,118,3744,3775,32,-0.4987133741378784,1.554699561569029,4350,1.03125,5.34375,6.0
features,net_profit,119,3776,3807,32,-1.0958337783813477,3.0731668233186644,4387,1.15625,4.71875,8.0
features,net_profit,120,3808,3839,32,-0.029007434844970703,1.2187035382328695,4420,1.03125,5.03125,6.5
features,net_profit,121,3840,3871,32,-0.23674091696739197,3.3832053614323545,4455,1.09375,5.171875,6.5
features,net_profit,122,3872,3903,32,-1.980177640914917,3.401974501013406,4490,1.09375,4.828125,6.5
features,net_profit,123,3904,3935,32,0.48129895329475403,1.6557634671741488,4524,1.0625,5.171875,15.0
features,net_profit,124,3936,3967,32,0.29531946778297424,1.9020015033738151,4558,1.0625,5.203125,8.0
features,net_profit,125,3968,3999,32,0.4713825583457947,1.2461645186702586,4591,1.03125,4.71875,6.5
features,net_profit,126,4000,4031,32,0.5915621519088745,1.0674751300309968,4626,1.09375,4.828125,8.0
features,net_profit,127,4032,4063,32,1.2118661403656006,2.856339620019821,4660,1.0625,5.25,8.0
features,net_profit,128,4064,4095,32,1.3457915782928467,2.529002709668168,4693,1.03125,4.890625,8.0
features,net_profit,129,4096,4127,32,-1.1332931518554688,1.2179549415388151,4729,1.125,5.125,8.0
features,net_profit,130,4128,4159,32,-0.849517822265625,2.0242300301389813,4763,1.0625,5.328125,6.5
features,net_profit,131,4160,4191,32,-0.046503111720085144,3.152908054174943,4798,1.09375,5.03125,8.0
features,net_profit,132,4192,4223,32,-2.384927988052368,3.252158864085937,4834,1.125,4.765625,6.5
features,net_profit,133,4224,4255,32,-0.27389711141586304,1.410066700542726,4870,1.125,4.546875,6.0
features,net_profit,134,4256,4287,32,-1.1577579975128174,2.120655754227993,4906,1.125,4.9375,6.0
features,net_profit,135,4288,4319,32,-0.9898346066474915,1.9820535805245314,4943,1.15625,4.875,6.0
features,net_profit,136,4320,4351,32,-1.0284346342086792,1.3560662052340209,4976,1.03125,5.5,8.0
features,net_profit,137,4352,4383,32,-0.19671589136123657,2.369625460868336,5008,1.0,5.15625,8.0
features,net_profit,138,4384,4415,32,-0.5338837504386902,2.593681732653712,5044,1.125,4.8125,6.5
features,net_profit,139,4416,4447,32,-0.9993169903755188,1.7734272492485732,5077,1.03125,4.9375,8.0
features,net_profit,140,4448,4479,32,0.3481578826904297,1.9469589968196725,5113,1.125,4.859375,8.0
features,net_profit,141,4480,4511,32,-2.354403257369995,3.49805472975627,5151,1.1875,4.609375,6.5
features,net_profit,142,4512,4543,32,-0.3764854073524475,1.78711978945819,5186,1.09375,4.9375,6.0
features,net_profit,143,4544,4575,32,-0.8202412128448486,1.0921185914723983,5220,1.0625,5.546875,8.0
features,net_profit,144,4576,4607,32,0.3583598732948303,1.0586728806080947,5253,1.03125,5.25,7.0
features,net_profit,145,4608,4639,32,-0.9777899980545044,1.457634196404539,5289,1.125,4.28125,6.0
features,net_profit,146,4640,4671,32,0.1566394716501236,1.687105196382477,5324,1.09375,5.421875,8.0
features,net_profit,147,4672,4703,32,-1.0909101963043213,1.6514560251023112,5359,1.09375,4.875,6.0
features,net_profit,148,4704,4735,32,-0.6204851269721985,0.8688577074913553,5394,1.09375,5.15625,8.0
features,net_profit,149,4736,4767,32,0.22076895833015442,2.3600715017898923,5427,1.03125,5.109375,6.5
features,net_profit,150,4768,4799,32,-0.5814517140388489,1.9323567314783592,5461,1.0625,4.921875,6.0
features,net_profit,151,4800,4831,32,-0.9486684203147888,2.407592619433812,5496,1.09375,5.09375,6.5
features,net_profit,152,4832,4863,32,-0.21438488364219666,0.7964447088321672,5532,1.125,4.796875,6.0
features,net_profit,153,4864,4895,32,-0.0954509973526001,1.2665958974705536,5567,1.09375,4.90625,6.5
features,net_profit,154,4896,4927,32,0.7974777817726135,0.8049702282406012,5604,1.15625,4.96875,8.0
features,net_profit,155,4928,4959,32,0.7353638410568237,1.2963973860389313,5637,1.03125,5.109375,8.0
features,net_profit,156,4960,4991,32,-1.242352843284607,1.3287569052576018,5673,1.125,4.890625,6.5
features,net_profit,157,4992,5023,32,-0.5054694414138794,1.0642156463677837,5706,1.03125,5.4375,8.0
features,net_profit,158,5024,5055,32,-1.2734578847885132,1.3664639990776,5743,1.15625,4.625,6.0
features,net_profit,159,5056,5087,32,-1.4945087432861328,1.210032427790806,5778,1.09375,5.421875,6.5
features,net_profit,160,5088,5119,32,0.35821354389190674,1.3524009112449769,5812,1.0625,4.484375,6.5
features,net_profit,161,5120,5151,32,-1.1840264797210693,1.042455729786529,5845,1.03125,5.15625,8.0
features,net_profit,162,5152,5183,32,-0.44056323170661926,0.8250778300674066,5878,1.03125,4.609375,6.5
features,net_profit,163,5184,5215,32,-0.3525561988353729,2.141129759694289,5910,1.0,5.59375,8.0
features,net_profit,164,5216,5247,32,0.6279752254486084,1.2699845720923084,5943,1.03125,5.484375,8.0
features,net_profit,165,5248,5279,32,-0.012980259954929352,0.9055368314107103,5976,1.03125,4.90625,6.5
features,net_profit,166,5280,5311,32,0.6206417679786682,1.4094258640189563,6011,1.09375,4.65625,6.0
features,net_profit,167,5312,5343,32,0.3849983215332031,1.1261279889314737,6045,1.0625,5.546875,8.0
features,net_profit,168,5344,5375,32,0.3933045268058777,1.1952543106214097,6079,1.0625,4.90625,8.0
features,net_profit,169,5376,5407,32,-0.0728764533996582,1.4631674364754645,6115,1.125,4.9375,8.0
features,net_profit,170,5408,5439,32,-0.9714478254318237,1.8173621430130058,6151,1.125,4.75,8.0
features,net_profit,171,5440,5471,32,-0.1915392279624939,0.7771400497574495,6186,1.09375,4.96875,8.0
features,net_profit,172,5472,5503,32,0.2195245623588562,2.111438393627529,6220,1.0625,4.8125,6.0
features,net_profit,173,5504,5535,32,-0.06334857642650604,0.7738316976808023,6253,1.03125,5.125,8.0
features,net_profit,174,5536,5567,32,0.9366846084594727,2.426980083593113,6288,1.09375,4.921875,8.0
features,net_profit,175,5568,5599,32,-0.5750715732574463,0.6989220896442839,6320,1.0,5.71875,15.0
features,net_profit,176,5600,5631,32,-0.405465304851532,0.7089365887058563,6356,1.125,5.390625,8.0
features,net_profit,177,5632,5663,32,-0.6395290493965149,0.6880448464508365,6390,1.0625,5.25,15.0
features,net_profit,178,5664,5695,32,0.9757958054542542,1.5620118263157419,6425,1.09375,4.609375,6.0
features,net_profit,179,5696,5727,32,-1.2224156856536865,2.0452313041944166,6459,1.0625,4.953125,8.0
features,net_profit,180,5728,5759,32,0.9958124160766602,1.692701320405077,6496,1.15625,4.71875,8.0
features,net_profit,181,5760,5791,32,-0.6400656700134277,1.0504646424917798,6530,1.0625,4.671875,6.0
features,net_profit,182,5792,5823,32,-0.1625293642282486,1.7614719607039606,6567,1.15625,4.8125,6.0
features,net_profit,183,5824,5855,32,0.025574445724487305,1.7390670250953242,6603,1.125,5.078125,8.0
features,net_profit,184,5856,5887,32,-0.6054115295410156,0.7362386481344843,6642,1.21875,4.515625,6.5
features,net_profit,185,5888,5919,32,0.7654680609703064,0.8743526307694807,6677,1.09375,4.9375,8.0
features,net_profit,186,5920,5951,32,-1.3142485618591309,1.6893831814802058,6715,1.1875,4.703125,7.0
features,net_profit,187,5952,5983,32,-0.6145159602165222,1.458542972418166,6751,1.125,4.9375,8.0
features,net_profit,188,5984,6015,32,-1.1307717561721802,1.426704087955083,6786,1.09375,4.828125,6.0
features,net_profit,189,6016,6047,32,-1.5096386671066284,1.0733146293427025,6821,1.09375,5.296875,6.5
features,net_profit,190,6048,6079,32,0.04986126720905304,2.3647200315464736,6856,1.09375,5.53125,8.0
features,net_profit,191,6080,6111,32,-0.6492722034454346,1.3404705113260966,6890,1.0625,5.0625,8.0
features,net_profit,192,6112,6143,32,-1.984853982925415,2.265935107702268,6927,1.15625,4.953125,6.5
features,net_profit,193,6144,6175,32,-0.9216223359107971,0.7563403229764719,6964,1.15625,4.890625,8.0
features,net_profit,194,6176,6207,32,-0.03303016722202301,1.4439674670988447,7003,1.21875,4.46875,6.5
features,net_profit,195,6208,6239,32,-0.602601170539856,1.286086609190006,7040,1.15625,4.9375,6.0
features,net_profit,196,6240,6271,32,0.1002444326877594,3.189994189847846,7076,1.125,5.046875,6.5
features,net_profit,197,6272,6303,32,-2.051494836807251,1.8337772065796922,7114,1.1875,4.734375,8.0
features,net_profit,198,6304,6335,32,-0.7472265958786011,1.1459108545365457,7157,1.34375,4.421875,6.0
features,net_profit,199,6336,6367,32,-0.05817917734384537,1.7636244276834054,7194,1.15625,4.71875,8.0
features,net_profit,200,6368,6399,32,-1.409677267074585,2.233840847102815,7232,1.1875,4.953125,8.0
features,net_profit,201,6400,6431,32,-0.03328263759613037,2.407173660824168,7274,1.3125,4.296875,6.5
features,net_profit,202,6432,6463,32,-1.2570796012878418,1.512375504119188,7309,1.09375,4.90625,8.0
features,net_profit,203,6464,6495,32,-0.3263893723487854,1.0236045478017626,7348,1.21875,4.15625,6.0
features,net_profit,204,6496,6527,32,-1.2072694301605225,3.4897319279851136,7387,1.21875,4.1875,6.0
features,net_profit,205,6528,6559,32,-0.028272230178117752,1.4087805292672808,7421,1.0625,4.4375,6.0
features,net_profit,206,6560,6591,32,-0.2753274738788605,2.428954546346361,7458,1.15625,5.125,6.0
features,net_profit,207,6592,6623,32,0.5671172142028809,3.902546158054372,7494,1.125,5.078125,13.0
features,net_profit,208,6624,6655,32,-1.9934015274047852,2.7170860659273672,7530,1.125,5.28125,6.0
features,net_profit,209,6656,6687,32,-0.5944300293922424,1.9209243074364786,7568,1.1875,5.0625,8.0
features,net_profit,210,6688,6719,32,-0.6339281797409058,3.0678234258015205,7610,1.3125,4.515625,6.0
features,net_profit,211,6720,6751,32,0.8552143573760986,0.9766896275598489,7648,1.1875,4.71875,8.0
features,net_profit,212,6752,6783,32,-2.0154330730438232,2.658431506069958,7691,1.34375,4.4375,6.0
features,net_profit,213,6784,6815,32,0.8861140012741089,2.0463409113288824,7733,1.3125,4.609375,6.0
features,net_profit,214,6816,6847,32,2.8931803703308105,10.067754852671774,7779,1.4375,6.140625,52.0
features,net_profit,215,6848,6879,32,-0.5388097763061523,0.9728599630604226,7816,1.15625,4.59375,8.0
features,net_profit,216,6880,6911,32,1.6419193744659424,4.751159936063821,7866,1.5625,5.78125,55.0
features,net_profit,217,6912,6943,32,1.216540813446045,1.3195189396849,7915,1.53125,4.46875,8.0
features,net_profit,218,6944,6975,32,1.018420934677124,1.52272190863313,7962,1.46875,4.140625,7.0
features,net_profit,219,6976,7007,32,-2.07853627204895,2.146964601876683,8012,1.5625,4.421875,6.0
features,net_profit,220,7008,7039,32,1.1781394481658936,2.0317652265675337,8057,1.40625,4.03125,6.0
features,net_profit,221,7040,7071,32,-1.1114954948425293,2.5115073444845284,8099,1.3125,4.71875,6.0
features,net_profit,222,7072,7103,32,-0.7404469847679138,0.9290389379019397,8147,1.5,4.328125,8.0
features,net_profit,223,7104,7135,32,0.5508584976196289,1.442221651090002,8196,1.53125,4.3125,15.0
features,net_profit,224,7136,7167,32,0.019820034503936768,1.16312565200494,8244,1.5,4.328125,7.0
features,net_profit,225,7168,7199,32,1.2814887762069702,2.605366589980826,8292,1.5,3.859375,6.0
features,net_profit,226,7200,7231,32,-0.2701992690563202,1.7505395380705755,8345,1.65625,3.84375,6.0
features,net_profit,227,7232,7263,32,-0.4830745458602905,0.8519598876790613,8396,1.59375,4.078125,6.0
features,net_profit,228,7264,7295,32,-0.8641866445541382,0.7578850615039652,8446,1.5625,4.15625,8.0
features,net_profit,229,7296,7327,32,-1.9247429370880127,1.7965810209666053,8493,1.46875,4.4375,8.0
features,net_profit,230,7328,7359,32,-1.0703582763671875,1.2613842206478603,8546,1.65625,4.21875,8.0
features,net_profit,231,7360,7391,32,-2.2190184593200684,1.6101431824063828,8594,1.5,4.59375,8.0
features,net_profit,232,7392,7423,32,-3.3639540672302246,1.3984054964322188,8643,1.53125,4.609375,6.0
features,net_profit,233,7424,7455,32,0.4469350278377533,0.7383222825340866,8694,1.59375,3.984375,6.0
features,net_profit,234,7456,7487,32,-1.821104884147644,1.085458111893952,8751,1.78125,3.890625,6.0
features,net_profit,235,7488,7519,32,-0.04712300002574921,1.9053184727712023,8797,1.4375,4.40625,6.5
features,net_profit,236,7520,7551,32,-0.2750619649887085,2.249161774844824,8846,1.53125,3.5,6.0
features,net_profit,237,7552,7583,32,-1.3282322883605957,0.8530029459472551,8891,1.40625,4.671875,6.5
features,net_profit,238,7584,7615,32,1.5252472162246704,2.819961060911915,8935,1.375,4.34375,8.0
features,net_profit,239,7616,7647,32,1.1448948383331299,2.4381493980013222,8992,1.78125,3.625,6.5
features,net_profit,240,7648,7679,32,0.5538359880447388,0.8785895745710113,9037,1.40625,4.28125,6.0
features,net_profit,241,7680,7711,32,-1.5108438730239868,1.4701233680662642,9076,1.21875,4.640625,6.5
features,net_profit,242,7712,7743,32,0.014704614877700806,1.072791097488641,9119,1.34375,4.4375,6.0
features,net_profit,243,7744,7775,32,0.4732404351234436,1.375567544748622,9169,1.5625,4.1875,8.0
features,net_profit,244,7776,7807,32,-0.4650106728076935,2.4382841048047803,9223,1.6875,4.03125,8.0
features,net_profit,245,7808,7839,32,0.12624558806419373,1.2058179372364126,9270,1.46875,4.234375,7.0
features,net_profit,246,7840,7871,32,-2.4667317867279053,2.18786552981376,9315,1.40625,4.34375,6.0
features,net_profit,247,7872,7903,32,-0.5651230812072754,2.440020643269063,9363,1.5,4.015625,7.0
features,net_profit,248,7904,7935,32,0.284495085477829,0.8259871713513881,9415,1.625,4.109375,8.0
features,net_profit,249,7936,7967,32,-1.5605309009552002,1.5982400598152446,9461,1.4375,4.296875,6.0
features,net_profit,250,7968,7999,32,0.544174075126648,1.3010734525548655,9506,1.40625,4.390625,8.0
features,net_profit,251,8000,8031,32,0.58095383644104,1.2556348502088484,9548,1.3125,3.890625,6.5
features,net_profit,252,8032,8063,32,-1.0023385286331177,2.921079527580639,9595,1.46875,4.21875,6.0
features,net_profit,253,8064,8095,32,-1.0229742527008057,1.5035042222149249,9637,1.3125,4.75,8.0
features,net_profit,254,8096,8127,32,0.5030490756034851,1.7901303779555777,9676,1.21875,5.09375,8.0
features,net_profit,255,8128,8159,32,0.024371802806854248,1.8428533266520222,9718,1.3125,4.796875,15.0
features,net_profit,256,8160,8191,32,-0.3623237907886505,1.7978322692476014,9762,1.375,4.453125,6.0
features,net_profit,257,8192,8223,32,-1.1985125541687012,1.3612246016015692,9810,1.5,4.0625,8.0
features,net_profit,258,8224,8255,32,-0.527062714099884,2.2812827332186245,9858,1.5,4.421875,6.0
features,net_profit,259,8256,8287,32,-2.1265602111816406,2.306181054219703,9906,1.5,3.921875,6.5
features,net_profit,260,8288,8319,32,-1.303625226020813,1.6808265794343766,9949,1.34375,4.53125,8.0
features,net_profit,261,8320,8351,32,-0.8561553359031677,2.4111937211587717,9991,1.3125,4.5625,6.0
features,net_profit,262,8352,8383,32,0.07642751932144165,2.6417438978062417,10037,1.4375,4.609375,6.0
features,net_profit,263,8384,8415,32,-0.0369202122092247,1.2730259920695806,10077,1.25,4.59375,7.0
features,net_profit,264,8416,8447,32,0.14927712082862854,2.8043014707984555,10117,1.25,4.5,8.0
features,net_profit,265,8448,8479,32,-0.7060639262199402,1.308228102255721,10165,1.5,4.4375,6.0
features,net_profit,266,8480,8511,32,0.2112814486026764,2.7483479074151256,10211,1.4375,4.421875,6.5
features,net_profit,267,8512,8543,32,-1.2161753177642822,2.3135489855571043,10250,1.21875,4.796875,6.5
features,net_profit,268,8544,8575,32,0.09271807968616486,4.070558827598877,10287,1.15625,4.890625,6.5
features,net_profit,269,8576,8607,32,-1.2239062786102295,1.7775893795127957,10330,1.34375,4.28125,8.0
features,net_profit,270,8608,8639,32,-0.29665282368659973,0.8893185284290831,10374,1.375,4.90625,8.0
features,net_profit,271,8640,8671,32,-0.4296419322490692,0.9531448780357845,10427,1.65625,4.21875,8.0
features,net_profit,272,8672,8703,32,-0.5395934581756592,4.158544310609031,10474,1.46875,4.203125,8.0
features,net_profit,273,8704,8735,32,-0.8767473697662354,1.1365921427642254,10517,1.34375,4.265625,8.0
features,net_profit,274,8736,8767,32,-0.7945746183395386,2.030534177651666,10561,1.375,4.75,8.0
features,net_profit,275,8768,8799,32,-2.2019500732421875,4.008652569956759,10600,1.21875,4.578125,6.5
features,net_profit,276,8800,8831,32,-0.5603009462356567,1.5674046274832756,10638,1.1875,5.078125,8.0
features,net_profit,277,8832,8863,32,-0.12004536390304565,1.3504240068956994,10684,1.4375,4.5,6.5
features,net_profit,278,8864,8895,32,-0.9220002889633179,1.6819960636269966,10724,1.25,4.59375,6.0
features,net_profit,279,8896,8927,32,-1.1864782571792603,1.9865030430300943,10768,1.375,4.609375,6.0
features,net_profit,280,8928,8959,32,0.2745155096054077,2.0011219291992983,10808,1.25,4.90625,6.5
features,net_profit,281,8960,8991,32,-0.17821666598320007,1.4257557378703805,10847,1.21875,4.78125,7.0
features,net_profit,282,8992,9023,32,-0.5632480382919312,0.9959625021706133,10885,1.1875,4.65625,8.0
features,net_profit,283,9024,9055,32,0.2143716812133789,0.9721011050832925,10920,1.09375,4.65625,6.5
features,net_profit,284,9056,9087,32,-0.19705641269683838,1.161794321099172,10961,1.28125,4.1875,6.0
features,net_profit,285,9088,9119,32,-0.12802357971668243,1.3884969018765188,10998,1.15625,4.625,8.0
features,net_profit,286,9120,9151,32,-0.6886836290359497,2.3206569733591333,11045,1.46875,4.109375,6.0
features,net_profit,287,9152,9183,32,-0.6876009702682495,1.5877750002191013,11085,1.25,4.5,6.0
features,net_profit,288,9184,9215,32,-2.6529762744903564,1.957330172852674,11127,1.3125,4.828125,6.0
features,net_profit,289,9216,9247,32,0.6038536429405212,1.0112065894262656,11169,1.3125,4.1875,7.0
features,net_profit,290,9248,9279,32,-0.7664252519607544,1.3005677199032668,11212,1.34375,5.015625,15.0
features,net_profit,291,9280,9311,32,-0.7557234764099121,1.233216560036809,11256,1.375,4.734375,6.0
features,net_profit,292,9312,9343,32,0.6351495385169983,2.44639269265116,11297,1.28125,4.703125,8.0
features,net_profit,293,9344,9375,32,-1.1154990196228027,1.0277944427976395,11336,1.21875,4.78125,8.0
features,net_profit,294,9376,9407,32,-0.9278707504272461,1.6503478998321108,11381,1.40625,4.6875,8.0
features,net_profit,295,9408,9439,32,-0.7452882528305054,1.6937989096545543,11419,1.1875,4.796875,6.5
features,net_profit,296,9440,9471,32,-0.15359848737716675,2.92127138776914,11455,1.125,4.890625,8.0
features,net_profit,297,9472,9503,32,-0.3713443875312805,1.5981791458186299,11501,1.4375,4.375,8.0
features,net_profit,298,9504,9535,32,0.034035563468933105,2.7729445602933063,11543,1.3125,4.625,6.5
features,net_profit,299,9536,9567,32,0.044122546911239624,2.7624836546325278,11582,1.21875,5.046875,8.0
features,net_profit,300,9568,9599,32,-1.962390661239624,1.3358406925921318,11623,1.28125,4.625,6.0
features,net_profit,301,9600,9631,32,-1.4176037311553955,1.056164579649093,11661,1.1875,4.734375,6.0
features,net_profit,302,9632,9663,32,-1.919360876083374,1.0414797648616885,11704,1.34375,4.34375,6.0
features,net_profit,303,9664,9695,32,-0.46517831087112427,1.417802160078567,11745,1.28125,4.4375,6.0
features,net_profit,304,9696,9727,32,0.13045546412467957,2.2598591738360754,11783,1.1875,4.828125,6.0
features,net_profit,305,9728,9759,32,0.6351415514945984,1.3040262641819993,11834,1.59375,4.53125,8.0
features,net_profit,306,9760,9791,32,-1.0031646490097046,1.1969601880824126,11878,1.375,4.5,6.0
features,net_profit,307,9792,9823,32,0.4966743588447571,1.268067807966725,11924,1.4375,4.46875,6.5
features,net_profit,308,9824,9855,32,0.1801123321056366,1.8698276089852237,11966,1.3125,4.546875,8.0
features,net_profit,309,9856,9887,32,-1.996325969696045,1.963411324249461,12011,1.40625,4.375,6.0
features,net_profit,310,9888,9919,32,-0.7972249984741211,2.2832388294533104,12052,1.28125,4.5625,6.0
features,net_profit,311,9920,9951,32,0.6680150628089905,1.246685958904344,12098,1.4375,4.59375,8.0
features,net_profit,312,9952,9983,32,0.40338918566703796,2.3234015937144568,12142,1.375,4.578125,14.0
features,net_profit,313,9984,10015,32,0.10175617039203644,0.9163134480649759,12192,1.5625,4.21875,13.0
features,net_profit,314,10016,10047,32,0.545028567314148,1.9015825498013823,12235,1.34375,4.4375,7.0
features,net_profit,315,10048,10079,32,-0.049785494804382324,1.7994205648195063,12278,1.34375,4.1875,8.0
features,net_profit,316,10080,10111,32,1.0134007930755615,1.082168693225845,12322,1.375,4.4375,8.0
features,net_profit,317,10112,10143,32,-0.8470587730407715,3.1202421817779173,12367,1.40625,4.453125,8.0
features,net_profit,318,10144,10175,32,1.0774610042572021,1.3591639625199234,12408,1.28125,4.8125,8.0
features,net_profit,319,10176,10207,32,-1.8920831680297852,4.42871123616393,12453,1.40625,4.0625,6.0
features,net_profit,320,10208,10239,32,1.0860927104949951,1.1860438469824923,12496,1.34375,4.59375,8.0
features,net_profit,321,10240,10271,32,0.7762971520423889,1.7217139889707118,12538,1.3125,4.21875,6.0
features,net_profit,322,10272,10303,32,-1.7889680862426758,1.1899390797306078,12578,1.25,4.875,6.0
features,net_profit,323,10304,10335,32,-0.6961383819580078,1.209888794365686,12624,1.4375,4.203125,6.0
features,net_profit,324,10336,10367,32,-1.1678073406219482,1.4471260802501624,12670,1.4375,4.296875,6.5
features,net_profit,325,10368,10399,32,-0.882612407207489,2.791902542868436,12714,1.375,4.515625,6.0
features,net_profit,326,10400,10431,32,-0.9379258155822754,2.280303701797539,12762,1.5,4.171875,8.0
features,net_profit,327,10432,10463,32,0.24668695032596588,2.941750289912959,12806,1.375,4.75,8.0
features,net_profit,328,10464,10495,32,-0.3678385615348816,2.199938579094151,12849,1.34375,4.34375,8.0
features,net_profit,329,10496,10527,32,-0.6964575052261353,1.379030277121768,12894,1.40625,4.25,6.5
features,net_profit,330,10528,10559,32,-1.5690499544143677,3.2852353386579454,12931,1.15625,4.84375,8.0
features,net_profit,331,10560,10591,32,-1.1531188488006592,1.2683453710635073,12974,1.34375,4.5,6.0
features,net_profit,332,10592,10623,32,-1.1870851516723633,3.2632442754409543,13025,1.59375,4.234375,6.5
features,net_profit,333,10624,10655,32,-1.31449294090271,2.002907102968862,13070,1.40625,4.734375,6.0
features,net_profit,334,10656,10687,32,-1.8099291324615479,1.005664646004818,13115,1.40625,4.4375,6.0
features,net_profit,335,10688,10719,32,0.2938590943813324,1.4203403390068283,13155,1.25,4.734375,8.0
features,net_profit,336,10720,10751,32,0.1881866753101349,0.918085942318272,13195,1.25,4.3125,8.0
features,net_profit,337,10752,10783,32,-1.2131824493408203,3.204520113476915,13232,1.15625,5.015625,6.5
features,net_profit,338,10784,10815,32,-0.8223922252655029,1.9778490232013335,13275,1.34375,4.75,8.0
features,net_profit,339,10816,10847,32,-1.393345594406128,1.6956372900618992,13316,1.28125,5.015625,8.0
features,net_profit,340,10848,10879,32,0.15055763721466064,2.4640679341992313,13353,1.15625,4.875,6.0
features,net_profit,341,10880,10911,32,-0.8635351657867432,1.582691110168447,13400,1.46875,4.3125,6.0
features,net_profit,342,10912,10943,32,0.6376773118972778,0.8414953887037094,13439,1.21875,4.296875,6.0
features,net_profit,343,10944,10975,32,-0.8546990752220154,1.0208785145787258,13478,1.21875,4.953125,8.0
features,net_profit,344,10976,11007,32,-0.2823866307735443,3.5850821865106277,13517,1.21875,4.6875,6.0
features,net_profit,345,11008,11039,32,-0.683623731136322,2.783336014742748,13556,1.21875,4.828125,6.5
features,net_profit,346,11040,11071,32,-2.2295143604278564,3.2774450244930167,13600,1.375,4.59375,6.0
features,net_profit,347,11072,11103,32,-0.8996888399124146,0.9484663691119126,13647,1.46875,4.6875,8.0
features,net_profit,348,11104,11135,32,-1.7785221338272095,3.2245152051670467,13686,1.21875,5.03125,6.5
features,net_profit,349,11136,11167,32,0.7342925071716309,1.236966226649615,13727,1.28125,4.65625,6.5
features,net_profit,350,11168,11199,32,-0.6655226945877075,2.2434877087374505,13766,1.21875,4.9375,8.0
features,net_profit,351,11200,11231,32,-1.6281108856201172,1.7022976781408814,13809,1.34375,4.875,6.0
features,net_profit,352,11232,11263,32,-1.4114164113998413,1.2423034471228347,13849,1.25,4.90625,6.0
features,net_profit,353,11264,11295,32,0.13673901557922363,1.6575473547626178,13899,1.5625,4.703125,12.0
features,net_profit,354,11296,11327,32,-0.8397136926651001,1.3170915438778317,13936,1.15625,4.640625,8.0
features,net_profit,355,11328,11359,32,-0.3024865388870239,3.6062627306830577,13980,1.375,4.40625,6.0
features,net_profit,356,11360,11391,32,-0.41127997636795044,1.4814950313282047,14018,1.1875,4.875,6.0
features,net_profit,357,11392,11423,32,-0.2534274160861969,1.2557452012053452,14057,1.21875,4.703125,7.0
features,net_profit,358,11424,11455,32,-0.36729496717453003,1.6004404488359203,14096,1.21875,5.015625,8.0
features,net_profit,359,11456,11487,32,-0.714835524559021,1.2078398663007988,14133,1.15625,4.875,6.5
features,net_profit,360,11488,11519,32,0.3306593596935272,1.4563972245793002,14169,1.125,4.875,8.0
features,net_profit,361,11520,11551,32,-1.0228476524353027,3.311575381336465,14209,1.25,5.171875,15.0
features,net_profit,362,11552,11583,32,-0.9844341278076172,0.8285748826033361,14248,1.21875,4.71875,6.0
features,net_profit,363,11584,11615,32,-0.8298157453536987,1.8464473763427702,14281,1.03125,5.28125,6.0
features,net_profit,364,11616,11647,32,0.11224400997161865,1.2724116986052347,14322,1.28125,4.65625,8.0
features,net_profit,365,11648,11679,32,-1.02436101436615,1.5746336584486955,14361,1.21875,4.953125,8.0
features,net_profit,366,11680,11711,32,-0.7174755334854126,1.904342837373446,14404,1.34375,4.34375,6.0
features,net_profit,367,11712,11743,32,-1.1196091175079346,2.1309263161294845,14441,1.15625,5.21875,8.0
features,net_profit,368,11744,11775,32,-2.3025941848754883,4.538077235352652,14482,1.28125,4.609375,8.0
features,net_profit,369,11776,11807,32,0.19130119681358337,0.8679992604680504,14523,1.28125,4.84375,15.0
features,net_profit,370,11808,11839,32,-0.9943944215774536,1.5786944532495004,14562,1.21875,5.15625,8.0
features,net_profit,371,11840,11871,32,-0.7071336507797241,1.177980892538991,14599,1.15625,4.890625,6.0
features,net_profit,372,11872,11903,32,-0.49598973989486694,1.596598033467029,14639,1.25,4.765625,7.0
features,net_profit,373,11904,11935,32,0.09597771614789963,0.7569059662219627,14683,1.375,4.484375,6.0
features,net_profit,374,11936,11967,32,-0.9070628881454468,2.917021324030504,14724,1.28125,4.765625,8.0
features,net_profit,375,11968,11999,32,-0.8657412528991699,1.0324358014216368,14762,1.1875,4.8125,6.0
features,net_profit,376,12000,12031,32,-1.033784031867981,3.3844045039439474,14798,1.125,4.890625,8.0
features,net_profit,377,12032,12063,32,0.038485631346702576,1.4865374562077636,14843,1.40625,4.171875,8.0
features,net_profit,378,12064,12095,32,0.3400106430053711,2.01288726277491,14881,1.1875,5.046875,6.5
features,net_profit,379,12096,12127,32,-1.1143033504486084,2.402449621289927,14919,1.1875,5.0,6.0
features,net_profit,380,12128,12159,32,-0.3167443871498108,0.8393911647402267,14953,1.0625,5.125,8.0
features,net_profit,381,12160,12191,32,-0.4718586802482605,1.1564000757506259,14992,1.21875,4.90625,8.0
features,net_profit,382,12192,12223,32,-0.7733539342880249,1.5145223428185537,15036,1.375,4.703125,6.0
features,net_profit,383,12224,12255,32,-0.12698207795619965,1.080909523560894,15081,1.40625,4.4375,6.0
features,net_profit,384,12256,12287,32,0.27075624465942383,1.6149875672713851,15121,1.25,4.578125,6.5
features,net_profit,385,12288,12319,32,-0.487297922372818,1.4703951064197092,15164,1.34375,4.625,8.0
features,net_profit,386,12320,12351,32,-1.427983283996582,1.4639150860170744,15203,1.21875,4.984375,6.5
features,net_profit,387,12352,12383,32,-2.7665655612945557,4.748823073731567,15243,1.25,4.953125,6.0
features,net_profit,388,12384,12415,32,-1.0238845348358154,1.9374443046833099,15279,1.125,4.71875,6.5
features,net_profit,389,12416,12447,32,-1.067668080329895,1.1927627630177997,15318,1.21875,5.421875,8.0
features,net_profit,390,12448,12479,32,0.010490551590919495,1.596920307484771,15354,1.125,4.328125,6.5
features,net_profit,391,12480,12511,32,-0.41960659623146057,1.1475452543322213,15392,1.1875,5.015625,6.5
features,net_profit,392,12512,12543,32,-0.8668423295021057,1.0221164835002394,15427,1.09375,5.40625,15.0
features,net_profit,393,12544,12575,32,-0.28665652871131897,1.489530407503665,15459,1.0,5.65625,8.0
features,net_profit,394,12576,12607,32,-0.7179741859436035,1.0116123079763972,15496,1.15625,5.25,8.0
features,net_profit,395,12608,12639,32,-0.1761232316493988,0.6862039027863226,15529,1.03125,4.78125,8.0
features,net_profit,396,12640,12671,32,-0.06720161437988281,1.7099370122346662,15563,1.0625,5.359375,15.0
features,net_profit,397,12672,12703,32,-1.3348854780197144,1.972879670584562,15597,1.0625,4.96875,8.0
features,net_profit,398,12704,12735,32,-0.09141205251216888,0.4612750228522351,15632,1.09375,4.46875,8.0
features,net_profit,399,12736,12767,32,-0.41407346725463867,1.105463656514062,15665,1.03125,4.140625,8.0
features,net_profit,400,12768,12799,32,-0.6936299204826355,0.74604170037681,15704,1.21875,4.609375,6.5
features,net_profit,401,12800,12831,32,-2.106189727783203,3.8823303792785975,15739,1.09375,6.765625,55.0
features,net_profit,402,12832,12863,32,-0.8000870943069458,0.8012738888379028,15778,1.21875,4.984375,6.0
features,net_profit,403,12864,12895,32,-0.2463301122188568,2.1085370923006224,15816,1.1875,4.921875,8.0
features,net_profit,404,12896,12927,32,0.03387168422341347,1.706109508605427,15851,1.09375,5.28125,8.0
features,net_profit,405,12928,12959,32,0.5831688642501831,1.5796510930503607,15884,1.03125,5.109375,8.0
features,net_profit,406,12960,12991,32,-0.17814862728118896,1.7741658716402793,15920,1.125,4.796875,6.5
features,net_profit,407,12992,13023,32,-1.4444489479064941,3.4818717523507274,15957,1.15625,4.78125,6.5
features,net_profit,408,13024,13055,32,0.3994721472263336,0.7173254331132253,15993,1.125,5.0625,8.0
features,net_profit,409,13056,13087,32,0.19813400506973267,1.412449739785275,16026,1.03125,5.40625,8.0
features,net_profit,410,13088,13119,32,-0.3522456884384155,0.8561559657568159,16058,1.0,5.171875,8.0
features,net_profit,411,13120,13151,32,0.46223533153533936,1.386071278368462,16091,1.03125,5.234375,8.0
features,net_profit,412,13152,13183,32,-0.08881838619709015,0.6331112647719329,16123,1.0,5.375,6.0
features,net_profit,413,13184,13215,32,-0.6387832164764404,2.1660705242813276,16157,1.0625,5.25,8.0
features,net_profit,414,13216,13247,32,-0.0540432333946228,1.2994005562613828,16190,1.03125,4.75,6.0
features,net_profit,415,13248,13279,32,-1.9687293767929077,3.755834267154508,16227,1.15625,5.125,6.0
features,net_profit,416,13280,13311,32,-1.2579513788223267,1.1681965868789659,16261,1.0625,5.3125,8.0
features,net_profit,417,13312,13343,32,-0.07881785184144974,1.0356782395184587,16294,1.03125,5.296875,8.0
features,net_profit,418,13344,13375,32,0.6644407510757446,1.5273510636523226,16327,1.03125,5.453125,6.5
features,net_profit,419,13376,13407,32,-1.182158350944519,1.8915460965224689,16360,1.03125,5.28125,6.0
features,net_profit,420,13408,13439,32,-0.40690138936042786,0.922771899121163,16393,1.03125,5.84375,15.0
features,net_profit,421,13440,13471,32,-0.6489763855934143,1.2593460992106345,16427,1.0625,5.03125,8.0
features,net_profit,422,13472,13503,32,-0.38028568029403687,0.7469098442338195,16459,1.0,5.65625,8.0
features,net_profit,423,13504,13535,32,-0.8439534902572632,2.42104113211793,16492,1.03125,5.125,8.0
features,net_profit,424,13536,13567,32,-0.523150622844696,0.8487055366965247,16527,1.09375,5.265625,8.0
features,net_profit,425,13568,13599,32,-0.16530928015708923,0.7200521604603236,16561,1.0625,5.296875,8.0
features,net_profit,426,13600,13631,32,-0.3882368803024292,0.5801346315762631,16597,1.125,5.0,6.0
features,net_profit,427,13632,13663,32,-0.6281898021697998,1.1357841871493781,16632,1.09375,5.109375,6.5
features,net_profit,428,13664,13695,32,-0.08973690867424011,0.6551005659298952,16666,1.0625,5.265625,8.0
features,net_profit,429,13696,13727,32,-0.003140285611152649,0.31938758170087755,16698,1.0,5.296875,8.0
features,net_profit,430,13728,13759,32,-0.43772464990615845,0.5233684341530102,16731,1.03125,5.234375,6.0
features,net_profit,431,13760,13791,32,0.3696291744709015,0.4402215815284248,16764,1.03125,4.75,6.5
features,net_profit,432,13792,13823,32,-0.09198907762765884,0.5876259446440139,16796,1.0,5.0625,8.0
features,net_profit,433,13824,13855,32,-0.5323000550270081,1.1868131958588857,16830,1.0625,4.703125,6.5
features,net_profit,434,13856,13887,32,0.12974750995635986,0.7316078580710311,16863,1.03125,5.1875,8.0
features,net_profit,435,13888,13919,32,0.02318432927131653,1.00132695203915,16896,1.03125,5.0625,6.5
features,net_profit,436,13920,13951,32,-0.3336072564125061,1.280045196644024,16929,1.03125,4.515625,6.5
features,net_profit,437,13952,13983,32,-0.07597537338733673,0.5080090656841311,16961,1.0,4.890625,6.5
features,net_profit,438,13984,14015,32,-0.20676501095294952,0.43298033652135903,16994,1.03125,5.375,15.0
features,net_profit,439,14016,14047,32,-0.08625924587249756,0.8755321647063398,17027,1.03125,4.84375,6.0
features,net_profit,440,14048,14079,32,-0.022837277501821518,0.20688790709233,17059,1.0,5.625,15.0
features,net_profit,441,14080,14111,32,-0.6124042868614197,1.4236789393225502,17095,1.125,5.390625,6.5
features,net_profit,442,14112,14143,32,-0.32740873098373413,1.1738441271664946,17127,1.0,4.90625,6.0
features,net_profit,443,14144,14175,32,0.015071570873260498,0.24388853132604232,17159,1.0,5.03125,6.5
features,net_profit,444,14176,14207,32,-0.34922415018081665,0.6340243427121411,17193,1.0625,5.28125,6.0
features,net_profit,445,14208,14239,32,0.1958155333995819,0.6529787152868355,17225,1.0,5.25,15.0
features,net_profit,446,14240,14271,32,-0.26618635654449463,0.9458826716312396,17258,1.03125,5.375,6.0
features,net_profit,447,14272,14303,32,-0.5447818040847778,1.2265253038514004,17290,1.0,4.9375,8.0
features,net_profit,448,14304,14335,32,0.07669173181056976,0.8705585105468293,17322,1.0,5.296875,6.5
features,net_profit,449,14336,14367,32,0.31506139039993286,1.764253914344795,17356,1.0625,5.171875,8.0
features,net_profit,450,14368,14399,32,-0.629161536693573,1.4148105110277518,17390,1.0625,4.84375,6.0
features,net_profit,451,14400,14431,32,0.04538719356060028,1.003083110595169,17423,1.03125,5.765625,8.0
features,net_profit,452,14432,14463,32,-0.669333279132843,0.8314005261553036,17455,1.0,4.984375,8.0
features,net_profit,453,14464,14495,32,1.0644299983978271,2.4539234693676724,17488,1.03125,5.125,6.0
features,net_profit,454,14496,14527,32,-0.12853237986564636,0.7816557680284981,17520,1.0,5.28125,6.0
features,net_profit,455,14528,14559,32,-0.017517205327749252,0.2978460988446686,17552,1.0,5.453125,8.0
features,net_profit,456,14560,14591,32,0.053355321288108826,0.40506248579109744,17584,1.0,4.75,6.0
features,net_profit,457,14592,14623,32,-0.7229997515678406,1.1338753282169427,17618,1.0625,5.171875,8.0
features,net_profit,458,14624,14655,32,0.18232309818267822,1.346642369090069,17654,1.125,5.046875,6.0
features,net_profit,459,14656,14687,32,-0.3479694724082947,0.7339147138372837,17688,1.0625,5.21875,8.0
features,net_profit,460,14688,14719,32,0.05856674909591675,0.9740700433516104,17721,1.03125,4.921875,8.0
features,net_profit,461,14720,14751,32,-0.020298950374126434,0.28088778861304375,17753,1.0,5.4375,8.0
features,net_profit,462,14752,14783,32,-0.689050555229187,2.3116194423958767,17785,1.0,5.453125,8.0
features,net_profit,463,14784,14815,32,-0.3252929449081421,0.42358466603136685,17818,1.03125,5.203125,6.5
features,net_profit,464,14816,14847,32,-0.22741146385669708,0.9931293594752422,17853,1.09375,5.1875,8.0
features,net_profit,465,14848,14879,32,0.2677704691886902,1.184799767080305,17885,1.0,4.890625,6.5
features,net_profit,466,14880,14911,32,-0.21245774626731873,0.4193324480150679,17919,1.0625,5.1875,8.0
features,net_profit,467,14912,14943,32,-1.2205148935317993,2.3394407320810022,17952,1.03125,5.453125,6.5
features,net_profit,468,14944,14975,32,-0.6111184358596802,1.3284513336334518,17985,1.03125,5.234375,8.0
features,net_profit,469,14976,15007,32,0.3146900534629822,1.0573754643322884,18017,1.0,5.359375,8.0
features,net_profit,470,15008,15039,32,-0.5676932334899902,1.0985461678752264,18051,1.0625,5.578125,8.0
features,net_profit,471,15040,15071,32,-0.1692667007446289,0.8326993203227598,18084,1.03125,4.96875,6.5
features,net_profit,472,15072,15103,32,-0.3597661554813385,0.9773407129261958,18119,1.09375,5.296875,6.5
features,net_profit,473,15104,15135,32,0.08822731673717499,0.4586577248261634,18151,1.0,5.1875,8.0
features,net_profit,474,15136,15167,32,-0.37716031074523926,0.5628493471789923,18184,1.03125,5.359375,8.0
features,net_profit,475,15168,15199,32,-0.08503368496894836,1.0956768587593484,18219,1.09375,4.875,8.0
features,net_profit,476,15200,15231,32,-0.4123925268650055,1.3472529681426044,18252,1.03125,5.1875,8.0
features,net_profit,477,15232,15263,32,0.04265742003917694,1.7570368713702236,18286,1.0625,5.1875,6.0
features,net_profit,478,15264,15295,32,-0.25244420766830444,0.4307809297207309,18320,1.0625,5.421875,6.5
features,net_profit,479,15296,15327,32,0.08595072478055954,0.5482086510099193,18352,1.0,5.140625,8.0
features,net_profit,480,15328,15359,32,-0.6787972450256348,0.8643156140080036,18386,1.0625,5.3125,6.5
features,net_profit,481,15360,15391,32,-1.2079318761825562,2.4281501315017633,18420,1.0625,5.25,6.0
features,net_profit,482,15392,15423,32,0.29162660241127014,1.4589542509956626,18453,1.03125,5.59375,8.0
features,net_profit,483,15424,15455,32,-0.2106277346611023,1.0504446600572586,18485,1.0,5.453125,6.5
features,net_profit,484,15456,15487,32,0.14754560589790344,0.7235768961969004,18518,1.03125,4.5,6.0
features,net_profit,485,15488,15519,32,0.007674232125282288,0.19439787817028378,18550,1.0,4.875,6.0
features,net_profit,486,15520,15551,32,0.05545734614133835,0.3526945327191384,18582,1.0,5.4375,8.0
features,net_profit,487,15552,15583,32,0.204091414809227,1.050386466402419,18615,1.03125,5.171875,8.0
features,net_profit,488,15584,15615,32,0.506921648979187,1.019677611167546,18648,1.03125,5.21875,8.0
features,net_profit,489,15616,15647,32,-0.1342778354883194,1.3240707163956043,18681,1.03125,5.359375,8.0
features,net_profit,490,15648,15679,32,-0.016672451049089432,1.3404639267471465,18716,1.09375,5.0625,6.0
features,net_profit,491,15680,15711,32,-0.6992098689079285,0.7831880660681422,18749,1.03125,5.515625,8.0
features,net_profit,492,15712,15743,32,-0.3666076362133026,0.49345485386121213,18782,1.03125,5.453125,8.0
features,net_profit,493,15744,15775,32,0.08416131138801575,0.41116309500212844,18814,1.0,5.109375,8.0
features,net_profit,494,15776,15807,32,-1.17738676071167,1.618192733665181,18846,1.0,5.234375,8.0
features,net_profit,495,15808,15839,32,0.8647779226303101,3.165840351574598,18879,1.03125,5.046875,7.0
features,net_profit,496,15840,15871,32,-0.3493537902832031,1.0776515928918464,18912,1.03125,5.234375,8.0
features,net_profit,497,15872,15903,32,1.2506738901138306,3.2695548846294877,18944,1.0,5.59375,14.0
features,net_profit,498,15904,15935,32,-0.07503464818000793,0.5672268669134344,18976,1.0,5.625,8.0
features,net_profit,499,15936,15967,32,-0.02141953632235527,0.6053426201772758,19010,1.0625,5.359375,8.0
features,net_profit,500,15968,15999,32,-0.11084146797657013,0.7002088976895662,19042,1.0,5.453125,6.5
features,net_profit,501,16000,16031,32,-1.2269916534423828,1.3940712807523483,19074,1.0,5.5,6.0
features,net_profit,502,16032,16063,32,-0.10150180757045746,1.044773388433677,19109,1.09375,5.140625,6.5
features,net_profit,503,16064,16095,32,-0.5369243621826172,1.63549233110504,19142,1.03125,5.203125,8.0
features,net_profit,504,16096,16127,32,0.15011489391326904,0.9415587246054924,19174,1.0,5.171875,8.0
features,net_profit,505,16128,16159,32,-0.7229434251785278,1.9817752008754863,19206,1.0,5.65625,15.0
features,net_profit,506,16160,16191,32,-0.016390152275562286,1.1262516084551528,19238,1.0,5.34375,6.0
features,net_profit,507,16192,16223,32,0.02095716819167137,0.4356402321919963,19270,1.0,5.1875,6.5
features,net_profit,508,16224,16255,32,-0.33539482951164246,0.7001943607359321,19303,1.03125,5.5625,8.0
features,net_profit,509,16256,16287,32,-0.864147424697876,2.35572143275429,19339,1.125,4.796875,6.0
features,net_profit,510,16288,16319,32,-0.30909353494644165,1.0934205638920595,19373,1.0625,5.3125,15.0
features,net_profit,511,16320,16351,32,0.008625887334346771,1.5329695944241444,19406,1.03125,5.296875,6.5
features,net_profit,512,16352,16383,32,-0.1862681806087494,0.7877928140006808,19441,1.09375,5.0625,8.0
features,net_profit,513,16384,16415,32,-0.4556313753128052,1.4241323086446707,19475,1.0625,5.515625,15.0
features,net_profit,514,16416,16447,32,0.4471476972103119,1.0221614637020322,19507,1.0,4.859375,8.0
features,net_profit,515,16448,16479,32,0.4719943702220917,1.2594847638683113,19539,1.0,5.40625,8.0
features,net_profit,516,16480,16511,32,-0.10122497379779816,0.5998049274471359,19571,1.0,4.9375,6.0
features,net_profit,517,16512,16543,32,-0.07717859745025635,1.014702470014133,19603,1.0,5.546875,8.0
features,net_profit,518,16544,16575,32,-0.13557347655296326,0.9637482897976957,19635,1.0,4.984375,8.0
features,net_profit,519,16576,16607,32,-0.22688573598861694,0.5913306532635428,19668,1.03125,5.40625,8.0
features,net_profit,520,16608,16639,32,0.07864275574684143,2.1586381789253575,19701,1.03125,5.296875,8.0
features,net_profit,521,16640,16671,32,-0.4716557562351227,0.8635233610109488,19734,1.03125,5.421875,6.0
features,net_profit,522,16672,16703,32,-0.41891810297966003,1.2235604197579957,19769,1.09375,4.75,8.0
features,net_profit,523,16704,16735,32,0.5473523139953613,2.1019421802595586,19801,1.0,5.203125,8.0
features,net_profit,524,16736,16767,32,-0.42492803931236267,0.9098018719733293,19833,1.0,5.40625,8.0
features,net_profit,525,16768,16799,32,-0.3286953568458557,0.7456756156000077,19867,1.0625,5.5,6.5
features,net_profit,526,16800,16831,32,-1.562925100326538,1.086892324155907,19900,1.03125,5.46875,6.0
features,net_profit,527,16832,16863,32,-1.262195348739624,2.3256359532897455,19936,1.125,5.0625,6.5
features,net_profit,528,16864,16895,32,0.32488495111465454,1.86602054794666,19971,1.09375,5.25,6.5
features,net_profit,529,16896,16927,32,-0.9730746746063232,1.3695135472969722,20004,1.03125,5.125,8.0
features,net_profit,530,16928,16959,32,0.029568172991275787,1.6147607536339181,20037,1.03125,5.1875,6.0
features,net_profit,531,16960,16991,32,0.7657575607299805,1.5373990776812951,20071,1.0625,5.203125,8.0
features,net_profit,532,16992,17023,32,-0.5948392152786255,1.2119061249501533,20104,1.03125,5.109375,15.0
features,net_profit,533,17024,17055,32,-1.1787728071212769,1.6166559301520367,20138,1.0625,5.234375,6.0
features,net_profit,534,17056,17087,32,-1.0820705890655518,0.8379173724317263,20172,1.0625,5.3125,8.0
features,net_profit,535,17088,17119,32,0.4472890794277191,1.2763466260402523,20205,1.03125,5.109375,6.5
features,net_profit,536,17120,17151,32,-0.702899158000946,1.3862446582866585,20239,1.0625,5.09375,8.0
features,net_profit,537,17152,17183,32,-0.1136506199836731,2.3721387988877662,20277,1.1875,4.921875,8.0
features,net_profit,538,17184,17215,32,0.4201948642730713,2.883773663001786,20310,1.03125,5.40625,6.5
features,net_profit,539,17216,17247,32,-0.31796586513519287,1.2488774838585188,20348,1.1875,4.90625,6.0
features,net_profit,540,17248,17279,32,0.16969172656536102,0.7060088079929916,20383,1.09375,5.03125,6.5
features,net_profit,541,17280,17311,32,0.03666505217552185,2.686397524086066,20415,1.0,5.375,6.0
features,net_profit,542,17312,17343,32,-0.9770669341087341,1.3579532311292668,20451,1.125,4.84375,6.0
features,net_profit,543,17344,17375,32,-1.1627212762832642,3.4480090461772646,20488,1.15625,4.984375,6.5
features,net_profit,544,17376,17407,32,-0.0704214870929718,3.226158286162579,20521,1.03125,5.1875,6.0
features,net_profit,545,17408,17439,32,-1.4113317728042603,1.3940504878375577,20559,1.1875,5.109375,8.0
features,net_profit,546,17440,17471,32,0.08965505659580231,1.4847538893953283,20597,1.1875,4.984375,8.0
features,net_profit,547,17472,17503,32,-0.7151318788528442,2.2197016325938628,20630,1.03125,5.53125,8.0
features,net_profit,548,17504,17535,32,-0.2902121841907501,1.4422857989847764,20667,1.15625,4.4375,6.5
features,net_profit,549,17536,17567,32,0.7502055168151855,1.31576135992599,20704,1.15625,4.796875,6.5
features,net_profit,550,17568,17599,32,0.7529938220977783,1.8925735217378925,20740,1.125,5.0,8.0
features,net_profit,551,17600,17631,32,0.042508602142333984,2.2713153025703283,20778,1.1875,4.5,8.0
features,net_profit,552,17632,17663,32,0.8577606678009033,2.913442536676286,20819,1.28125,4.40625,8.0
features,net_profit,553,17664,17695,32,-0.6811723709106445,1.5536701219150855,20858,1.21875,5.171875,8.0
features,net_profit,554,17696,17727,32,0.38226938247680664,1.5585916419882748,20899,1.28125,4.71875,8.0
features,net_profit,555,17728,17759,32,-0.9914282560348511,1.5803956608913385,20944,1.40625,4.3125,6.0
features,net_profit,556,17760,17791,32,-0.23008126020431519,3.096341102038687,20984,1.25,4.890625,8.0
features,net_profit,557,17792,17823,32,-0.7586663365364075,2.604204020502571,21021,1.15625,4.640625,6.5
features,net_profit,558,17824,17855,32,-0.8703497648239136,1.5987033963751511,21059,1.1875,4.828125,6.0
features,net_profit,559,17856,17887,32,-0.49165499210357666,1.5177696302474875,21100,1.28125,4.953125,8.0
features,net_profit,560,17888,17919,32,-0.5616806745529175,2.5810170456993182,21137,1.15625,4.359375,6.0
features,net_profit,561,17920,17951,32,-1.190308690071106,1.2816989080325778,21177,1.25,4.78125,6.0
features,net_profit,562,17952,17983,32,-1.0902680158615112,2.056777633474103,21222,1.40625,4.3125,6.5
features,net_profit,563,17984,18015,32,-0.6501281261444092,1.6812247036321157,21260,1.1875,5.15625,15.0
features,net_profit,564,18016,18047,32,0.04372766613960266,2.791443177458122,21301,1.28125,4.765625,8.0
features,net_profit,565,18048,18079,32,-0.9612836837768555,1.3880285013307967,21339,1.1875,4.484375,6.0
features,net_profit,566,18080,18111,32,0.4537917375564575,1.503767601888509,21388,1.53125,4.328125,6.0
features,net_profit,567,18112,18143,32,-0.8056458830833435,1.4446306718259156,21428,1.25,4.75,6.0
features,net_profit,568,18144,18175,32,-0.3590115010738373,1.2317636228262532,21466,1.1875,4.90625,6.0
features,net_profit,569,18176,18207,32,-1.726029396057129,2.79736276121441,21511,1.40625,4.421875,6.0
features,net_profit,570,18208,18239,32,-0.7637108564376831,2.39438909081377,21555,1.375,4.5,7.0
features,net_profit,571,18240,18271,32,-0.15754318237304688,1.0971188993614418,21596,1.28125,4.875,6.0
features,net_profit,572,18272,18303,32,-0.15822485089302063,3.0364451386499463,21635,1.21875,4.6875,6.0
features,net_profit,573,18304,18335,32,0.2747354805469513,1.9852653150232844,21672,1.15625,4.765625,6.5
features,net_profit,574,18336,18367,32,-0.5791110396385193,1.898474223778554,21715,1.34375,4.578125,8.0
features,net_profit,575,18368,18399,32,-0.7111582159996033,1.2942424233654035,21761,1.4375,4.421875,6.5
features,net_profit,576,18400,18431,32,-0.8087724447250366,1.9926291473522333,21800,1.21875,4.4375,6.5
features,net_profit,577,18432,18463,32,-1.7119195461273193,2.460087149938396,21849,1.53125,4.515625,7.0
features,net_profit,578,18464,18495,32,-0.1639951765537262,1.4223178393007352,21890,1.28125,4.765625,8.0
features,net_profit,579,18496,18527,32,-1.335631012916565,1.3273640765573862,21929,1.21875,4.53125,6.0
features,net_profit,580,18528,18559,32,-1.6215121746063232,4.527062079758764,21972,1.34375,4.4375,6.0
features,net_profit,581,18560,18591,32,-2.7816646099090576,2.017082494759908,22011,1.21875,4.96875,6.5
features,net_profit,582,18592,18623,32,-0.841238796710968,1.358930508292203,22056,1.40625,4.8125,15.0
features,net_profit,583,18624,18655,32,-1.033043384552002,1.8588839748821253,22100,1.375,4.71875,7.0
features,net_profit,584,18656,18687,32,-0.5491055250167847,1.612859103214727,22147,1.46875,4.25,6.0
features,net_profit,585,18688,18719,32,-1.437644124031067,2.313384901868517,22192,1.40625,4.59375,8.0
features,net_profit,586,18720,18751,32,-1.0648069381713867,2.6374056899773572,22237,1.40625,4.0,6.0
features,net_profit,587,18752,18783,32,0.45865342020988464,1.6126592972011726,22285,1.5,4.296875,7.0
features,net_profit,588,18784,18815,32,-0.19945752620697021,2.6155032032890935,22331,1.4375,4.703125,6.0
features,net_profit,589,18816,18847,32,-0.6296902894973755,1.2408560829936253,22382,1.59375,4.1875,6.0
features,net_profit,590,18848,18879,32,-0.5375472903251648,1.9402646622027142,22427,1.40625,4.578125,6.0
features,net_profit,591,18880,18911,32,-0.39949163794517517,2.049736268679729,22471,1.375,4.65625,6.0
features,net_profit,592,18912,18943,32,-1.3831719160079956,2.057207980444838,22509,1.1875,4.828125,8.0
features,net_profit,593,18944,18975,32,-0.9630907773971558,1.9051809821794181,22556,1.46875,4.171875,6.0
features,net_profit,594,18976,19007,32,-1.275727391242981,1.756322600814457,22602,1.4375,4.21875,6.0
features,net_profit,595,19008,19039,32,-0.6743006706237793,1.6440574521307167,22642,1.25,4.53125,8.0
features,net_profit,596,19040,19071,32,0.6370202302932739,1.122272015205364,22683,1.28125,4.421875,8.0
features,net_profit,597,19072,19103,32,1.176117181777954,1.7707939996709707,22726,1.34375,4.59375,6.5
features,net_profit,598,19104,19135,32,-1.1128287315368652,1.6979085600647632,22767,1.28125,4.53125,7.0
features,net_profit,599,19136,19167,32,-0.9243894219398499,1.65777456542991,22813,1.4375,4.84375,12.0
features,net_profit,600,19168,19199,32,-0.8928551077842712,2.87762888751417,22853,1.25,4.9375,8.0
features,net_profit,601,19200,19231,32,0.49704769253730774,1.305085521180354,22899,1.4375,4.53125,6.5
features,net_profit,602,19232,19263,32,0.35441815853118896,1.3823717453134345,22943,1.375,4.546875,8.0
features,net_profit,603,19264,19295,32,-1.6565587520599365,1.8876044000963375,22987,1.375,4.578125,6.0
features,net_profit,604,19296,19327,32,0.3101290166378021,2.136951973031921,23029,1.3125,4.65625,8.0
features,net_profit,605,19328,19359,32,-1.0410045385360718,2.833012706557235,23064,1.09375,4.71875,6.0
features,net_profit,606,19360,19391,32,-1.0997084379196167,1.3572242438307032,23106,1.3125,4.46875,8.0
features,net_profit,607,19392,19423,32,-1.9298988580703735,1.3850823413764832,23153,1.46875,4.671875,8.0
features,net_profit,608,19424,19455,32,-1.597872018814087,1.5388166892319899,23194,1.28125,4.875,6.0
features,net_profit,609,19456,19487,32,-0.8862979412078857,3.4859786573459077,23238,1.375,4.703125,6.0
features,net_profit,610,19488,19519,32,-0.154535174369812,1.2327987007208636,23274,1.125,4.765625,6.0
features,net_profit,611,19520,19551,32,-1.3908867835998535,1.477159508859714,23322,1.5,4.21875,6.0
features,net_profit,612,19552,19583,32,-0.865716814994812,1.131185718879243,23368,1.4375,4.4375,6.0
features,net_profit,613,19584,19615,32,-0.2799515724182129,1.1953587284846243,23402,1.0625,4.84375,6.0
features,net_profit,614,19616,19647,32,-0.8087418079376221,1.8733898065176144,23444,1.3125,4.828125,6.0
features,net_profit,615,19648,19679,32,-1.4225835800170898,2.569677624921893,23482,1.1875,4.5625,6.0
features,net_profit,616,19680,19711,32,-0.9808515310287476,2.158346888689534,23529,1.46875,4.515625,8.0
features,net_profit,617,19712,19743,32,-1.3945021629333496,2.1250744191957076,23567,1.1875,4.65625,8.0
features,net_profit,618,19744,19775,32,-0.12757867574691772,4.372321895902288,23615,1.5,4.484375,7.0
features,net_profit,619,19776,19807,32,0.48776158690452576,3.9968827252835477,23656,1.28125,4.96875,7.0
features,net_profit,620,19808,19839,32,-0.9358530044555664,1.1417004251689855,23694,1.1875,4.328125,6.0
features,net_profit,621,19840,19871,32,-1.07892644405365,1.8368282140268408,23738,1.375,4.46875,6.0
features,net_profit,622,19872,19903,32,-0.40743929147720337,0.9824241606454814,23782,1.375,4.296875,6.0
features,net_profit,623,19904,19935,32,0.06706281751394272,1.7121521891786615,23820,1.1875,4.34375,6.0
features,net_profit,624,19936,19967,32,-0.7734557390213013,1.6338543272384378,23864,1.375,4.34375,6.0
features,net_profit,625,19968,19999,32,-0.8797957897186279,1.7704974502954576,23911,1.46875,4.328125,6.0
features,net_profit,626,20000,20031,32,-0.6396810412406921,2.1932469328321353,23968,1.78125,3.84375,7.0
features,net_profit,627,20032,20063,32,-1.3892827033996582,2.546275012627198,24011,1.34375,4.375,6.0
features,net_profit,628,20064,20095,32,-1.9837955236434937,1.4963438191316654,24061,1.5625,4.0625,6.0
features,net_profit,629,20096,20127,32,-1.0579876899719238,1.7524568955312512,24102,1.28125,4.359375,6.5
features,net_profit,630,20128,20159,32,-1.390519618988037,1.0318310962002752,24151,1.53125,4.09375,6.0
features,net_profit,631,20160,20191,32,-0.0035105347633361816,1.646692139307806,24197,1.4375,4.3125,8.0
features,net_profit,632,20192,20223,32,0.980424702167511,1.6809084256295652,24239,1.3125,4.671875,7.0
features,net_profit,633,20224,20255,32,-0.4908536672592163,1.2558103124131166,24290,1.59375,4.3125,7.0
features,net_profit,634,20256,20287,32,-0.938694953918457,2.137820515773141,24341,1.59375,4.046875,6.5
features,net_profit,635,20288,20319,32,-0.3681364059448242,1.4951886215448098,24384,1.34375,4.46875,7.0
features,net_profit,636,20320,20351,32,-1.5296293497085571,1.7002239059401332,24423,1.21875,4.171875,6.0
features,net_profit,637,20352,20383,32,-1.503495693206787,0.9112375462891025,24475,1.625,3.8125,6.0
features,net_profit,638,20384,20415,32,-1.108747959136963,3.6885473644195597,24512,1.15625,4.890625,7.0
features,net_profit,639,20416,20447,32,-0.9935765862464905,1.61892457446651,24555,1.34375,4.59375,6.5
features,net_profit,640,20448,20479,32,-2.113694667816162,2.108946567930506,24599,1.375,4.59375,6.0
features,net_profit,641,20480,20511,32,-0.9124183654785156,1.716767480960658,24638,1.21875,4.6875,8.0
features,net_profit,642,20512,20543,32,-1.2708886861801147,1.3291105367947673,24677,1.21875,4.46875,6.0
features,net_profit,643,20544,20575,32,-1.0674021244049072,1.4531713908425474,24717,1.25,4.734375,6.0
features,net_profit,644,20576,20607,32,-1.173192024230957,1.3845298112257176,24762,1.40625,4.453125,6.5
features,net_profit,645,20608,20639,32,0.06550320982933044,1.057474428645369,24814,1.625,4.0,6.0
features,net_profit,646,20640,20671,32,-0.4413432776927948,1.0491209743919847,24855,1.28125,4.625,6.5
features,net_profit,647,20672,20703,32,0.041005730628967285,1.300375021042744,24900,1.40625,4.25,6.0
features,net_profit,648,20704,20735,32,1.0143308639526367,2.4424432481697873,24941,1.28125,4.59375,8.0
features,net_profit,649,20736,20767,32,0.6276014447212219,1.9785178138057544,24986,1.40625,4.40625,6.5
features,net_profit,650,20768,20799,32,0.29432106018066406,1.3263227236450394,25037,1.59375,3.53125,6.0
features,net_profit,651,20800,20831,32,0.3224089443683624,1.55913501859378,25086,1.53125,4.25,6.5
features,net_profit,652,20832,20863,32,1.5111753940582275,2.2049609128089815,25132,1.4375,5.859375,54.0
features,net_profit,653,20864,20895,32,-1.122914433479309,0.8188966605252439,25179,1.46875,4.09375,6.0
features,net_profit,654,20896,20927,32,-1.6540840864181519,1.967707318962463,25225,1.4375,4.5625,8.0
features,net_profit,655,20928,20959,32,1.128355860710144,0.8822920645034348,25272,1.46875,4.078125,6.0
features,net_profit,656,20960,20991,32,0.13196955621242523,1.1152623275359455,25316,1.375,4.59375,15.0
features,net_profit,657,20992,21023,32,-0.4928606152534485,1.2752210592229756,25361,1.40625,4.375,8.0
features,net_profit,658,21024,21055,32,-0.8146101832389832,1.494035737297185,25408,1.46875,4.1875,6.0
features,net_profit,659,21056,21087,32,-0.750947892665863,1.1701120406357195,25452,1.375,4.5625,6.5
features,net_profit,660,21088,21119,32,-0.3993205428123474,1.0433293241158923,25506,1.6875,3.65625,7.0
features,net_profit,661,21120,21151,32,0.13008251786231995,1.7733982081619535,25552,1.4375,3.796875,6.0
features,net_profit,662,21152,21183,32,-1.0532712936401367,1.0186929966508722,25593,1.28125,4.609375,6.5
features,net_profit,663,21184,21215,32,-1.5434741973876953,1.5238097566781004,25636,1.34375,3.984375,7.0
features,net_profit,664,21216,21247,32,-1.195752739906311,2.3026586439094365,25686,1.5625,3.78125,7.0
features,net_profit,665,21248,21279,32,0.9174928069114685,2.0708236363968737,25727,1.28125,4.671875,13.0
features,net_profit,666,21280,21311,32,-1.5737671852111816,1.0520346306886739,25778,1.59375,3.78125,6.0
features,net_profit,667,21312,21343,32,-1.2832562923431396,1.351242528109653,25822,1.375,4.3125,8.0
features,net_profit,668,21344,21375,32,0.8141076564788818,1.542247396093766,25866,1.375,4.75,14.0
features,net_profit,669,21376,21407,32,-0.029820144176483154,1.667162017549554,25910,1.375,4.265625,6.5
features,net_profit,670,21408,21439,32,-2.4056663513183594,2.427410318101846,25952,1.3125,4.28125,6.0
features,net_profit,671,21440,21471,32,0.772430956363678,1.141889983429248,25995,1.34375,4.703125,6.5
features,net_profit,672,21472,21503,32,0.3375278413295746,1.534166166251759,26032,1.15625,4.46875,7.0
features,net_profit,673,21504,21535,32,-0.7497745156288147,1.0523942124762469,26067,1.09375,4.59375,6.0
features,net_profit,674,21536,21567,32,0.4086427092552185,1.3468545954582578,26115,1.5,4.03125,6.0
features,net_profit,675,21568,21599,32,-0.7354685664176941,1.0855554896159125,26158,1.34375,4.09375,6.5
features,net_profit,676,21600,21631,32,-0.8683905601501465,1.7215138897473945,26203,1.40625,4.453125,7.0
features,net_profit,677,21632,21663,32,-1.106101393699646,1.7532214708328184,26246,1.34375,4.5625,8.0
features,net_profit,678,21664,21695,32,-0.6446486711502075,1.7830440461359793,26294,1.5,4.34375,13.0
features,net_profit,679,21696,21727,32,0.9015650749206543,1.2565664548327775,26339,1.40625,3.6875,7.0
features,net_profit,680,21728,21759,32,-0.43511173129081726,1.2090605236688343,26381,1.3125,4.171875,6.0
features,net_profit,681,21760,21791,32,-0.45143622159957886,1.518821354919908,26419,1.1875,4.71875,8.0
features,net_profit,682,21792,21823,32,0.3289763033390045,1.9014514326293475,26463,1.375,4.390625,6.0
features,net_profit,683,21824,21855,32,-0.7544764280319214,1.5205165512968448,26507,1.375,4.40625,7.0
features,net_profit,684,21856,21887,32,-0.4187738001346588,1.308526678945271,26549,1.3125,4.171875,7.0
features,net_profit,685,21888,21919,32,0.9268006086349487,2.026175227444049,26592,1.34375,4.546875,8.0
features,net_profit,686,21920,21951,32,-0.15949374437332153,1.2431731885139128,26639,1.46875,4.390625,8.0
features,net_profit,687,21952,21983,32,-0.06698675453662872,0.9816734948845143,26682,1.34375,4.5,7.0
features,net_profit,688,21984,22015,32,0.480125367641449,1.3448844446745152,26729,1.46875,3.78125,8.0
features,net_profit,689,22016,22047,32,-0.6085454225540161,1.462496444455168,26776,1.46875,4.46875,7.0
features,net_profit,690,22048,22079,32,0.2541912794113159,1.4222821215819623,26815,1.21875,4.5625,6.0
features,net_profit,691,22080,22111,32,-1.1273820400238037,1.4483422342588765,26860,1.40625,4.1875,6.0
features,net_profit,692,22112,22143,32,-2.4266645908355713,3.9920906836909102,26901,1.28125,4.796875,7.0
features,net_profit,693,22144,22175,32,-0.8977837562561035,1.8129290018533033,26945,1.375,4.765625,7.0
features,net_profit,694,22176,22207,32,-0.7402318716049194,1.2034707889983915,26989,1.375,4.4375,6.0
features,net_profit,695,22208,22239,32,0.05913543701171875,1.8333364953482965,27037,1.5,3.890625,6.0
features,net_profit,696,22240,22271,32,0.843295156955719,1.424119026496092,27079,1.3125,4.015625,7.0
features,net_profit,697,22272,22303,32,-2.0001778602600098,1.61338729495927,27126,1.46875,4.3125,6.5
features,net_profit,698,22304,22335,32,-1.2808856964111328,0.8611851182285254,27168,1.3125,4.203125,6.0
features,net_profit,699,22336,22367,32,-0.5116859078407288,2.083631134338465,27214,1.4375,4.328125,8.0
features,net_profit,700,22368,22399,32,0.42479392886161804,2.008731444266693,27255,1.28125,4.28125,6.0
features,net_profit,701,22400,22431,32,-0.04228290915489197,1.9647712861995192,27294,1.21875,4.4375,6.0
features,net_profit,702,22432,22463,32,-0.28059470653533936,2.3045438117099266,27332,1.1875,4.5625,6.0
features,net_profit,703,22464,22495,32,0.4355057179927826,1.718334008233409,27373,1.28125,3.9375,8.0
features,net_profit,704,22496,22527,32,0.7922834753990173,2.19958405522656,27413,1.25,4.078125,8.0
features,net_profit,705,22528,22559,32,-1.4546048641204834,1.7771237733492298,27455,1.3125,4.3125,6.0
features,net_profit,706,22560,22591,32,-0.16964367032051086,1.861512688346618,27497,1.3125,3.953125,6.5
features,net_profit,707,22592,22623,32,-0.17506951093673706,1.1774753140676995,27536,1.21875,4.609375,7.0
features,net_profit,708,22624,22655,32,0.5928314328193665,2.354269861587786,27580,1.375,4.234375,6.0
features,net_profit,709,22656,22687,32,-0.886621356010437,1.0430418786704518,27622,1.3125,4.125,6.0
features,net_profit,710,22688,22719,32,-0.9990358352661133,1.0958805004047796,27664,1.3125,4.3125,6.0
features,net_profit,711,22720,22751,32,-0.80674809217453,2.312533394828892,27708,1.375,4.453125,6.5
features,net_profit,712,22752,22783,32,-1.9717750549316406,1.26965013982429,27752,1.375,4.5,7.0
features,net_profit,713,22784,22815,32,-0.25936025381088257,1.5555493255719288,27791,1.21875,4.5625,6.0
features,net_profit,714,22816,22847,32,-0.5989674925804138,0.9216548329200218,27831,1.25,4.046875,6.0
features,net_profit,715,22848,22879,32,0.9669932126998901,2.092771034340277,27870,1.21875,3.984375,6.0
features,net_profit,716,22880,22911,32,1.7029780149459839,1.5718114025470784,27916,1.4375,3.78125,6.0
features,net_profit,717,22912,22943,32,0.2564932107925415,2.3219926257879684,27959,1.34375,4.1875,6.0
features,net_profit,718,22944,22975,32,-1.4204713106155396,1.6938349482163344,28001,1.3125,4.53125,6.0
features,net_profit,719,22976,23007,32,-1.4899096488952637,2.0367201552414937,28041,1.25,4.796875,6.0
features,net_profit,720,23008,23039,32,-0.4043991267681122,1.2612152667252592,28083,1.3125,4.203125,6.0
features,net_profit,721,23040,23071,32,-0.8614238500595093,1.3817750948850833,28120,1.15625,4.625,6.0
features,net_profit,722,23072,23103,32,1.0128467082977295,1.330446867242339,28162,1.3125,4.28125,8.0
features,net_profit,723,23104,23135,32,-0.679821252822876,1.3089975305517398,28199,1.15625,4.640625,8.0
features,net_profit,724,23136,23167,32,-1.1274123191833496,1.7131147185805844,28241,1.3125,4.6875,7.0
features,net_profit,725,23168,23199,32,-0.8362233638763428,1.977253864889681,28280,1.21875,4.84375,7.0
features,net_profit,726,23200,23231,32,-0.7857096195220947,1.5209769940552011,28319,1.21875,4.625,7.0
features,net_profit,727,23232,23263,32,0.505264163017273,1.9962020980590793,28356,1.15625,4.625,8.0
features,net_profit,728,23264,23295,32,-1.2264262437820435,2.0412952401351663,28394,1.1875,4.484375,6.5
features,net_profit,729,23296,23327,32,-2.2556698322296143,1.4774909611753662,28433,1.21875,4.890625,6.5
features,net_profit,730,23328,23359,32,-0.9724471569061279,1.3329595414085158,28474,1.28125,4.34375,6.0
features,net_profit,731,23360,23391,32,-0.4594038426876068,1.7150221746081258,28513,1.21875,4.46875,6.0
features,net_profit,732,23392,23423,32,-2.0099668502807617,1.2783215894812432,28552,1.21875,4.84375,8.0
features,net_profit,733,23424,23455,32,-0.37886083126068115,1.2735117217192813,28593,1.28125,4.53125,6.5
features,net_profit,734,23456,23487,32,-0.9768000841140747,2.2683285466254164,28629,1.125,4.859375,8.0
features,net_profit,735,23488,23519,32,-0.10759860277175903,3.8962387293526994,28665,1.125,4.703125,8.0
features,net_profit,736,23520,23551,32,-0.5313962697982788,1.8480214317529737,28700,1.09375,4.78125,6.0
features,net_profit,737,23552,23583,32,-0.36049017310142517,2.2409980392272413,28740,1.25,4.546875,8.0
features,net_profit,738,23584,23615,32,-1.002221941947937,5.824315041585405,28780,1.25,4.46875,7.0
features,net_profit,739,23616,23647,32,-0.7772973775863647,2.0903106204322723,28815,1.09375,4.84375,6.5
features,net_profit,740,23648,23679,32,-0.36472705006599426,3.6682994336396013,28852,1.15625,4.515625,6.0
features,net_profit,741,23680,23711,32,-0.37601256370544434,2.9218372707319826,28892,1.25,4.515625,7.0
features,net_profit,742,23712,23743,32,0.9779267907142639,1.492316985899904,28931,1.21875,4.390625,8.0
features,net_profit,743,23744,23775,32,-1.1480987071990967,2.8737211123032176,28975,1.375,4.296875,6.0
features,net_profit,744,23776,23807,32,-0.34979814291000366,1.6204993035328261,29010,1.09375,4.28125,7.0
features,net_profit,745,23808,23839,32,-0.8274039626121521,2.407386658926221,29053,1.34375,4.28125,7.0
features,net_profit,746,23840,23871,32,0.5268113613128662,1.1670171954302329,29095,1.3125,4.125,8.0
features,net_profit,747,23872,23903,32,-1.3955466747283936,1.9901618070262208,29134,1.21875,4.40625,6.0
features,net_profit,748,23904,23935,32,-1.3836724758148193,1.2482434297269158,29173,1.21875,4.65625,6.0
features,net_profit,749,23936,23967,32,0.038586147129535675,1.8944042679665685,29219,1.4375,3.984375,6.0
features,net_profit,750,23968,23999,32,-0.7199134230613708,2.4718831704746176,29262,1.34375,4.3125,6.0
features,net_profit,751,24000,24031,32,0.393565833568573,1.2519781998503348,29299,1.15625,4.71875,7.0
features,net_profit,752,24032,24063,32,-0.2632002830505371,1.615290086825572,29341,1.3125,4.5,6.0
features,net_profit,753,24064,24095,32,-0.8732675313949585,2.2709899110829257,29383,1.3125,4.3125,6.0
features,net_profit,754,24096,24127,32,-0.13863098621368408,1.5735048331406682,29420,1.15625,4.46875,6.0
features,net_profit,755,24128,24159,32,-2.0505082607269287,1.685139142224778,29458,1.1875,4.765625,6.0
features,net_profit,756,24160,24191,32,-0.8758455514907837,2.1350485456792785,29496,1.1875,4.890625,13.0
features,net_profit,757,24192,24223,32,0.26853352785110474,3.2341983837773816,29536,1.25,4.40625,6.5
features,net_profit,758,24224,24255,32,-1.411280632019043,2.8214219664118634,29578,1.3125,4.734375,6.0
features,net_profit,759,24256,24287,32,-1.2831100225448608,1.7863690228520162,29621,1.34375,4.109375,6.0
features,net_profit,760,24288,24319,32,0.3485064208507538,1.725360495577107,29656,1.09375,4.546875,6.5
features,net_profit,761,24320,24351,32,-0.10573276877403259,1.4925919976829782,29695,1.21875,4.484375,6.5
features,net_profit,762,24352,24383,32,0.06664100289344788,1.318423569083985,29736,1.28125,4.296875,8.0
features,net_profit,763,24384,24415,32,-0.05339890718460083,2.0750266811721514,29777,1.28125,4.421875,6.0
features,net_profit,764,24416,24447,32,-0.2624756395816803,4.515389339329702,29824,1.46875,3.859375,8.0
features,net_profit,765,24448,24479,32,-1.6482081413269043,1.2203736334806154,29866,1.3125,4.5,6.0
features,net_profit,766,24480,24511,32,-1.1768009662628174,2.0928179245006895,29909,1.34375,4.1875,7.0
features,net_profit,767,24512,24543,32,-1.7093232870101929,2.2349724714294665,29949,1.25,4.84375,6.0
features,net_profit,768,24544,24575,32,-0.8611630797386169,0.9412654628542222,29992,1.34375,4.5625,7.0
features,net_profit,769,24576,24607,32,0.19234883785247803,1.7452397281079237,30034,1.3125,4.203125,14.0
features,net_profit,770,24608,24639,32,-1.5371509790420532,1.4258348047263032,30077,1.34375,4.34375,8.0
features,net_profit,771,24640,24671,32,1.4435498714447021,3.4081043985608983,30122,1.40625,4.578125,8.0
features,net_profit,772,24672,24703,32,-1.470533847808838,2.7566307636633476,30164,1.3125,4.34375,6.5
features,net_profit,773,24704,24735,32,-1.5974550247192383,1.866980107251182,30208,1.375,3.96875,6.0
features,net_profit,774,24736,24767,32,1.043473243713379,1.9155397102010578,30248,1.25,4.5625,7.0
features,net_profit,775,24768,24799,32,-0.33761605620384216,2.504999443693984,30289,1.28125,4.328125,6.0
features,net_profit,776,24800,24831,32,-2.6130521297454834,3.351877827561679,30330,1.28125,4.875,8.0
features,net_profit,777,24832,24863,32,-0.6481077075004578,1.3921118915031576,30367,1.15625,4.828125,6.5
features,net_profit,778,24864,24895,32,1.2044274806976318,1.8658035602305565,30406,1.21875,4.1875,6.5
features,net_profit,779,24896,24927,32,-2.7587313652038574,1.9233743939239532,30445,1.21875,4.65625,6.0
features,net_profit,780,24928,24959,32,0.387523353099823,1.1781695179053513,30482,1.15625,4.734375,8.0
features,net_profit,781,24960,24991,32,-0.6492416858673096,3.8355428845256414,30519,1.15625,4.125,6.0
features,net_profit,782,24992,25023,32,-0.9847320318222046,2.762538504825012,30553,1.0625,4.96875,6.0
features,net_profit,783,25024,25055,32,-0.8512563109397888,3.096381932075938,30591,1.1875,4.734375,6.5
features,net_profit,784,25056,25087,32,-0.041541457176208496,1.8923170936362717,30630,1.21875,4.671875,6.0
features,net_profit,785,25088,25119,32,-0.586682915687561,1.5716528990950642,30669,1.21875,4.609375,6.0
features,net_profit,786,25120,25151,32,-1.1507084369659424,1.7899257976721497,30707,1.1875,4.59375,6.0
features,net_profit,787,25152,25183,32,-0.8938058614730835,2.794813255394327,30743,1.125,4.6875,6.0
features,net_profit,788,25184,25215,32,-1.6292884349822998,1.7598290874423017,30784,1.28125,4.59375,6.5
features,net_profit,789,25216,25247,32,0.28123295307159424,1.8855999883801708,30822,1.1875,4.921875,8.0
features,net_profit,790,25248,25279,32,-1.177850365638733,1.3763813975887251,30858,1.125,5.265625,8.0
features,net_profit,791,25280,25311,32,-0.490031361579895,2.641331094911658,30894,1.125,5.078125,8.0
features,net_profit,792,25312,25343,32,-1.6759343147277832,2.149772707917175,30930,1.125,5.125,6.0
features,net_profit,793,25344,25375,32,-0.37695810198783875,2.0974173215122556,30967,1.15625,4.75,6.5
features,net_profit,794,25376,25407,32,-0.10551416873931885,1.9161165870442725,31009,1.3125,4.53125,6.0
features,net_profit,795,25408,25439,32,0.4933875501155853,2.606113207016761,31043,1.0625,5.03125,8.0
features,net_profit,796,25440,25471,32,0.20142552256584167,2.5337242074598545,31079,1.125,5.171875,15.0
features,net_profit,797,25472,25503,32,-0.1300119161605835,2.166995380695074,31115,1.125,4.9375,7.0
features,net_profit,798,25504,25535,32,-0.937626838684082,1.4109339819730553,31152,1.15625,5.0,8.0
features,net_profit,799,25536,25567,32,-1.3917245864868164,1.488328140467565,31187,1.09375,5.15625,6.0
features,net_profit,800,25568,25599,32,-0.4082201421260834,4.00466712302717,31227,1.25,5.0,15.0
features,net_profit,801,25600,25631,32,-0.579339861869812,1.8894195295721776,31264,1.15625,4.890625,6.5
features,net_profit,802,25632,25663,32,1.082902193069458,4.8132277125782545,31302,1.1875,4.5625,7.0
features,net_profit,803,25664,25695,32,-0.737168550491333,1.8088610653841033,31336,1.0625,5.203125,8.0
features,net_profit,804,25696,25727,32,-0.11989283561706543,3.4273947357924537,31376,1.25,4.90625,8.0
features,net_profit,805,25728,25759,32,-0.22792066633701324,1.622752404416399,31416,1.25,4.53125,6.5
features,net_profit,806,25760,25791,32,0.08080378919839859,1.802022214723752,31459,1.34375,4.21875,7.0
features,net_profit,807,25792,25823,32,-0.20897002518177032,2.2422833910420827,31501,1.3125,4.375,6.0
features,net_profit,808,25824,25855,32,-0.057397425174713135,1.3691866874083354,31538,1.15625,4.34375,6.0
features,net_profit,809,25856,25887,32,-1.6491084098815918,1.6399874132419803,31580,1.3125,4.515625,8.0
features,net_profit,810,25888,25919,32,-0.2044132500886917,2.61181499603769,31620,1.25,4.734375,8.0
features,net_profit,811,25920,25951,32,0.402616024017334,2.4989942983654476,31659,1.21875,4.734375,15.0
features,net_profit,812,25952,25983,32,-0.8040231466293335,3.1283518945193185,31700,1.28125,4.40625,6.0
features,net_profit,813,25984,26015,32,-0.4591025114059448,1.4765724470289652,31741,1.28125,4.703125,7.0
features,net_profit,814,26016,26047,32,-0.2253263294696808,2.511243883167905,31778,1.15625,4.25,6.0
features,net_profit,815,26048,26079,32,-0.7971404790878296,2.3404067201230503,31818,1.25,4.625,6.5
features,net_profit,816,26080,26111,32,-0.19685611128807068,1.4567658501118463,31855,1.15625,4.59375,8.0
features,net_profit,817,26112,26143,32,-0.7541888952255249,1.704605472541805,31896,1.28125,4.8125,8.0
features,net_profit,818,26144,26175,32,-1.164914608001709,2.574078905948397,31935,1.21875,4.671875,6.0
features,net_profit,819,26176,26207,32,-0.42701995372772217,1.894533545432728,31980,1.40625,4.125,7.0
features,net_profit,820,26208,26239,32,-0.5984761714935303,2.424561702210246,32024,1.375,4.15625,8.0
features,net_profit,821,26240,26271,32,-1.2408133745193481,1.3611433830373445,32066,1.3125,4.40625,6.0
features,net_profit,822,26272,26303,32,0.061749041080474854,1.4319585903610494,32107,1.28125,4.359375,6.0
features,net_profit,823,26304,26335,32,0.8879226446151733,2.592804132028059,32147,1.25,3.65625,6.0
features,net_profit,824,26336,26367,32,-0.287802129983902,2.8675292574721962,32186,1.21875,4.765625,8.0
features,net_profit,825,26368,26399,32,-0.36161184310913086,1.7053359238124437,32230,1.375,3.765625,7.0
features,net_profit,826,26400,26431,32,-0.18464484810829163,1.5709583730028498,32269,1.21875,4.46875,6.5
features,net_profit,827,26432,26463,32,-0.6803296208381653,2.192084806866003,32314,1.40625,4.421875,8.0
features,net_profit,828,26464,26495,32,0.3033980429172516,2.103891354654524,32356,1.3125,4.265625,7.0
features,net_profit,829,26496,26527,32,-0.7302885055541992,1.566785886727761,32396,1.25,4.5,6.0
features,net_profit,830,26528,26559,32,0.8869085311889648,2.2442871693465416,32441,1.40625,3.6875,8.0
features,net_profit,831,26560,26591,32,-1.1312990188598633,1.603266576069829,32481,1.25,4.59375,8.0
features,net_profit,832,26592,26623,32,-0.3591500520706177,1.324882573676566,32519,1.1875,4.390625,7.0
features,net_profit,833,26624,26655,32,-0.5765475034713745,2.2091772997710653,32557,1.1875,4.296875,6.0
features,net_profit,834,26656,26687,32,-0.7913619875907898,1.3688293193191374,32600,1.34375,4.6875,8.0
features,net_profit,835,26688,26719,32,0.4031512141227722,4.304154643269646,32638,1.1875,4.75,14.0
features,net_profit,836,26720,26751,32,1.5222389698028564,3.415747194345581,32678,1.25,4.5,6.0
features,net_profit,837,26752,26783,32,-2.7369604110717773,1.736568132975079,32719,1.28125,4.875,8.0
features,net_profit,838,26784,26815,32,-1.1380293369293213,1.5406038552756816,32759,1.25,4.53125,6.0
features,net_profit,839,26816,26847,32,-1.5029538869857788,1.7985925150153999,32797,1.1875,4.375,6.0
features,net_profit,840,26848,26879,32,0.5614004135131836,1.4995837913586907,32839,1.3125,4.484375,8.0
features,net_profit,841,26880,26911,32,-0.8148252367973328,1.2736612545329902,32878,1.21875,4.5,6.0
features,net_profit,842,26912,26943,32,0.633116602897644,3.312849193751828,32917,1.21875,4.3125,7.0
features,net_profit,843,26944,26975,32,-1.1971513032913208,2.57180226404856,32965,1.5,4.21875,6.0
features,net_profit,844,26976,27007,32,0.7001913785934448,1.592246765422253,33003,1.1875,4.609375,8.0
features,net_profit,845,27008,27039,32,-0.7231993675231934,2.825321525431166,33040,1.15625,4.53125,8.0
features,net_profit,846,27040,27071,32,-0.029660701751708984,1.8744050673330503,33079,1.21875,4.265625,6.0
features,net_profit,847,27072,27103,32,0.11167222261428833,2.1271765904378626,33123,1.375,4.4375,6.0
features,net_profit,848,27104,27135,32,-1.2929500341415405,1.8959536655076008,33166,1.34375,3.90625,6.0
features,net_profit,849,27136,27167,32,-0.24496972560882568,2.031988446098725,33201,1.09375,4.65625,7.0
features,net_profit,850,27168,27199,32,-1.4915443658828735,3.6985600022804297,33246,1.40625,4.390625,6.0
features,net_profit,851,27200,27231,32,-1.2582041025161743,1.8693556663737176,33286,1.25,4.578125,6.0
features,net_profit,852,27232,27263,32,0.10480934381484985,1.8674123419267528,33325,1.21875,4.5625,8.0
features,net_profit,853,27264,27295,32,-0.6076114773750305,2.411546170425598,33368,1.34375,4.5,8.0
features,net_profit,854,27296,27327,32,-1.0446808338165283,1.9272323536763134,33407,1.21875,4.703125,6.0
features,net_profit,855,27328,27359,32,-0.22155289351940155,1.980764780931634,33448,1.28125,4.4375,6.5
features,net_profit,856,27360,27391,32,-0.8355576992034912,2.158681410126298,33488,1.25,4.0,6.0
features,net_profit,857,27392,27423,32,-0.5344697833061218,1.5268904665706373,33524,1.125,4.828125,8.0
features,net_profit,858,27424,27455,32,0.6958231925964355,2.929414514128885,33564,1.25,4.5625,8.0
features,net_profit,859,27456,27487,32,-1.2808163166046143,1.3181522601513875,33600,1.125,4.46875,6.0
features,net_profit,860,27488,27519,32,-1.446155071258545,5.984798970242719,33642,1.3125,4.90625,7.0
features,net_profit,861,27520,27551,32,-0.7760820984840393,2.3924722177637356,33684,1.3125,4.6875,6.0
features,net_profit,862,27552,27583,32,0.6721930503845215,2.206192519640357,33723,1.21875,4.484375,6.5
features,net_profit,863,27584,27615,32,-2.723759174346924,3.3040972808627855,33772,1.53125,4.40625,6.0
features,net_profit,864,27616,27647,32,-0.6857782602310181,1.7601624104249611,33815,1.34375,4.546875,6.5
features,net_profit,865,27648,27679,32,-1.3766175508499146,2.0311484246002953,33852,1.15625,4.984375,6.0
features,net_profit,866,27680,27711,32,-0.7469780445098877,2.145842099365198,33889,1.15625,4.25,6.0
features,net_profit,867,27712,27743,32,-1.3792986869812012,1.955872698037218,33927,1.1875,4.921875,6.0
features,net_profit,868,27744,27775,32,-0.5564170479774475,1.9022614305727168,33967,1.25,4.25,6.0
features,net_profit,869,27776,27807,32,-1.0956146717071533,1.5826485287299061,34010,1.34375,4.3125,6.0
features,net_profit,870,27808,27839,32,0.2725572884082794,2.7895122233959264,34047,1.15625,4.828125,8.0
features,net_profit,871,27840,27871,32,-1.4302431344985962,5.814158051443353,34087,1.25,4.640625,6.5
features,net_profit,872,27872,27903,32,-1.4489256143569946,1.8397352159373097,34126,1.21875,4.875,8.0
features,net_profit,873,27904,27935,32,-1.9303507804870605,3.0170785557533453,34165,1.21875,6.40625,55.0
features,net_profit,874,27936,27967,32,0.7356122136116028,1.8776604208912815,34200,1.09375,4.890625,15.0
features,net_profit,875,27968,27999,32,0.0469769686460495,2.2678247205045174,34234,1.0625,4.40625,6.0
features,net_profit,876,28000,28031,32,-0.6753806471824646,1.7094610654596523,34272,1.1875,5.21875,8.0
features,net_profit,877,28032,28063,32,0.11896926164627075,2.052953792565367,34308,1.125,4.9375,6.0
features,net_profit,878,28064,28095,32,-0.9749746322631836,2.110684409514908,34346,1.1875,5.28125,15.0
features,net_profit,879,28096,28127,32,0.3838910162448883,2.2642899818595588,34379,1.03125,4.84375,7.0
features,net_profit,880,28128,28159,32,-0.5950255393981934,1.575283589399706,34417,1.1875,4.671875,7.0
features,net_profit,881,28160,28191,32,0.47347182035446167,2.0153102616147422,34454,1.15625,4.328125,8.0
features,net_profit,882,28192,28223,32,-1.1029777526855469,3.5538646230638613,34488,1.0625,4.90625,6.0
features,net_profit,883,28224,28255,32,-0.38983720541000366,2.4663320476483896,34525,1.15625,5.078125,14.0
features,net_profit,884,28256,28287,32,-0.5997695326805115,1.9326549637270598,34560,1.09375,4.84375,6.0
features,net_profit,885,28288,28319,32,0.3991814851760864,3.703326777125773,34600,1.25,6.296875,55.0
features,net_profit,886,28320,28351,32,0.11787578463554382,1.9435960912167896,34638,1.1875,4.953125,7.0
features,net_profit,887,28352,28383,32,-0.6744174957275391,1.9461040258982498,34677,1.21875,4.734375,6.0
features,net_profit,888,28384,28415,32,-0.44975706934928894,2.399431724743441,34712,1.09375,4.9375,8.0
features,net_profit,889,28416,28447,32,0.1959298849105835,2.323986341105362,34748,1.125,5.25,6.5
features,net_profit,890,28448,28479,32,-0.3585800230503082,1.5790605305981478,34784,1.125,5.125,13.0
features,net_profit,891,28480,28511,32,0.33374008536338806,1.9144085643458482,34818,1.0625,5.015625,8.0
features,net_profit,892,28512,28543,32,-0.827775239944458,3.9338361243992477,34853,1.09375,4.9375,6.0
features,net_profit,893,28544,28575,32,-0.41511037945747375,2.6968456825059755,34886,1.03125,5.515625,14.0
features,net_profit,894,28576,28607,32,-0.1841997504234314,1.7901685097867084,34924,1.1875,5.0625,14.0
features,net_profit,895,28608,28639,32,-0.800699770450592,2.6463071864733787,34963,1.21875,4.3125,6.0
features,net_profit,896,28640,28671,32,-0.962828516960144,1.9549723536703325,35001,1.1875,4.6875,6.0
features,net_profit,897,28672,28703,32,-0.22187070548534393,1.9468886298721404,35035,1.0625,4.609375,6.5
features,net_profit,898,28704,28735,32,-1.1611239910125732,3.3269232708411276,35075,1.25,4.5,6.0
features,net_profit,899,28736,28767,32,-1.050044298171997,4.378970465053613,35118,1.34375,4.453125,7.0
features,net_profit,900,28768,28799,32,-1.8189769983291626,2.061982666301269,35156,1.1875,4.75,8.0
features,net_profit,901,28800,28831,32,-0.05131810903549194,1.5981126980374443,35195,1.21875,4.484375,6.0
features,net_profit,902,28832,28863,32,-1.2906029224395752,2.5011599269186786,35237,1.3125,4.625,8.0
features,net_profit,903,28864,28895,32,-0.057917773723602295,2.1057680988666108,35275,1.1875,4.515625,8.0
features,net_profit,904,28896,28927,32,-0.2690305709838867,2.170615594798505,35311,1.125,4.75,8.0
features,net_profit,905,28928,28959,32,0.709324300289154,1.580436909874286,35350,1.21875,4.453125,8.0
features,net_profit,906,28960,28991,32,-0.6987926363945007,1.8206901276667014,35392,1.3125,4.53125,6.0
features,net_profit,907,28992,29023,32,0.3664437532424927,1.4364173561616735,35426,1.0625,4.28125,6.0
features,net_profit,908,29024,29055,32,-2.0438003540039062,1.8013736715653064,35461,1.09375,4.890625,6.0
features,net_profit,909,29056,29087,32,-1.8381195068359375,2.107742727927429,35498,1.15625,4.75,8.0
features,net_profit,910,29088,29119,32,0.48863357305526733,2.3412319079700787,35532,1.0625,4.75,8.0
features,net_profit,911,29120,29151,32,0.12108269333839417,2.1248155136701197,35569,1.15625,4.75,7.0
features,net_profit,912,29152,29183,32,-1.4692444801330566,2.030870735432102,35608,1.21875,4.953125,6.5
features,net_profit,913,29184,29215,32,-1.1005566120147705,1.810616599442109,35646,1.1875,4.8125,6.0
features,net_profit,914,29216,29247,32,-0.2654816210269928,1.839805010302711,35683,1.15625,4.796875,8.0
features,net_profit,915,29248,29279,32,-2.1401896476745605,2.456506820090981,35718,1.09375,4.5625,6.0
features,net_profit,916,29280,29311,32,1.5240089893341064,2.404381183219147,35753,1.09375,4.796875,8.0
features,net_profit,917,29312,29343,32,-1.5731724500656128,3.7192183388642706,35789,1.125,4.65625,8.0
features,net_profit,918,29344,29375,32,-0.7826361656188965,1.4658669263930708,35825,1.125,4.671875,6.0
features,net_profit,919,29376,29407,32,0.2073156237602234,1.4819762620733292,35863,1.1875,4.828125,6.5
features,net_profit,920,29408,29439,32,-0.1002093255519867,1.4733344780544038,35903,1.25,4.578125,8.0
features,net_profit,921,29440,29471,32,-0.19205890595912933,1.729794115540201,35941,1.1875,4.890625,6.5
features,net_profit,922,29472,29503,32,-0.00022584199905395508,2.2871566531966048,35977,1.125,4.34375,7.0
features,net_profit,923,29504,29535,32,-0.3196224570274353,2.1860490001048634,36017,1.25,4.4375,6.5
features,net_profit,924,29536,29567,32,-0.1510932594537735,1.4045493735526837,36054,1.15625,4.796875,6.5
features,net_profit,925,29568,29599,32,0.1000436395406723,1.814259976187799,36089,1.09375,4.3125,6.0
features,net_profit,926,29600,29631,32,-0.4649128019809723,2.3075990012437746,36127,1.1875,4.0,6.0
features,net_profit,927,29632,29663,32,-1.0899064540863037,1.3818486354364103,36167,1.25,4.84375,6.0
features,net_profit,928,29664,29695,32,-0.28095459938049316,2.1790790440820884,36201,1.0625,5.03125,6.5
features,net_profit,929,29696,29727,32,-0.5386381149291992,3.7942781877635983,36236,1.09375,4.5,6.0
features,net_profit,930,29728,29759,32,-0.061788659542798996,1.5042863070199617,36271,1.09375,5.0,6.0
features,net_profit,931,29760,29791,32,-0.13434696197509766,2.4173946503766444,36307,1.125,4.359375,6.5
features,net_profit,932,29792,29823,32,-0.3557143807411194,1.5117484954282512,36345,1.1875,4.859375,8.0
features,net_profit,933,29824,29855,32,-1.5581235885620117,1.6434948344112068,36383,1.1875,4.53125,6.0
features,net_profit,934,29856,29887,32,-0.3427017629146576,2.545130095135526,36417,1.0625,5.0,7.0
features,net_profit,935,29888,29919,32,-1.3738621473312378,4.034922168441183,36454,1.15625,4.890625,8.0
features,net_profit,936,29920,29951,32,-1.3827521800994873,3.412466378282965,36491,1.15625,4.890625,8.0
features,net_profit,937,29952,29983,32,-0.6582953333854675,1.8531398351079202,36527,1.125,4.609375,8.0
features,net_profit,938,29984,30015,32,0.6875253915786743,3.6637409198269006,36565,1.1875,4.1875,6.0
features,net_profit,939,30016,30047,32,-1.3503732681274414,5.415124110301493,36599,1.0625,5.171875,8.0
features,net_profit,940,30048,30079,32,-1.3800476789474487,3.344550256872751,36636,1.15625,4.46875,8.0
features,net_profit,941,30080,30111,32,-1.5134975910186768,2.1344597125002234,36670,1.0625,5.046875,6.0
features,net_profit,942,30112,30143,32,-0.6844303011894226,1.790053870064773,36709,1.21875,4.8125,6.0
features,net_profit,943,30144,30175,32,-1.1179442405700684,2.85643387838277,36742,1.03125,5.0625,8.0
features,net_profit,944,30176,30207,32,-0.3019568920135498,3.377165739054896,36777,1.09375,5.3125,8.0
features,net_profit,945,30208,30239,32,-0.2486814558506012,2.3796804897452075,36815,1.1875,4.625,6.0
features,net_profit,946,30240,30271,32,-0.8863561749458313,1.545071657616665,36850,1.09375,4.9375,6.0
features,net_profit,947,30272,30303,32,-0.6732528209686279,2.3853961152307193,36884,1.0625,5.140625,6.5
features,net_profit,948,30304,30335,32,-0.1976768672466278,2.6193839404810575,36921,1.15625,4.734375,6.0
features,net_profit,949,30336,30367,32,0.7384830713272095,3.2587285712735925,36953,1.0,4.890625,6.5
features,net_profit,950,30368,30399,32,-0.8527208566665649,2.524956745095459,36990,1.15625,4.953125,8.0
features,net_profit,951,30400,30431,32,-0.5762721300125122,3.892013855339945,37023,1.03125,5.3125,6.0
features,net_profit,952,30432,30463,32,-0.08077669143676758,1.2855479717483247,37059,1.125,4.390625,8.0
features,net_profit,953,30464,30495,32,-0.566839337348938,2.1203092924144795,37094,1.09375,4.640625,6.0
features,net_profit,954,30496,30527,32,-2.378223180770874,3.6437906239409803,37133,1.21875,4.71875,6.0
features,net_profit,955,30528,30559,32,-0.2903304696083069,1.8350598014173798,37167,1.0625,4.75,7.0
features,net_profit,956,30560,30591,32,-1.40523362159729,4.43102954277899,37202,1.09375,5.015625,6.5
features,net_profit,957,30592,30623,32,-1.3097437620162964,1.4996331030744625,37235,1.03125,5.34375,7.0
features,net_profit,958,30624,30655,32,0.2315548062324524,3.8711547272863402,37273,1.1875,5.0,8.0
features,net_profit,959,30656,30687,32,1.0824397802352905,1.9675285111390666,37307,1.0625,4.671875,8.0
features,net_profit,960,30688,30719,32,0.19033604860305786,3.4658397648788766,37351,1.375,4.546875,6.0
features,net_profit,961,30720,30751,32,-0.5826417207717896,5.0981047585898605,37388,1.15625,4.671875,8.0
features,net_profit,962,30752,30783,32,-0.18199454247951508,2.223357837931251,37426,1.1875,4.625,6.0
features,net_profit,963,30784,30815,32,-1.294907808303833,2.971314753640596,37461,1.09375,4.71875,6.0
features,net_profit,964,30816,30847,32,0.09125036001205444,3.5451172049437525,37499,1.1875,4.8125,8.0
features,net_profit,965,30848,30879,32,-1.482962727546692,3.1376918725656,37536,1.15625,5.328125,8.0
features,net_profit,966,30880,30911,32,-0.9777073264122009,1.6276761053260391,37575,1.21875,4.3125,6.5
features,net_profit,967,30912,30943,32,-0.74249267578125,4.229418946206536,37614,1.21875,4.84375,7.0
features,net_profit,968,30944,30975,32,-0.7483186721801758,1.660255647147526,37655,1.28125,4.78125,8.0
features,net_profit,969,30976,31007,32,-1.8704355955123901,3.3416168447781627,37699,1.375,4.3125,8.0
features,net_profit,970,31008,31039,32,-0.12950345873832703,4.0904314958825,37740,1.28125,4.5,7.0
features,net_profit,971,31040,31071,32,-1.1081175804138184,1.6868260996745084,37786,1.4375,4.25,6.0
features,net_profit,972,31072,31103,32,-0.8538162112236023,1.8129327778744473,37825,1.21875,4.21875,8.0
features,net_profit,973,31104,31135,32,-1.6411694288253784,2.6886272288807684,37865,1.25,5.015625,8.0
features,net_profit,974,31136,31167,32,-0.5126533508300781,1.9585698094657598,37908,1.34375,4.25,6.0
features,net_profit,975,31168,31199,32,-0.6949532628059387,2.401750663920238,37950,1.3125,4.375,6.0
features,net_profit,976,31200,31231,32,-0.5549057126045227,1.7677846143601839,37994,1.375,4.484375,6.5
features,net_profit,977,31232,31263,32,0.15016405284404755,1.9631341308533365,38029,1.09375,4.84375,8.0
features,net_profit,978,31264,31295,32,-1.6911486387252808,1.4326351114954092,38076,1.46875,4.0625,6.0
features,net_profit,979,31296,31327,32,-0.8467023372650146,2.0202972354516024,38120,1.375,4.46875,8.0
features,net_profit,980,31328,31359,32,-2.0695433616638184,1.246422941980575,38163,1.34375,4.34375,6.0
features,net_profit,981,31360,31391,32,0.028175055980682373,1.316979040361454,38205,1.3125,4.296875,6.0
features,net_profit,982,31392,31423,32,-1.9159308671951294,1.667689164875971,38251,1.4375,4.21875,6.0
features,net_profit,983,31424,31455,32,-0.14837023615837097,2.7432914755894813,38290,1.21875,4.359375,6.5
features,net_profit,984,31456,31487,32,-0.7253193855285645,5.019793920606614,38330,1.25,4.5625,8.0
features,net_profit,985,31488,31519,32,-1.45601487159729,1.863584769228848,38378,1.5,4.34375,6.0
features,net_profit,986,31520,31551,32,-2.6726133823394775,1.568728003515946,38421,1.34375,4.296875,6.0
features,net_profit,987,31552,31583,32,0.43892398476600647,1.7112217745505338,38462,1.28125,4.265625,6.5
features,net_profit,988,31584,31615,32,-0.8241761922836304,3.141184558022106,38510,1.5,4.1875,7.0
features,net_profit,989,31616,31647,32,-0.22588898241519928,1.5789931105045496,38561,1.59375,3.84375,7.0
features,net_profit,990,31648,31679,32,-1.6310313940048218,2.4712241946421054,38608,1.46875,4.390625,6.5
features,net_profit,991,31680,31711,32,-2.3365166187286377,2.4000228055510067,38649,1.28125,4.65625,7.0
features,net_profit,992,31712,31743,32,-0.26694783568382263,2.0345244540016534,38694,1.40625,4.3125,14.0
features,net_profit,993,31744,31775,32,-0.6756683588027954,2.9917426526058506,38750,1.75,3.6875,6.0
features,net_profit,994,31776,31807,32,0.01830834150314331,1.4916015420632334,38790,1.25,4.234375,7.0
features,net_profit,995,31808,31839,32,-1.8835035562515259,4.245789538792247,38834,1.375,4.8125,7.0
features,net_profit,996,31840,31871,32,-0.005675613880157471,2.4451962099435893,38876,1.3125,4.359375,8.0
features,net_profit,997,31872,31903,32,-0.2633057236671448,3.7884853804556147,38922,1.4375,3.96875,7.0
features,net_profit,998,31904,31935,32,1.2568695545196533,1.7069187795945135,38964,1.3125,4.390625,8.0
features,net_profit,999,31936,31967,32,-1.8592406511306763,1.294260995614577,39007,1.34375,4.546875,6.5
features,net_profit,1000,31968,31999,32,-1.775437355041504,2.55159867941244,39052,1.40625,4.203125,6.0
features,stake_scaled_net_profit,1,0,31,32,-0.2506752610206604,0.19572820250027706,50,1.5625,0.7343749999999998,1.3333333333333333
features,stake_scaled_net_profit,2,32,63,32,-0.25920477509498596,0.0971221137800546,93,1.34375,0.8020833333333331,1.3333333333333333
features,stake_scaled_net_profit,3,64,95,32,0.012101620435714722,0.13139225388987608,139,1.4375,0.7031249999999999,1.0
features,stake_scaled_net_profit,4,96,127,32,0.09992136061191559,0.09174302765481736,182,1.34375,0.7473958333333335,1.3333333333333333
features,stake_scaled_net_profit,5,128,159,32,-0.14103984832763672,0.0923338814849804,227,1.40625,0.7005208333333334,1.3333333333333333
features,stake_scaled_net_profit,6,160,191,32,-0.215844064950943,0.14693139137669714,271,1.375,0.765625,1.0833333333333333
features,stake_scaled_net_profit,7,192,223,32,-0.015183500945568085,0.15628767548073458,324,1.65625,0.6848958333333334,1.1666666666666667
features,stake_scaled_net_profit,8,224,255,32,-0.5116575956344604,0.11118924575904389,373,1.53125,0.7213541666666666,1.0
features,stake_scaled_net_profit,9,256,287,32,-0.09730707108974457,0.19206530406110175,420,1.46875,0.7317708333333331,1.3333333333333333
features,stake_scaled_net_profit,10,288,319,32,-0.0010914281010627747,0.12884869136912622,459,1.21875,0.7708333333333331,1.3333333333333333
features,stake_scaled_net_profit,11,320,351,32,0.16755016148090363,0.15882584521037202,501,1.3125,0.6953125000000001,1.0833333333333333
features,stake_scaled_net_profit,12,352,383,32,-0.24137991666793823,0.15836109319224376,551,1.5625,0.6822916666666666,1.3333333333333333
features,stake_scaled_net_profit,13,384,415,32,-0.3381198048591614,0.12474607250974208,594,1.34375,0.7421875,1.3333333333333333
features,stake_scaled_net_profit,14,416,447,32,0.11473418027162552,0.2886136579661222,647,1.65625,0.6458333333333333,1.3333333333333333
features,stake_scaled_net_profit,15,448,479,32,-0.09270153939723969,0.2356355859199345,691,1.375,0.7239583333333331,1.0
features,stake_scaled_net_profit,16,480,511,32,-0.12364418804645538,0.11474816825118266,731,1.25,0.7838541666666664,1.0
features,stake_scaled_net_profit,17,512,543,32,-0.2833346724510193,0.14923359820878598,775,1.375,0.6458333333333331,1.3333333333333333
features,stake_scaled_net_profit,18,544,575,32,0.141871377825737,0.19233402535753785,817,1.3125,0.6875000000000001,1.1666666666666667
features,stake_scaled_net_profit,19,576,607,32,-0.031347207725048065,0.215069426366533,862,1.40625,0.6874999999999999,1.0833333333333333
features,stake_scaled_net_profit,20,608,639,32,-0.18896496295928955,0.20534265216851633,903,1.28125,0.6614583333333333,1.0
features,stake_scaled_net_profit,21,640,671,32,-0.14911559224128723,0.27421162958552137,945,1.3125,0.7369791666666666,1.3333333333333333
features,stake_scaled_net_profit,22,672,703,32,-0.15943065285682678,0.11310896691372573,983,1.1875,0.7500000000000002,1.0
features,stake_scaled_net_profit,23,704,735,32,-0.08407625555992126,0.3952181726632704,1028,1.40625,0.7057291666666664,1.0
features,stake_scaled_net_profit,24,736,767,32,-0.09295588731765747,0.4206645370197425,1068,1.25,0.7994791666666665,1.3333333333333333
features,stake_scaled_net_profit,25,768,799,32,0.058670539408922195,0.16841438027621494,1111,1.34375,0.7109374999999999,1.0
features,stake_scaled_net_profit,26,800,831,32,-0.13533072173595428,0.27861015134102257,1156,1.40625,0.7395833333333333,1.3333333333333333
features,stake_scaled_net_profit,27,832,863,32,-0.2139052450656891,0.16166788825608863,1199,1.34375,0.7135416666666665,1.0
features,stake_scaled_net_profit,28,864,895,32,-0.11946352571249008,0.41465641176593493,1240,1.28125,0.6927083333333333,1.3333333333333333
features,stake_scaled_net_profit,29,896,927,32,-0.016799256205558777,0.2477641682143306,1279,1.21875,0.78125,1.1666666666666667
features,stake_scaled_net_profit,30,928,959,32,0.20440107583999634,0.17825964988484042,1316,1.15625,0.7838541666666667,1.1666666666666667
features,stake_scaled_net_profit,31,960,991,32,-0.22067150473594666,0.323999048518449,1351,1.09375,0.8749999999999999,1.3333333333333333
features,stake_scaled_net_profit,32,992,1023,32,-0.07871463894844055,0.19117360320855983,1387,1.125,0.7942708333333333,1.0
features,stake_scaled_net_profit,33,1024,1055,32,-0.00022204499691724777,0.15905579572060324,1422,1.09375,0.7447916666666666,1.0833333333333333
features,stake_scaled_net_profit,34,1056,1087,32,-0.12269780039787292,0.3260099599834422,1462,1.25,0.7864583333333335,1.0833333333333333
features,stake_scaled_net_profit,35,1088,1119,32,-0.08170096576213837,0.21000910704496292,1499,1.15625,0.7552083333333334,1.0
features,stake_scaled_net_profit,36,1120,1151,32,0.06680458784103394,0.3671239442409995,1532,1.03125,0.7786458333333333,1.3333333333333333
features,stake_scaled_net_profit,37,1152,1183,32,0.12967082858085632,0.39417104399960584,1569,1.15625,0.8255208333333334,1.0
features,stake_scaled_net_profit,38,1184,1215,32,-0.16623523831367493,0.3476651477763267,1609,1.25,0.7812499999999998,1.0
features,stake_scaled_net_profit,39,1216,1247,32,0.19994591176509857,0.5218718242419483,1647,1.1875,0.8072916666666666,1.3333333333333333
features,stake_scaled_net_profit,40,1248,1279,32,0.0758914053440094,0.3769418173591161,1684,1.15625,0.8125,1.3333333333333333
features,stake_scaled_net_profit,41,1280,1311,32,-0.12951308488845825,0.2395739664055664,1722,1.1875,0.8645833333333333,1.3333333333333333
features,stake_scaled_net_profit,42,1312,1343,32,-0.011688463389873505,0.46415621407759633,1759,1.15625,0.7161458333333334,1.0833333333333333
features,stake_scaled_net_profit,43,1344,1375,32,1.0902899503707886,3.891868805475789,1799,1.25,3.3359375,84.16666666666667
features,stake_scaled_net_profit,44,1376,1407,32,0.06746866554021835,0.30158268868100724,1839,1.25,0.7682291666666666,1.0
features,stake_scaled_net_profit,45,1408,1439,32,0.10431089997291565,0.37103983128918067,1874,1.09375,0.8229166666666665,1.0833333333333333
features,stake_scaled_net_profit,46,1440,1471,32,-0.26325148344039917,0.38796746324254344,1909,1.09375,0.8619791666666664,1.1666666666666667
features,stake_scaled_net_profit,47,1472,1503,32,-0.23201259970664978,0.2908888703795771,1947,1.1875,0.8177083333333334,1.0
features,stake_scaled_net_profit,48,1504,1535,32,-0.22204644978046417,0.22261763703423215,1980,1.03125,0.9062499999999999,1.0
features,stake_scaled_net_profit,49,1536,1567,32,0.04887569695711136,0.18053522066421604,2015,1.09375,0.7708333333333331,1.3333333333333333
features,stake_scaled_net_profit,50,1568,1599,32,0.035569943487644196,0.7612482661208021,2052,1.15625,0.8333333333333333,1.0
features,stake_scaled_net_profit,51,1600,1631,32,-0.2841198742389679,0.23790753840340187,2089,1.15625,0.8151041666666666,1.0
features,stake_scaled_net_profit,52,1632,1663,32,0.060327038168907166,0.3575906474966194,2124,1.09375,1.067708333333333,9.166666666666666
features,stake_scaled_net_profit,53,1664,1695,32,-0.2269553542137146,0.28413854499005115,2157,1.03125,0.8645833333333333,1.3333333333333333
features,stake_scaled_net_profit,54,1696,1727,32,-0.198379248380661,0.17294820655780152,2190,1.03125,0.7968749999999999,1.0
features,stake_scaled_net_profit,55,1728,1759,32,-0.1376546025276184,0.2686478346073746,2226,1.125,0.9010416666666665,1.3333333333333333
features,stake_scaled_net_profit,56,1760,1791,32,-0.046289410442113876,0.14446558014795471,2259,1.03125,0.8723958333333333,1.3333333333333333
features,stake_scaled_net_profit,57,1792,1823,32,0.15983927249908447,0.3816527371993411,2294,1.09375,0.7343750000000001,1.0
features,stake_scaled_net_profit,58,1824,1855,32,0.11090417206287384,0.1597603184867812,2326,1.0,0.8489583333333333,1.3333333333333333
features,stake_scaled_net_profit,59,1856,1887,32,-0.15542495250701904,0.12194516880237415,2359,1.03125,0.8932291666666666,1.3333333333333333
features,stake_scaled_net_profit,60,1888,1919,32,-0.3008953928947449,0.42064596603606685,2394,1.09375,0.8671874999999998,1.3333333333333333
features,stake_scaled_net_profit,61,1920,1951,32,-0.09689218550920486,0.11793152530892562,2428,1.0625,0.8802083333333334,1.0833333333333333
features,stake_scaled_net_profit,62,1952,1983,32,-0.11783308535814285,0.21401791109395127,2461,1.03125,0.8593749999999999,1.0
features,stake_scaled_net_profit,63,1984,2015,32,-0.029666414484381676,0.26126748966053814,2494,1.03125,0.9609375,2.5
features,stake_scaled_net_profit,64,2016,2047,32,0.0515727736055851,0.4430453221451225,2528,1.0625,0.8463541666666666,1.3333333333333333
features,stake_scaled_net_profit,65,2048,2079,32,-0.05523288995027542,0.21838346257342278,2561,1.03125,0.8203124999999999,1.0833333333333333
features,stake_scaled_net_profit,66,2080,2111,32,0.1952832192182541,0.13441544053785665,2597,1.125,0.7656249999999999,1.3333333333333333
features,stake_scaled_net_profit,67,2112,2143,32,0.016530998051166534,0.20171367713543217,2630,1.03125,0.8515624999999999,1.0833333333333333
features,stake_scaled_net_profit,68,2144,2175,32,0.10162393748760223,0.21460204581251552,2664,1.0625,0.8489583333333331,1.0833333333333333
features,stake_scaled_net_profit,69,2176,2207,32,-0.019473612308502197,0.23717944148360867,2697,1.03125,0.841145833333333,1.3333333333333333
features,stake_scaled_net_profit,70,2208,2239,32,-0.3464628756046295,0.8035735421863509,2729,1.0,0.8541666666666666,1.3333333333333333
features,stake_scaled_net_profit,71,2240,2271,32,-0.21586769819259644,0.1576374765050277,2767,1.1875,0.8333333333333334,1.0
features,stake_scaled_net_profit,72,2272,2303,32,-0.08923004567623138,0.12046103053913633,2801,1.0625,0.8437499999999998,1.0
features,stake_scaled_net_profit,73,2304,2335,32,-0.06051093339920044,0.12320983285649535,2834,1.03125,0.8255208333333335,1.0833333333333333
features,stake_scaled_net_profit,74,2336,2367,32,-0.23617006838321686,0.39330230049240444,2873,1.21875,0.8463541666666666,1.3333333333333333
features,stake_scaled_net_profit,75,2368,2399,32,-0.020801309496164322,0.24563968451379373,2907,1.0625,0.8463541666666665,2.5
features,stake_scaled_net_profit,76,2400,2431,32,0.018640484660863876,0.3059405800108208,2939,1.0,0.8776041666666665,1.0833333333333333
features,stake_scaled_net_profit,77,2432,2463,32,0.1123909056186676,0.27895995524080874,2973,1.0625,0.7968749999999999,1.3333333333333333
features,stake_scaled_net_profit,78,2464,2495,32,-0.06046150252223015,0.38796418343102,3009,1.125,0.7656249999999999,1.0
features,stake_scaled_net_profit,79,2496,2527,32,-0.10627110302448273,0.4084730569171756,3043,1.0625,0.8723958333333333,1.3333333333333333
features,stake_scaled_net_profit,80,2528,2559,32,-0.12377851456403732,0.13981862580941415,3076,1.03125,0.9270833333333333,1.3333333333333333
features,stake_scaled_net_profit,81,2560,2591,32,-0.01653406023979187,0.1040354794247427,3108,1.0,0.8203124999999999,1.0833333333333333
features,stake_scaled_net_profit,82,2592,2623,32,-0.09159369766712189,0.29933688823484506,3142,1.0625,0.8671875,1.0833333333333333
features,stake_scaled_net_profit,83,2624,2655,32,-0.004631303250789642,0.2016420060270034,3177,1.09375,0.8177083333333333,1.0
features,stake_scaled_net_profit,84,2656,2687,32,-0.09916906803846359,0.27969291264134344,3211,1.0625,0.9192708333333331,1.3333333333333333
features,stake_scaled_net_profit,85,2688,2719,32,-0.20146112143993378,0.5920362898881036,3243,1.0,0.9296874999999997,1.3333333333333333
features,stake_scaled_net_profit,86,2720,2751,32,0.03440513089299202,0.09174558309852097,3277,1.0625,0.8098958333333331,1.3333333333333333
features,stake_scaled_net_profit,87,2752,2783,32,-0.0779457688331604,0.16620970575250532,3310,1.03125,0.8020833333333333,1.3333333333333333
features,stake_scaled_net_profit,88,2784,2815,32,-0.06167929619550705,0.10362995227190698,3344,1.0625,0.8385416666666665,1.3333333333333333
features,stake_scaled_net_profit,89,2816,2847,32,-0.12734587490558624,0.30879501819047916,3376,1.0,0.8125,1.3333333333333333
features,stake_scaled_net_profit,90,2848,2879,32,-0.0021318155340850353,0.033300640913598856,3409,1.03125,0.7916666666666667,1.0
features,stake_scaled_net_profit,91,2880,2911,32,0.050719209015369415,0.16706467556635038,3442,1.03125,0.8541666666666666,1.3333333333333333
features,stake_scaled_net_profit,92,2912,2943,32,-0.04044024646282196,0.265120776285078,3474,1.0,0.8854166666666665,1.3333333333333333
features,stake_scaled_net_profit,93,2944,2975,32,0.05442851409316063,0.18309592228802082,3506,1.0,0.9062499999999998,1.3333333333333333
features,stake_scaled_net_profit,94,2976,3007,32,0.008961689658463001,0.07698560441188412,3538,1.0,0.7994791666666664,1.3333333333333333
features,stake_scaled_net_profit,95,3008,3039,32,-0.19052660465240479,0.3187400398837016,3571,1.03125,0.9062499999999998,1.3333333333333333
features,stake_scaled_net_profit,96,3040,3071,32,0.06461157649755478,0.1567983835963953,3604,1.03125,0.8229166666666666,1.3333333333333333
features,stake_scaled_net_profit,97,3072,3103,32,-0.2806490361690521,0.5672160153641919,3636,1.0,0.8854166666666666,1.3333333333333333
features,stake_scaled_net_profit,98,3104,3135,32,-0.07568438351154327,0.17462158936160804,3669,1.03125,0.828125,1.0
features,stake_scaled_net_profit,99,3136,3167,32,0.06464516371488571,0.131667342384421,3701,1.0,0.8854166666666666,2.5
features,stake_scaled_net_profit,100,3168,3199,32,-0.12548138201236725,0.21537771404292555,3733,1.0,0.9296874999999999,1.3333333333333333
features,stake_scaled_net_profit,101,3200,3231,32,-0.08996562659740448,0.2563674426266234,3765,1.0,0.9036458333333329,1.3333333333333333
features,stake_scaled_net_profit,102,3232,3263,32,-0.09625767916440964,0.24478177259993908,3797,1.0,0.8307291666666664,1.3333333333333333
features,stake_scaled_net_profit,103,3264,3295,32,-0.20139026641845703,0.4207602043058879,3830,1.03125,0.9036458333333334,1.3333333333333333
features,stake_scaled_net_profit,104,3296,3327,32,-0.005935437977313995,0.05301409057305654,3862,1.0,0.9218749999999999,1.3333333333333333
features,stake_scaled_net_profit,105,3328,3359,32,-0.0016631641192361712,0.017636767470720904,3894,1.0,0.8567708333333334,1.0833333333333333
features,stake_scaled_net_profit,106,3360,3391,32,-0.0022039643954485655,0.018899447516374596,3926,1.0,0.8307291666666666,1.3333333333333333
features,stake_scaled_net_profit,107,3392,3423,32,0.2083733230829239,0.4442580778791601,3960,1.0625,0.9062500000000001,1.3333333333333333
features,stake_scaled_net_profit,108,3424,3455,32,-0.0006330384640023112,0.008312458709797535,3992,1.0,0.8750000000000001,1.3333333333333333
features,stake_scaled_net_profit,109,3456,3487,32,-0.13661208748817444,0.27923786267898565,4025,1.03125,0.8854166666666666,1.3333333333333333
features,stake_scaled_net_profit,110,3488,3519,32,-0.0017453127074986696,0.016788831005395678,4057,1.0,0.9088541666666666,1.0833333333333333
features,stake_scaled_net_profit,111,3520,3551,32,-0.0012754909694194794,0.013955640945578246,4089,1.0,0.8723958333333333,1.3333333333333333
features,stake_scaled_net_profit,112,3552,3583,32,-0.0012718626530840993,0.014084310367468234,4121,1.0,0.8541666666666666,1.0
features,stake_scaled_net_profit,113,3584,3615,32,-0.0005899263778701425,0.006775405422184739,4153,1.0,0.8359374999999999,1.0833333333333333
features,stake_scaled_net_profit,114,3616,3647,32,-0.1669960618019104,0.35439477985811485,4185,1.0,0.890625,1.3333333333333333
features,stake_scaled_net_profit,115,3648,3679,32,-0.0007049664855003357,0.007128823633557509,4217,1.0,0.8411458333333333,1.0833333333333333
features,stake_scaled_net_profit,116,3680,3711,32,-0.0005794042954221368,0.008004581525196463,4249,1.0,0.9270833333333331,1.3333333333333333
features,stake_scaled_net_profit,117,3712,3743,32,-0.0017975431401282549,0.018793049310126243,4281,1.0,0.8958333333333333,1.3333333333333333
features,stake_scaled_net_profit,118,3744,3775,32,-0.0012411861680448055,0.013454045256098857,4313,1.0,0.9062499999999998,1.0
features,stake_scaled_net_profit,119,3776,3807,32,-1.0690331691876054e-05,0.0019346817664752378,4345,1.0,0.859375,1.3333333333333333
features,stake_scaled_net_profit,120,3808,3839,32,-0.00036901546991430223,0.005128965688325729,4377,1.0,0.859375,1.0833333333333333
features,stake_scaled_net_profit,121,3840,3871,32,-0.001827344298362732,0.020253366919063768,4409,1.0,0.9088541666666666,1.0833333333333333
features,stake_scaled_net_profit,122,3872,3903,32,-0.000804280280135572,0.009013882622900773,4441,1.0,0.8671875,1.0833333333333333
features,stake_scaled_net_profit,123,3904,3935,32,-9.307143045589328e-05,0.001995360003505929,4473,1.0,0.8984374999999997,2.5
features,stake_scaled_net_profit,124,3936,3967,32,-6.839136767666787e-05,0.0018630561914763353,4505,1.0,0.9036458333333333,1.3333333333333333
features,stake_scaled_net_profit,125,3968,3999,32,0.00029369568801485,0.0037059683602015535,4537,1.0,0.8020833333333333,1.0833333333333333
features,stake_scaled_net_profit,126,4000,4031,32,-0.00012319409870542586,0.0020118385708908187,4569,1.0,0.8776041666666664,1.3333333333333333
features,stake_scaled_net_profit,127,4032,4063,32,-0.00023572520876768976,0.002932909031826181,4601,1.0,0.9114583333333331,1.3333333333333333
features,stake_scaled_net_profit,128,4064,4095,32,0.00013351936649996787,0.00225681712852158,4633,1.0,0.8463541666666665,1.3333333333333333
features,stake_scaled_net_profit,129,4096,4127,32,-0.00044387762318365276,0.005571764937586508,4665,1.0,0.9166666666666666,1.3333333333333333
features,stake_scaled_net_profit,130,4128,4159,32,-0.0010094803292304277,0.011534584866798302,4697,1.0,0.9348958333333334,1.0833333333333333
features,stake_scaled_net_profit,131,4160,4191,32,-0.00011137494584545493,0.0034699685745641926,4729,1.0,0.8749999999999997,1.3333333333333333
features,stake_scaled_net_profit,132,4192,4223,32,-0.0012643362861126661,0.014180216241736618,4761,1.0,0.8671874999999999,1.0833333333333333
features,stake_scaled_net_profit,133,4224,4255,32,-0.00025978562189266086,0.003163853206961173,4793,1.0,0.8098958333333334,1.0833333333333333
features,stake_scaled_net_profit,134,4256,4287,32,-2.59305234067142e-05,0.0015462768155515595,4825,1.0,0.8802083333333333,1.0
features,stake_scaled_net_profit,135,4288,4319,32,-0.0008576760301366448,0.009398924472207207,4857,1.0,0.875,1.0
features,stake_scaled_net_profit,136,4320,4351,32,-0.0005058248643763363,0.006293701500383329,4889,1.0,0.9479166666666666,1.3333333333333333
features,stake_scaled_net_profit,137,4352,4383,32,-0.0012897662818431854,0.01406267566323905,4921,1.0,0.8802083333333333,1.3333333333333333
features,stake_scaled_net_profit,138,4384,4415,32,0.00015478828572668135,0.002053684618146555,4953,1.0,0.8593749999999999,1.0833333333333333
features,stake_scaled_net_profit,139,4416,4447,32,-0.0008788381819613278,0.010334681311852542,4985,1.0,0.8697916666666667,1.3333333333333333
features,stake_scaled_net_profit,140,4448,4479,32,8.610640361439437e-05,0.0022414167159867026,5017,1.0,0.8723958333333333,1.3333333333333333
features,stake_scaled_net_profit,141,4480,4511,32,0.13523472845554352,0.2608526907430274,5050,1.03125,0.8203125,1.0833333333333333
features,stake_scaled_net_profit,142,4512,4543,32,-0.0002581415756139904,0.003913602023323923,5082,1.0,0.8697916666666666,1.0
features,stake_scaled_net_profit,143,4544,4575,32,-0.0004512320156209171,0.005444193940073485,5114,1.0,0.981770833333333,1.3333333333333333
features,stake_scaled_net_profit,144,4576,4607,32,6.152932473924011e-05,0.001774767252452618,5146,1.0,0.9114583333333331,1.3333333333333333
features,stake_scaled_net_profit,145,4608,4639,32,-0.0005387589335441589,0.006152855608251875,5178,1.0,0.7656250000000001,1.0
features,stake_scaled_net_profit,146,4640,4671,32,-0.00010010474943555892,0.002631620251641854,5210,1.0,0.9401041666666666,1.3333333333333333
features,stake_scaled_net_profit,147,4672,4703,32,-0.00015393522335216403,0.002587708049920186,5242,1.0,0.8593749999999998,1.0
features,stake_scaled_net_profit,148,4704,4735,32,-0.0006707472493872046,0.00753114619832518,5274,1.0,0.9010416666666666,1.3333333333333333
features,stake_scaled_net_profit,149,4736,4767,32,-0.0003317978698760271,0.005866338404692838,5306,1.0,0.8828124999999999,1.0833333333333333
features,stake_scaled_net_profit,150,4768,4799,32,0.0011058939853683114,0.011083444588003139,5338,1.0,0.8567708333333334,1.0
features,stake_scaled_net_profit,151,4800,4831,32,-1.2784585123881698e-05,0.0017062268164202757,5370,1.0,0.8906250000000001,1.0833333333333333
features,stake_scaled_net_profit,152,4832,4863,32,0.00010965700494125485,0.004254804741638588,5402,1.0,0.8359375,1.0833333333333333
features,stake_scaled_net_profit,153,4864,4895,32,3.1219766242429614e-05,0.002532993017525168,5434,1.0,0.8645833333333331,1.0833333333333333
features,stake_scaled_net_profit,154,4896,4927,32,0.001265455735847354,0.013394380048226826,5466,1.0,0.8697916666666664,1.3333333333333333
features,stake_scaled_net_profit,155,4928,4959,32,0.0008434224873781204,0.00899516720280682,5498,1.0,0.8723958333333333,1.3333333333333333
features,stake_scaled_net_profit,156,4960,4991,32,-0.00038813179708085954,0.005331173554444443,5530,1.0,0.8671875,1.0833333333333333
features,stake_scaled_net_profit,157,4992,5023,32,-0.0002564973838161677,0.004339959700820754,5562,1.0,0.9374999999999999,1.3333333333333333
features,stake_scaled_net_profit,158,5024,5055,32,-0.001364064635708928,0.015218378493221668,5594,1.0,0.8229166666666666,1.0
features,stake_scaled_net_profit,159,5056,5087,32,-0.0012599453330039978,0.01455795243966599,5626,1.0,0.9453124999999999,1.0833333333333333
features,stake_scaled_net_profit,160,5088,5119,32,0.0003037750720977783,0.0035718449311250376,5658,1.0,0.7786458333333331,1.0833333333333333
features,stake_scaled_net_profit,161,5120,5151,32,-0.14110715687274933,0.3004692307457986,5690,1.0,0.875,1.3333333333333333
features,stake_scaled_net_profit,162,5152,5183,32,-0.0010904544033110142,0.01161378776497174,5722,1.0,0.7890625,1.0833333333333333
features,stake_scaled_net_profit,163,5184,5215,32,-0.0019334233365952969,0.021214138966219844,5754,1.0,0.9427083333333334,1.3333333333333333
features,stake_scaled_net_profit,164,5216,5247,32,0.09748801589012146,0.20020914435890075,5787,1.03125,0.9244791666666664,1.3333333333333333
features,stake_scaled_net_profit,165,5248,5279,32,0.000283251196378842,0.003753958106704201,5819,1.0,0.8385416666666665,1.0833333333333333
features,stake_scaled_net_profit,166,5280,5311,32,-3.194931196048856e-05,0.00216370765300806,5851,1.0,0.8177083333333331,1.0
features,stake_scaled_net_profit,167,5312,5343,32,0.0004197284870315343,0.004491703807425104,5883,1.0,0.9401041666666665,1.3333333333333333
features,stake_scaled_net_profit,168,5344,5375,32,-0.0001627771562198177,0.0023913161181150543,5915,1.0,0.84375,1.3333333333333333
features,stake_scaled_net_profit,169,5376,5407,32,-0.0004898731713183224,0.006005731709207865,5947,1.0,0.8854166666666666,1.3333333333333333
features,stake_scaled_net_profit,170,5408,5439,32,-0.00022137290216051042,0.003757363733488591,5979,1.0,0.8333333333333333,1.3333333333333333
features,stake_scaled_net_profit,171,5440,5471,32,3.1986593967303634e-05,0.002098160344655015,6011,1.0,0.859375,1.3333333333333333
features,stake_scaled_net_profit,172,5472,5503,32,-0.0008803928503766656,0.009862789222921083,6043,1.0,0.8333333333333333,1.0
features,stake_scaled_net_profit,173,5504,5535,32,-0.0004019190091639757,0.0049811022439124235,6075,1.0,0.8697916666666667,1.3333333333333333
features,stake_scaled_net_profit,174,5536,5567,32,0.00012461032019928098,0.002852414406538939,6107,1.0,0.8567708333333335,1.3333333333333333
features,stake_scaled_net_profit,175,5568,5599,32,-0.12944172322750092,0.2583740152291944,6140,1.03125,0.9479166666666666,2.5
features,stake_scaled_net_profit,176,5600,5631,32,-0.0007803874323144555,0.00970206794991233,6172,1.0,0.9401041666666665,1.3333333333333333
features,stake_scaled_net_profit,177,5632,5663,32,-0.12210054695606232,0.24763374376122205,6205,1.03125,0.9010416666666666,2.5
features,stake_scaled_net_profit,178,5664,5695,32,0.0004235071537550539,0.004756540653519995,6237,1.0,0.8046874999999999,1.0
features,stake_scaled_net_profit,179,5696,5727,32,-0.0007702322909608483,0.009073306441442082,6269,1.0,0.8828124999999999,1.3333333333333333
features,stake_scaled_net_profit,180,5728,5759,32,-0.00036926197935827076,0.0038974083757640347,6301,1.0,0.8541666666666667,1.3333333333333333
features,stake_scaled_net_profit,181,5760,5791,32,-0.0005437731742858887,0.006070465802964109,6333,1.0,0.8098958333333333,1.0
features,stake_scaled_net_profit,182,5792,5823,32,0.00012044113100273535,0.002089552436661216,6365,1.0,0.8541666666666666,1.0
features,stake_scaled_net_profit,183,5824,5855,32,-2.0761945052072406e-06,0.0014649078968756765,6397,1.0,0.8984375,1.3333333333333333
features,stake_scaled_net_profit,184,5856,5887,32,-0.0008962625870481133,0.009751959263229104,6429,1.0,0.8359375000000001,1.0833333333333333
features,stake_scaled_net_profit,185,5888,5919,32,0.00019723051809705794,0.003108503024012795,6461,1.0,0.8645833333333334,1.3333333333333333
features,stake_scaled_net_profit,186,5920,5951,32,-0.0005420135566964746,0.006427594912708972,6493,1.0,0.8776041666666666,1.3333333333333333
features,stake_scaled_net_profit,187,5952,5983,32,-0.0002702263882383704,0.003327490926541004,6525,1.0,0.8802083333333333,1.3333333333333333
features,stake_scaled_net_profit,188,5984,6015,32,-0.000334358453983441,0.004081066034747707,6557,1.0,0.8463541666666666,1.0
features,stake_scaled_net_profit,189,6016,6047,32,-0.000753035128582269,0.00916136649639051,6589,1.0,0.9348958333333333,1.3333333333333333
features,stake_scaled_net_profit,190,6048,6079,32,-0.00039417046355083585,0.004926671059641737,6621,1.0,0.9531249999999999,1.3333333333333333
features,stake_scaled_net_profit,191,6080,6111,32,-9.609758853912354e-05,0.0015814777510697324,6653,1.0,0.9010416666666666,1.3333333333333333
features,stake_scaled_net_profit,192,6112,6143,32,-0.0008608587086200714,0.009999667507717122,6685,1.0,0.9140624999999998,1.0833333333333333
features,stake_scaled_net_profit,193,6144,6175,32,-0.0002858620136976242,0.0038711573340825195,6717,1.0,0.8671875,1.3333333333333333
features,stake_scaled_net_profit,194,6176,6207,32,2.7704983949661255e-05,0.0015109787305311532,6749,1.0,0.8385416666666667,1.0833333333333333
features,stake_scaled_net_profit,195,6208,6239,32,-0.00014772640133742243,0.002449077742685838,6781,1.0,0.8958333333333331,1.3333333333333333
features,stake_scaled_net_profit,196,6240,6271,32,-0.00047752633690834045,0.0056949970362413505,6813,1.0,0.8880208333333333,1.3333333333333333
features,stake_scaled_net_profit,197,6272,6303,32,-0.0004914526944048703,0.00611043064622773,6845,1.0,0.8776041666666666,1.3333333333333333
features,stake_scaled_net_profit,198,6304,6335,32,-0.0005071560153737664,0.006111550907596077,6877,1.0,0.8515625000000001,1.0833333333333333
features,stake_scaled_net_profit,199,6336,6367,32,-0.0008078117971308529,0.0087552192778177,6909,1.0,0.8541666666666666,1.3333333333333333
features,stake_scaled_net_profit,200,6368,6399,32,-0.000471768289571628,0.005721626439821104,6941,1.0,0.9088541666666665,1.3333333333333333
features,stake_scaled_net_profit,201,6400,6431,32,-1.2752716429531574e-06,0.0008956891148717157,6973,1.0,0.8098958333333331,1.0833333333333333
features,stake_scaled_net_profit,202,6432,6463,32,0.14214415848255157,0.29985596414341775,7005,1.0,0.8697916666666666,1.3333333333333333
features,stake_scaled_net_profit,203,6464,6495,32,-0.0005245332722552121,0.005752564188701989,7037,1.0,0.7447916666666667,1.0
features,stake_scaled_net_profit,204,6496,6527,32,0.00023556995438411832,0.0027887343830565324,7069,1.0,0.7916666666666664,1.0
features,stake_scaled_net_profit,205,6528,6559,32,0.00017012532043736428,0.0020084313082917183,7101,1.0,0.7708333333333331,1.0
features,stake_scaled_net_profit,206,6560,6591,32,-0.0004911310970783234,0.005964287790699002,7133,1.0,0.9166666666666665,1.0833333333333333
features,stake_scaled_net_profit,207,6592,6623,32,-0.0005727621028199792,0.006589960423801934,7165,1.0,0.893229166666667,2.5
features,stake_scaled_net_profit,208,6624,6655,32,-0.0009462647722102702,0.011484488688489397,7197,1.0,0.9322916666666667,1.0
features,stake_scaled_net_profit,209,6656,6687,32,0.08982113003730774,0.19842987518542807,7229,1.0,0.9166666666666665,1.3333333333333333
features,stake_scaled_net_profit,210,6688,6719,32,-0.0013159886002540588,0.014419445555665468,7261,1.0,0.8619791666666665,1.0833333333333333
features,stake_scaled_net_profit,211,6720,6751,32,0.0005430492456071079,0.006368753935308724,7293,1.0,0.8489583333333333,1.3333333333333333
features,stake_scaled_net_profit,212,6752,6783,32,-0.0006990060792304575,0.008277918275427731,7325,1.0,0.8697916666666666,1.0
features,stake_scaled_net_profit,213,6784,6815,32,0.0004839400062337518,0.005124808805235854,7357,1.0,0.8828124999999998,1.0833333333333333
features,stake_scaled_net_profit,214,6816,6847,32,-0.0008964729495346546,0.01157213189767518,7389,1.0,1.1432291666666667,9.166666666666666
features,stake_scaled_net_profit,215,6848,6879,32,-0.000887283415067941,0.009179715058177005,7421,1.0,0.8437500000000002,1.3333333333333333
features,stake_scaled_net_profit,216,6880,6911,32,0.09961719065904617,0.19784125878409262,7454,1.03125,1.1354166666666665,9.166666666666666
features,stake_scaled_net_profit,217,6912,6943,32,0.0011242236942052841,0.012564902386550777,7486,1.0,0.9270833333333331,1.3333333333333333
features,stake_scaled_net_profit,218,6944,6975,32,-0.00015604993677698076,0.004322809255970224,7518,1.0,0.8671875000000001,1.3333333333333333
features,stake_scaled_net_profit,219,6976,7007,32,-0.0005302857607603073,0.007922405266333305,7550,1.0,0.9036458333333329,1.0833333333333333
features,stake_scaled_net_profit,220,7008,7039,32,0.11495984345674515,0.25351952790019255,7582,1.0,0.8281249999999998,1.0833333333333333
features,stake_scaled_net_profit,221,7040,7071,32,-0.0013580620288848877,0.014778626168554163,7614,1.0,0.9270833333333333,1.0
features,stake_scaled_net_profit,222,7072,7103,32,0.10163702815771103,0.2374947784813474,7646,1.0,0.8828125,1.3333333333333333
features,stake_scaled_net_profit,223,7104,7135,32,-0.002749805571511388,0.02338732910082862,7678,1.0,0.8854166666666664,2.5
features,stake_scaled_net_profit,224,7136,7167,32,0.00012016089749522507,0.00699669866173377,7710,1.0,0.8932291666666666,1.3333333333333333
features,stake_scaled_net_profit,225,7168,7199,32,0.0021183565258979797,0.022260161500749928,7742,1.0,0.8203124999999999,1.3333333333333333
features,stake_scaled_net_profit,226,7200,7231,32,0.000537396757863462,0.008609420238000981,7774,1.0,0.8281249999999999,1.0
features,stake_scaled_net_profit,227,7232,7263,32,-0.10645290464162827,0.2493899244082772,7806,1.0,0.8619791666666664,1.0
features,stake_scaled_net_profit,228,7264,7295,32,0.04630901664495468,0.13740771133814134,7839,1.03125,0.8802083333333334,1.3333333333333333
features,stake_scaled_net_profit,229,7296,7327,32,-0.0034716413356363773,0.03403305902424277,7871,1.0,0.9166666666666666,1.3333333333333333
features,stake_scaled_net_profit,230,7328,7359,32,0.05512811243534088,0.16715159129303162,7904,1.03125,0.9010416666666667,1.3333333333333333
features,stake_scaled_net_profit,231,7360,7391,32,-0.004049471113830805,0.040394503470183925,7936,1.0,0.9479166666666665,1.3333333333333333
features,stake_scaled_net_profit,232,7392,7423,32,-0.0051970151253044605,0.05110456042696166,7968,1.0,0.9401041666666665,1.0
features,stake_scaled_net_profit,233,7424,7455,32,-0.12075939029455185,0.24889239380465117,8001,1.03125,0.8307291666666665,1.0833333333333333
features,stake_scaled_net_profit,234,7456,7487,32,-0.004725348670035601,0.041298985294456,8033,1.0,0.8776041666666665,1.0833333333333333
features,stake_scaled_net_profit,235,7488,7519,32,-0.00196019746363163,0.017196294404497006,8065,1.0,0.8958333333333331,1.0833333333333333
features,stake_scaled_net_profit,236,7520,7551,32,0.00288307573646307,0.024096491754481284,8097,1.0,0.7552083333333334,1.0
features,stake_scaled_net_profit,237,7552,7583,32,-0.004554751794785261,0.04276052490717521,8129,1.0,0.9296875,1.3333333333333333
features,stake_scaled_net_profit,238,7584,7615,32,0.006151678040623665,0.05545831269731037,8161,1.0,0.8593749999999997,1.3333333333333333
features,stake_scaled_net_profit,239,7616,7647,32,-0.08961676806211472,0.22398959758531906,8193,1.0,0.8489583333333331,1.0833333333333333
features,stake_scaled_net_profit,240,7648,7679,32,0.0025150515139102936,0.022163267811296277,8225,1.0,0.8437500000000001,1.3333333333333333
features,stake_scaled_net_profit,241,7680,7711,32,-0.09285429120063782,0.1845949531633894,8257,1.0,0.8567708333333334,1.0833333333333333
features,stake_scaled_net_profit,242,7712,7743,32,-0.025249047204852104,0.12989128633034214,8289,1.0,0.8229166666666665,1.0
features,stake_scaled_net_profit,243,7744,7775,32,0.0921919196844101,0.19215246066690383,8322,1.03125,0.8697916666666667,1.3333333333333333
features,stake_scaled_net_profit,244,7776,7807,32,-0.0021514587569981813,0.01798459162632631,8354,1.0,0.8854166666666666,1.3333333333333333
features,stake_scaled_net_profit,245,7808,7839,32,-0.0711984932422638,0.24199761907175527,8387,1.03125,0.8255208333333334,1.3333333333333333
features,stake_scaled_net_profit,246,7840,7871,32,-0.00645426893606782,0.05750228578754003,8419,1.0,0.8697916666666667,1.0
features,stake_scaled_net_profit,247,7872,7903,32,-0.0009075998677872121,0.015594030431952661,8451,1.0,0.825520833333333,1.3333333333333333
features,stake_scaled_net_profit,248,7904,7935,32,-0.15471643209457397,0.37542592555586773,8485,1.0625,0.8411458333333333,1.3333333333333333
features,stake_scaled_net_profit,249,7936,7967,32,0.10371841490268707,0.27091250717257387,8517,1.0,0.8619791666666666,1.0
features,stake_scaled_net_profit,250,7968,7999,32,0.001747254515066743,0.01662906078405818,8549,1.0,0.8776041666666665,1.3333333333333333
features,stake_scaled_net_profit,251,8000,8031,32,-0.10309462249279022,0.23943908330575722,8582,1.03125,0.7682291666666667,1.0833333333333333
features,stake_scaled_net_profit,252,8032,8063,32,0.06648071855306625,0.20830857100573008,8614,1.0,0.8385416666666666,1.0
features,stake_scaled_net_profit,253,8064,8095,32,-0.09185177087783813,0.17550039354720318,8647,1.03125,0.890625,1.3333333333333333
features,stake_scaled_net_profit,254,8096,8127,32,-0.1251380294561386,0.28604343757136325,8679,1.0,0.9218749999999999,1.3333333333333333
features,stake_scaled_net_profit,255,8128,8159,32,-0.0009724361589178443,0.01119091130018618,8711,1.0,0.9140625000000001,2.5
features,stake_scaled_net_profit,256,8160,8191,32,-0.0010938806226477027,0.012449011780834587,8743,1.0,0.8619791666666666,1.0
features,stake_scaled_net_profit,257,8192,8223,32,-0.1440264731645584,0.30220768561064376,8775,1.0,0.8281249999999999,1.3333333333333333
features,stake_scaled_net_profit,258,8224,8255,32,-4.19015996158123e-05,0.007297572919951919,8807,1.0,0.9036458333333331,1.0
features,stake_scaled_net_profit,259,8256,8287,32,-0.0022954579908400774,0.021875912293927987,8839,1.0,0.8151041666666666,1.0833333333333333
features,stake_scaled_net_profit,260,8288,8319,32,-0.2678585648536682,0.5717192597378474,8871,1.0,0.859375,1.3333333333333333
features,stake_scaled_net_profit,261,8320,8351,32,-0.001713816076517105,0.01719168842142151,8903,1.0,0.8645833333333333,1.0
features,stake_scaled_net_profit,262,8352,8383,32,0.08085787296295166,0.1787872648995869,8935,1.0,0.8932291666666665,1.3333333333333333
features,stake_scaled_net_profit,263,8384,8415,32,0.00030252087162807584,0.003589042695381272,8967,1.0,0.8333333333333333,1.3333333333333333
features,stake_scaled_net_profit,264,8416,8447,32,0.0005139000713825226,0.00600605544263639,8999,1.0,0.8333333333333333,1.3333333333333333
features,stake_scaled_net_profit,265,8448,8479,32,-0.001221026061102748,0.012739642788002173,9031,1.0,0.8958333333333333,1.0
features,stake_scaled_net_profit,266,8480,8511,32,-0.0003140531189274043,0.004001336140998694,9063,1.0,0.8619791666666665,1.0833333333333333
features,stake_scaled_net_profit,267,8512,8543,32,-0.00015815100050531328,0.0022429395639185466,9095,1.0,0.8932291666666665,1.0833333333333333
features,stake_scaled_net_profit,268,8544,8575,32,-0.00018933664250653237,0.0025779806943320815,9127,1.0,0.8671875,1.0833333333333333
features,stake_scaled_net_profit,269,8576,8607,32,-0.0003326435689814389,0.004295135615294615,9159,1.0,0.8229166666666665,1.3333333333333333
features,stake_scaled_net_profit,270,8608,8639,32,-0.00010498859046492726,0.001975698993264901,9191,1.0,0.9270833333333333,1.3333333333333333
features,stake_scaled_net_profit,271,8640,8671,32,-0.00024759641382843256,0.0029559071793837928,9223,1.0,0.9062499999999999,1.3333333333333333
features,stake_scaled_net_profit,272,8672,8703,32,1.0741277947090566e-06,0.001266646392694239,9255,1.0,0.8411458333333331,1.3333333333333333
features,stake_scaled_net_profit,273,8704,8735,32,-0.0003091792459599674,0.003964488485916441,9287,1.0,0.8255208333333334,1.3333333333333333
features,stake_scaled_net_profit,274,8736,8767,32,-0.00024209424736909568,0.0032187283724888853,9319,1.0,0.9166666666666664,1.3333333333333333
features,stake_scaled_net_profit,275,8768,8799,32,-0.00045483061694540083,0.005434990307939298,9351,1.0,0.8463541666666666,1.0833333333333333
features,stake_scaled_net_profit,276,8800,8831,32,-8.513654756825417e-05,0.001782869978359242,9383,1.0,0.8984374999999998,1.3333333333333333
features,stake_scaled_net_profit,277,8832,8863,32,-0.0004947520792484283,0.005545361903168235,9415,1.0,0.8854166666666665,1.0833333333333333
features,stake_scaled_net_profit,278,8864,8895,32,-0.0002888962917495519,0.0036182266893386686,9447,1.0,0.8645833333333334,1.0
features,stake_scaled_net_profit,279,8896,8927,32,-0.0004260514979250729,0.005239733514302386,9479,1.0,0.9036458333333333,1.3333333333333333
features,stake_scaled_net_profit,280,8928,8959,32,-0.00019457565213087946,0.0022718952351190227,9511,1.0,0.9322916666666664,1.3333333333333333
features,stake_scaled_net_profit,281,8960,8991,32,-0.0002571965451352298,0.0029625148792495363,9543,1.0,0.8906249999999999,1.3333333333333333
features,stake_scaled_net_profit,282,8992,9023,32,-0.0002648979425430298,0.003329758469136227,9575,1.0,0.8697916666666665,1.3333333333333333
features,stake_scaled_net_profit,283,9024,9055,32,3.606700920499861e-05,0.0009058953670637942,9607,1.0,0.8229166666666666,1.0833333333333333
features,stake_scaled_net_profit,284,9056,9087,32,-9.352713823318481e-05,0.0012786520576462952,9639,1.0,0.7916666666666667,1.0
features,stake_scaled_net_profit,285,9088,9119,32,-0.00014073400234337896,0.0017563041605943189,9671,1.0,0.8333333333333334,1.3333333333333333
features,stake_scaled_net_profit,286,9120,9151,32,-0.00046891719102859497,0.005711241370349375,9703,1.0,0.8098958333333333,1.0833333333333333
features,stake_scaled_net_profit,287,9152,9183,32,-0.00019818544387817383,0.002452251145632317,9735,1.0,0.8281250000000001,1.0
features,stake_scaled_net_profit,288,9184,9215,32,-0.0007231732597574592,0.008619279436045102,9767,1.0,0.919270833333333,1.0
features,stake_scaled_net_profit,289,9216,9247,32,-0.00011386223923182115,0.0016418400615136714,9799,1.0,0.8020833333333334,1.3333333333333333
features,stake_scaled_net_profit,290,9248,9279,32,0.45581188797950745,0.9657641407184347,9831,1.0,0.9661458333333331,2.3333333333333335
features,stake_scaled_net_profit,291,9280,9311,32,-0.00023203219461720437,0.0032216958635357517,9863,1.0,0.9244791666666666,1.0833333333333333
features,stake_scaled_net_profit,292,9312,9343,32,0.13648319244384766,0.29035655864843796,9895,1.0,0.9036458333333331,1.3333333333333333
features,stake_scaled_net_profit,293,9344,9375,32,0.12533500790596008,0.2783575535643704,9927,1.0,0.8749999999999998,1.3333333333333333
features,stake_scaled_net_profit,294,9376,9407,32,-0.0006952236290089786,0.007739117345511359,9959,1.0,0.9166666666666666,1.3333333333333333
features,stake_scaled_net_profit,295,9408,9439,32,0.13036693632602692,0.29039191892515775,9991,1.0,0.8723958333333333,1.0833333333333333
features,stake_scaled_net_profit,296,9440,9471,32,-0.001445802510716021,0.014748401800548122,10023,1.0,0.8776041666666665,1.3333333333333333
features,stake_scaled_net_profit,297,9472,9503,32,-0.0009673014283180237,0.010354147697560578,10055,1.0,0.8697916666666665,1.3333333333333333
features,stake_scaled_net_profit,298,9504,9535,32,1.035694731399417e-05,0.004223190727643169,10087,1.0,0.8697916666666665,1.0833333333333333
features,stake_scaled_net_profit,299,9536,9567,32,-0.0007711640209890902,0.011892401672873629,10119,1.0,0.9401041666666666,1.3333333333333333
features,stake_scaled_net_profit,300,9568,9599,32,0.12972396612167358,0.32408274582094265,10151,1.0,0.8802083333333334,1.3333333333333333
features,stake_scaled_net_profit,301,9600,9631,32,-0.0018653187435120344,0.0217751012435328,10183,1.0,0.8723958333333334,1.0
features,stake_scaled_net_profit,302,9632,9663,32,-0.0010158481309190392,0.021078443974280974,10215,1.0,0.8541666666666664,1.0
features,stake_scaled_net_profit,303,9664,9695,32,0.0848364308476448,0.25838265849645436,10247,1.0,0.8281249999999998,1.3333333333333333
features,stake_scaled_net_profit,304,9696,9727,32,-0.08401016891002655,0.2024981650186443,10279,1.0,0.8671874999999999,1.0833333333333333
features,stake_scaled_net_profit,305,9728,9759,32,0.004243845585733652,0.03353019837235218,10311,1.0,0.9479166666666663,1.3333333333333333
features,stake_scaled_net_profit,306,9760,9791,32,-0.002325397916138172,0.0298395952155167,10343,1.0,0.8854166666666665,1.0
features,stake_scaled_net_profit,307,9792,9823,32,0.0008917268132790923,0.019979057149174886,10375,1.0,0.8958333333333331,1.0833333333333333
features,stake_scaled_net_profit,308,9824,9855,32,0.004654900636523962,0.03400430354242722,10407,1.0,0.8828124999999999,1.3333333333333333
features,stake_scaled_net_profit,309,9856,9887,32,0.031993135809898376,0.20209210075883086,10440,1.03125,0.8645833333333334,1.0
features,stake_scaled_net_profit,310,9888,9919,32,0.06184275448322296,0.23619354928888914,10472,1.0,0.8854166666666666,1.3333333333333333
features,stake_scaled_net_profit,311,9920,9951,32,0.003349514212459326,0.041886683838152125,10504,1.0,0.9010416666666665,1.3333333333333333
features,stake_scaled_net_profit,312,9952,9983,32,-0.17673414945602417,0.4507348527910632,10536,1.0,0.9036458333333334,2.5
features,stake_scaled_net_profit,313,9984,10015,32,-0.02266254648566246,0.1308581946545428,10568,1.0,0.8906250000000001,2.5
features,stake_scaled_net_profit,314,10016,10047,32,0.06785668432712555,0.18937379420117076,10600,1.0,0.8958333333333334,1.3333333333333333
features,stake_scaled_net_profit,315,10048,10079,32,0.030242370441555977,0.23797611782978897,10633,1.03125,0.84375,1.1666666666666667
features,stake_scaled_net_profit,316,10080,10111,32,-0.08867856115102768,0.27603902844114486,10665,1.0,0.9010416666666665,1.3333333333333333
features,stake_scaled_net_profit,317,10112,10143,32,-0.027459125965833664,0.1471469176425347,10698,1.03125,0.8932291666666665,1.3333333333333333
features,stake_scaled_net_profit,318,10144,10175,32,0.002969320397824049,0.05021568038595915,10730,1.0,0.9166666666666665,1.3333333333333333
features,stake_scaled_net_profit,319,10176,10207,32,0.1526292860507965,0.4278630314847141,10763,1.03125,0.8020833333333333,1.0
features,stake_scaled_net_profit,320,10208,10239,32,0.06705892086029053,0.06907045911145909,10795,1.0,0.8958333333333333,1.3333333333333333
features,stake_scaled_net_profit,321,10240,10271,32,-0.016975238919258118,0.13707707065916297,10827,1.0,0.7916666666666665,1.3333333333333333
features,stake_scaled_net_profit,322,10272,10303,32,-0.011993408203125,0.2619384363977767,10859,1.0,0.9218750000000001,1.0
features,stake_scaled_net_profit,323,10304,10335,32,0.035549018532037735,0.20247422226914474,10891,1.0,0.8411458333333333,1.0833333333333333
features,stake_scaled_net_profit,324,10336,10367,32,-0.053194560110569,0.10507851972633668,10923,1.0,0.8307291666666665,1.0833333333333333
features,stake_scaled_net_profit,325,10368,10399,32,-0.03140567988157272,0.1990899673195421,10955,1.0,0.9036458333333333,1.0833333333333333
features,stake_scaled_net_profit,326,10400,10431,32,-0.08016415685415268,0.20138339104612932,10987,1.0,0.8463541666666665,1.3333333333333333
features,stake_scaled_net_profit,327,10432,10463,32,-0.2995159924030304,0.7354517093484588,11022,1.09375,0.8697916666666664,1.3333333333333333
features,stake_scaled_net_profit,328,10464,10495,32,0.054742470383644104,0.15127661411223012,11054,1.0,0.8541666666666666,1.3333333333333333
features,stake_scaled_net_profit,329,10496,10527,32,0.03292983025312424,0.33635918735960973,11087,1.03125,0.84375,1.3333333333333333
features,stake_scaled_net_profit,330,10528,10559,32,0.026453183963894844,0.35520156821057325,11120,1.03125,0.8854166666666666,1.3333333333333333
features,stake_scaled_net_profit,331,10560,10591,32,-0.02498166635632515,0.11623070925899115,11152,1.0,0.8906249999999999,1.0
features,stake_scaled_net_profit,332,10592,10623,32,0.2074185311794281,0.5680594697812693,11185,1.03125,0.8723958333333334,1.0833333333333333
features,stake_scaled_net_profit,333,10624,10655,32,-0.24825672805309296,0.30381256659891787,11218,1.03125,0.8984375,1.0
features,stake_scaled_net_profit,334,10656,10687,32,-0.12798671424388885,0.14827860368776682,11252,1.0625,0.828125,1.0
features,stake_scaled_net_profit,335,10688,10719,32,0.13231977820396423,0.27634535742318106,11285,1.03125,0.8776041666666667,1.3333333333333333
features,stake_scaled_net_profit,336,10720,10751,32,0.09940695017576218,0.24551422790775884,11317,1.0,0.7864583333333334,1.3333333333333333
features,stake_scaled_net_profit,337,10752,10783,32,0.04029259458184242,0.13703954039237562,11350,1.03125,0.8932291666666666,1.0833333333333333
features,stake_scaled_net_profit,338,10784,10815,32,-0.282452255487442,0.4899729850343444,11387,1.15625,0.8385416666666665,1.3333333333333333
features,stake_scaled_net_profit,339,10816,10847,32,-0.1503894031047821,0.1579210855731165,11421,1.0625,0.9192708333333334,1.3333333333333333
features,stake_scaled_net_profit,340,10848,10879,32,0.0016134530305862427,0.21695992513094384,11455,1.0625,0.8125,1.3333333333333333
features,stake_scaled_net_profit,341,10880,10911,32,0.04397790879011154,0.47647865462672495,11488,1.03125,0.8541666666666666,1.0
features,stake_scaled_net_profit,342,10912,10943,32,-0.0438644178211689,0.3624462647575549,11522,1.0625,0.7734375,1.0833333333333333
features,stake_scaled_net_profit,343,10944,10975,32,-0.042934589087963104,0.13731035670789882,11554,1.0,0.8880208333333331,1.3333333333333333
features,stake_scaled_net_profit,344,10976,11007,32,-0.15115979313850403,0.13468213103170035,11587,1.03125,0.8333333333333333,1.0
features,stake_scaled_net_profit,345,11008,11039,32,-0.04489012435078621,0.27891035015707916,11620,1.03125,0.8671875,1.3333333333333333
features,stake_scaled_net_profit,346,11040,11071,32,-0.10186965763568878,0.21427176652174199,11654,1.0625,0.8385416666666669,1.0
features,stake_scaled_net_profit,347,11072,11103,32,-0.07484761625528336,0.13985494893816117,11688,1.0625,0.8697916666666665,1.3333333333333333
features,stake_scaled_net_profit,348,11104,11135,32,0.0029022544622421265,0.3140801553244407,11723,1.09375,0.8697916666666666,1.0833333333333333
features,stake_scaled_net_profit,349,11136,11167,32,0.13756293058395386,0.2326006361698853,11757,1.0625,0.8229166666666665,1.0833333333333333
features,stake_scaled_net_profit,350,11168,11199,32,-0.07627491652965546,0.18782679305817607,11792,1.09375,0.859375,1.3333333333333333
features,stake_scaled_net_profit,351,11200,11231,32,-0.23265069723129272,0.28443423222515657,11830,1.1875,0.8385416666666666,1.0
features,stake_scaled_net_profit,352,11232,11263,32,-0.29556435346603394,0.2699688564309131,11863,1.03125,0.8697916666666666,1.0
features,stake_scaled_net_profit,353,11264,11295,32,0.032624393701553345,0.26147684258834414,11901,1.1875,0.8932291666666669,2.3333333333333335
features,stake_scaled_net_profit,354,11296,11327,32,-0.16630035638809204,0.28697455393352744,11937,1.125,0.7526041666666665,1.1666666666666667
features,stake_scaled_net_profit,355,11328,11359,32,-0.08328983932733536,0.1431903209042454,11974,1.15625,0.8177083333333333,1.3333333333333333
features,stake_scaled_net_profit,356,11360,11391,32,-0.014194976538419724,0.14449188585920805,12009,1.09375,0.8229166666666664,1.0
features,stake_scaled_net_profit,357,11392,11423,32,-0.03653450682759285,0.23825360505853055,12043,1.0625,0.8046875,1.1666666666666667
features,stake_scaled_net_profit,358,11424,11455,32,-0.01629427820444107,0.18127932574601344,12078,1.09375,0.8723958333333331,1.3333333333333333
features,stake_scaled_net_profit,359,11456,11487,32,0.09789928793907166,0.3675740456655049,12117,1.21875,0.8072916666666667,1.0833333333333333
features,stake_scaled_net_profit,360,11488,11519,32,0.03283174708485603,0.24903616897606085,12150,1.03125,0.8281249999999998,1.3333333333333333
features,stake_scaled_net_profit,361,11520,11551,32,-0.07459306716918945,0.40871648484472795,12185,1.09375,0.8932291666666665,2.5
features,stake_scaled_net_profit,362,11552,11583,32,-0.11300263553857803,0.14426597988288256,12224,1.21875,0.7395833333333334,1.0
features,stake_scaled_net_profit,363,11584,11615,32,-0.1546899825334549,0.1907025062578373,12258,1.0625,0.84375,1.0
features,stake_scaled_net_profit,364,11616,11647,32,-0.1648188829421997,0.4408157690395876,12296,1.1875,0.7760416666666667,1.3333333333333333
features,stake_scaled_net_profit,365,11648,11679,32,-0.09428612887859344,0.25321206240355726,12336,1.25,0.7942708333333335,1.3333333333333333
features,stake_scaled_net_profit,366,11680,11711,32,-0.05070003867149353,0.16314256562164683,12368,1.0,0.7916666666666667,1.0
features,stake_scaled_net_profit,367,11712,11743,32,-0.05562037229537964,0.15637646323526336,12401,1.03125,0.9010416666666664,1.3333333333333333
features,stake_scaled_net_profit,368,11744,11775,32,-0.09955225884914398,0.17538471215532692,12437,1.125,0.8046875000000001,1.3333333333333333
features,stake_scaled_net_profit,369,11776,11807,32,0.08292178809642792,0.12469541259914477,12471,1.0625,0.8333333333333334,2.3333333333333335
features,stake_scaled_net_profit,370,11808,11839,32,-0.04052357375621796,0.37214159818242243,12505,1.0625,0.9114583333333331,1.3333333333333333
features,stake_scaled_net_profit,371,11840,11871,32,-0.2357354760169983,0.7973051912276807,12538,1.03125,0.8307291666666666,1.0
features,stake_scaled_net_profit,372,11872,11903,32,0.0814787968993187,0.4639108025148223,12573,1.09375,0.8203124999999998,1.0
features,stake_scaled_net_profit,373,11904,11935,32,-0.05451231077313423,0.3223112508862597,12612,1.21875,0.7526041666666667,1.0
features,stake_scaled_net_profit,374,11936,11967,32,0.008335966616868973,0.4580848928521996,12648,1.125,0.8255208333333331,1.3333333333333333
features,stake_scaled_net_profit,375,11968,11999,32,-0.18174965679645538,0.3181506124134325,12686,1.1875,0.7968749999999999,1.0
features,stake_scaled_net_profit,376,12000,12031,32,0.04760289564728737,0.21053357608177323,12719,1.03125,0.8359375,1.3333333333333333
features,stake_scaled_net_profit,377,12032,12063,32,-0.11106790602207184,0.40590134101717684,12757,1.1875,0.7421875,1.3333333333333333
features,stake_scaled_net_profit,378,12064,12095,32,-0.06310049444437027,0.2776455542764439,12791,1.0625,0.8671874999999998,1.0833333333333333
features,stake_scaled_net_profit,379,12096,12127,32,-0.06912128627300262,0.4876187251382268,12823,1.0,0.8854166666666665,1.0
features,stake_scaled_net_profit,380,12128,12159,32,-0.20276710391044617,0.4214473049206927,12858,1.09375,0.8177083333333334,1.3333333333333333
features,stake_scaled_net_profit,381,12160,12191,32,0.08014089614152908,0.41370145757473015,12892,1.0625,0.8385416666666667,1.3333333333333333
features,stake_scaled_net_profit,382,12192,12223,32,-0.22592389583587646,0.5469113446262404,12925,1.03125,0.8723958333333331,1.0833333333333333
features,stake_scaled_net_profit,383,12224,12255,32,-0.16375099122524261,0.20951767738477603,12959,1.0625,0.8177083333333333,1.1666666666666667
features,stake_scaled_net_profit,384,12256,12287,32,-0.07902555912733078,0.21702135131544076,12991,1.0,0.8203125,1.3333333333333333
features,stake_scaled_net_profit,385,12288,12319,32,-0.014869950711727142,0.40960597598358334,13025,1.0625,0.8177083333333334,1.3333333333333333
features,stake_scaled_net_profit,386,12320,12351,32,0.02048325538635254,0.40638539530183315,13057,1.0,0.8776041666666669,1.0833333333333333
features,stake_scaled_net_profit,387,12352,12383,32,-0.061926841735839844,0.17156599514666057,13090,1.03125,0.8932291666666667,1.0
features,stake_scaled_net_profit,388,12384,12415,32,0.10572714358568192,0.5238598612252994,13123,1.03125,0.8177083333333331,1.0833333333333333
features,stake_scaled_net_profit,389,12416,12447,32,-0.2552966773509979,0.277621993962418,13155,1.0,0.9453124999999999,1.3333333333333333
features,stake_scaled_net_profit,390,12448,12479,32,0.04519382119178772,0.0904338373190947,13187,1.0,0.7526041666666666,1.0
features,stake_scaled_net_profit,391,12480,12511,32,-0.27303364872932434,0.620017713211199,13219,1.0,0.8619791666666667,1.0833333333333333
features,stake_scaled_net_profit,392,12512,12543,32,-0.13169848918914795,0.15823320590382509,13251,1.0,0.9322916666666666,2.5
features,stake_scaled_net_profit,393,12544,12575,32,-0.09180457890033722,0.08602719467663436,13283,1.0,0.9375,1.3333333333333333
features,stake_scaled_net_profit,394,12576,12607,32,0.06641677021980286,0.29674830018950243,13316,1.03125,0.8854166666666666,1.3333333333333333
features,stake_scaled_net_profit,395,12608,12639,32,-0.13570095598697662,0.2544933545249111,13349,1.03125,0.8020833333333334,1.3333333333333333
features,stake_scaled_net_profit,396,12640,12671,32,-0.1337708830833435,0.38019016427832275,13381,1.0,0.9192708333333331,2.5
features,stake_scaled_net_profit,397,12672,12703,32,-0.13800692558288574,0.16822035075774092,13414,1.03125,0.8385416666666667,1.3333333333333333
features,stake_scaled_net_profit,398,12704,12735,32,-0.0024570045061409473,0.03531985441409205,13446,1.0,0.7708333333333334,1.3333333333333333
features,stake_scaled_net_profit,399,12736,12767,32,-0.016262361779808998,0.07104542140305965,13479,1.03125,0.6953124999999999,1.3333333333333333
features,stake_scaled_net_profit,400,12768,12799,32,-0.1952686458826065,0.25415778835824376,13512,1.03125,0.7994791666666667,1.0833333333333333
features,stake_scaled_net_profit,401,12800,12831,32,0.617371678352356,2.068200054382499,13545,1.03125,1.1380208333333333,9.0
features,stake_scaled_net_profit,402,12832,12863,32,-0.145768404006958,0.18912148970969353,13577,1.0,0.8671874999999999,1.0
features,stake_scaled_net_profit,403,12864,12895,32,-0.016158051788806915,0.08663712722192365,13609,1.0,0.8723958333333333,1.3333333333333333
features,stake_scaled_net_profit,404,12896,12927,32,-0.04362018406391144,0.26292586073357715,13641,1.0,0.9114583333333331,1.3333333333333333
features,stake_scaled_net_profit,405,12928,12959,32,0.09698140621185303,0.2063028825101978,13673,1.0,0.8567708333333334,1.3333333333333333
features,stake_scaled_net_profit,406,12960,12991,32,-0.1917066127061844,0.4875586191216337,13706,1.03125,0.7890625,1.0833333333333333
features,stake_scaled_net_profit,407,12992,13023,32,-0.06390360742807388,0.26657743091767205,13739,1.03125,0.828125,1.0833333333333333
features,stake_scaled_net_profit,408,13024,13055,32,0.19668924808502197,0.3576607415295826,13772,1.03125,0.859375,1.3333333333333333
features,stake_scaled_net_profit,409,13056,13087,32,0.0010677576065063477,0.17425526818915565,13806,1.0625,0.8802083333333333,1.3333333333333333
features,stake_scaled_net_profit,410,13088,13119,32,0.04462633281946182,0.06136410434498587,13838,1.0,0.8619791666666665,1.3333333333333333
features,stake_scaled_net_profit,411,13120,13151,32,-0.0312914103269577,0.1485388530441135,13871,1.03125,0.8723958333333331,1.3333333333333333
features,stake_scaled_net_profit,412,13152,13183,32,-0.016186239197850227,0.25075407517588355,13903,1.0,0.8697916666666664,1.0
features,stake_scaled_net_profit,413,13184,13215,32,-0.04309796914458275,0.1704914476378229,13936,1.03125,0.8593749999999998,1.3333333333333333
features,stake_scaled_net_profit,414,13216,13247,32,-0.14857733249664307,0.12428725987228736,13968,1.0,0.796875,1.0
features,stake_scaled_net_profit,415,13248,13279,32,-0.2005620002746582,0.43685207259682735,14000,1.0,0.8749999999999998,1.0
features,stake_scaled_net_profit,416,13280,13311,32,-0.04742264002561569,0.3194217071793203,14034,1.0625,0.8645833333333334,1.1666666666666667
features,stake_scaled_net_profit,417,13312,13343,32,0.03024151176214218,0.2041285670338435,14067,1.03125,0.8619791666666664,1.3333333333333333
features,stake_scaled_net_profit,418,13344,13375,32,-0.053881991654634476,0.12703422048131122,14100,1.03125,0.8880208333333334,1.0833333333333333
features,stake_scaled_net_profit,419,13376,13407,32,-0.05552075430750847,0.11972812931281802,14133,1.03125,0.8697916666666665,1.0
features,stake_scaled_net_profit,420,13408,13439,32,-0.0892813503742218,0.22962220053312457,14165,1.0,0.9635416666666665,2.5
features,stake_scaled_net_profit,421,13440,13471,32,-0.2819840610027313,0.36621144904114133,14200,1.09375,0.8125,1.3333333333333333
features,stake_scaled_net_profit,422,13472,13503,32,-0.049910254776477814,0.2912636875183742,14232,1.0,0.9270833333333331,1.1666666666666667
features,stake_scaled_net_profit,423,13504,13535,32,-0.08888222277164459,0.6008115202464696,14266,1.0625,0.8385416666666665,1.3333333333333333
features,stake_scaled_net_profit,424,13536,13567,32,-0.08111780881881714,0.24170290432760294,14298,1.0,0.8723958333333334,1.1666666666666667
features,stake_scaled_net_profit,425,13568,13599,32,0.16927146911621094,0.513294888185966,14331,1.03125,0.8776041666666665,1.3333333333333333
features,stake_scaled_net_profit,426,13600,13631,32,-0.2751652002334595,0.3692001802775051,14366,1.09375,0.8229166666666667,1.0
features,stake_scaled_net_profit,427,13632,13663,32,-0.13053850829601288,0.1921782039082496,14400,1.0625,0.8359374999999999,1.0833333333333333
features,stake_scaled_net_profit,428,13664,13695,32,-0.08209129422903061,0.12047943833021485,14432,1.0,0.8828124999999999,1.3333333333333333
features,stake_scaled_net_profit,429,13696,13727,32,-0.022441986948251724,0.35467517757636324,14466,1.0625,0.8359374999999998,1.3333333333333333
features,stake_scaled_net_profit,430,13728,13759,32,-0.3576314449310303,0.7458032495267322,14499,1.03125,0.8359374999999999,1.0
features,stake_scaled_net_profit,431,13760,13791,32,0.19081269204616547,0.13628436906730973,14532,1.03125,0.7708333333333333,1.0833333333333333
features,stake_scaled_net_profit,432,13792,13823,32,-0.04415220767259598,0.1705684177132495,14564,1.0,0.828125,1.3333333333333333
features,stake_scaled_net_profit,433,13824,13855,32,-7.578730583190918e-05,0.33802972417621807,14597,1.03125,0.7734375,1.0833333333333333
features,stake_scaled_net_profit,434,13856,13887,32,0.06591717898845673,0.5477069942987504,14629,1.0,0.8645833333333336,1.3333333333333333
features,stake_scaled_net_profit,435,13888,13919,32,-0.10505993664264679,0.1523602438902766,14662,1.03125,0.828125,1.0833333333333333
features,stake_scaled_net_profit,436,13920,13951,32,0.08128444850444794,0.34797152116579383,14695,1.03125,0.7526041666666665,1.0833333333333333
features,stake_scaled_net_profit,437,13952,13983,32,-0.03561434894800186,0.15298852173211225,14729,1.0625,0.7994791666666667,1.0833333333333333
features,stake_scaled_net_profit,438,13984,14015,32,-0.15252792835235596,0.18974893856485514,14762,1.03125,0.880208333333333,2.5
features,stake_scaled_net_profit,439,14016,14047,32,0.0645863264799118,0.09330279418888549,14794,1.0,0.8072916666666666,1.0
features,stake_scaled_net_profit,440,14048,14079,32,-0.046375032514333725,0.37308532721491566,14827,1.03125,0.9166666666666665,2.5
features,stake_scaled_net_profit,441,14080,14111,32,-0.29478681087493896,0.4155824902445481,14861,1.0625,0.9088541666666666,1.0833333333333333
features,stake_scaled_net_profit,442,14112,14143,32,-0.15220049023628235,0.09678719777192031,14893,1.0,0.8177083333333334,1.0
features,stake_scaled_net_profit,443,14144,14175,32,0.0985102429986,0.4462420778336606,14925,1.0,0.828125,1.0833333333333333
features,stake_scaled_net_profit,444,14176,14207,32,0.035941433161497116,0.411517531503094,14957,1.0,0.8854166666666666,1.0
features,stake_scaled_net_profit,445,14208,14239,32,0.06887561827898026,0.08261086415322641,14989,1.0,0.8749999999999998,2.5
features,stake_scaled_net_profit,446,14240,14271,32,-0.2185879349708557,0.3273322824977504,15021,1.0,0.8958333333333334,1.0
features,stake_scaled_net_profit,447,14272,14303,32,-0.18125304579734802,0.4580393997860633,15053,1.0,0.8125000000000001,1.3333333333333333
features,stake_scaled_net_profit,448,14304,14335,32,-0.10755471140146255,0.1556569678865381,15086,1.03125,0.8828124999999999,1.0833333333333333
features,stake_scaled_net_profit,449,14336,14367,32,-0.006663430482149124,0.25908378294615636,15118,1.0,0.8567708333333333,1.3333333333333333
features,stake_scaled_net_profit,450,14368,14399,32,0.012593910098075867,0.13804390161900593,15151,1.03125,0.8072916666666667,1.0
features,stake_scaled_net_profit,451,14400,14431,32,-0.02839616686105728,0.10367107946544758,15183,1.0,0.9557291666666665,1.3333333333333333
features,stake_scaled_net_profit,452,14432,14463,32,0.027618642896413803,0.13780528374541634,15215,1.0,0.8255208333333333,1.3333333333333333
features,stake_scaled_net_profit,453,14464,14495,32,0.08888085186481476,0.30302263937598417,15247,1.0,0.8489583333333334,1.0
features,stake_scaled_net_profit,454,14496,14527,32,0.046087149530649185,0.27829466680936643,15279,1.0,0.8854166666666665,1.0
features,stake_scaled_net_profit,455,14528,14559,32,0.0669102817773819,0.2826052797586996,15311,1.0,0.9036458333333333,1.3333333333333333
features,stake_scaled_net_profit,456,14560,14591,32,0.09626614302396774,0.15981149386695614,15344,1.03125,0.7760416666666665,1.0
features,stake_scaled_net_profit,457,14592,14623,32,-0.09622719883918762,0.21908183534204614,15377,1.03125,0.8619791666666667,1.3333333333333333
features,stake_scaled_net_profit,458,14624,14655,32,0.10784676671028137,0.27272022538374724,15410,1.03125,0.8723958333333334,1.0833333333333333
features,stake_scaled_net_profit,459,14656,14687,32,0.024525340646505356,0.21061974447983367,15442,1.0,0.8854166666666665,1.3333333333333333
features,stake_scaled_net_profit,460,14688,14719,32,0.13872095942497253,0.34769591889688184,15474,1.0,0.8203124999999999,1.3333333333333333
features,stake_scaled_net_profit,461,14720,14751,32,-0.012426592409610748,0.17443306438316833,15506,1.0,0.8854166666666665,1.3333333333333333
features,stake_scaled_net_profit,462,14752,14783,32,0.0862024649977684,0.2177303150235152,15539,1.03125,0.8984374999999998,1.3333333333333333
features,stake_scaled_net_profit,463,14784,14815,32,-0.14100408554077148,0.256547257349118,15573,1.0625,0.8203125,1.0
features,stake_scaled_net_profit,464,14816,14847,32,0.049359675496816635,0.16056675395767797,15605,1.0,0.8697916666666665,1.3333333333333333
features,stake_scaled_net_profit,465,14848,14879,32,-0.06135554611682892,0.0796360665692257,15637,1.0,0.8046874999999999,1.0833333333333333
features,stake_scaled_net_profit,466,14880,14911,32,-0.032672248780727386,0.1119151493681636,15669,1.0,0.8645833333333333,1.3333333333333333
features,stake_scaled_net_profit,467,14912,14943,32,0.029688730835914612,0.5276636982048463,15702,1.03125,0.8984375,1.0833333333333333
features,stake_scaled_net_profit,468,14944,14975,32,-0.17516501247882843,0.14460816998933407,15734,1.0,0.8567708333333333,1.3333333333333333
features,stake_scaled_net_profit,469,14976,15007,32,0.19243942201137543,0.6342139105435042,15767,1.03125,0.8776041666666667,1.3333333333333333
features,stake_scaled_net_profit,470,15008,15039,32,-0.17980147898197174,0.22039189169197185,15804,1.15625,0.8776041666666667,1.3333333333333333
features,stake_scaled_net_profit,471,15040,15071,32,-0.019076626747846603,0.08003201798951032,15836,1.0,0.8125,1.0833333333333333
features,stake_scaled_net_profit,472,15072,15103,32,-0.05424119532108307,0.16461482592807988,15870,1.0625,0.8567708333333333,1.0833333333333333
features,stake_scaled_net_profit,473,15104,15135,32,0.014883756637573242,0.10405988151154193,15902,1.0,0.8541666666666665,1.3333333333333333
features,stake_scaled_net_profit,474,15136,15167,32,-0.08411450684070587,0.11956131421000542,15937,1.09375,0.8359375,1.3333333333333333
features,stake_scaled_net_profit,475,15168,15199,32,0.032062873244285583,0.19719415433033585,15971,1.0625,0.802083333333333,1.3333333333333333
features,stake_scaled_net_profit,476,15200,15231,32,0.03042552061378956,0.5416688387479293,16004,1.03125,0.8593750000000002,1.3333333333333333
features,stake_scaled_net_profit,477,15232,15263,32,-0.31185927987098694,0.3999604564033518,16040,1.125,0.8072916666666666,1.0
features,stake_scaled_net_profit,478,15264,15295,32,-0.2490711212158203,0.40631099115332986,16072,1.0,0.8932291666666665,1.0833333333333333
features,stake_scaled_net_profit,479,15296,15327,32,0.04368279501795769,0.2514709110782364,16104,1.0,0.8255208333333334,1.1666666666666667
features,stake_scaled_net_profit,480,15328,15359,32,-0.07737178355455399,0.3429379837625877,16137,1.03125,0.8749999999999999,1.0833333333333333
features,stake_scaled_net_profit,481,15360,15391,32,-0.3013630211353302,0.6247475847021104,16171,1.0625,0.8333333333333331,1.0
features,stake_scaled_net_profit,482,15392,15423,32,-0.2670554518699646,0.5625134976042387,16207,1.125,0.8645833333333331,1.3333333333333333
features,stake_scaled_net_profit,483,15424,15455,32,-0.18143580853939056,0.5796726009829584,16242,1.09375,0.8411458333333333,1.0833333333333333
features,stake_scaled_net_profit,484,15456,15487,32,-0.17158129811286926,0.31605759462888955,16277,1.09375,0.7343749999999999,1.0
features,stake_scaled_net_profit,485,15488,15519,32,0.0169496089220047,0.09182043384808737,16309,1.0,0.7864583333333334,1.0
features,stake_scaled_net_profit,486,15520,15551,32,-0.08798908442258835,0.17069483545509992,16342,1.03125,0.8541666666666665,1.3333333333333333
features,stake_scaled_net_profit,487,15552,15583,32,-0.1649319976568222,0.2517823653326865,16376,1.0625,0.8046874999999998,1.3333333333333333
features,stake_scaled_net_profit,488,15584,15615,32,0.07699251174926758,0.2959273245568121,16409,1.03125,0.8385416666666666,1.3333333333333333
features,stake_scaled_net_profit,489,15616,15647,32,0.014972738921642303,0.3016130822778074,16441,1.0,0.8828125,1.3333333333333333
features,stake_scaled_net_profit,490,15648,15679,32,-0.35620149970054626,0.4754010067532047,16474,1.03125,0.8229166666666665,1.0833333333333333
features,stake_scaled_net_profit,491,15680,15711,32,-0.07196232676506042,0.32657842660127123,16506,1.0,0.9036458333333331,1.3333333333333333
features,stake_scaled_net_profit,492,15712,15743,32,-0.17031119763851166,0.12422393432636039,16539,1.03125,0.9036458333333333,1.3333333333333333
features,stake_scaled_net_profit,493,15744,15775,32,-0.2892679274082184,1.0886450668646777,16576,1.15625,0.7786458333333333,1.3333333333333333
features,stake_scaled_net_profit,494,15776,15807,32,0.011476311832666397,0.19154892970616016,16609,1.03125,0.8359374999999999,1.3333333333333333
features,stake_scaled_net_profit,495,15808,15839,32,-0.1374092400074005,0.48854817688509977,16643,1.0625,0.8098958333333331,1.3333333333333333
features,stake_scaled_net_profit,496,15840,15871,32,0.0786295011639595,0.1789515255478155,16677,1.0625,0.8671874999999999,1.3333333333333333
features,stake_scaled_net_profit,497,15872,15903,32,0.11707776039838791,0.2119806522353514,16710,1.03125,0.9218749999999998,2.5
features,stake_scaled_net_profit,498,15904,15935,32,0.07469898462295532,0.29129560704085083,16743,1.03125,0.9166666666666665,1.3333333333333333
features,stake_scaled_net_profit,499,15936,15967,32,0.0630248636007309,0.07766150455225102,16776,1.03125,0.9036458333333334,1.3333333333333333
features,stake_scaled_net_profit,500,15968,15999,32,-0.10062660276889801,0.2520844147967588,16810,1.0625,0.8828124999999999,1.0833333333333333
features,stake_scaled_net_profit,501,16000,16031,32,-0.03870067745447159,0.25749949824961055,16842,1.0,0.9166666666666665,1.0
features,stake_scaled_net_profit,502,16032,16063,32,0.0899406224489212,0.2126808804828436,16875,1.03125,0.8463541666666666,1.0833333333333333
features,stake_scaled_net_profit,503,16064,16095,32,0.009854722768068314,0.32000196482664794,16908,1.03125,0.8567708333333334,1.1666666666666667
features,stake_scaled_net_profit,504,16096,16127,32,-0.02201002463698387,0.2607914422835122,16941,1.03125,0.8463541666666666,1.3333333333333333
features,stake_scaled_net_profit,505,16128,16159,32,0.04095296934247017,0.18335639789558233,16973,1.0,0.9427083333333333,2.5
features,stake_scaled_net_profit,506,16160,16191,32,-0.005559348501265049,0.14277077362896884,17006,1.03125,0.8854166666666665,1.0
features,stake_scaled_net_profit,507,16192,16223,32,0.06234380602836609,0.22686783436678384,17039,1.03125,0.8437499999999999,1.0833333333333333
features,stake_scaled_net_profit,508,16224,16255,32,0.16173923015594482,0.5722300383022562,17073,1.0625,0.8958333333333334,1.3333333333333333
features,stake_scaled_net_profit,509,16256,16287,32,0.03711628541350365,0.15850029204577068,17105,1.0,0.7942708333333331,1.0
features,stake_scaled_net_profit,510,16288,16319,32,0.05758683383464813,0.24613139949501567,17137,1.0,0.8854166666666666,2.5
features,stake_scaled_net_profit,511,16320,16351,32,-0.022325504571199417,0.11270723932129652,17169,1.0,0.8932291666666665,1.0833333333333333
features,stake_scaled_net_profit,512,16352,16383,32,-0.0198570117354393,0.08902232271596769,17201,1.0,0.8385416666666665,1.3333333333333333
features,stake_scaled_net_profit,513,16384,16415,32,-0.12183640897274017,0.2633816812539948,17235,1.0625,0.8984374999999998,2.5
features,stake_scaled_net_profit,514,16416,16447,32,0.16933637857437134,0.3113723830803517,17270,1.09375,0.7630208333333334,1.3333333333333333
features,stake_scaled_net_profit,515,16448,16479,32,0.06223861128091812,0.34520131430484696,17302,1.0,0.890625,1.3333333333333333
features,stake_scaled_net_profit,516,16480,16511,32,0.045608166605234146,0.2063675024291062,17339,1.15625,0.7656249999999999,1.0
features,stake_scaled_net_profit,517,16512,16543,32,0.09699756652116776,0.4530252370998832,17372,1.03125,0.9140625,1.3333333333333333
features,stake_scaled_net_profit,518,16544,16575,32,-0.06474808603525162,0.13763840641747077,17408,1.125,0.7786458333333334,1.3333333333333333
features,stake_scaled_net_profit,519,16576,16607,32,-0.07515920698642731,0.26649843674561785,17442,1.0625,0.8697916666666664,1.3333333333333333
features,stake_scaled_net_profit,520,16608,16639,32,0.0731925442814827,0.2530440828971957,17476,1.0625,0.8411458333333333,1.3333333333333333
features,stake_scaled_net_profit,521,16640,16671,32,-0.326053261756897,0.4489611524837895,17509,1.03125,0.8619791666666665,1.0
features,stake_scaled_net_profit,522,16672,16703,32,0.01578741893172264,0.2114461225258062,17542,1.03125,0.7812499999999999,1.3333333333333333
features,stake_scaled_net_profit,523,16704,16735,32,-0.18312199413776398,0.20539783404354311,17574,1.0,0.8515624999999999,1.1666666666666667
features,stake_scaled_net_profit,524,16736,16767,32,-0.1184794157743454,0.1684849421715045,17611,1.15625,0.8281250000000001,1.1666666666666667
features,stake_scaled_net_profit,525,16768,16799,32,0.07249794155359268,0.28167038772148933,17649,1.1875,0.8593749999999999,1.0833333333333333
features,stake_scaled_net_profit,526,16800,16831,32,-0.35425883531570435,0.21632029391761542,17686,1.15625,0.8437500000000001,1.0
features,stake_scaled_net_profit,527,16832,16863,32,-0.09550889581441879,0.17665729111516212,17722,1.125,0.8281249999999998,1.0833333333333333
features,stake_scaled_net_profit,528,16864,16895,32,-0.2998780608177185,0.5741114106603403,17756,1.0625,0.8593749999999998,1.0833333333333333
features,stake_scaled_net_profit,529,16896,16927,32,-0.001678556203842163,0.3422775067225013,17793,1.15625,0.8020833333333333,1.0
features,stake_scaled_net_profit,530,16928,16959,32,-0.17826339602470398,0.27542058425407073,17829,1.125,0.7864583333333334,1.1666666666666667
features,stake_scaled_net_profit,531,16960,16991,32,0.21901364624500275,0.20537807695384291,17866,1.15625,0.8203124999999998,1.3333333333333333
features,stake_scaled_net_profit,532,16992,17023,32,0.14345982670783997,0.2616331951999583,17901,1.09375,0.8098958333333333,2.5
features,stake_scaled_net_profit,533,17024,17055,32,-0.3402547538280487,0.35892802031580334,17936,1.09375,0.8359374999999998,1.0
features,stake_scaled_net_profit,534,17056,17087,32,-0.27985525131225586,0.27754781879997015,17969,1.03125,0.8802083333333334,1.3333333333333333
features,stake_scaled_net_profit,535,17088,17119,32,0.12748408317565918,0.14027574754920158,18007,1.1875,0.8046875,1.3333333333333333
features,stake_scaled_net_profit,536,17120,17151,32,-0.046480149030685425,0.24569480829945203,18042,1.09375,0.8229166666666666,1.1666666666666667
features,stake_scaled_net_profit,537,17152,17183,32,-0.22597208619117737,0.2703120108963423,18079,1.15625,0.8255208333333334,1.3333333333333333
features,stake_scaled_net_profit,538,17184,17215,32,-0.03414226323366165,0.17508341063590382,18118,1.21875,0.8385416666666664,1.0833333333333333
features,stake_scaled_net_profit,539,17216,17247,32,0.018142201006412506,0.1882968383688006,18152,1.0625,0.8385416666666666,1.0
features,stake_scaled_net_profit,540,17248,17279,32,0.04420468211174011,0.1370398706604176,18186,1.0625,0.8281250000000001,1.0833333333333333
features,stake_scaled_net_profit,541,17280,17311,32,-0.12387067079544067,0.25297535901728285,18221,1.09375,0.8749999999999999,1.0
features,stake_scaled_net_profit,542,17312,17343,32,-0.12870362401008606,0.121496454661058,18257,1.125,0.7812499999999998,1.0
features,stake_scaled_net_profit,543,17344,17375,32,-0.06617266684770584,0.2007165604023868,18298,1.28125,0.8098958333333334,1.0833333333333333
features,stake_scaled_net_profit,544,17376,17407,32,-0.14983439445495605,0.2811066298333594,18338,1.25,0.796875,1.0
features,stake_scaled_net_profit,545,17408,17439,32,-0.1749527007341385,0.20343128164483654,18373,1.09375,0.8671874999999999,1.3333333333333333
features,stake_scaled_net_profit,546,17440,17471,32,0.04759185016155243,0.4554647436874492,18408,1.09375,0.8098958333333333,1.3333333333333333
features,stake_scaled_net_profit,547,17472,17503,32,-0.1792294681072235,0.41191100477098125,18444,1.125,0.90625,1.3333333333333333
features,stake_scaled_net_profit,548,17504,17535,32,-0.008293472230434418,0.11260545451518379,18480,1.125,0.734375,1.0833333333333333
features,stake_scaled_net_profit,549,17536,17567,32,0.15918537974357605,0.3267330938496565,18517,1.15625,0.7942708333333334,1.0833333333333333
features,stake_scaled_net_profit,550,17568,17599,32,-0.037738628685474396,0.3684265405417729,18553,1.125,0.8229166666666665,1.3333333333333333
features,stake_scaled_net_profit,551,17600,17631,32,-0.08008019626140594,0.551754607975193,18592,1.21875,0.7447916666666666,1.3333333333333333
features,stake_scaled_net_profit,552,17632,17663,32,-0.0732429027557373,0.4111280890060441,18628,1.125,0.7864583333333331,1.3333333333333333
features,stake_scaled_net_profit,553,17664,17695,32,-0.11912953853607178,0.22589622640046447,18668,1.25,0.8723958333333333,1.3333333333333333
features,stake_scaled_net_profit,554,17696,17727,32,0.10453048348426819,0.32420020830856505,18704,1.125,0.8229166666666665,1.3333333333333333
features,stake_scaled_net_profit,555,17728,17759,32,0.021299349144101143,0.5147741117958121,18744,1.25,0.7343750000000001,1.0
features,stake_scaled_net_profit,556,17760,17791,32,-0.09959924221038818,0.48321256077629665,18779,1.09375,0.8567708333333333,1.3333333333333333
features,stake_scaled_net_profit,557,17792,17823,32,-0.0579582117497921,0.16002686895446658,18811,1.0,0.8151041666666665,1.3333333333333333
features,stake_scaled_net_profit,558,17824,17855,32,0.06549538671970367,0.37277666147489474,18846,1.09375,0.8567708333333334,1.0833333333333333
features,stake_scaled_net_profit,559,17856,17887,32,-0.2887861132621765,0.6256455938094395,18882,1.125,0.8463541666666666,1.3333333333333333
features,stake_scaled_net_profit,560,17888,17919,32,-0.21970270574092865,0.20368476006915487,18919,1.15625,0.7473958333333331,1.0833333333333333
features,stake_scaled_net_profit,561,17920,17951,32,-0.2959217429161072,0.3604814311903165,18956,1.15625,0.8020833333333333,1.0
features,stake_scaled_net_profit,562,17952,17983,32,-0.053876981139183044,0.31872249407337505,18992,1.125,0.8229166666666667,1.0833333333333333
features,stake_scaled_net_profit,563,17984,18015,32,0.05233566835522652,0.3474138453188776,19029,1.15625,0.8489583333333334,2.5
features,stake_scaled_net_profit,564,18016,18047,32,-0.2410421073436737,0.5655181815985364,19068,1.21875,0.8307291666666664,1.3333333333333333
features,stake_scaled_net_profit,565,18048,18079,32,-0.05983525514602661,0.21349256041301093,19100,1.0,0.8203125000000001,1.0833333333333333
features,stake_scaled_net_profit,566,18080,18111,32,0.05205221474170685,0.09370112606329897,19134,1.0625,0.8567708333333331,1.0833333333333333
features,stake_scaled_net_profit,567,18112,18143,32,-0.1305716186761856,0.15663679702893896,19167,1.03125,0.8645833333333334,1.0
features,stake_scaled_net_profit,568,18144,18175,32,-0.052142418920993805,0.11159257302201174,19202,1.09375,0.8802083333333333,1.0
features,stake_scaled_net_profit,569,18176,18207,32,-0.1969410479068756,0.20381765508689806,19236,1.0625,0.8411458333333331,1.0833333333333333
features,stake_scaled_net_profit,570,18208,18239,32,-0.189557746052742,0.21996925480539667,19271,1.09375,0.8541666666666665,1.3333333333333333
features,stake_scaled_net_profit,571,18240,18271,32,-0.06497936695814133,0.16816099940239498,19306,1.09375,0.8645833333333331,1.0833333333333333
features,stake_scaled_net_profit,572,18272,18303,32,-0.26180407404899597,0.4715207660608056,19344,1.1875,0.8229166666666665,1.3333333333333333
features,stake_scaled_net_profit,573,18304,18335,32,-0.05337090790271759,0.16375977914619108,19378,1.0625,0.8515624999999998,1.0833333333333333
features,stake_scaled_net_profit,574,18336,18367,32,-0.025024529546499252,0.1554957514205241,19413,1.09375,0.8359375000000001,1.3333333333333333
features,stake_scaled_net_profit,575,18368,18399,32,-0.11712181568145752,0.15158284191322674,19446,1.03125,0.8567708333333334,1.3333333333333333
features,stake_scaled_net_profit,576,18400,18431,32,-0.06037018448114395,0.16444149321296228,19480,1.0625,0.8020833333333333,1.0833333333333333
features,stake_scaled_net_profit,577,18432,18463,32,-0.07567394524812698,0.05993676165710316,19513,1.03125,0.9088541666666665,1.3333333333333333
features,stake_scaled_net_profit,578,18464,18495,32,-0.16454578936100006,0.29011162773653965,19547,1.0625,0.8671874999999998,1.3333333333333333
features,stake_scaled_net_profit,579,18496,18527,32,0.07059036940336227,0.32186676154049665,19581,1.0625,0.8229166666666665,1.0
features,stake_scaled_net_profit,580,18528,18559,32,-0.14710325002670288,0.2843373942335848,19615,1.0625,0.8437500000000001,1.0
features,stake_scaled_net_profit,581,18560,18591,32,-0.03398491442203522,0.21866271578251661,19647,1.0,0.9114583333333331,1.0833333333333333
features,stake_scaled_net_profit,582,18592,18623,32,-0.009516834281384945,0.0638574253163516,19679,1.0,0.9427083333333331,2.5
features,stake_scaled_net_profit,583,18624,18655,32,-0.002452211920171976,0.04662569119567549,19711,1.0,0.8958333333333333,1.3333333333333333
features,stake_scaled_net_profit,584,18656,18687,32,0.035739410668611526,0.11682236819782171,19743,1.0,0.8385416666666667,1.3333333333333333
features,stake_scaled_net_profit,585,18688,18719,32,-0.1474848985671997,0.24326435500705057,19777,1.0625,0.8854166666666665,1.3333333333333333
features,stake_scaled_net_profit,586,18720,18751,32,-0.008764650672674179,0.0655071255086761,19809,1.0,0.8020833333333334,1.0
features,stake_scaled_net_profit,587,18752,18783,32,-0.004646678455173969,0.032081388739557244,19841,1.0,0.8567708333333333,1.3333333333333333
features,stake_scaled_net_profit,588,18784,18815,32,-0.005281500983983278,0.04183055495916646,19873,1.0,0.9244791666666665,1.3333333333333333
features,stake_scaled_net_profit,589,18816,18847,32,-0.008307898417115211,0.06474534500998541,19905,1.0,0.8854166666666665,1.0
features,stake_scaled_net_profit,590,18848,18879,32,-2.627447247505188e-05,0.08544535836380798,19939,1.0625,0.8880208333333333,1.0833333333333333
features,stake_scaled_net_profit,591,18880,18911,32,-0.004573330283164978,0.037777420591424055,19971,1.0,0.90625,1.0
features,stake_scaled_net_profit,592,18912,18943,32,-0.07691941410303116,0.14955444359094766,20004,1.03125,0.8984375000000001,1.3333333333333333
features,stake_scaled_net_profit,593,18944,18975,32,-0.013969226740300655,0.0939429798220192,20036,1.0,0.8515624999999998,1.0833333333333333
features,stake_scaled_net_profit,594,18976,19007,32,-0.08365045487880707,0.13488488667543255,20069,1.03125,0.8489583333333333,1.0
features,stake_scaled_net_profit,595,19008,19039,32,-0.002117033116519451,0.02336999595639073,20101,1.0,0.8697916666666667,1.3333333333333333
features,stake_scaled_net_profit,596,19040,19071,32,-0.23448656499385834,0.4506406836537611,20134,1.03125,0.8411458333333336,1.3333333333333333
features,stake_scaled_net_profit,597,19072,19103,32,0.0028320506680756807,0.02802105111945366,20166,1.0,0.8802083333333334,1.0833333333333333
features,stake_scaled_net_profit,598,19104,19135,32,-0.059040263295173645,0.10685582881383401,20200,1.0625,0.8697916666666664,1.3333333333333333
features,stake_scaled_net_profit,599,19136,19167,32,-0.006362002808600664,0.04991005296864301,20232,1.0,0.9739583333333331,2.5
features,stake_scaled_net_profit,600,19168,19199,32,-0.13418635725975037,0.20079442901652592,20265,1.03125,0.9166666666666666,1.3333333333333333
features,stake_scaled_net_profit,601,19200,19231,32,-0.0012526351492851973,0.016104104555505528,20297,1.0,0.9270833333333333,1.3333333333333333
features,stake_scaled_net_profit,602,19232,19263,32,-0.006170622073113918,0.04166902986143998,20329,1.0,0.8880208333333334,1.3333333333333333
features,stake_scaled_net_profit,603,19264,19295,32,-0.006377801764756441,0.05105104958421551,20361,1.0,0.8984375,1.0
features,stake_scaled_net_profit,604,19296,19327,32,-0.006197954062372446,0.04084440019983302,20393,1.0,0.890625,1.3333333333333333
features,stake_scaled_net_profit,605,19328,19359,32,-0.004655096214264631,0.0408488154021851,20425,1.0,0.8593749999999999,1.0
features,stake_scaled_net_profit,606,19360,19391,32,-0.1577669382095337,0.30866290003689706,20457,1.0,0.8645833333333331,1.3333333333333333
features,stake_scaled_net_profit,607,19392,19423,32,-0.0029454175382852554,0.030086500432081477,20489,1.0,0.9192708333333334,1.3333333333333333
features,stake_scaled_net_profit,608,19424,19455,32,-0.0033449269831180573,0.03203559062391986,20521,1.0,0.9374999999999999,1.3333333333333333
features,stake_scaled_net_profit,609,19456,19487,32,-0.18029159307479858,0.34907201675626914,20554,1.03125,0.9296874999999998,1.3333333333333333
features,stake_scaled_net_profit,610,19488,19519,32,0.0009031866793520749,0.00922309881202787,20586,1.0,0.8619791666666664,1.0
features,stake_scaled_net_profit,611,19520,19551,32,0.0722569152712822,0.21085436654359302,20618,1.0,0.8385416666666669,1.0
features,stake_scaled_net_profit,612,19552,19583,32,-0.00039504101732745767,0.00941764344182452,20650,1.0,0.9010416666666665,1.0
features,stake_scaled_net_profit,613,19584,19615,32,-0.002001984976232052,0.018551938853851792,20682,1.0,0.8697916666666665,1.0
features,stake_scaled_net_profit,614,19616,19647,32,0.0026281005702912807,0.01998968587987398,20714,1.0,0.9088541666666665,1.0833333333333333
features,stake_scaled_net_profit,615,19648,19679,32,0.001058806898072362,0.014399399154409178,20746,1.0,0.8541666666666665,1.0
features,stake_scaled_net_profit,616,19680,19711,32,0.0005199122242629528,0.008894688326186036,20778,1.0,0.9296875,1.3333333333333333
features,stake_scaled_net_profit,617,19712,19743,32,-0.002269655466079712,0.023087516131522833,20810,1.0,0.8697916666666663,1.3333333333333333
features,stake_scaled_net_profit,618,19744,19775,32,-0.0012904703617095947,0.014530412776449621,20842,1.0,0.9244791666666666,1.3333333333333333
features,stake_scaled_net_profit,619,19776,19807,32,0.0019807391799986362,0.015987434817633647,20874,1.0,0.9218749999999998,1.3333333333333333
features,stake_scaled_net_profit,620,19808,19839,32,-0.00038903270615264773,0.0060667197694732776,20906,1.0,0.8098958333333331,1.0833333333333333
features,stake_scaled_net_profit,621,19840,19871,32,-0.0027703247033059597,0.027152102486829265,20938,1.0,0.9010416666666667,1.0
features,stake_scaled_net_profit,622,19872,19903,32,-0.2420853078365326,0.4642998647397135,20971,1.03125,0.8619791666666666,1.0
features,stake_scaled_net_profit,623,19904,19935,32,-0.0016106566181406379,0.014143418250551694,21003,1.0,0.8177083333333333,1.0
features,stake_scaled_net_profit,624,19936,19967,32,-0.00037151575088500977,0.006189642950599437,21035,1.0,0.8802083333333331,1.0
features,stake_scaled_net_profit,625,19968,19999,32,-0.0005353596061468124,0.007070105641895163,21067,1.0,0.8984375000000001,1.3333333333333333
features,stake_scaled_net_profit,626,20000,20031,32,0.002242868300527334,0.0182376179750801,21099,1.0,0.8802083333333334,1.3333333333333333
features,stake_scaled_net_profit,627,20032,20063,32,0.02466789074242115,0.061213660320320676,21133,1.0625,0.8697916666666665,1.0
features,stake_scaled_net_profit,628,20064,20095,32,-0.0029831156134605408,0.030870835938042747,21165,1.0,0.8697916666666665,1.0
features,stake_scaled_net_profit,629,20096,20127,32,0.032881200313568115,0.0764967016132784,21199,1.0625,0.8463541666666665,1.0833333333333333
features,stake_scaled_net_profit,630,20128,20159,32,0.10630489140748978,0.25490581316781397,21231,1.0,0.8697916666666665,1.0
features,stake_scaled_net_profit,631,20160,20191,32,-0.00027540692826732993,0.004380400736634191,21263,1.0,0.8593749999999998,1.3333333333333333
features,stake_scaled_net_profit,632,20192,20223,32,0.061807021498680115,0.14759575352918575,21298,1.09375,0.8776041666666664,1.3333333333333333
features,stake_scaled_net_profit,633,20224,20255,32,-0.0002938384423032403,0.0045083247743994545,21330,1.0,0.9322916666666665,1.3333333333333333
features,stake_scaled_net_profit,634,20256,20287,32,0.0019305917667225003,0.015345496474230728,21362,1.0,0.8984374999999998,1.0833333333333333
features,stake_scaled_net_profit,635,20288,20319,32,-0.0005424084956757724,0.007415410575643712,21394,1.0,0.8958333333333333,1.3333333333333333
features,stake_scaled_net_profit,636,20320,20351,32,-0.0014327105600386858,0.01579643086514195,21426,1.0,0.8046875000000001,1.0833333333333333
features,stake_scaled_net_profit,637,20352,20383,32,-0.0007799055310897529,0.009656960315158149,21458,1.0,0.8541666666666666,1.0
features,stake_scaled_net_profit,638,20384,20415,32,6.755191134288907e-05,0.005150595413861413,21490,1.0,0.9088541666666664,1.3333333333333333
features,stake_scaled_net_profit,639,20416,20447,32,-0.12698239088058472,0.29033086493268234,21524,1.0625,0.880208333333333,1.0833333333333333
features,stake_scaled_net_profit,640,20448,20479,32,-0.0017799338093027472,0.020081681136273694,21556,1.0,0.9166666666666666,1.0
features,stake_scaled_net_profit,641,20480,20511,32,-0.0013151329476386309,0.014710637624239563,21588,1.0,0.9010416666666664,1.3333333333333333
features,stake_scaled_net_profit,642,20512,20543,32,-0.003006810788065195,0.02785485659116651,21620,1.0,0.8802083333333334,1.0
features,stake_scaled_net_profit,643,20544,20575,32,-0.0005284374346956611,0.007102522643236135,21652,1.0,0.9192708333333333,1.0833333333333333
features,stake_scaled_net_profit,644,20576,20607,32,-0.0008594058454036713,0.01108790658569025,21684,1.0,0.9036458333333334,1.0833333333333333
features,stake_scaled_net_profit,645,20608,20639,32,0.00029529258608818054,0.0038290829328347137,21716,1.0,0.8697916666666667,1.0
features,stake_scaled_net_profit,646,20640,20671,32,-0.0005387365818023682,0.007379623428381364,21748,1.0,0.8854166666666665,1.0833333333333333
features,stake_scaled_net_profit,647,20672,20703,32,-0.0007459968910552561,0.008194406971676681,21780,1.0,0.8749999999999999,1.0
features,stake_scaled_net_profit,648,20704,20735,32,-6.29052083240822e-05,0.004837518705888557,21812,1.0,0.9062499999999998,1.3333333333333333
features,stake_scaled_net_profit,649,20736,20767,32,-0.0006685059634037316,0.007033252455369388,21844,1.0,0.8958333333333331,1.0833333333333333
features,stake_scaled_net_profit,650,20768,20799,32,0.0008739158511161804,0.009200835500570183,21876,1.0,0.7916666666666666,1.0
features,stake_scaled_net_profit,651,20800,20831,32,0.0008872263715602458,0.009438604052127273,21908,1.0,0.9010416666666665,1.3333333333333333
features,stake_scaled_net_profit,652,20832,20863,32,-0.0012492171954363585,0.011422599922798477,21940,1.0,1.1640624999999998,9.166666666666666
features,stake_scaled_net_profit,653,20864,20895,32,-0.0022328137420117855,0.021880688596295484,21972,1.0,0.84375,1.0
features,stake_scaled_net_profit,654,20896,20927,32,-0.0036030709743499756,0.035443277574849164,22004,1.0,0.9322916666666667,1.3333333333333333
features,stake_scaled_net_profit,655,20928,20959,32,-0.0012245227117091417,0.011371581923816489,22036,1.0,0.8515624999999998,1.0833333333333333
features,stake_scaled_net_profit,656,20960,20991,32,-0.002212321851402521,0.02143637771791975,22068,1.0,0.9166666666666665,2.5
features,stake_scaled_net_profit,657,20992,21023,32,-0.0018111318349838257,0.018906719387965745,22100,1.0,0.9062499999999998,1.3333333333333333
features,stake_scaled_net_profit,658,21024,21055,32,-0.0012074807891622186,0.01344722489428187,22132,1.0,0.8697916666666665,1.0
features,stake_scaled_net_profit,659,21056,21087,32,-0.00013244521687738597,0.0037177654201036147,22164,1.0,0.9218749999999998,1.3333333333333333
features,stake_scaled_net_profit,660,21088,21119,32,-0.001576889306306839,0.013585912165639695,22196,1.0,0.8229166666666665,1.3333333333333333
features,stake_scaled_net_profit,661,21120,21151,32,-0.0017942023696377873,0.01587999428871202,22228,1.0,0.8046875,1.0833333333333333
features,stake_scaled_net_profit,662,21152,21183,32,-0.001078897388651967,0.011765070862654665,22260,1.0,0.9088541666666665,1.3333333333333333
features,stake_scaled_net_profit,663,21184,21215,32,-0.08980114012956619,0.20249981042794263,22294,1.0625,0.8046875,1.3333333333333333
features,stake_scaled_net_profit,664,21216,21247,32,-0.00016143673565238714,0.004514611339608964,22326,1.0,0.7864583333333333,1.3333333333333333
features,stake_scaled_net_profit,665,21248,21279,32,-0.0021311361342668533,0.01814303859603185,22358,1.0,0.9140624999999999,2.5
features,stake_scaled_net_profit,666,21280,21311,32,-0.0021658428013324738,0.02163680625802656,22390,1.0,0.8177083333333333,1.0
features,stake_scaled_net_profit,667,21312,21343,32,-0.0011372131993994117,0.015104073463045323,22422,1.0,0.8541666666666664,1.3333333333333333
features,stake_scaled_net_profit,668,21344,21375,32,-0.00047794607235118747,0.006668940571468818,22454,1.0,0.9583333333333331,2.5
features,stake_scaled_net_profit,669,21376,21407,32,-0.0011226714123040438,0.011551590854295166,22486,1.0,0.8776041666666666,1.0833333333333333
features,stake_scaled_net_profit,670,21408,21439,32,-0.006951040122658014,0.05680951003850572,22518,1.0,0.8697916666666665,1.0
features,stake_scaled_net_profit,671,21440,21471,32,-0.0008108578622341156,0.00799315800571119,22550,1.0,0.9348958333333331,1.3333333333333333
features,stake_scaled_net_profit,672,21472,21503,32,-0.0010284185409545898,0.010110257535722237,22582,1.0,0.8541666666666665,1.3333333333333333
features,stake_scaled_net_profit,673,21504,21535,32,-0.000997990369796753,0.011242585018880442,22614,1.0,0.8541666666666667,1.0
features,stake_scaled_net_profit,674,21536,21567,32,-0.0005335509777069092,0.005772151250317107,22646,1.0,0.8229166666666667,1.0
features,stake_scaled_net_profit,675,21568,21599,32,-0.00025563198141753674,0.004645741105406188,22678,1.0,0.8281250000000001,1.0833333333333333
features,stake_scaled_net_profit,676,21600,21631,32,0.0017473548650741577,0.016404649381901712,22710,1.0,0.9244791666666667,1.3333333333333333
features,stake_scaled_net_profit,677,21632,21663,32,-0.00028428432415239513,0.004887166441171246,22742,1.0,0.9270833333333333,1.3333333333333333
features,stake_scaled_net_profit,678,21664,21695,32,-0.0021659708581864834,0.018806811869898177,22774,1.0,0.9114583333333335,2.5
features,stake_scaled_net_profit,679,21696,21727,32,0.0005351516301743686,0.008143405788135133,22806,1.0,0.7552083333333333,1.3333333333333333
features,stake_scaled_net_profit,680,21728,21759,32,0.0626712217926979,0.15295299194389259,22840,1.0625,0.8463541666666665,1.0833333333333333
features,stake_scaled_net_profit,681,21760,21791,32,0.00040691354661248624,0.0062763366518490075,22872,1.0,0.9010416666666664,1.3333333333333333
features,stake_scaled_net_profit,682,21792,21823,32,0.0018750628223642707,0.0195228546726926,22904,1.0,0.8932291666666666,1.3333333333333333
features,stake_scaled_net_profit,683,21824,21855,32,0.0565551295876503,0.13060872511052057,22937,1.03125,0.8854166666666666,1.3333333333333333
features,stake_scaled_net_profit,684,21856,21887,32,-0.0003473236283753067,0.0062229731184454025,22969,1.0,0.8515624999999998,1.3333333333333333
features,stake_scaled_net_profit,685,21888,21919,32,0.0024798219092190266,0.022752454512310998,23001,1.0,0.9192708333333331,1.3333333333333333
features,stake_scaled_net_profit,686,21920,21951,32,-0.00031745192245580256,0.005792539276251619,23033,1.0,0.9244791666666664,1.3333333333333333
features,stake_scaled_net_profit,687,21952,21983,32,0.09897024929523468,0.18586389959792216,23066,1.03125,0.9062499999999998,1.3333333333333333
features,stake_scaled_net_profit,688,21984,22015,32,0.0020570307970046997,0.02166974212057908,23098,1.0,0.8177083333333335,1.3333333333333333
features,stake_scaled_net_profit,689,22016,22047,32,-0.003532032249495387,0.031549396579501884,23130,1.0,0.9322916666666665,1.3333333333333333
features,stake_scaled_net_profit,690,22048,22079,32,0.00010674135410226882,0.005523545765260103,23162,1.0,0.8593749999999998,1.3333333333333333
features,stake_scaled_net_profit,691,22080,22111,32,-0.001369338482618332,0.014580313163300367,23194,1.0,0.8749999999999999,1.0
features,stake_scaled_net_profit,692,22112,22143,32,0.06321601569652557,0.17080012762130195,23227,1.03125,0.9296875,1.3333333333333333
features,stake_scaled_net_profit,693,22144,22175,32,-0.07778085768222809,0.18158206418618872,23261,1.0625,0.9401041666666665,1.3333333333333333
features,stake_scaled_net_profit,694,22176,22207,32,-0.0016674058279022574,0.017844160943020645,23293,1.0,0.911458333333333,1.0833333333333333
features,stake_scaled_net_profit,695,22208,22239,32,0.0020469985902309418,0.017710135321801837,23325,1.0,0.8515624999999999,1.3333333333333333
features,stake_scaled_net_profit,696,22240,22271,32,0.001317230286076665,0.014742912668772142,23357,1.0,0.7994791666666665,1.3333333333333333
features,stake_scaled_net_profit,697,22272,22303,32,-0.0040211146697402,0.036830976090476454,23389,1.0,0.9062500000000001,1.0833333333333333
features,stake_scaled_net_profit,698,22304,22335,32,-0.09717695415019989,0.20270062537080105,23422,1.03125,0.8671875,1.0
features,stake_scaled_net_profit,699,22336,22367,32,5.8347854064777493e-05,0.006775563218483697,23454,1.0,0.8932291666666666,1.3333333333333333
features,stake_scaled_net_profit,700,22368,22399,32,0.0014883329859003425,0.013120611026207964,23486,1.0,0.828125,1.0833333333333333
features,stake_scaled_net_profit,701,22400,22431,32,0.0009968093363568187,0.010828071921267208,23518,1.0,0.8750000000000001,1.0
features,stake_scaled_net_profit,702,22432,22463,32,0.06181641295552254,0.1429543375582192,23550,1.0,0.8697916666666665,1.0
features,stake_scaled_net_profit,703,22464,22495,32,-0.0006105898646637797,0.010901441059744216,23582,1.0,0.8020833333333333,1.3333333333333333
features,stake_scaled_net_profit,704,22496,22527,32,0.0018138024024665356,0.016749055567907244,23614,1.0,0.8307291666666666,1.3333333333333333
features,stake_scaled_net_profit,705,22528,22559,32,0.0006650402210652828,0.015408450876821796,23646,1.0,0.8958333333333333,1.0
features,stake_scaled_net_profit,706,22560,22591,32,4.329779767431319e-05,0.006059796619386333,23678,1.0,0.8307291666666667,1.3333333333333333
features,stake_scaled_net_profit,707,22592,22623,32,-0.004175846464931965,0.03480477198306168,23710,1.0,0.9192708333333334,1.3333333333333333
features,stake_scaled_net_profit,708,22624,22655,32,-0.001358176814392209,0.013273232721396779,23742,1.0,0.8984375,1.0833333333333333
features,stake_scaled_net_profit,709,22656,22687,32,-0.13176457583904266,0.23788735887163598,23775,1.03125,0.8437499999999999,1.0
features,stake_scaled_net_profit,710,22688,22719,32,-0.0022927995305508375,0.023588074898460844,23807,1.0,0.8697916666666666,1.0
features,stake_scaled_net_profit,711,22720,22751,32,0.043720412999391556,0.14977681784268712,23841,1.0625,0.8880208333333331,1.0833333333333333
features,stake_scaled_net_profit,712,22752,22783,32,-0.005573289934545755,0.04778327488283262,23873,1.0,0.927083333333333,1.3333333333333333
features,stake_scaled_net_profit,713,22784,22815,32,-0.00030368706211447716,0.010401275550909573,23905,1.0,0.8854166666666667,1.0
features,stake_scaled_net_profit,714,22816,22847,32,0.108425073325634,0.25948407265128237,23937,1.0,0.7838541666666667,1.0833333333333333
features,stake_scaled_net_profit,715,22848,22879,32,0.24169090390205383,0.464592305594762,23971,1.0625,0.7734374999999998,1.0
features,stake_scaled_net_profit,716,22880,22911,32,0.0008356644539162517,0.014127619577779773,24003,1.0,0.8072916666666666,1.3333333333333333
features,stake_scaled_net_profit,717,22912,22943,32,-0.000958265271037817,0.016883407507905745,24035,1.0,0.8437499999999997,1.0
features,stake_scaled_net_profit,718,22944,22975,32,-0.3181343078613281,0.5530800920162797,24070,1.09375,0.8697916666666666,1.0833333333333333
features,stake_scaled_net_profit,719,22976,23007,32,-0.1585288792848587,0.2907415569597997,24102,1.0,0.9140624999999999,1.3333333333333333
features,stake_scaled_net_profit,720,23008,23039,32,-0.11474195122718811,0.1988281189481878,24135,1.03125,0.8515625000000001,1.0833333333333333
features,stake_scaled_net_profit,721,23040,23071,32,-0.002915218472480774,0.028077701360093292,24167,1.0,0.8749999999999999,1.0
features,stake_scaled_net_profit,722,23072,23103,32,-0.001186699839308858,0.01635569483976232,24199,1.0,0.8645833333333331,1.3333333333333333
features,stake_scaled_net_profit,723,23104,23135,32,0.00010513514280319214,0.00935827992575622,24231,1.0,0.9244791666666664,1.3333333333333333
features,stake_scaled_net_profit,724,23136,23167,32,-0.0028525344096124172,0.02942510321075464,24263,1.0,0.9218749999999999,1.3333333333333333
features,stake_scaled_net_profit,725,23168,23199,32,0.0007866881787776947,0.013122066035217735,24295,1.0,0.9166666666666665,1.3333333333333333
features,stake_scaled_net_profit,726,23200,23231,32,-0.298359215259552,0.48920740260048184,24328,1.03125,0.8697916666666666,1.3333333333333333
features,stake_scaled_net_profit,727,23232,23263,32,-0.0008397249039262533,0.01421759542890283,24360,1.0,0.859375,1.3333333333333333
features,stake_scaled_net_profit,728,23264,23295,32,-0.0014630890218541026,0.015346730402269085,24392,1.0,0.8411458333333334,1.0833333333333333
features,stake_scaled_net_profit,729,23296,23327,32,-0.004014099482446909,0.033906131104181766,24424,1.0,0.9244791666666666,1.0833333333333333
features,stake_scaled_net_profit,730,23328,23359,32,0.0038819273468106985,0.029017548466054754,24456,1.0,0.8385416666666666,1.0
features,stake_scaled_net_profit,731,23360,23391,32,-3.255665069445968e-05,0.006828140515574886,24488,1.0,0.8645833333333331,1.0
features,stake_scaled_net_profit,732,23392,23423,32,-0.10085877776145935,0.15980448592684302,24522,1.0625,0.8958333333333333,1.3333333333333333
features,stake_scaled_net_profit,733,23424,23455,32,-0.0018201046623289585,0.017390647369097068,24554,1.0,0.8854166666666669,1.0833333333333333
features,stake_scaled_net_profit,734,23456,23487,32,0.0253121480345726,0.062282065302496095,24588,1.0625,0.8619791666666665,1.3333333333333333
features,stake_scaled_net_profit,735,23488,23519,32,-0.13648943603038788,0.25247486545179043,24621,1.03125,0.8723958333333333,1.3333333333333333
features,stake_scaled_net_profit,736,23520,23551,32,-0.0015098527073860168,0.014308069501679618,24653,1.0,0.8906249999999999,1.0
features,stake_scaled_net_profit,737,23552,23583,32,0.0008828695863485336,0.009791564638476103,24685,1.0,0.8671875,1.3333333333333333
features,stake_scaled_net_profit,738,23584,23615,32,0.0687112808227539,0.16693789267376816,24719,1.0625,0.8489583333333334,1.3333333333333333
features,stake_scaled_net_profit,739,23616,23647,32,-0.0004939133068546653,0.006305862214818344,24751,1.0,0.8802083333333334,1.0833333333333333
features,stake_scaled_net_profit,740,23648,23679,32,-0.0013189093442633748,0.01366829401580421,24783,1.0,0.8515624999999998,1.0833333333333333
features,stake_scaled_net_profit,741,23680,23711,32,-0.002332773059606552,0.022935219685963903,24815,1.0,0.9036458333333331,1.3333333333333333
features,stake_scaled_net_profit,742,23712,23743,32,0.0002047158486675471,0.0036769363825942445,24847,1.0,0.8463541666666664,1.3333333333333333
features,stake_scaled_net_profit,743,23744,23775,32,7.788941729813814e-06,0.002793827772226666,24879,1.0,0.8776041666666667,1.0833333333333333
features,stake_scaled_net_profit,744,23776,23807,32,0.0012102685868740082,0.012576114817934417,24911,1.0,0.8072916666666666,1.3333333333333333
features,stake_scaled_net_profit,745,23808,23839,32,-0.0010828077793121338,0.012224276097370396,24943,1.0,0.8906249999999999,1.3333333333333333
features,stake_scaled_net_profit,746,23840,23871,32,-0.0002849164593499154,0.003682081959614192,24975,1.0,0.8333333333333331,1.3333333333333333
features,stake_scaled_net_profit,747,23872,23903,32,-0.00021406638552434742,0.0035621805852453494,25007,1.0,0.875,1.0
features,stake_scaled_net_profit,748,23904,23935,32,-0.0009492884855717421,0.011253624261047642,25039,1.0,0.8958333333333331,1.0
features,stake_scaled_net_profit,749,23936,23967,32,0.00024085494806058705,0.0031020558378463806,25071,1.0,0.8359375,1.0
features,stake_scaled_net_profit,750,23968,23999,32,-0.09549085795879364,0.2210859586154697,25105,1.0625,0.8958333333333331,1.0
features,stake_scaled_net_profit,751,24000,24031,32,-0.08654521405696869,0.19810853945706788,25141,1.125,0.8749999999999999,1.3333333333333333
features,stake_scaled_net_profit,752,24032,24063,32,-0.0001681719732005149,0.0031878811955375636,25173,1.0,0.9062499999999999,1.3333333333333333
features,stake_scaled_net_profit,753,24064,24095,32,-0.000700203119777143,0.009776310635542565,25205,1.0,0.8749999999999999,1.0833333333333333
features,stake_scaled_net_profit,754,24096,24127,32,-0.0006115014548413455,0.006672940552466925,25237,1.0,0.8333333333333334,1.0
features,stake_scaled_net_profit,755,24128,24159,32,-0.0008683999767526984,0.010338391352770641,25269,1.0,0.9192708333333333,1.0833333333333333
features,stake_scaled_net_profit,756,24160,24191,32,0.0003463303146418184,0.0039444013870453465,25301,1.0,0.9244791666666665,2.5
features,stake_scaled_net_profit,757,24192,24223,32,-0.00027504441095516086,0.003251956808194322,25333,1.0,0.84375,1.0833333333333333
features,stake_scaled_net_profit,758,24224,24255,32,-0.0013117814669385552,0.015388943921014983,25365,1.0,0.9505208333333333,1.3333333333333333
features,stake_scaled_net_profit,759,24256,24287,32,-0.0007644928991794586,0.009170570257019775,25397,1.0,0.8359375,1.3333333333333333
features,stake_scaled_net_profit,760,24288,24319,32,0.00018121112952940166,0.0027602576505192855,25429,1.0,0.8307291666666667,1.0833333333333333
features,stake_scaled_net_profit,761,24320,24351,32,-0.0004765267367474735,0.005434046302198552,25461,1.0,0.8619791666666664,1.0833333333333333
features,stake_scaled_net_profit,762,24352,24383,32,0.0009093644330278039,0.009714836840243572,25493,1.0,0.8619791666666666,1.3333333333333333
features,stake_scaled_net_profit,763,24384,24415,32,-0.0009545833454467356,0.010408748010282014,25525,1.0,0.8776041666666664,1.0833333333333333
features,stake_scaled_net_profit,764,24416,24447,32,0.0004903462831862271,0.005720057427544754,25557,1.0,0.8307291666666667,1.3333333333333333
features,stake_scaled_net_profit,765,24448,24479,32,-0.00021887323237024248,0.004275117545183556,25589,1.0,0.9270833333333333,1.0
features,stake_scaled_net_profit,766,24480,24511,32,-0.0015002589207142591,0.014989291204701017,25621,1.0,0.8489583333333333,1.3333333333333333
features,stake_scaled_net_profit,767,24512,24543,32,-0.0004997054347768426,0.005975997180335588,25653,1.0,0.9270833333333334,1.0
features,stake_scaled_net_profit,768,24544,24575,32,-0.0010880964109674096,0.010920248583266543,25685,1.0,0.9218749999999999,1.3333333333333333
features,stake_scaled_net_profit,769,24576,24607,32,-0.00035389387630857527,0.004022508066632595,25717,1.0,0.8567708333333331,2.5
features,stake_scaled_net_profit,770,24608,24639,32,-0.0010336153209209442,0.01186223324195864,25749,1.0,0.9062500000000001,1.3333333333333333
features,stake_scaled_net_profit,771,24640,24671,32,4.107999848201871e-05,0.002472646647737509,25781,1.0,0.9296875,1.3333333333333333
features,stake_scaled_net_profit,772,24672,24703,32,1.2441887520253658e-09,0.0006133676439359346,25813,1.0,0.8437499999999998,1.0833333333333333
features,stake_scaled_net_profit,773,24704,24735,32,-0.0005659386515617371,0.006972903282250867,25845,1.0,0.8177083333333333,1.0
features,stake_scaled_net_profit,774,24736,24767,32,-0.0001515398471383378,0.002193293000185828,25877,1.0,0.90625,1.3333333333333333
features,stake_scaled_net_profit,775,24768,24799,32,-0.00043731805635616183,0.005019870277373166,25909,1.0,0.8463541666666666,1.0833333333333333
features,stake_scaled_net_profit,776,24800,24831,32,-0.0002903416461776942,0.004099406047139355,25941,1.0,0.9479166666666666,1.3333333333333333
features,stake_scaled_net_profit,777,24832,24863,32,-9.467077325098217e-05,0.0023613758402186596,25973,1.0,0.8828124999999999,1.0833333333333333
features,stake_scaled_net_profit,778,24864,24895,32,7.474542508134618e-05,0.0020413430846522944,26005,1.0,0.7812499999999999,1.0833333333333333
features,stake_scaled_net_profit,779,24896,24927,32,-0.002617768943309784,0.027937759344735236,26037,1.0,0.9010416666666666,1.0
features,stake_scaled_net_profit,780,24928,24959,32,6.303067493718117e-05,0.001770179966082609,26069,1.0,0.8723958333333333,1.3333333333333333
features,stake_scaled_net_profit,781,24960,24991,32,0.00016580520605202764,0.0022037733102275277,26101,1.0,0.7708333333333331,1.0
features,stake_scaled_net_profit,782,24992,25023,32,-0.001434953068383038,0.015333300101453775,26133,1.0,0.8958333333333333,1.0
features,stake_scaled_net_profit,783,25024,25055,32,-0.0013654815265908837,0.01417462235476421,26165,1.0,0.8776041666666667,1.0833333333333333
features,stake_scaled_net_profit,784,25056,25087,32,-0.00020982946443837136,0.00264646450565764,26197,1.0,0.8723958333333333,1.0
features,stake_scaled_net_profit,785,25088,25119,32,-0.09705831855535507,0.21073153786528462,26231,1.0625,0.8619791666666666,1.0
features,stake_scaled_net_profit,786,25120,25151,32,-0.0007385487551800907,0.009105542732589747,26263,1.0,0.875,1.0
features,stake_scaled_net_profit,787,25152,25183,32,-3.0033297662157565e-05,0.0011806625172620716,26295,1.0,0.8645833333333331,1.0
features,stake_scaled_net_profit,788,25184,25215,32,-0.000998054863885045,0.011608095377051847,26327,1.0,0.8385416666666666,1.0833333333333333
features,stake_scaled_net_profit,789,25216,25247,32,0.0002194568223785609,0.0034323621769333655,26359,1.0,0.8828125,1.3333333333333333
features,stake_scaled_net_profit,790,25248,25279,32,-0.0004931340226903558,0.006145286407032645,26391,1.0,0.9453124999999998,1.3333333333333333
features,stake_scaled_net_profit,791,25280,25311,32,-0.00033591935061849654,0.00416017256016855,26423,1.0,0.8984374999999999,1.3333333333333333
features,stake_scaled_net_profit,792,25312,25343,32,-0.001025080680847168,0.010803998245807104,26455,1.0,0.9166666666666666,1.0
features,stake_scaled_net_profit,793,25344,25375,32,-9.067232895176858e-05,0.001457714012649236,26487,1.0,0.859375,1.0833333333333333
features,stake_scaled_net_profit,794,25376,25407,32,0.00015445801545865834,0.0024250502182566833,26519,1.0,0.864583333333333,1.3333333333333333
features,stake_scaled_net_profit,795,25408,25439,32,-0.1372927725315094,0.2510418897421205,26552,1.03125,0.8749999999999998,1.3333333333333333
features,stake_scaled_net_profit,796,25440,25471,32,0.0023198602721095085,0.021137015305928996,26584,1.0,0.9348958333333333,2.5
features,stake_scaled_net_profit,797,25472,25503,32,9.850412607192993e-05,0.001729142985294722,26616,1.0,0.8749999999999998,1.3333333333333333
features,stake_scaled_net_profit,798,25504,25535,32,0.00017369163106195629,0.0024444504354421063,26648,1.0,0.9062499999999999,1.3333333333333333
features,stake_scaled_net_profit,799,25536,25567,32,-0.00011713431013049558,0.0016987063034330976,26680,1.0,0.9322916666666665,1.0833333333333333
features,stake_scaled_net_profit,800,25568,25599,32,-0.00030755007173866034,0.0039731793090815965,26712,1.0,0.9166666666666667,2.5
features,stake_scaled_net_profit,801,25600,25631,32,0.04935261979699135,0.1322704151712563,26746,1.0625,0.8619791666666664,1.0833333333333333
features,stake_scaled_net_profit,802,25632,25663,32,2.1961808670312166e-05,0.0008344471526068787,26778,1.0,0.8697916666666666,1.3333333333333333
features,stake_scaled_net_profit,803,25664,25695,32,-0.0006377014215104282,0.0072102885620297695,26810,1.0,0.9088541666666665,1.3333333333333333
features,stake_scaled_net_profit,804,25696,25727,32,1.269331551156938e-05,0.0009571337171825594,26842,1.0,0.9322916666666665,1.3333333333333333
features,stake_scaled_net_profit,805,25728,25759,32,0.00015420839190483093,0.0019895155665961292,26874,1.0,0.8645833333333333,1.0833333333333333
features,stake_scaled_net_profit,806,25760,25791,32,-0.0007068788399919868,0.008132023724236699,26906,1.0,0.8437499999999999,1.3333333333333333
features,stake_scaled_net_profit,807,25792,25823,32,7.860609912313521e-05,0.0011077174039097633,26938,1.0,0.8854166666666667,1.3333333333333333
features,stake_scaled_net_profit,808,25824,25855,32,-0.0002711887354962528,0.0033638961468383647,26970,1.0,0.8177083333333331,1.0
features,stake_scaled_net_profit,809,25856,25887,32,-0.0023889965377748013,0.024158334908996784,27002,1.0,0.8932291666666667,1.3333333333333333
features,stake_scaled_net_profit,810,25888,25919,32,-0.00011353071022313088,0.001613652102838911,27034,1.0,0.8984374999999998,1.3333333333333333
features,stake_scaled_net_profit,811,25920,25951,32,-7.789831579430029e-05,0.0013220316389272227,27066,1.0,0.8776041666666667,2.5
features,stake_scaled_net_profit,812,25952,25983,32,-0.00022839754819869995,0.0029575533832645233,27098,1.0,0.8437499999999999,1.0
features,stake_scaled_net_profit,813,25984,26015,32,-0.00025263678980991244,0.0032387139520096715,27130,1.0,0.9088541666666666,1.3333333333333333
features,stake_scaled_net_profit,814,26016,26047,32,0.0002447714505251497,0.002910124494773131,27162,1.0,0.8229166666666666,1.0
features,stake_scaled_net_profit,815,26048,26079,32,2.6258301659254357e-05,0.002720257821456961,27194,1.0,0.8749999999999999,1.0833333333333333
features,stake_scaled_net_profit,816,26080,26111,32,-0.00021121899771969765,0.002578483164137895,27226,1.0,0.890625,1.3333333333333333
features,stake_scaled_net_profit,817,26112,26143,32,-0.0006215274333953857,0.006836285214270831,27258,1.0,0.9479166666666665,1.3333333333333333
features,stake_scaled_net_profit,818,26144,26175,32,-0.0002729371190071106,0.003558150766696961,27290,1.0,0.8776041666666665,1.0833333333333333
features,stake_scaled_net_profit,819,26176,26207,32,-9.252379823010415e-05,0.0015235517577760415,27322,1.0,0.8541666666666665,1.3333333333333333
features,stake_scaled_net_profit,820,26208,26239,32,-0.0007643774151802063,0.00843511910940129,27354,1.0,0.8385416666666665,1.3333333333333333
features,stake_scaled_net_profit,821,26240,26271,32,0.00012310349848121405,0.0018736373160679757,27386,1.0,0.8802083333333334,1.0
features,stake_scaled_net_profit,822,26272,26303,32,-5.808964488096535e-06,0.0011445135887396484,27418,1.0,0.8567708333333331,1.0833333333333333
features,stake_scaled_net_profit,823,26304,26335,32,0.00015358378004748374,0.002045574605311439,27450,1.0,0.71875,1.0833333333333333
features,stake_scaled_net_profit,824,26336,26367,32,-0.00021381923579610884,0.0027105401270629266,27482,1.0,0.9192708333333333,1.3333333333333333
features,stake_scaled_net_profit,825,26368,26399,32,-4.234910011291504e-05,0.000768076322599628,27514,1.0,0.7838541666666665,1.3333333333333333
features,stake_scaled_net_profit,826,26400,26431,32,8.184462785720825e-05,0.0011108094025732422,27546,1.0,0.8541666666666666,1.0833333333333333
features,stake_scaled_net_profit,827,26432,26463,32,0.07244836539030075,0.16384561952081955,27580,1.0625,0.8515625,1.3333333333333333
features,stake_scaled_net_profit,828,26464,26495,32,-0.00025807818747125566,0.0029745698288363965,27612,1.0,0.8515624999999999,1.3333333333333333
features,stake_scaled_net_profit,829,26496,26527,32,-0.0004424551734700799,0.005181536341532087,27644,1.0,0.880208333333333,1.0
features,stake_scaled_net_profit,830,26528,26559,32,3.458558057900518e-05,0.0011752800786033412,27676,1.0,0.7812499999999999,1.3333333333333333
features,stake_scaled_net_profit,831,26560,26591,32,-0.0003135229053441435,0.003947134897427919,27708,1.0,0.8958333333333331,1.3333333333333333
features,stake_scaled_net_profit,832,26592,26623,32,0.0015270835720002651,0.014269519388456995,27740,1.0,0.8411458333333333,1.3333333333333333
features,stake_scaled_net_profit,833,26624,26655,32,-0.0016287068137899041,0.016832863625011758,27772,1.0,0.8307291666666667,1.0833333333333333
features,stake_scaled_net_profit,834,26656,26687,32,0.00015780329704284668,0.002274755458476506,27804,1.0,0.9322916666666666,1.3333333333333333
features,stake_scaled_net_profit,835,26688,26719,32,9.623292135074735e-05,0.002021830358358667,27836,1.0,0.9218749999999999,2.5
features,stake_scaled_net_profit,836,26720,26751,32,0.0007044151425361633,0.007585661540283375,27868,1.0,0.8697916666666665,1.3333333333333333
features,stake_scaled_net_profit,837,26752,26783,32,-0.00038116174982860684,0.004899282562750954,27900,1.0,0.9479166666666665,1.3333333333333333
features,stake_scaled_net_profit,838,26784,26815,32,-0.0009984647622331977,0.011323169190606342,27932,1.0,0.8697916666666664,1.0
features,stake_scaled_net_profit,839,26816,26847,32,-0.00017940253019332886,0.002645747400574038,27964,1.0,0.8124999999999999,1.0
features,stake_scaled_net_profit,840,26848,26879,32,0.0005222919280640781,0.006311396817802226,27996,1.0,0.9140624999999998,1.3333333333333333
features,stake_scaled_net_profit,841,26880,26911,32,-0.0006314490456134081,0.0070373781199695494,28028,1.0,0.8697916666666665,1.0
features,stake_scaled_net_profit,842,26912,26943,32,-4.9286813009530306e-05,0.001186331914219375,28060,1.0,0.8333333333333331,1.3333333333333333
features,stake_scaled_net_profit,843,26944,26975,32,-0.0005838249926455319,0.006682228102644428,28092,1.0,0.8854166666666666,1.0
features,stake_scaled_net_profit,844,26976,27007,32,3.887951606884599e-06,0.0024981176374375812,28124,1.0,0.8984375,1.3333333333333333
features,stake_scaled_net_profit,845,27008,27039,32,0.00020914030028507113,0.0029910911080762983,28156,1.0,0.8541666666666665,1.3333333333333333
features,stake_scaled_net_profit,846,27040,27071,32,0.09591060131788254,0.1652259921991462,28189,1.03125,0.8151041666666664,1.0833333333333333
features,stake_scaled_net_profit,847,27072,27103,32,-0.0005649489467032254,0.006299864826192603,28221,1.0,0.9010416666666665,1.3333333333333333
features,stake_scaled_net_profit,848,27104,27135,32,-0.00021422034478746355,0.0028295770098355575,28253,1.0,0.8177083333333333,1.0
features,stake_scaled_net_profit,849,27136,27167,32,0.0017558957915753126,0.017019271215341168,28285,1.0,0.875,1.3333333333333333
features,stake_scaled_net_profit,850,27168,27199,32,-0.002372916555032134,0.022603520816811357,28317,1.0,0.8984375,1.0833333333333333
features,stake_scaled_net_profit,851,27200,27231,32,-0.00016326835611835122,0.00308367399089935,28349,1.0,0.8828124999999998,1.0833333333333333
features,stake_scaled_net_profit,852,27232,27263,32,-0.0004190429754089564,0.00489798341891284,28381,1.0,0.8697916666666665,1.3333333333333333
features,stake_scaled_net_profit,853,27264,27295,32,-0.0022169079165905714,0.0218216675752284,28413,1.0,0.8906249999999998,1.3333333333333333
features,stake_scaled_net_profit,854,27296,27327,32,-0.0028179313521832228,0.02663347448807919,28445,1.0,0.8984375,1.0
features,stake_scaled_net_profit,855,27328,27359,32,-9.862023580353707e-05,0.0024155201296683308,28477,1.0,0.8854166666666667,1.0833333333333333
features,stake_scaled_net_profit,856,27360,27391,32,-0.0004921555519104004,0.005496448712762964,28509,1.0,0.7916666666666665,1.3333333333333333
features,stake_scaled_net_profit,857,27392,27423,32,-0.0004880539490841329,0.005964234396930874,28541,1.0,0.8984374999999999,1.3333333333333333
features,stake_scaled_net_profit,858,27424,27455,32,-2.628311631269753e-05,0.002881946874927224,28573,1.0,0.8697916666666665,1.3333333333333333
features,stake_scaled_net_profit,859,27456,27487,32,-0.0016881710616871715,0.018132495422737975,28605,1.0,0.8281249999999999,1.0
features,stake_scaled_net_profit,860,27488,27519,32,-0.0014287667581811547,0.015890879592103627,28637,1.0,0.953125,1.3333333333333333
features,stake_scaled_net_profit,861,27520,27551,32,-0.000985434977337718,0.00993854638117309,28669,1.0,0.9010416666666666,1.3333333333333333
features,stake_scaled_net_profit,862,27552,27583,32,-0.0002860153326764703,0.003305153705573676,28701,1.0,0.8515625,1.0833333333333333
features,stake_scaled_net_profit,863,27584,27615,32,-0.1495426595211029,0.26362532367743574,28734,1.03125,0.9270833333333333,1.0
features,stake_scaled_net_profit,864,27616,27647,32,-0.0003273574111517519,0.004292798921571174,28766,1.0,0.8932291666666664,1.3333333333333333
features,stake_scaled_net_profit,865,27648,27679,32,-0.0034122790675610304,0.03261299972253457,28798,1.0,0.9244791666666665,1.0833333333333333
features,stake_scaled_net_profit,866,27680,27711,32,-0.0005314002628438175,0.006102453841835696,28830,1.0,0.8281250000000001,1.0
features,stake_scaled_net_profit,867,27712,27743,32,-0.00047984725097194314,0.005225135505159892,28862,1.0,0.9088541666666665,1.0833333333333333
features,stake_scaled_net_profit,868,27744,27775,32,0.0392463281750679,0.12048389246552722,28895,1.03125,0.8229166666666666,1.0
features,stake_scaled_net_profit,869,27776,27807,32,-0.000773883075453341,0.009318678309328992,28927,1.0,0.8645833333333333,1.0
features,stake_scaled_net_profit,870,27808,27839,32,-0.0016240713885053992,0.016916717238505994,28959,1.0,0.8828125,1.3333333333333333
features,stake_scaled_net_profit,871,27840,27871,32,-0.0010704465676099062,0.01232849767423801,28991,1.0,0.9088541666666666,1.0833333333333333
features,stake_scaled_net_profit,872,27872,27903,32,-0.0004247401957400143,0.005336084912743205,29023,1.0,0.8854166666666665,1.3333333333333333
features,stake_scaled_net_profit,873,27904,27935,32,0.00043594837188720703,0.00918511047158183,29055,1.0,1.1562499999999998,9.166666666666666
features,stake_scaled_net_profit,874,27936,27967,32,0.001380782574415207,0.015664062837229053,29087,1.0,0.8880208333333333,2.5
features,stake_scaled_net_profit,875,27968,27999,32,0.0002736970200203359,0.0058616249954908444,29119,1.0,0.8177083333333331,1.0
features,stake_scaled_net_profit,876,28000,28031,32,0.08183670043945312,0.21541430511808177,29151,1.0,0.9427083333333334,1.3333333333333333
features,stake_scaled_net_profit,877,28032,28063,32,-0.10218489915132523,0.2281521270169838,29185,1.0625,0.859375,1.3333333333333333
features,stake_scaled_net_profit,878,28064,28095,32,-0.00347537430934608,0.03350959988412841,29217,1.0,0.9739583333333331,2.5
features,stake_scaled_net_profit,879,28096,28127,32,-0.0012382814893499017,0.01197432062220145,29249,1.0,0.8645833333333334,1.3333333333333333
features,stake_scaled_net_profit,880,28128,28159,32,-0.0010709241032600403,0.011872245361730746,29281,1.0,0.8619791666666665,1.3333333333333333
features,stake_scaled_net_profit,881,28160,28191,32,-5.151331424713135e-05,0.002449723673871403,29313,1.0,0.8098958333333334,1.3333333333333333
features,stake_scaled_net_profit,882,28192,28223,32,-0.00027918448904529214,0.004426265793831899,29345,1.0,0.8697916666666667,1.0
features,stake_scaled_net_profit,883,28224,28255,32,-0.0016955733299255371,0.015501325650481042,29377,1.0,0.9348958333333335,2.5
features,stake_scaled_net_profit,884,28256,28287,32,-0.000130889326101169,0.0033810244478248703,29409,1.0,0.8802083333333333,1.0
features,stake_scaled_net_profit,885,28288,28319,32,0.00026919692754745483,0.004068262716587636,29441,1.0,1.1588541666666667,9.166666666666666
features,stake_scaled_net_profit,886,28320,28351,32,-0.0012313362676650286,0.011845829107827425,29473,1.0,0.9140624999999999,1.3333333333333333
features,stake_scaled_net_profit,887,28352,28383,32,0.05659583583474159,0.11705313323902063,29506,1.03125,0.8671874999999999,1.0833333333333333
features,stake_scaled_net_profit,888,28384,28415,32,-0.0018156816950067878,0.017426099100125624,29538,1.0,0.8593750000000001,1.3333333333333333
features,stake_scaled_net_profit,889,28416,28447,32,-0.000522864400409162,0.006163724979261242,29570,1.0,0.921875,1.0833333333333333
features,stake_scaled_net_profit,890,28448,28479,32,-0.0009952038526535034,0.010580248473566266,29602,1.0,0.921875,2.5
features,stake_scaled_net_profit,891,28480,28511,32,-0.00016665339353494346,0.0042370283778688355,29634,1.0,0.8723958333333333,1.3333333333333333
features,stake_scaled_net_profit,892,28512,28543,32,0.19472156465053558,0.3591993298997725,29666,1.0,0.8489583333333333,1.0
features,stake_scaled_net_profit,893,28544,28575,32,0.002071371302008629,0.0197261728298819,29698,1.0,0.9765624999999999,2.5
features,stake_scaled_net_profit,894,28576,28607,32,0.12579487264156342,0.2885275156069986,29732,1.0625,0.9322916666666665,2.5
features,stake_scaled_net_profit,895,28608,28639,32,-0.004099830519407988,0.03776438483041495,29764,1.0,0.8333333333333331,1.0833333333333333
features,stake_scaled_net_profit,896,28640,28671,32,-0.001112850965000689,0.012243436347837758,29796,1.0,0.859375,1.0
features,stake_scaled_net_profit,897,28672,28703,32,0.053478967398405075,0.09772222153254344,29829,1.03125,0.8255208333333333,1.0833333333333333
features,stake_scaled_net_profit,898,28704,28735,32,0.0011225081980228424,0.010281804231114614,29861,1.0,0.8697916666666664,1.0
features,stake_scaled_net_profit,899,28736,28767,32,-0.0043462286703288555,0.04243022100543314,29893,1.0,0.8723958333333333,1.3333333333333333
features,stake_scaled_net_profit,900,28768,28799,32,-0.003138859523460269,0.0310601513029656,29925,1.0,0.8802083333333333,1.3333333333333333
features,stake_scaled_net_profit,901,28800,28831,32,-0.0002652101102285087,0.01437843172919342,29957,1.0,0.8515625000000001,1.0833333333333333
features,stake_scaled_net_profit,902,28832,28863,32,-0.1329384297132492,0.2568001432129372,29989,1.0,0.8854166666666667,1.3333333333333333
features,stake_scaled_net_profit,903,28864,28895,32,-0.001972813392058015,0.02108718540294304,30021,1.0,0.8619791666666665,1.3333333333333333
features,stake_scaled_net_profit,904,28896,28927,32,-0.002774689579382539,0.023245542585304174,30053,1.0,0.8958333333333331,1.3333333333333333
features,stake_scaled_net_profit,905,28928,28959,32,0.024519000202417374,0.061398220705328514,30087,1.0625,0.7994791666666667,1.3333333333333333
features,stake_scaled_net_profit,906,28960,28991,32,-0.0013454998843371868,0.026350932623166994,30119,1.0,0.8802083333333331,1.0
features,stake_scaled_net_profit,907,28992,29023,32,0.02690098062157631,0.04342809007125922,30153,1.0625,0.7395833333333334,1.0
features,stake_scaled_net_profit,908,29024,29055,32,0.0019888803362846375,0.14314098009962778,30187,1.0625,0.8723958333333334,1.0
features,stake_scaled_net_profit,909,29056,29087,32,0.07183146476745605,0.2651278228947396,30220,1.03125,0.8802083333333333,1.3333333333333333
features,stake_scaled_net_profit,910,29088,29119,32,0.06620167940855026,0.15760562347133136,30254,1.0625,0.8385416666666666,1.3333333333333333
features,stake_scaled_net_profit,911,29120,29151,32,-0.010236904956400394,0.06640600920501477,30286,1.0,0.8802083333333331,1.3333333333333333
features,stake_scaled_net_profit,912,29152,29183,32,0.06535724550485611,0.2755511142215117,30320,1.0625,0.9088541666666666,1.0833333333333333
features,stake_scaled_net_profit,913,29184,29215,32,-0.016425197944045067,0.11486759481030816,30352,1.0,0.8854166666666665,1.0
features,stake_scaled_net_profit,914,29216,29247,32,-0.004252131097018719,0.037245163334378356,30384,1.0,0.8776041666666665,1.3333333333333333
features,stake_scaled_net_profit,915,29248,29279,32,-0.013544853776693344,0.11175617070237691,30416,1.0,0.828125,1.0
features,stake_scaled_net_profit,916,29280,29311,32,0.017274906858801842,0.12257545156736609,30448,1.0,0.8828124999999998,1.3333333333333333
features,stake_scaled_net_profit,917,29312,29343,32,-0.009276758879423141,0.07534764898295368,30481,1.03125,0.8489583333333333,1.3333333333333333
features,stake_scaled_net_profit,918,29344,29375,32,-0.014997530728578568,0.19367472897136995,30518,1.15625,0.8046875,1.0833333333333333
features,stake_scaled_net_profit,919,29376,29407,32,-0.007286868058145046,0.04857049512724733,30550,1.0,0.8932291666666666,1.0833333333333333
features,stake_scaled_net_profit,920,29408,29439,32,0.12237178534269333,0.35109667735159183,30584,1.0625,0.8723958333333331,1.3333333333333333
features,stake_scaled_net_profit,921,29440,29471,32,-0.14452733099460602,0.2557067817401492,30619,1.09375,0.8723958333333333,1.0833333333333333
features,stake_scaled_net_profit,922,29472,29503,32,-0.004137659445405006,0.14677610913341707,30655,1.125,0.8020833333333331,1.3333333333333333
features,stake_scaled_net_profit,923,29504,29535,32,0.0867006778717041,0.23596985006424123,30690,1.09375,0.828125,1.0833333333333333
features,stake_scaled_net_profit,924,29536,29567,32,-0.05321468040347099,0.1384185907471752,30722,1.0,0.888020833333333,1.0833333333333333
features,stake_scaled_net_profit,925,29568,29599,32,-0.0024695927277207375,0.049745563778653204,30756,1.0625,0.8124999999999998,1.3333333333333333
features,stake_scaled_net_profit,926,29600,29631,32,0.014739162288606167,0.09323409538690187,30792,1.125,0.75,1.0
features,stake_scaled_net_profit,927,29632,29663,32,-0.048730652779340744,0.25913635755299974,30825,1.03125,0.9010416666666666,1.0
features,stake_scaled_net_profit,928,29664,29695,32,-0.10471954941749573,0.2864991232265286,30859,1.0625,0.8906249999999998,1.0833333333333333
features,stake_scaled_net_profit,929,29696,29727,32,-0.11447305232286453,0.15441542607251332,30894,1.09375,0.796875,1.0
features,stake_scaled_net_profit,930,29728,29759,32,-0.02865743264555931,0.23643314026910273,30931,1.15625,0.8385416666666666,1.0833333333333333
features,stake_scaled_net_profit,931,29760,29791,32,-0.11218106746673584,0.15378164683558834,30965,1.0625,0.7630208333333334,1.0833333333333333
features,stake_scaled_net_profit,932,29792,29823,32,0.02573620341718197,0.2727726281957036,31001,1.125,0.8619791666666665,1.3333333333333333
features,stake_scaled_net_profit,933,29824,29855,32,-0.190253347158432,0.35570043080187447,31037,1.125,0.8229166666666665,1.0
features,stake_scaled_net_profit,934,29856,29887,32,-0.027081727981567383,0.19433505763312448,31070,1.03125,0.8958333333333334,1.3333333333333333
features,stake_scaled_net_profit,935,29888,29919,32,-0.17935968935489655,0.28164462261156287,31104,1.0625,0.8828124999999999,1.3333333333333333
features,stake_scaled_net_profit,936,29920,29951,32,0.013088800013065338,0.1486071204580698,31141,1.15625,0.8619791666666666,1.3333333333333333
features,stake_scaled_net_profit,937,29952,29983,32,-0.07821044325828552,0.12819181939963004,31174,1.03125,0.8255208333333335,1.3333333333333333
features,stake_scaled_net_profit,938,29984,30015,32,0.0033782855607569218,0.045606831249783715,31206,1.0,0.7968749999999999,1.0
features,stake_scaled_net_profit,939,30016,30047,32,-0.04203914850950241,0.10975730175299266,31242,1.125,0.8984374999999999,1.3333333333333333
features,stake_scaled_net_profit,940,30048,30079,32,0.14381645619869232,0.3812324449324117,31276,1.0625,0.8020833333333331,1.3333333333333333
features,stake_scaled_net_profit,941,30080,30111,32,0.00953017920255661,0.1697327075598093,31312,1.125,0.8619791666666666,1.0833333333333333
features,stake_scaled_net_profit,942,30112,30143,32,-0.06986227631568909,0.12250760749030502,31346,1.0625,0.875,1.0
features,stake_scaled_net_profit,943,30144,30175,32,-0.0670466274023056,0.09839587829602715,31379,1.03125,0.8593749999999999,1.3333333333333333
features,stake_scaled_net_profit,944,30176,30207,32,0.04872177913784981,0.14921762774902944,31412,1.03125,0.9270833333333333,1.3333333333333333
features,stake_scaled_net_profit,945,30208,30239,32,-0.07462131232023239,0.2796279811122545,31448,1.125,0.8072916666666666,1.0
features,stake_scaled_net_profit,946,30240,30271,32,-0.011449324898421764,0.0828723846285376,31480,1.0,0.8645833333333331,1.0
features,stake_scaled_net_profit,947,30272,30303,32,-0.0026821845676749945,0.03171771850429195,31512,1.0,0.8984374999999999,1.0833333333333333
features,stake_scaled_net_profit,948,30304,30335,32,-0.09011469781398773,0.17153757330033406,31544,1.0,0.8619791666666667,1.0
features,stake_scaled_net_profit,949,30336,30367,32,0.0031107221730053425,0.05123092579091231,31576,1.0,0.8307291666666664,1.0833333333333333
features,stake_scaled_net_profit,950,30368,30399,32,-0.009298793040215969,0.06504692941824293,31608,1.0,0.8723958333333331,1.3333333333333333
features,stake_scaled_net_profit,951,30400,30431,32,-0.13024280965328217,0.23587403774867707,31640,1.0,0.9062499999999999,1.0
features,stake_scaled_net_profit,952,30432,30463,32,-0.07698845118284225,0.11920154834929649,31673,1.03125,0.7682291666666665,1.3333333333333333
features,stake_scaled_net_profit,953,30464,30495,32,-0.009565506130456924,0.05380031273379327,31705,1.0,0.8411458333333333,1.0
features,stake_scaled_net_profit,954,30496,30527,32,0.024772843345999718,0.21728874539846355,31739,1.0625,0.8645833333333333,1.0
features,stake_scaled_net_profit,955,30528,30559,32,-0.07593196630477905,0.1386742081100764,31771,1.0,0.8541666666666664,1.3333333333333333
features,stake_scaled_net_profit,956,30560,30591,32,-0.009836068376898766,0.08222285009122263,31803,1.0,0.9036458333333334,1.0833333333333333
features,stake_scaled_net_profit,957,30592,30623,32,-0.020731043070554733,0.1492709300142278,31835,1.0,0.9218749999999999,1.3333333333333333
features,stake_scaled_net_profit,958,30624,30655,32,-0.2018357217311859,0.47303307426739877,31871,1.125,0.8749999999999998,1.3333333333333333
features,stake_scaled_net_profit,959,30656,30687,32,0.007095180451869965,0.05870740423432075,31903,1.0,0.8151041666666665,1.3333333333333333
features,stake_scaled_net_profit,960,30688,30719,32,0.023748863488435745,0.19951818130703175,31939,1.125,0.8411458333333333,1.0833333333333333
features,stake_scaled_net_profit,961,30720,30751,32,0.004152652341872454,0.029242241171843687,31971,1.0,0.8515625,1.3333333333333333
features,stake_scaled_net_profit,962,30752,30783,32,-0.06756608188152313,0.15084677258276638,32005,1.0625,0.8177083333333333,1.0
features,stake_scaled_net_profit,963,30784,30815,32,-0.10907647013664246,0.10977160059297128,32041,1.125,0.8125,1.0
features,stake_scaled_net_profit,964,30816,30847,32,0.06948810815811157,0.08241714195020117,32074,1.03125,0.8697916666666664,1.3333333333333333
features,stake_scaled_net_profit,965,30848,30879,32,-0.01085272803902626,0.09280687638224759,32106,1.0,0.9713541666666665,1.3333333333333333
features,stake_scaled_net_profit,966,30880,30911,32,-0.07379663735628128,0.23707724710487307,32140,1.0625,0.8072916666666671,1.0833333333333333
features,stake_scaled_net_profit,967,30912,30943,32,-0.08594620227813721,0.0881514335920488,32173,1.03125,0.890625,1.3333333333333333
features,stake_scaled_net_profit,968,30944,30975,32,-0.0935506671667099,0.21534620325511455,32206,1.03125,0.890625,1.3333333333333333
features,stake_scaled_net_profit,969,30976,31007,32,0.011511687189340591,0.19388435625734526,32240,1.0625,0.8541666666666665,1.3333333333333333
features,stake_scaled_net_profit,970,31008,31039,32,0.037375420331954956,0.08050592529604475,32274,1.0625,0.8697916666666666,1.3333333333333333
features,stake_scaled_net_profit,971,31040,31071,32,-0.1175910234451294,0.23155444121515736,32308,1.0625,0.8489583333333333,1.0
features,stake_scaled_net_profit,972,31072,31103,32,-0.0033571782987564802,0.0310550606099182,32341,1.03125,0.8177083333333334,1.3333333333333333
features,stake_scaled_net_profit,973,31104,31135,32,-0.052271489053964615,0.06181074000558033,32375,1.0625,0.9348958333333331,1.3333333333333333
features,stake_scaled_net_profit,974,31136,31167,32,-0.009574822150170803,0.06906038039049445,32407,1.0,0.8645833333333334,1.0
features,stake_scaled_net_profit,975,31168,31199,32,-0.014233294874429703,0.0688046865603401,32439,1.0,0.8749999999999998,1.0833333333333333
features,stake_scaled_net_profit,976,31200,31231,32,-0.011746824719011784,0.07715913392534995,32471,1.0,0.9036458333333333,1.0833333333333333
features,stake_scaled_net_profit,977,31232,31263,32,-0.005737593397498131,0.06216917441901943,32503,1.0,0.8958333333333333,1.3333333333333333
features,stake_scaled_net_profit,978,31264,31295,32,-0.02676902711391449,0.16859465353682634,32535,1.0,0.8385416666666666,1.3333333333333333
features,stake_scaled_net_profit,979,31296,31327,32,-0.004361239727586508,0.03974861541177933,32567,1.0,0.8958333333333334,1.3333333333333333
features,stake_scaled_net_profit,980,31328,31359,32,-0.043124739080667496,0.07096455928288879,32601,1.0625,0.8645833333333335,1.0
features,stake_scaled_net_profit,981,31360,31391,32,-0.05046975240111351,0.19013029744493878,32633,1.0,0.8515624999999998,1.3333333333333333
features,stake_scaled_net_profit,982,31392,31423,32,-0.10197187960147858,0.2052438089447027,32667,1.0625,0.8645833333333333,1.0
features,stake_scaled_net_profit,983,31424,31455,32,0.12871360778808594,0.1996679119686517,32701,1.0625,0.8359374999999999,1.0833333333333333
features,stake_scaled_net_profit,984,31456,31487,32,0.14893803000450134,0.32230531910572213,32734,1.03125,0.9114583333333333,1.3333333333333333
features,stake_scaled_net_profit,985,31488,31519,32,-0.00433769728988409,0.04813679444967262,32766,1.0,0.9166666666666666,1.3333333333333333
features,stake_scaled_net_profit,986,31520,31551,32,0.12255693972110748,0.35689343951727764,32799,1.03125,0.8671875,1.0
features,stake_scaled_net_profit,987,31552,31583,32,-0.0026373513974249363,0.03573363279740197,32831,1.0,0.8619791666666666,1.0833333333333333
features,stake_scaled_net_profit,988,31584,31615,32,0.09029968082904816,0.30822874458845767,32863,1.0,0.8697916666666666,1.3333333333333333
features,stake_scaled_net_profit,989,31616,31647,32,0.0038547595031559467,0.029977394151656345,32895,1.0,0.8385416666666666,1.3333333333333333
features,stake_scaled_net_profit,990,31648,31679,32,-0.0374239981174469,0.06295592825270871,32929,1.0625,0.9140624999999999,1.0833333333333333
features,stake_scaled_net_profit,991,31680,31711,32,-0.15107318758964539,0.09417440368171408,32964,1.09375,0.9166666666666666,1.3333333333333333
features,stake_scaled_net_profit,992,31712,31743,32,-0.10621011257171631,0.19955937323746054,32998,1.0625,0.8645833333333334,2.5
features,stake_scaled_net_profit,993,31744,31775,32,0.06760221719741821,0.16857333998516807,33031,1.03125,0.8385416666666667,1.0833333333333333
features,stake_scaled_net_profit,994,31776,31807,32,-0.051492296159267426,0.17239228841275334,33064,1.03125,0.8515624999999999,1.3333333333333333
features,stake_scaled_net_profit,995,31808,31839,32,-0.1606692671775818,0.2002293653741711,33100,1.125,0.9479166666666665,1.3333333333333333
features,stake_scaled_net_profit,996,31840,31871,32,-0.2814893126487732,0.5686954350526914,33138,1.1875,0.8359375,1.3333333333333333
features,stake_scaled_net_profit,997,31872,31903,32,-0.2614339292049408,0.4232171889250222,33170,1.0,0.8437499999999998,1.3333333333333333
features,stake_scaled_net_profit,998,31904,31935,32,-0.0954766571521759,0.36950003711028273,33202,1.0,0.8776041666666667,1.3333333333333333
features,stake_scaled_net_profit,999,31936,31967,32,-0.14869512617588043,0.1642252417519236,33237,1.09375,0.8828125,1.0833333333333333
features,stake_scaled_net_profit,1000,31968,31999,32,-0.18289247155189514,0.23598018752266817,33271,1.0625,0.8619791666666666,1.0833333333333333
