round_index,deck_seed,state_representation,reward_type,net_profit,total_staked,outcome,actions
0,267394175915169762,raw,net_profit,2.0,3.0,PLAYER_WIN,CHECK|CHECK|BET_1X
1,6622360792181816869,raw,net_profit,-3.0,3.0,DEALER_WIN,CHECK|CHECK|BET_1X
2,5083925994220845409,raw,net_profit,-3.0,3.0,DEALER_WIN,CHECK|CHECK|BET_1X
3,2631705061766673078,raw,net_profit,-3.0,3.0,DEALER_WIN,CHECK|CHECK|BET_1X
4,625965266448287964,raw,net_profit,1.0,3.0,PLAYER_WIN,CHECK|CHECK|BET_1X
5,6311158103698143620,raw,net_profit,1.0,3.0,PLAYER_WIN,CHECK|CHECK|BET_1X
6,7407552866206651633,raw,net_profit,-3.0,3.0,DEALER_WIN,CHECK|CHECK|BET_1X
7,2437971242654443246,raw,net_profit,2.0,3.0,PLAYER_WIN,CHECK|CHECK|BET_1X
8,6230786063140708833,raw,net_profit,-3.0,3.0,DEALER_WIN,CHECK|CHECK|BET_1X
9,396351950967499822,raw,net_profit,-3.0,3.0,DEALER_WIN,CHECK|CHECK|BET_1X
10,6763783393082919964,raw,net_profit,1.0,3.0,PLAYER_WIN,CHECK|CHECK|BET_1X
11,5039510986400131059,raw,net_profit,5.0,3.0,PLAYER_WIN,CHECK|CHECK|BET_1X
12,725188967062615805,raw,net_profit,-3.0,3.0,DEALER_WIN,CHECK|CHECK|BET_1X
13,3827537874160256406,raw,net_profit,1.0,3.0,PLAYER_WIN,CHECK|CHECK|BET_1X
14,1434815846468701060,raw,net_profit,-3.0,3.0,DEALER_WIN,CHECK|CHECK|BET_1X
15,4925880466225565852,raw,net_profit,2.0,3.0,PLAYER_WIN,CHECK|CHECK|BET_1X
16,3734128259314183662,raw,net_profit,0.0,3.0,PUSH,CHECK|CHECK|BET_1X
17,7320354147458773515,raw,net_profit,2.0,3.0,PLAYER_WIN,CHECK|CHECK|BET_1X
18,5915736786919146606,raw,net_profit,-3.0,3.0,DEALER_WIN,CHECK|CHECK|BET_1X
19,3997453163934551053,raw,net_profit,2.0,3.0,PLAYER_WIN,CHECK|CHECK|BET_1X
20,420188367349169023,raw,net_profit,0.0,3.0,PUSH,CHECK|CHECK|BET_1X
21,7068775808500662676,raw,net_profit,-3.0,3.0,DEALER_WIN,CHECK|CHECK|BET_1X
22,8318159693860326176,raw,net_profit,1.0,3.0,PLAYER_WIN,CHECK|CHECK|BET_1X
23,2596170250901314419,raw,net_profit,-2.0,3.0,DEALER_WIN,CHECK|CHECK|BET_1X
24,5635062402773559101,raw,net_profit,1.0,3.0,PLAYER_WIN,CHECK|CHECK|BET_1X
25,131182803603194358,raw,net_profit,0.0,3.0,PUSH,CHECK|CHECK|BET_1X
26,1924289002081382615,raw,net_profit,-3.0,3.0,DEALER_WIN,CHECK|CHECK|BET_1X
27,307982257814125829,raw,net_profit,2.0,3.0,PLAYER_WIN,CHECK|CHECK|BET_1X
28,4222916004322640072,raw,net_profit,1.0,3.0,PLAYER_WIN,CHECK|CHECK|BET_1X
29,2834474257502486015,raw,net_profit,-3.0,3.0,DEALER_WIN,CHECK|CHECK|BET_1X
30,4403704085525171104,raw,net_profit,0.0,3.0,PUSH,CHECK|CHECK|BET_1X
31,214959778791577876,raw,net_profit,2.0,3.0,PLAYER_WIN,CHECK|CHECK|BET_1X
32,7002668879736515590,raw,net_profit,2.0,3.0,PLAYER_WIN,CHECK|CHECK|BET_1X
33,7127345010982089692,raw,net_profit,1.0,3.0,PLAYER_WIN,CHECK|CHECK|BET_1X
34,6478835866566956284,raw,net_profit,-3.0,3.0,DEALER_WIN,CHECK|CHECK|BET_1X
35,8290752171674008488,raw,net_profit,-2.0,3.0,DEALER_WIN,CHECK|CHECK|BET_1X
36,7964180502557777114,raw,net_profit,-3.0,3.0,DEALER_WIN,CHECK|CHECK|BET_1X
37,8699503143805950637,raw,net_profit,2.0,3.0,PLAYER_WIN,CHECK|CHECK|BET_1X
38,6120799081068664541,raw,net_profit,-3.0,3.0,DEALER_WIN,CHECK|CHECK|BET_1X
39,843197789447036710,raw,net_profit,1.0,3.0,PLAYER_WIN,CHECK|CHECK|BET_1X
40,3495163096702654544,raw,net_profit,-3.0,3.0,DEALER_WIN,CHECK|CHECK|BET_1X
41,3915207286768580801,raw,net_profit,2.0,3.0,PLAYER_WIN,CHECK|CHECK|BET_1X
42,7003009373040439219,raw,net_profit,3.0,3.0,PLAYER_WIN,CHECK|CHECK|BET_1X
43,913880539547589353,raw,net_profit,1.0,3.0,PLAYER_WIN,CHECK|CHECK|BET_1X
44,6935620010562411592,raw,net_profit,-3.0,3.0,DEALER_WIN,CHECK|CHECK|BET_1X
45,184401729985881041,raw,net_profit,0.0,3.0,PUSH,CHECK|CHECK|BET_1X
46,6935467213799320374,raw,net_profit,1.0,3.0,PLAYER_WIN,CHECK|CHECK|BET_1X
47,5612594235566473111,raw,net_profit,0.0,3.0,PUSH,CHECK|CHECK|BET_1X
48,4347199078740518746,raw,net_profit,1.0,3.0,PLAYER_WIN,CHECK|CHECK|BET_1X
49,7120907196351153496,raw,net_profit,2.0,3.0,PLAYER_WIN,CHECK|CHECK|BET_1X
50,2947780868488058973,raw,net_profit,2.0,3.0,PLAYER_WIN,CHECK|CHECK|BET_1X
51,8045624103170174348,raw,net_profit,-3.0,3.0,DEALER_WIN,CHECK|CHECK|BET_1X
52,1982945791593776379,raw,net_profit,2.0,3.0,PLAYER_WIN,CHECK|CHECK|BET_1X
53,8559655568166875089,raw,net_profit,3.0,3.0,PLAYER_WIN,CHECK|CHECK|BET_1X
54,2952535908593232311,raw,net_profit,-3.0,3.0,DEALER_WIN,CHECK|CHECK|BET_1X
55,653375118264160073,raw,net_profit,5.0,3.0,PLAYER_WIN,CHECK|CHECK|BET_1X
56,8628126910685404171,raw,net_profit,1.0,3.0,PLAYER_WIN,CHECK|CHECK|BET_1X
57,3411837048486933660,raw,net_profit,2.0,3.0,PLAYER_WIN,CHECK|CHECK|BET_1X
58,321785957422954919,raw,net_profit,-3.0,3.0,DEALER_WIN,CHECK|CHECK|BET_1X
59,9142095367098964630,raw,net_profit,-3.0,3.0,DEALER_WIN,CHECK|CHECK|BET_1X
60,5093202747382685980,raw,net_profit,-3.0,3.0,DEALER_WIN,CHECK|CHECK|BET_1X
61,9083423553673625243,raw,net_profit,2.0,3.0,PLAYER_WIN,CHECK|CHECK|BET_1X
62,3682897969972699063,raw,net_profit,-3.0,3.0,DEALER_WIN,CHECK|CHECK|BET_1X
63,279528981849538115,raw,net_profit,3.5,3.0,PLAYER_WIN,CHECK|CHECK|BET_1X
64,3459612578739540929,raw,net_profit,-3.0,3.0,DEALER_WIN,CHECK|CHECK|BET_1X
65,184650307201550344,raw,net_profit,-3.0,3.0,DEALER_WIN,CHECK|CHECK|BET_1X
66,4161485920553640688,raw,net_profit,-3.0,3.0,DEALER_WIN,CHECK|CHECK|BET_1X
67,4482320182470164616,raw,net_profit,0.0,3.0,PUSH,CHECK|CHECK|BET_1X
68,7233795208446614844,raw,net_profit,-3.0,3.0,DEALER_WIN,CHECK|CHECK|BET_1X
69,3969300439698209838,raw,net_profit,-2.0,3.0,DEALER_WIN,CHECK|CHECK|BET_1X
70,1158855182147307506,raw,net_profit,2.0,3.0,PLAYER_WIN,CHECK|CHECK|BET_1X
71,3931001972823372616,raw,net_profit,-3.0,3.0,DEALER_WIN,CHECK|CHECK|BET_1X
72,1780890636995138936,raw,net_profit,0.0,3.0,PUSH,CHECK|CHECK|BET_1X
73,7097014509562748812,raw,net_profit,5.0,3.0,PLAYER_WIN,CHECK|CHECK|BET_1X
74,6057414869709403377,raw,net_profit,2.0,3.0,PLAYER_WIN,CHECK|CHECK|BET_1X
75,186292945416596316,raw,net_profit,-3.0,3.0,DEALER_WIN,CHECK|CHECK|BET_1X
76,4863763103200250714,raw,net_profit,-3.0,3.0,DEALER_WIN,CHECK|CHECK|BET_1X
77,5937767851265253806,raw,net_profit,-2.0,3.0,DEALER_WIN,CHECK|CHECK|BET_1X
78,5609422332832284170,raw,net_profit,-3.0,3.0,DEALER_WIN,CHECK|CHECK|BET_1X
79,6095102712162836664,raw,net_profit,-3.0,3.0,DEALER_WIN,CHECK|CHECK|BET_1X
80,8149946325868012093,raw,net_profit,-3.0,3.0,DEALER_WIN,CHECK|CHECK|BET_1X
81,8439535158505976963,raw,net_profit,2.0,3.0,PLAYER_WIN,CHECK|CHECK|BET_1X
82,7402197783176339677,raw,net_profit,-3.0,3.0,DEALER_WIN,CHECK|CHECK|BET_1X
83,2544212450148784085,raw,net_profit,-3.0,3.0,DEALER_WIN,CHECK|CHECK|BET_1X
84,6160174665740052963,raw,net_profit,-3.0,3.0,DEALER_WIN,CHECK|CHECK|BET_1X
85,7868993352247292045,raw,net_profit,-3.0,3.0,DEALER_WIN,CHECK|CHECK|BET_1X
86,7502994246661721652,raw,net_profit,-3.0,3.0,DEALER_WIN,CHECK|CHECK|BET_1X
87,7918727964138148126,raw,net_profit,-3.0,3.0,DEALER_WIN,CHECK|CHECK|BET_1X
88,2715194295495663360,raw,net_profit,-3.0,3.0,DEALER_WIN,CHECK|CHECK|BET_1X
89,4520336279544116302,raw,net_profit,2.0,3.0,PLAYER_WIN,CHECK|CHECK|BET_1X
90,424471546312261032,raw,net_profit,-2.0,3.0,DEALER_WIN,CHECK|CHECK|BET_1X
91,1534172332767836760,raw,net_profit,2.0,3.0,PLAYER_WIN,CHECK|CHECK|BET_1X
92,7701219332749073684,raw,net_profit,-3.0,3.0,DEALER_WIN,CHECK|CHECK|BET_1X
93,3725290053046867031,raw,net_profit,-3.0,3.0,DEALER_WIN,CHECK|CHECK|BET_1X
94,552266544574701979,raw,net_profit,-3.0,3.0,DEALER_WIN,CHECK|CHECK|BET_1X
95,5180620136443654224,raw,net_profit,0.0,3.0,PUSH,CHECK|CHECK|BET_1X
96,6610426576810839465,raw,net_profit,-3.0,3.0,DEALER_WIN,CHECK|CHECK|BET_1X
97,6638801627304522570,raw,net_profit,1.0,3.0,PLAYER_WIN,CHECK|CHECK|BET_1X
98,1483928051219635714,raw,net_profit,-3.0,3.0,DEALER_WIN,CHECK|CHECK|BET_1X
99,372089592655043401,raw,net_profit,-3.0,3.0,DEALER_WIN,CHECK|CHECK|BET_1X
100,7970796395776112439,raw,net_profit,1.0,3.0,PLAYER_WIN,CHECK|CHECK|BET_1X
101,2735515580542308199,raw,net_profit,-3.0,3.0,DEALER_WIN,CHECK|CHECK|BET_1X
102,1458449103975526807,raw,net_profit,-3.0,3.0,DEALER_WIN,CHECK|CHECK|BET_1X
103,2626090741428851345,raw,net_profit,-2.0,3.0,DEALER_WIN,CHECK|CHECK|BET_1X
104,5901468342895068338,raw,net_profit,-3.0,3.0,DEALER_WIN,CHECK|CHECK|BET_1X
105,7650295898208821260,raw,net_profit,1.0,3.0,PLAYER_WIN,CHECK|CHECK|BET_1X
106,8348235252657919766,raw,net_profit,2.0,3.0,PLAYER_WIN,CHECK|CHECK|BET_1X
107,8774396524321946093,raw,net_profit,-3.0,3.0,DEALER_WIN,CHECK|CHECK|BET_1X
108,5325703479959263360,raw,net_profit,3.0,3.0,PLAYER_WIN,CHECK|CHECK|BET_1X
109,308510130372227839,raw,net_profit,1.0,3.0,PLAYER_WIN,CHECK|CHECK|BET_1X
110,691814333712790024,raw,net_profit,-3.0,3.0,DEALER_WIN,CHECK|CHECK|BET_1X
111,1791066817329466814,raw,net_profit,5.0,3.0,PLAYER_WIN,CHECK|CHECK|BET_1X
112,7844726160720761024,raw,net_profit,3.0,3.0,PLAYER_WIN,CHECK|CHECK|BET_1X
113,4413470094465881225,raw,net_profit,-3.0,3.0,DEALER_WIN,CHECK|CHECK|BET_1X
114,8032393553405997973,raw,net_profit,-3.0,3.0,DEALER_WIN,CHECK|CHECK|BET_1X
115,3288361484238926392,raw,net_profit,-3.0,3.0,DEALER_WIN,CHECK|CHECK|BET_1X
116,7927308640864165358,raw,net_profit,3.5,3.0,PLAYER_WIN,CHECK|CHECK|BET_1X
117,6977676637930912843,raw,net_profit,1.0,3.0,PLAYER_WIN,CHECK|CHECK|BET_1X
118,5987063494519245971,raw,net_profit,-3.0,3.0,DEALER_WIN,CHECK|CHECK|BET_1X
119,3382827485827260001,raw,net_profit,-3.0,3.0,DEALER_WIN,CHECK|CHECK|BET_1X
120,5271023846392711046,raw,net_profit,2.0,3.0,PLAYER_WIN,CHECK|CHECK|BET_1X
121,8700421098190037714,raw,net_profit,-3.0,3.0,DEALER_WIN,CHECK|CHECK|BET_1X
122,7591578118582873594,raw,net_profit,1.0,3.0,PLAYER_WIN,CHECK|CHECK|BET_1X
123,799898052841868756,raw,net_profit,1.0,3.0,PLAYER_WIN,CHECK|CHECK|BET_1X
124,3442607995740778689,raw,net_profit,3.5,3.0,PLAYER_WIN,CHECK|CHECK|BET_1X
125,8766728029030194891,raw,net_profit,-3.0,3.0,DEALER_WIN,CHECK|CHECK|BET_1X
126,5571430924103278169,raw,net_profit,-3.0,3.0,DEALER_WIN,CHECK|CHECK|BET_1X
127,7935445132631357346,raw,net_profit,-2.0,3.0,DEALER_WIN,CHECK|CHECK|BET_1X
128,4214140957653203178,raw,net_profit,5.0,3.0,PLAYER_WIN,CHECK|CHECK|BET_1X
129,5840276869739178336,raw,net_profit,2.0,3.0,PLAYER_WIN,CHECK|CHECK|BET_1X
130,7969240649651844771,raw,net_profit,-2.0,3.0,DEALER_WIN,CHECK|CHECK|BET_1X
131,5518284507728999214,raw,net_profit,3.0,3.0,PLAYER_WIN,CHECK|CHECK|BET_1X
132,1588903062808819614,raw,net_profit,2.0,3.0,PLAYER_WIN,CHECK|CHECK|BET_1X
133,1990496361436516063,raw,net_profit,-3.0,3.0,DEALER_WIN,CHECK|CHECK|BET_1X
134,8103897967099303267,raw,net_profit,1.0,3.0,PLAYER_WIN,CHECK|CHECK|BET_1X
135,6310362229869583997,raw,net_profit,-3.0,3.0,DEALER_WIN,CHECK|CHECK|BET_1X
136,2835302575974469345,raw,net_profit,-3.0,3.0,DEALER_WIN,CHECK|CHECK|BET_1X
137,2374950339168920177,raw,net_profit,-3.0,3.0,DEALER_WIN,CHECK|CHECK|BET_1X
138,4874135423890386130,raw,net_profit,1.0,3.0,PLAYER_WIN,CHECK|CHECK|BET_1X
139,4485301215758767598,raw,net_profit,2.0,3.0,PLAYER_WIN,CHECK|CHECK|BET_1X
140,3270891218652982714,raw,net_profit,-3.0,3.0,DEALER_WIN,CHECK|CHECK|BET_1X
141,8404482487714797519,raw,net_profit,3.5,3.0,PLAYER_WIN,CHECK|CHECK|BET_1X
142,7043678516278956663,raw,net_profit,2.0,3.0,PLAYER_WIN,CHECK|CHECK|BET_1X
143,1271700207996566968,raw,net_profit,2.0,3.0,PLAYER_WIN,CHECK|CHECK|BET_1X
144,3835225369374540061,raw,net_profit,-3.0,3.0,DEALER_WIN,CHECK|CHECK|BET_1X
145,666463364949798282,raw,net_profit,-3.0,3.0,DEALER_WIN,CHECK|CHECK|BET_1X
146,1803315010592774109,raw,net_profit,-3.0,3.0,DEALER_WIN,CHECK|CHECK|BET_1X
147,5889978965453416515,raw,net_profit,2.0,3.0,PLAYER_WIN,CHECK|CHECK|BET_1X
148,246447490973930156,raw,net_profit,2.0,3.0,PLAYER_WIN,CHECK|CHECK|BET_1X
149,229693647205603385,raw,net_profit,-2.0,3.0,DEALER_WIN,CHECK|CHECK|BET_1X
150,2574826990457786488,raw,net_profit,-3.0,3.0,DEALER_WIN,CHECK|CHECK|BET_1X
151,1328371695420260066,raw,net_profit,-3.0,3.0,DEALER_WIN,CHECK|CHECK|BET_1X
152,9214358393218296886,raw,net_profit,0.0,3.0,PUSH,CHECK|CHECK|BET_1X
153,7600319498121963319,raw,net_profit,3.5,3.0,PLAYER_WIN,CHECK|CHECK|BET_1X
154,8548777183537499732,raw,net_profit,1.0,3.0,PLAYER_WIN,CHECK|CHECK|BET_1X
155,222054042808413628,raw,net_profit,0.0,3.0,PUSH,CHECK|CHECK|BET_1X
156,7943095732984079155,raw,net_profit,2.0,3.0,PLAYER_WIN,CHECK|CHECK|BET_1X
157,5048594911983637929,raw,net_profit,2.0,3.0,PLAYER_WIN,CHECK|CHECK|BET_1X
158,3838800578014759175,raw,net_profit,-3.0,3.0,DEALER_WIN,CHECK|CHECK|BET_1X
159,2095954482773485702,raw,net_profit,-3.0,3.0,DEALER_WIN,CHECK|CHECK|BET_1X
160,5111132195666445508,raw,net_profit,-3.0,3.0,DEALER_WIN,CHECK|CHECK|BET_1X
161,4484047144931754103,raw,net_profit,1.0,3.0,PLAYER_WIN,CHECK|CHECK|BET_1X
162,8421490695099539308,raw,net_profit,1.0,3.0,PLAYER_WIN,CHECK|CHECK|BET_1X
163,238989329143121490,raw,net_profit,2.0,3.0,PLAYER_WIN,CHECK|CHECK|BET_1X
164,5227476580216639085,raw,net_profit,-3.0,3.0,DEALER_WIN,CHECK|CHECK|BET_1X
165,8365562426258253711,raw,net_profit,-2.0,3.0,DEALER_WIN,CHECK|CHECK|BET_1X
166,1574377984351324256,raw,net_profit,0.0,3.0,PUSH,CHECK|CHECK|BET_1X
167,329282032523654539,raw,net_profit,2.0,3.0,PLAYER_WIN,CHECK|CHECK|BET_1X
168,6996536489796581451,raw,net_profit,2.0,3.0,PLAYER_WIN,CHECK|CHECK|BET_1X
169,602603839492438883,raw,net_profit,-2.0,3.0,DEALER_WIN,CHECK|CHECK|BET_1X
170,3250551443412039705,raw,net_profit,-3.0,3.0,DEALER_WIN,CHECK|CHECK|BET_1X
171,3664981025071144934,raw,net_profit,-2.0,3.0,DEALER_WIN,CHECK|CHECK|BET_1X
172,3939944893045527535,raw,net_profit,-3.0,3.0,DEALER_WIN,CHECK|CHECK|BET_1X
173,6901356006866102650,raw,net_profit,-3.0,3.0,DEALER_WIN,CHECK|CHECK|BET_1X
174,2651174666133198247,raw,net_profit,2.5,3.0,PLAYER_WIN,CHECK|CHECK|BET_1X
175,3253471355897663978,raw,net_profit,-3.0,3.0,DEALER_WIN,CHECK|CHECK|BET_1X
176,1667879780665572545,raw,net_profit,0.0,3.0,PUSH,CHECK|CHECK|BET_1X
177,612522476431562973,raw,net_profit,0.0,3.0,PUSH,CHECK|CHECK|BET_1X
178,5266698071290254250,raw,net_profit,2.0,3.0,PLAYER_WIN,CHECK|CHECK|BET_1X
179,1036649300983052059,raw,net_profit,-3.0,3.0,DEALER_WIN,CHECK|CHECK|BET_1X
180,5943975099518342777,raw,net_profit,-3.0,3.0,DEALER_WIN,CHECK|CHECK|BET_1X
181,8022205843499842905,raw,net_profit,-3.0,3.0,DEALER_WIN,CHECK|CHECK|BET_1X
182,4296098361744109626,raw,net_profit,1.0,3.0,PLAYER_WIN,CHECK|CHECK|BET_1X
183,2895089901790712587,raw,net_profit,-3.0,3.0,DEALER_WIN,CHECK|CHECK|BET_1X
184,2692959954578496460,raw,net_profit,1.0,3.0,PLAYER_WIN,CHECK|CHECK|BET_1X
185,6957117910194745014,raw,net_profit,2.0,3.0,PLAYER_WIN,CHECK|CHECK|BET_1X
186,8299659691135489491,raw,net_profit,-3.0,3.0,DEALER_WIN,CHECK|CHECK|BET_1X
187,521672325287713316,raw,net_profit,-3.0,3.0,DEALER_WIN,CHECK|CHECK|BET_1X
188,7068868565519734221,raw,net_profit,0.0,3.0,PUSH,CHECK|CHECK|BET_1X
189,8647696901315248288,raw,net_profit,2.0,3.0,PLAYER_WIN,CHECK|CHECK|BET_1X
190,5829996289168956440,raw,net_profit,-2.0,3.0,DEALER_WIN,CHECK|CHECK|BET_1X
191,6510986746521403714,raw,net_profit,0.0,3.0,PUSH,CHECK|CHECK|BET_1X
192,3343632454807131533,raw,net_profit,2.0,3.0,PLAYER_WIN,CHECK|CHECK|BET_1X
193,3635347933053571141,raw,net_profit,-3.0,3.0,DEALER_WIN,CHECK|CHECK|BET_1X
194,2872360651756260152,raw,net_profit,-3.0,3.0,DEALER_WIN,CHECK|CHECK|BET_1X
195,4575677044837556587,raw,net_profit,2.0,3.0,PLAYER_WIN,CHECK|CHECK|BET_1X
196,8109627705770787446,raw,net_profit,2.0,3.0,PLAYER_WIN,CHECK|CHECK|BET_1X
197,7876385408815645013,raw,net_profit,1.0,3.0,PLAYER_WIN,CHECK|CHECK|BET_1X
198,6045585644649517634,raw,net_profit,2.0,3.0,PLAYER_WIN,CHECK|CHECK|BET_1X
199,8171468275729887274,raw,net_profit,2.0,3.0,PLAYER_WIN,CHECK|CHECK|BET_1X
200,1522019156218505182,raw,net_profit,3.0,3.0,PLAYER_WIN,CHECK|CHECK|BET_1X
201,3414494131441129021,raw,net_profit,-3.0,3.0,DEALER_WIN,CHECK|CHECK|BET_1X
202,8150147558741906037,raw,net_profit,2.0,3.0,PLAYER_WIN,CHECK|CHECK|BET_1X
203,3635744785230929795,raw,net_profit,-3.0,3.0,DEALER_WIN,CHECK|CHECK|BET_1X
204,741661198935559693,raw,net_profit,1.0,3.0,PLAYER_WIN,CHECK|CHECK|BET_1X
205,5504871625796891831,raw,net_profit,2.0,3.0,PLAYER_WIN,CHECK|CHECK|BET_1X
206,5019130878861949901,raw,net_profit,3.0,3.0,PLAYER_WIN,CHECK|CHECK|BET_1X
207,1370223978642297613,raw,net_profit,-3.0,3.0,DEALER_WIN,CHECK|CHECK|BET_1X
208,6812516088013608262,raw,net_profit,1.0,3.0,PLAYER_WIN,CHECK|CHECK|BET_1X
209,9179447981108907171,raw,net_profit,-3.0,3.0,DEALER_WIN,CHECK|CHECK|BET_1X
210,3886441791378742981,raw,net_profit,-3.0,3.0,DEALER_WIN,CHECK|CHECK|BET_1X
211,3869216972724575561,raw,net_profit,1.0,3.0,PLAYER_WIN,CHECK|CHECK|BET_1X
212,7298397267651016110,raw,net_profit,5.0,3.0,PLAYER_WIN,CHECK|CHECK|BET_1X
213,9106911739118468803,raw,net_profit,1.0,3.0,PLAYER_WIN,CHECK|CHECK|BET_1X
214,2309837682468512169,raw,net_profit,-3.0,3.0,DEALER_WIN,CHECK|CHECK|BET_1X
215,2843991017257676316,raw,net_profit,1.0,3.0,PLAYER_WIN,CHECK|CHECK|BET_1X
216,7985478897452358890,raw,net_profit,5.0,3.0,PLAYER_WIN,CHECK|CHECK|BET_1X
217,4763526213045217682,raw,net_profit,1.0,3.0,PLAYER_WIN,CHECK|CHECK|BET_1X
218,6548874376641643944,raw,net_profit,-3.0,3.0,DEALER_WIN,CHECK|CHECK|BET_1X
219,275857527687551367,raw,net_profit,0.0,3.0,PUSH,CHECK|CHECK|BET_1X
220,2715413790037767564,raw,net_profit,-3.0,3.0,DEALER_WIN,CHECK|CHECK|BET_1X
221,2506515837130634695,raw,net_profit,1.0,3.0,PLAYER_WIN,CHECK|CHECK|BET_1X
222,5588620273884141006,raw,net_profit,-3.0,3.0,DEALER_WIN,CHECK|CHECK|BET_1X
223,1783686779819737837,raw,net_profit,2.0,3.0,PLAYER_WIN,CHECK|CHECK|BET_1X
224,4789398362050358956,raw,net_profit,-3.0,3.0,DEALER_WIN,CHECK|CHECK|BET_1X
225,6053861788805800196,raw,net_profit,1.0,3.0,PLAYER_WIN,CHECK|CHECK|BET_1X
226,4607239473637602089,raw,net_profit,2.0,3.0,PLAYER_WIN,CHECK|CHECK|BET_1X
227,546209324434964652,raw,net_profit,2.0,3.0,PLAYER_WIN,CHECK|CHECK|BET_1X
228,5018557025698303746,raw,net_profit,-2.0,3.0,DEALER_WIN,CHECK|CHECK|BET_1X
229,3080843083321466271,raw,net_profit,2.0,3.0,PLAYER_WIN,CHECK|CHECK|BET_1X
230,3716321932880570721,raw,net_profit,2.0,3.0,PLAYER_WIN,CHECK|CHECK|BET_1X
231,92064684869300405,raw,net_profit,2.0,3.0,PLAYER_WIN,CHECK|CHECK|BET_1X
232,1140910975008277839,raw,net_profit,-3.0,3.0,DEALER_WIN,CHECK|CHECK|BET_1X
233,6856591104020712021,raw,net_profit,-3.0,3.0,DEALER_WIN,CHECK|CHECK|BET_1X
234,9039473785572614898,raw,net_profit,1.0,3.0,PLAYER_WIN,CHECK|CHECK|BET_1X
235,3325308716516527238,raw,net_profit,-3.0,3.0,DEALER_WIN,CHECK|CHECK|BET_1X
236,1259064680821498276,raw,net_profit,2.0,3.0,PLAYER_WIN,CHECK|CHECK|BET_1X
237,1016171186944723331,raw,net_profit,-3.0,3.0,DEALER_WIN,CHECK|CHECK|BET_1X
238,1966099807976542267,raw,net_profit,-3.0,3.0,DEALER_WIN,CHECK|CHECK|BET_1X
239,8772870922485700553,raw,net_profit,2.0,3.0,PLAYER_WIN,CHECK|CHECK|BET_1X
240,6322227503818577595,raw,net_profit,2.0,3.0,PLAYER_WIN,CHECK|CHECK|BET_1X
241,8857602524819317742,raw,net_profit,2.0,3.0,PLAYER_WIN,CHECK|CHECK|BET_1X
242,6936526574501988479,raw,net_profit,-3.0,3.0,DEALER_WIN,CHECK|CHECK|BET_1X
243,7995004442754902422,raw,net_profit,-2.0,3.0,DEALER_WIN,CHECK|CHECK|BET_1X
244,2689793819086796747,raw,net_profit,-3.0,3.0,DEALER_WIN,CHECK|CHECK|BET_1X
245,6931580245738144909,raw,net_profit,2.0,3.0,PLAYER_WIN,CHECK|CHECK|BET_1X
246,7137720517950527935,raw,net_profit,2.0,3.0,PLAYER_WIN,CHECK|CHECK|BET_1X
247,4739568660344075039,raw,net_profit,2.0,3.0,PLAYER_WIN,CHECK|CHECK|BET_1X
248,9114813623973426675,raw,net_profit,2.0,3.0,PLAYER_WIN,CHECK|CHECK|BET_1X
249,7004975275309143372,raw,net_profit,5.0,3.0,PLAYER_WIN,CHECK|CHECK|BET_1X
250,8010624436975705395,raw,net_profit,1.0,3.0,PLAYER_WIN,CHECK|CHECK|BET_1X
251,8824986349627595397,raw,net_profit,2.0,3.0,PLAYER_WIN,CHECK|CHECK|BET_1X
252,4214192239115773782,raw,net_profit,-3.0,3.0,DEALER_WIN,CHECK|CHECK|BET_1X
253,2064659323962257712,raw,net_profit,2.0,3.0,PLAYER_WIN,CHECK|CHECK|BET_1X
254,3662871525063954504,raw,net_profit,2.0,3.0,PLAYER_WIN,CHECK|CHECK|BET_1X
255,3081643373842585213,raw,net_profit,-3.0,3.0,DEALER_WIN,CHECK|CHECK|BET_1X
256,2964190760393150071,raw,net_profit,-3.0,3.0,DEALER_WIN,CHECK|CHECK|BET_1X
257,4432433309750216898,raw,net_profit,2.0,3.0,PLAYER_WIN,CHECK|CHECK|BET_1X
258,6297679402363790244,raw,net_profit,2.0,3.0,PLAYER_WIN,CHECK|CHECK|BET_1X
259,3609631887854626781,raw,net_profit,-3.0,3.0,DEALER_WIN,CHECK|CHECK|BET_1X
260,5698338630153832060,raw,net_profit,3.0,3.0,PLAYER_WIN,CHECK|CHECK|BET_1X
261,3559105149835941744,raw,net_profit,2.0,3.0,PLAYER_WIN,CHECK|CHECK|BET_1X
262,351829026103476516,raw,net_profit,-3.0,3.0,DEALER_WIN,CHECK|CHECK|BET_1X
263,2107164881514668761,raw,net_profit,-3.0,3.0,DEALER_WIN,CHECK|CHECK|BET_1X
264,6989594130531546912,raw,net_profit,-3.0,3.0,DEALER_WIN,CHECK|CHECK|BET_1X
265,477323117151096337,raw,net_profit,1.0,3.0,PLAYER_WIN,CHECK|CHECK|BET_1X
266,5427647393489702713,raw,net_profit,2.0,3.0,PLAYER_WIN,CHECK|CHECK|BET_1X
267,673806825868914089,raw,net_profit,0.0,3.0,PUSH,CHECK|CHECK|BET_1X
268,2277683107665827752,raw,net_profit,2.0,3.0,PLAYER_WIN,CHECK|CHECK|BET_1X
269,1286564176499040596,raw,net_profit,2.0,3.0,PLAYER_WIN,CHECK|CHECK|BET_1X
270,3390602342499223345,raw,net_profit,1.0,3.0,PLAYER_WIN,CHECK|CHECK|BET_1X
271,2184292267620929134,raw,net_profit,-3.0,3.0,DEALER_WIN,CHECK|CHECK|BET_1X
272,2400839929366976845,raw,net_profit,-3.0,3.0,DEALER_WIN,CHECK|CHECK|BET_1X
273,7099363791732008589,raw,net_profit,-3.0,3.0,DEALER_WIN,CHECK|CHECK|BET_1X
274,7298649988942962473,raw,net_profit,-3.0,3.0,DEALER_WIN,CHECK|CHECK|BET_1X
275,6116569858919202824,raw,net_profit,-3.0,3.0,DEALER_WIN,CHECK|CHECK|BET_1X
276,5657156539417868424,raw,net_profit,2.5,3.0,PLAYER_WIN,CHECK|CHECK|BET_1X
277,2909963714610012848,raw,net_profit,-3.0,3.0,DEALER_WIN,CHECK|CHECK|BET_1X
278,8842534907094839826,raw,net_profit,-3.0,3.0,DEALER_WIN,CHECK|CHECK|BET_1X
279,1929820099870563754,raw,net_profit,2.0,3.0,PLAYER_WIN,CHECK|CHECK|BET_1X
280,2275857421354943444,raw,net_profit,2.0,3.0,PLAYER_WIN,CHECK|CHECK|BET_1X
281,2450247646130307371,raw,net_profit,2.0,3.0,PLAYER_WIN,CHECK|CHECK|BET_1X
282,5436571418616758817,raw,net_profit,1.0,3.0,PLAYER_WIN,CHECK|CHECK|BET_1X
283,6423307474855632554,raw,net_profit,2.0,3.0,PLAYER_WIN,CHECK|CHECK|BET_1X
284,53336841608746950,raw,net_profit,2.0,3.0,PLAYER_WIN,CHECK|CHECK|BET_1X
285,636997439105160726,raw,net_profit,3.0,3.0,PLAYER_WIN,CHECK|CHECK|BET_1X
286,1443741153445400323,raw,net_profit,2.0,3.0,PLAYER_WIN,CHECK|CHECK|BET_1X
287,1724208036164981583,raw,net_profit,2.0,3.0,PLAYER_WIN,CHECK|CHECK|BET_1X
288,1451431174848639120,raw,net_profit,1.0,3.0,PLAYER_WIN,CHECK|CHECK|BET_1X
289,3071645897280903590,raw,net_profit,-3.0,3.0,DEALER_WIN,CHECK|CHECK|BET_1X
290,4035927011327309283,raw,net_profit,3.5,3.0,PLAYER_WIN,CHECK|CHECK|BET_1X
291,4582459076364867022,raw,net_profit,2.0,3.0,PLAYER_WIN,CHECK|CHECK|BET_1X
292,5063108030770880756,raw,net_profit,-3.0,3.0,DEALER_WIN,CHECK|CHECK|BET_1X
293,3521074766916916396,raw,net_profit,2.0,3.0,PLAYER_WIN,CHECK|CHECK|BET_1X
294,2098739520062542735,raw,net_profit,1.0,3.0,PLAYER_WIN,CHECK|CHECK|BET_1X
295,1920321905174655088,raw,net_profit,2.0,3.0,PLAYER_WIN,CHECK|CHECK|BET_1X
296,3111219435804652977,raw,net_profit,-3.0,3.0,DEALER_WIN,CHECK|CHECK|BET_1X
297,7596979449436064433,raw,net_profit,-3.0,3.0,DEALER_WIN,CHECK|CHECK|BET_1X
298,9200930107847698921,raw,net_profit,-3.0,3.0,DEALER_WIN,CHECK|CHECK|BET_1X
299,2130161503912020020,raw,net_profit,-3.0,3.0,DEALER_WIN,CHECK|CHECK|BET_1X
300,773199989780435132,raw,net_profit,2.0,3.0,PLAYER_WIN,CHECK|CHECK|BET_1X
301,790609520540673511,raw,net_profit,-3.0,3.0,DEALER_WIN,CHECK|CHECK|BET_1X
302,940256883321144102,raw,net_profit,2.0,3.0,PLAYER_WIN,CHECK|CHECK|BET_1X
303,7521885374094830706,raw,net_profit,2.0,3.0,PLAYER_WIN,CHECK|CHECK|BET_1X
304,1290666818709030736,raw,net_profit,-3.0,3.0,DEALER_WIN,CHECK|CHECK|BET_1X
305,7278560434425519433,raw,net_profit,5.0,3.0,PLAYER_WIN,CHECK|CHECK|BET_1X
306,6765727779339517793,raw,net_profit,-3.0,3.0,DEALER_WIN,CHECK|CHECK|BET_1X
307,2562702621120485377,raw,net_profit,2.0,3.0,PLAYER_WIN,CHECK|CHECK|BET_1X
308,5732270001053102957,raw,net_profit,2.0,3.0,PLAYER_WIN,CHECK|CHECK|BET_1X
309,5319966283482639267,raw,net_profit,1.0,3.0,PLAYER_WIN,CHECK|CHECK|BET_1X
310,5482854480484691906,raw,net_profit,-3.0,3.0,DEALER_WIN,CHECK|CHECK|BET_1X
311,6737730215036343388,raw,net_profit,-3.0,3.0,DEALER_WIN,CHECK|CHECK|BET_1X
312,1750394772184139807,raw,net_profit,3.5,3.0,PLAYER_WIN,CHECK|CHECK|BET_1X
313,4092024285208974386,raw,net_profit,-3.0,3.0,DEALER_WIN,CHECK|CHECK|BET_1X
314,2479779619273314584,raw,net_profit,-3.0,3.0,DEALER_WIN,CHECK|CHECK|BET_1X
315,8550716504167259590,raw,net_profit,1.0,3.0,PLAYER_WIN,CHECK|CHECK|BET_1X
316,5968184737561155573,raw,net_profit,1.0,3.0,PLAYER_WIN,CHECK|CHECK|BET_1X
317,4251216972758833193,raw,net_profit,-3.0,3.0,DEALER_WIN,CHECK|CHECK|BET_1X
318,6586578875242233007,raw,net_profit,0.0,3.0,PUSH,CHECK|CHECK|BET_1X
319,7196449143880713678,raw,net_profit,2.0,3.0,PLAYER_WIN,CHECK|CHECK|BET_1X
320,1494370748545103871,raw,net_profit,1.0,3.0,PLAYER_WIN,CHECK|CHECK|BET_1X
321,4038012604501675599,raw,net_profit,-3.0,3.0,DEALER_WIN,CHECK|CHECK|BET_1X
322,7098046348583829158,raw,net_profit,-3.0,3.0,DEALER_WIN,CHECK|CHECK|BET_1X
323,7024276765378325067,raw,net_profit,2.0,3.0,PLAYER_WIN,CHECK|CHECK|BET_1X
324,6154590985343039709,raw,net_profit,-3.0,3.0,DEALER_WIN,CHECK|CHECK|BET_1X
325,4727068190975620816,raw,net_profit,2.0,3.0,PLAYER_WIN,CHECK|CHECK|BET_1X
326,2507349376491984346,raw,net_profit,2.0,3.0,PLAYER_WIN,CHECK|CHECK|BET_1X
327,3395974611405996149,raw,net_profit,3.0,3.0,PLAYER_WIN,CHECK|CHECK|BET_1X
328,2359856206601181180,raw,net_profit,-3.0,3.0,DEALER_WIN,CHECK|CHECK|BET_1X
329,7744368251180168964,raw,net_profit,-3.0,3.0,DEALER_WIN,CHECK|CHECK|BET_1X
330,4723146808085613614,raw,net_profit,2.0,3.0,PLAYER_WIN,CHECK|CHECK|BET_1X
331,4524896174569570928,raw,net_profit,-3.0,3.0,DEALER_WIN,CHECK|CHECK|BET_1X
332,3829554533382905876,raw,net_profit,-3.0,3.0,DEALER_WIN,CHECK|CHECK|BET_1X
333,8850372262869207536,raw,net_profit,1.0,3.0,PLAYER_WIN,CHECK|CHECK|BET_1X
334,2522900541139666584,raw,net_profit,1.0,3.0,PLAYER_WIN,CHECK|CHECK|BET_1X
335,6829168510832181399,raw,net_profit,1.0,3.0,PLAYER_WIN,CHECK|CHECK|BET_1X
336,1300757615968728974,raw,net_profit,-3.0,3.0,DEALER_WIN,CHECK|CHECK|BET_1X
337,8977613446332408452,raw,net_profit,2.0,3.0,PLAYER_WIN,CHECK|CHECK|BET_1X
338,5124143102279955980,raw,net_profit,2.0,3.0,PLAYER_WIN,CHECK|CHECK|BET_1X
339,1698982236944184098,raw,net_profit,1.0,3.0,PLAYER_WIN,CHECK|CHECK|BET_1X
340,2537635093826938346,raw,net_profit,-3.0,3.0,DEALER_WIN,CHECK|CHECK|BET_1X
341,3042645679642465706,raw,net_profit,1.0,3.0,PLAYER_WIN,CHECK|CHECK|BET_1X
342,8379030542639646354,raw,net_profit,-3.0,3.0,DEALER_WIN,CHECK|CHECK|BET_1X
343,4252752355513259897,raw,net_profit,-3.0,3.0,DEALER_WIN,CHECK|CHECK|BET_1X
344,7644703980693510810,raw,net_profit,0.0,3.0,PUSH,CHECK|CHECK|BET_1X
345,6091992489211428610,raw,net_profit,-3.0,3.0,DEALER_WIN,CHECK|CHECK|BET_1X
346,4377905856225961112,raw,net_profit,-2.0,3.0,DEALER_WIN,CHECK|CHECK|BET_1X
347,4233738309113298639,raw,net_profit,0.0,3.0,PUSH,CHECK|CHECK|BET_1X
348,722959606086166209,raw,net_profit,-3.0,3.0,DEALER_WIN,CHECK|CHECK|BET_1X
349,8965898040700419188,raw,net_profit,-3.0,3.0,DEALER_WIN,CHECK|CHECK|BET_1X
350,3068374000097644594,raw,net_profit,2.0,3.0,PLAYER_WIN,CHECK|CHECK|BET_1X
351,8421993321631063289,raw,net_profit,5.0,3.0,PLAYER_WIN,CHECK|CHECK|BET_1X
352,2565339746751315385,raw,net_profit,2.0,3.0,PLAYER_WIN,CHECK|CHECK|BET_1X
353,3521059145737245006,raw,net_profit,-3.0,3.0,DEALER_WIN,CHECK|CHECK|BET_1X
354,1225146693247821464,raw,net_profit,-3.0,3.0,DEALER_WIN,CHECK|CHECK|BET_1X
355,2223163389797223573,raw,net_profit,-3.0,3.0,DEALER_WIN,CHECK|CHECK|BET_1X
356,6100450240085238662,raw,net_profit,-3.0,3.0,DEALER_WIN,CHECK|CHECK|BET_1X
357,2252262110976378070,raw,net_profit,1.0,3.0,PLAYER_WIN,CHECK|CHECK|BET_1X
358,2409777369572172664,raw,net_profit,-3.0,3.0,DEALER_WIN,CHECK|CHECK|BET_1X
359,3272692093067702644,raw,net_profit,-3.0,3.0,DEALER_WIN,CHECK|CHECK|BET_1X
360,5263078641338965980,raw,net_profit,2.0,3.0,PLAYER_WIN,CHECK|CHECK|BET_1X
361,2013549331616727494,raw,net_profit,2.0,3.0,PLAYER_WIN,CHECK|CHECK|BET_1X
362,7796690638519713880,raw,net_profit,-3.0,3.0,DEALER_WIN,CHECK|CHECK|BET_1X
363,1112853597645051873,raw,net_profit,-3.0,3.0,DEALER_WIN,CHECK|CHECK|BET_1X
364,3480513157201779262,raw,net_profit,2.0,3.0,PLAYER_WIN,CHECK|CHECK|BET_1X
365,3067634367452865023,raw,net_profit,1.0,3.0,PLAYER_WIN,CHECK|CHECK|BET_1X
366,7503054615718173894,raw,net_profit,2.0,3.0,PLAYER_WIN,CHECK|CHECK|BET_1X
367,4634938742369367851,raw,net_profit,-3.0,3.0,DEALER_WIN,CHECK|CHECK|BET_1X
368,5033243759305225170,raw,net_profit,1.0,3.0,PLAYER_WIN,CHECK|CHECK|BET_1X
369,5123096749338927418,raw,net_profit,1.0,3.0,PLAYER_WIN,CHECK|CHECK|BET_1X
370,5250256626675980973,raw,net_profit,3.5,3.0,PLAYER_WIN,CHECK|CHECK|BET_1X
371,3188560541386030410,raw,net_profit,2.0,3.0,PLAYER_WIN,CHECK|CHECK|BET_1X
372,725958004730219154,raw,net_profit,-3.0,3.0,DEALER_WIN,CHECK|CHECK|BET_1X
373,1086518526799508046,raw,net_profit,-3.0,3.0,DEALER_WIN,CHECK|CHECK|BET_1X
374,4830178015972021400,raw,net_profit,2.0,3.0,PLAYER_WIN,CHECK|CHECK|BET_1X
375,2483794333879786541,raw,net_profit,-3.0,3.0,DEALER_WIN,CHECK|CHECK|BET_1X
376,5968788491557416029,raw,net_profit,3.0,3.0,PLAYER_WIN,CHECK|CHECK|BET_1X
377,4909058599847734388,raw,net_profit,-2.0,3.0,DEALER_WIN,CHECK|CHECK|BET_1X
378,8269389959809120026,raw,net_profit,2.0,3.0,PLAYER_WIN,CHECK|CHECK|BET_1X
379,5751227521769691756,raw,net_profit,-3.0,3.0,DEALER_WIN,CHECK|CHECK|BET_1X
380,5254734106473222559,raw,net_profit,-3.0,3.0,DEALER_WIN,CHECK|CHECK|BET_1X
381,1484617088297884918,raw,net_profit,1.0,3.0,PLAYER_WIN,CHECK|CHECK|BET_1X
382,3733062852738192744,raw,net_profit,12.0,3.0,PLAYER_WIN,CHECK|CHECK|BET_1X
383,4031387593778505327,raw,net_profit,-3.0,3.0,DEALER_WIN,CHECK|CHECK|BET_1X
384,2686551691759380802,raw,net_profit,2.0,3.0,PLAYER_WIN,CHECK|CHECK|BET_1X
385,7200141093538924119,raw,net_profit,5.0,3.0,PLAYER_WIN,CHECK|CHECK|BET_1X
386,1267122011524698938,raw,net_profit,0.0,3.0,PUSH,CHECK|CHECK|BET_1X
387,2953387294424337859,raw,net_profit,1.0,3.0,PLAYER_WIN,CHECK|CHECK|BET_1X
388,2123690835654171057,raw,net_profit,-3.0,3.0,DEALER_WIN,CHECK|CHECK|BET_1X
389,3842281555931477400,raw,net_profit,-3.0,3.0,DEALER_WIN,CHECK|CHECK|BET_1X
390,1446228320186105644,raw,net_profit,-3.0,3.0,DEALER_WIN,CHECK|CHECK|BET_1X
391,388341251164335986,raw,net_profit,-3.0,3.0,DEALER_WIN,CHECK|CHECK|BET_1X
392,3766716693521451175,raw,net_profit,2.0,3.0,PLAYER_WIN,CHECK|CHECK|BET_1X
393,308677102571691178,raw,net_profit,-3.0,3.0,DEALER_WIN,CHECK|CHECK|BET_1X
394,7025784524817768587,raw,net_profit,2.0,3.0,PLAYER_WIN,CHECK|CHECK|BET_1X
395,660872375021651183,raw,net_profit,-3.0,3.0,DEALER_WIN,CHECK|CHECK|BET_1X
396,5018159035523172139,raw,net_profit,2.0,3.0,PLAYER_WIN,CHECK|CHECK|BET_1X
397,8521796670501639537,raw,net_profit,-3.0,3.0,DEALER_WIN,CHECK|CHECK|BET_1X
398,8259530846865156621,raw,net_profit,2.0,3.0,PLAYER_WIN,CHECK|CHECK|BET_1X
399,1293390679611208357,raw,net_profit,2.0,3.0,PLAYER_WIN,CHECK|CHECK|BET_1X
400,5535416213156246062,raw,net_profit,2.0,3.0,PLAYER_WIN,CHECK|CHECK|BET_1X
401,8592143109048140185,raw,net_profit,-3.0,3.0,DEALER_WIN,CHECK|CHECK|BET_1X
402,4165022053239471889,raw,net_profit,-3.0,3.0,DEALER_WIN,CHECK|CHECK|BET_1X
403,3421517331959741789,raw,net_profit,-3.0,3.0,DEALER_WIN,CHECK|CHECK|BET_1X
404,3676174173399259099,raw,net_profit,3.0,3.0,PLAYER_WIN,CHECK|CHECK|BET_1X
405,5532878257321113407,raw,net_profit,-3.0,3.0,DEALER_WIN,CHECK|CHECK|BET_1X
406,1385261999608165744,raw,net_profit,1.0,3.0,PLAYER_WIN,CHECK|CHECK|BET_1X
407,1725780601959358525,raw,net_profit,-3.0,3.0,DEALER_WIN,CHECK|CHECK|BET_1X
408,844024523636171957,raw,net_profit,-3.0,3.0,DEALER_WIN,CHECK|CHECK|BET_1X
409,7076351326394923686,raw,net_profit,-3.0,3.0,DEALER_WIN,CHECK|CHECK|BET_1X
410,3328496822210650014,raw,net_profit,-3.0,3.0,DEALER_WIN,CHECK|CHECK|BET_1X
411,6673265249638135424,raw,net_profit,-3.0,3.0,DEALER_WIN,CHECK|CHECK|BET_1X
412,5186064815748076363,raw,net_profit,1.0,3.0,PLAYER_WIN,CHECK|CHECK|BET_1X
413,8820925307334779230,raw,net_profit,2.0,3.0,PLAYER_WIN,CHECK|CHECK|BET_1X
414,7130104864293323688,raw,net_profit,-3.0,3.0,DEALER_WIN,CHECK|CHECK|BET_1X
415,3955741204990501015,raw,net_profit,2.0,3.0,PLAYER_WIN,CHECK|CHECK|BET_1X
416,5816117043921882507,raw,net_profit,2.0,3.0,PLAYER_WIN,CHECK|CHECK|BET_1X
417,5870108828468812702,raw,net_profit,3.5,3.0,PLAYER_WIN,CHECK|CHECK|BET_1X
418,3452472625769591428,raw,net_profit,-3.0,3.0,DEALER_WIN,CHECK|CHECK|BET_1X
419,2951271027818976081,raw,net_profit,2.0,3.0,PLAYER_WIN,CHECK|CHECK|BET_1X
420,8743407801131281417,raw,net_profit,-3.0,3.0,DEALER_WIN,CHECK|CHECK|BET_1X
421,1395602105126210203,raw,net_profit,-3.0,3.0,DEALER_WIN,CHECK|CHECK|BET_1X
422,3217208186673493107,raw,net_profit,-3.0,3.0,DEALER_WIN,CHECK|CHECK|BET_1X
423,3740685319419975092,raw,net_profit,1.0,3.0,PLAYER_WIN,CHECK|CHECK|BET_1X
424,1827962242563392027,raw,net_profit,-3.0,3.0,DEALER_WIN,CHECK|CHECK|BET_1X
425,4967620523564462662,raw,net_profit,-3.0,3.0,DEALER_WIN,CHECK|CHECK|BET_1X
426,8346212796288530295,raw,net_profit,2.0,3.0,PLAYER_WIN,CHECK|CHECK|BET_1X
427,1878513055434871565,raw,net_profit,-3.0,3.0,DEALER_WIN,CHECK|CHECK|BET_1X
428,7456929651071579732,raw,net_profit,-3.0,3.0,DEALER_WIN,CHECK|CHECK|BET_1X
429,8547785305093473824,raw,net_profit,2.0,3.0,PLAYER_WIN,CHECK|CHECK|BET_1X
430,1339518746148212065,raw,net_profit,-3.0,3.0,DEALER_WIN,CHECK|CHECK|BET_1X
431,5986486522782583560,raw,net_profit,-3.0,3.0,DEALER_WIN,CHECK|CHECK|BET_1X
432,9149670476414652663,raw,net_profit,5.0,3.0,PLAYER_WIN,CHECK|CHECK|BET_1X
433,6047923126693314179,raw,net_profit,-3.0,3.0,DEALER_WIN,CHECK|CHECK|BET_1X
434,4507716234393071812,raw,net_profit,1.0,3.0,PLAYER_WIN,CHECK|CHECK|BET_1X
435,6696212316559221669,raw,net_profit,-3.0,3.0,DEALER_WIN,CHECK|CHECK|BET_1X
436,4709208856752884907,raw,net_profit,-3.0,3.0,DEALER_WIN,CHECK|CHECK|BET_1X
437,8180799737624703497,raw,net_profit,-3.0,3.0,DEALER_WIN,CHECK|CHECK|BET_1X
438,5100472982167930350,raw,net_profit,0.0,3.0,PUSH,CHECK|CHECK|BET_1X
439,8638100613132331462,raw,net_profit,1.0,3.0,PLAYER_WIN,CHECK|CHECK|BET_1X
440,831321693197061714,raw,net_profit,-3.0,3.0,DEALER_WIN,CHECK|CHECK|BET_1X
441,1549030611600974587,raw,net_profit,-3.0,3.0,DEALER_WIN,CHECK|CHECK|BET_1X
442,1500434365829296761,raw,net_profit,2.0,3.0,PLAYER_WIN,CHECK|CHECK|BET_1X
443,5799093032386592618,raw,net_profit,-3.0,3.0,DEALER_WIN,CHECK|CHECK|BET_1X
444,1398620022658892871,raw,net_profit,-3.0,3.0,DEALER_WIN,CHECK|CHECK|BET_1X
445,7723618636455993013,raw,net_profit,-3.0,3.0,DEALER_WIN,CHECK|CHECK|BET_1X
446,4017416666956074224,raw,net_profit,3.0,3.0,PLAYER_WIN,CHECK|CHECK|BET_1X
447,6685408889241086991,raw,net_profit,1.0,3.0,PLAYER_WIN,CHECK|CHECK|BET_1X
448,1046437852623580516,raw,net_profit,-3.0,3.0,DEALER_WIN,CHECK|CHECK|BET_1X
449,6495900327912917789,raw,net_profit,1.0,3.0,PLAYER_WIN,CHECK|CHECK|BET_1X
450,7268012643080620112,raw,net_profit,2.0,3.0,PLAYER_WIN,CHECK|CHECK|BET_1X
451,8596356162955893865,raw,net_profit,-3.0,3.0,DEALER_WIN,CHECK|CHECK|BET_1X
452,5023991350838989493,raw,net_profit,1.0,3.0,PLAYER_WIN,CHECK|CHECK|BET_1X
453,3096425923440701499,raw,net_profit,-3.0,3.0,DEALER_WIN,CHECK|CHECK|BET_1X
454,9155977984722206226,raw,net_profit,3.5,3.0,PLAYER_WIN,CHECK|CHECK|BET_1X
455,5589389613960447355,raw,net_profit,-3.0,3.0,DEALER_WIN,CHECK|CHECK|BET_1X
456,1593016035029406547,raw,net_profit,-3.0,3.0,DEALER_WIN,CHECK|CHECK|BET_1X
457,2384837664647274378,raw,net_profit,2.0,3.0,PLAYER_WIN,CHECK|CHECK|BET_1X
458,8988294948997256362,raw,net_profit,1.0,3.0,PLAYER_WIN,CHECK|CHECK|BET_1X
459,6618121475846054406,raw,net_profit,2.0,3.0,PLAYER_WIN,CHECK|CHECK|BET_1X
460,837303075718077153,raw,net_profit,2.0,3.0,PLAYER_WIN,CHECK|CHECK|BET_1X
461,6163462163336804620,raw,net_profit,-3.0,3.0,DEALER_WIN,CHECK|CHECK|BET_1X
462,8595134223538175693,raw,net_profit,1.0,3.0,PLAYER_WIN,CHECK|CHECK|BET_1X
463,4943130807978259282,raw,net_profit,-3.0,3.0,DEALER_WIN,CHECK|CHECK|BET_1X
464,546517709026249506,raw,net_profit,-3.0,3.0,DEALER_WIN,CHECK|CHECK|BET_1X
465,6219571001966642767,raw,net_profit,-3.0,3.0,DEALER_WIN,CHECK|CHECK|BET_1X
466,1909309805318875446,raw,net_profit,-3.0,3.0,DEALER_WIN,CHECK|CHECK|BET_1X
467,7939831167678121436,raw,net_profit,-3.0,3.0,DEALER_WIN,CHECK|CHECK|BET_1X
468,4909903955276585547,raw,net_profit,2.0,3.0,PLAYER_WIN,CHECK|CHECK|BET_1X
469,7330409857486934143,raw,net_profit,-3.0,3.0,DEALER_WIN,CHECK|CHECK|BET_1X
470,6483027437849028188,raw,net_profit,-3.0,3.0,DEALER_WIN,CHECK|CHECK|BET_1X
471,4171686185131703792,raw,net_profit,1.0,3.0,PLAYER_WIN,CHECK|CHECK|BET_1X
472,1771421303201843669,raw,net_profit,-3.0,3.0,DEALER_WIN,CHECK|CHECK|BET_1X
473,1401440516887092641,raw,net_profit,3.5,3.0,PLAYER_WIN,CHECK|CHECK|BET_1X
474,4646815077684961866,raw,net_profit,-3.0,3.0,DEALER_WIN,CHECK|CHECK|BET_1X
475,6049936887681308982,raw,net_profit,-3.0,3.0,DEALER_WIN,CHECK|CHECK|BET_1X
476,8360178397633295329,raw,net_profit,2.0,3.0,PLAYER_WIN,CHECK|CHECK|BET_1X
477,6562508349195654128,raw,net_profit,1.0,3.0,PLAYER_WIN,CHECK|CHECK|BET_1X
478,5072545829675726431,raw,net_profit,1.0,3.0,PLAYER_WIN,CHECK|CHECK|BET_1X
479,5882282875364312602,raw,net_profit,-3.0,3.0,DEALER_WIN,CHECK|CHECK|BET_1X
480,3555826633250398759,raw,net_profit,-3.0,3.0,DEALER_WIN,CHECK|CHECK|BET_1X
481,3371639317207562188,raw,net_profit,2.0,3.0,PLAYER_WIN,CHECK|CHECK|BET_1X
482,634659690983456182,raw,net_profit,2.0,3.0,PLAYER_WIN,CHECK|CHECK|BET_1X
483,3499328612933342146,raw,net_profit,-3.0,3.0,DEALER_WIN,CHECK|CHECK|BET_1X
484,4380056808609724650,raw,net_profit,2.0,3.0,PLAYER_WIN,CHECK|CHECK|BET_1X
485,5874661895553636168,raw,net_profit,-3.0,3.0,DEALER_WIN,CHECK|CHECK|BET_1X
486,2076044537292985049,raw,net_profit,-3.0,3.0,DEALER_WIN,CHECK|CHECK|BET_1X
487,8450411627594332084,raw,net_profit,-3.0,3.0,DEALER_WIN,CHECK|CHECK|BET_1X
488,9147965826968071048,raw,net_profit,2.0,3.0,PLAYER_WIN,CHECK|CHECK|BET_1X
489,8168966239570680708,raw,net_profit,-3.0,3.0,DEALER_WIN,CHECK|CHECK|BET_1X
490,134795331270240176,raw,net_profit,-3.0,3.0,DEALER_WIN,CHECK|CHECK|BET_1X
491,7462719447577611777,raw,net_profit,0.0,3.0,PUSH,CHECK|CHECK|BET_1X
492,5696554759936696187,raw,net_profit,-2.0,3.0,DEALER_WIN,CHECK|CHECK|BET_1X
493,3871126435156101295,raw,net_profit,2.0,3.0,PLAYER_WIN,CHECK|CHECK|BET_1X
494,4734305113232378208,raw,net_profit,2.0,3.0,PLAYER_WIN,CHECK|CHECK|BET_1X
495,1533196912554071243,raw,net_profit,-3.0,3.0,DEALER_WIN,CHECK|CHECK|BET_1X
496,7185425100901320547,raw,net_profit,-3.0,3.0,DEALER_WIN,CHECK|CHECK|BET_1X
497,1016415187660217936,raw,net_profit,2.0,3.0,PLAYER_WIN,CHECK|CHECK|BET_1X
498,3032432862746814437,raw,net_profit,0.0,3.0,PUSH,CHECK|CHECK|BET_1X
499,7556047480622226250,raw,net_profit,-3.0,3.0,DEALER_WIN,CHECK|CHECK|BET_1X
500,933273137727069284,raw,net_profit,3.0,3.0,PLAYER_WIN,CHECK|CHECK|BET_1X
501,3879876683520054383,raw,net_profit,2.0,3.0,PLAYER_WIN,CHECK|CHECK|BET_1X
502,8113703303996985530,raw,net_profit,-3.0,3.0,DEALER_WIN,CHECK|CHECK|BET_1X
503,5899338366333003748,raw,net_profit,2.0,3.0,PLAYER_WIN,CHECK|CHECK|BET_1X
504,6660829024713536591,raw,net_profit,-3.0,3.0,DEALER_WIN,CHECK|CHECK|BET_1X
505,2430701078192901027,raw,net_profit,-3.0,3.0,DEALER_WIN,CHECK|CHECK|BET_1X
506,2371382632108689353,raw,net_profit,3.0,3.0,PLAYER_WIN,CHECK|CHECK|BET_1X
507,246667548129881299,raw,net_profit,-3.0,3.0,DEALER_WIN,CHECK|CHECK|BET_1X
508,7450745378874970545,raw,net_profit,2.0,3.0,PLAYER_WIN,CHECK|CHECK|BET_1X
509,6813944942081327534,raw,net_profit,-3.0,3.0,DEALER_WIN,CHECK|CHECK|BET_1X
510,3064318827073999408,raw,net_profit,-3.0,3.0,DEALER_WIN,CHECK|CHECK|BET_1X
511,1729929361642299057,raw,net_profit,-3.0,3.0,DEALER_WIN,CHECK|CHECK|BET_1X
512,1750367160842858343,raw,net_profit,-3.0,3.0,DEALER_WIN,CHECK|CHECK|BET_1X
513,1655862358167904288,raw,net_profit,1.0,3.0,PLAYER_WIN,CHECK|CHECK|BET_1X
514,6729873934378771455,raw,net_profit,1.0,3.0,PLAYER_WIN,CHECK|CHECK|BET_1X
515,2478789940023055784,raw,net_profit,-3.0,3.0,DEALER_WIN,CHECK|CHECK|BET_1X
516,5199963878046074067,raw,net_profit,2.0,3.0,PLAYER_WIN,CHECK|CHECK|BET_1X
517,4184452219226610205,raw,net_profit,-3.0,3.0,DEALER_WIN,CHECK|CHECK|BET_1X
518,297273912410190346,raw,net_profit,-3.0,3.0,DEALER_WIN,CHECK|CHECK|BET_1X
519,2113491391996110604,raw,net_profit,2.0,3.0,PLAYER_WIN,CHECK|CHECK|BET_1X
520,3358623548603057980,raw,net_profit,1.0,3.0,PLAYER_WIN,CHECK|CHECK|BET_1X
521,2984375983780907536,raw,net_profit,5.0,3.0,PLAYER_WIN,CHECK|CHECK|BET_1X
522,6155124837629848762,raw,net_profit,-3.0,3.0,DEALER_WIN,CHECK|CHECK|BET_1X
523,9155788216945980485,raw,net_profit,5.0,3.0,PLAYER_WIN,CHECK|CHECK|BET_1X
524,484089416690689347,raw,net_profit,-3.0,3.0,DEALER_WIN,CHECK|CHECK|BET_1X
525,6890240746200920038,raw,net_profit,-3.0,3.0,DEALER_WIN,CHECK|CHECK|BET_1X
526,848415623601917956,raw,net_profit,1.0,3.0,PLAYER_WIN,CHECK|CHECK|BET_1X
527,5697582676430470657,raw,net_profit,1.0,3.0,PLAYER_WIN,CHECK|CHECK|BET_1X
528,359508157000888435,raw,net_profit,3.5,3.0,PLAYER_WIN,CHECK|CHECK|BET_1X
529,2528447974443560258,raw,net_profit,1.0,3.0,PLAYER_WIN,CHECK|CHECK|BET_1X
530,2481724772232744877,raw,net_profit,-3.0,3.0,DEALER_WIN,CHECK|CHECK|BET_1X
531,2557147748168003997,raw,net_profit,-3.0,3.0,DEALER_WIN,CHECK|CHECK|BET_1X
532,4090650863040944024,raw,net_profit,1.0,3.0,PLAYER_WIN,CHECK|CHECK|BET_1X
533,4405475568781568221,raw,net_profit,2.0,3.0,PLAYER_WIN,CHECK|CHECK|BET_1X
534,4259539607776468581,raw,net_profit,-3.0,3.0,DEALER_WIN,CHECK|CHECK|BET_1X
535,981165044324680834,raw,net_profit,2.0,3.0,PLAYER_WIN,CHECK|CHECK|BET_1X
536,9159758127584802493,raw,net_profit,5.0,3.0,PLAYER_WIN,CHECK|CHECK|BET_1X
537,1145815434563858860,raw,net_profit,-3.0,3.0,DEALER_WIN,CHECK|CHECK|BET_1X
538,5625821292115160786,raw,net_profit,-2.0,3.0,DEALER_WIN,CHECK|CHECK|BET_1X
539,7396381863233446780,raw,net_profit,2.0,3.0,PLAYER_WIN,CHECK|CHECK|BET_1X
540,3104561799204508880,raw,net_profit,-3.0,3.0,DEALER_WIN,CHECK|CHECK|BET_1X
541,7645317434179827457,raw,net_profit,2.0,3.0,PLAYER_WIN,CHECK|CHECK|BET_1X
542,3544608483713153382,raw,net_profit,3.5,3.0,PLAYER_WIN,CHECK|CHECK|BET_1X
543,1099295062059935422,raw,net_profit,-3.0,3.0,DEALER_WIN,CHECK|CHECK|BET_1X
544,7879483455171379622,raw,net_profit,0.0,3.0,PUSH,CHECK|CHECK|BET_1X
545,1297256499332689757,raw,net_profit,-3.0,3.0,DEALER_WIN,CHECK|CHECK|BET_1X
546,3003963359444437689,raw,net_profit,-3.0,3.0,DEALER_WIN,CHECK|CHECK|BET_1X
547,573166493607208300,raw,net_profit,-3.0,3.0,DEALER_WIN,CHECK|CHECK|BET_1X
548,8455128871003021946,raw,net_profit,-3.0,3.0,DEALER_WIN,CHECK|CHECK|BET_1X
549,1425741552801209926,raw,net_profit,2.0,3.0,PLAYER_WIN,CHECK|CHECK|BET_1X
550,8303153092489139911,raw,net_profit,-3.0,3.0,DEALER_WIN,CHECK|CHECK|BET_1X
551,2793477496906391028,raw,net_profit,-3.0,3.0,DEALER_WIN,CHECK|CHECK|BET_1X
552,5712715111134235692,raw,net_profit,-3.0,3.0,DEALER_WIN,CHECK|CHECK|BET_1X
553,2926274969862089094,raw,net_profit,2.0,3.0,PLAYER_WIN,CHECK|CHECK|BET_1X
554,823733441214896673,raw,net_profit,2.0,3.0,PLAYER_WIN,CHECK|CHECK|BET_1X
555,7369401390712889669,raw,net_profit,-3.0,3.0,DEALER_WIN,CHECK|CHECK|BET_1X
556,6158278200009177876,raw,net_profit,-3.0,3.0,DEALER_WIN,CHECK|CHECK|BET_1X
557,4129819625458657093,raw,net_profit,-3.0,3.0,DEALER_WIN,CHECK|CHECK|BET_1X
558,3200102139840850891,raw,net_profit,-3.0,3.0,DEALER_WIN,CHECK|CHECK|BET_1X
559,6528817013581433997,raw,net_profit,3.0,3.0,PLAYER_WIN,CHECK|CHECK|BET_1X
560,323206193462982577,raw,net_profit,1.0,3.0,PLAYER_WIN,CHECK|CHECK|BET_1X
561,3846463113594573617,raw,net_profit,3.5,3.0,PLAYER_WIN,CHECK|CHECK|BET_1X
562,5834249726791626290,raw,net_profit,-3.0,3.0,DEALER_WIN,CHECK|CHECK|BET_1X
563,6354593441793038467,raw,net_profit,-3.0,3.0,DEALER_WIN,CHECK|CHECK|BET_1X
564,5216928402810834690,raw,net_profit,0.0,3.0,PUSH,CHECK|CHECK|BET_1X
565,4105524393456875921,raw,net_profit,-3.0,3.0,DEALER_WIN,CHECK|CHECK|BET_1X
566,5918484381741871370,raw,net_profit,-3.0,3.0,DEALER_WIN,CHECK|CHECK|BET_1X
567,7961345467747678079,raw,net_profit,52.0,3.0,PLAYER_WIN,CHECK|CHECK|BET_1X
568,3502691951959519534,raw,net_profit,0.0,3.0,PUSH,CHECK|CHECK|BET_1X
569,1439741073307356558,raw,net_profit,2.0,3.0,PLAYER_WIN,CHECK|CHECK|BET_1X
570,544131049984664886,raw,net_profit,-3.0,3.0,DEALER_WIN,CHECK|CHECK|BET_1X
571,246947816434295116,raw,net_profit,1.0,3.0,PLAYER_WIN,CHECK|CHECK|BET_1X
572,2063089475304557004,raw,net_profit,2.0,3.0,PLAYER_WIN,CHECK|CHECK|BET_1X
573,5273149804366250382,raw,net_profit,0.0,3.0,PUSH,CHECK|CHECK|BET_1X
574,6242342755829404068,raw,net_profit,-3.0,3.0,DEALER_WIN,CHECK|CHECK|BET_1X
575,8618665321335369686,raw,net_profit,3.5,3.0,PLAYER_WIN,CHECK|CHECK|BET_1X
576,6750005175329128321,raw,net_profit,-2.0,3.0,DEALER_WIN,CHECK|CHECK|BET_1X
577,5197167423289159588,raw,net_profit,2.0,3.0,PLAYER_WIN,CHECK|CHECK|BET_1X
578,4666010133671844040,raw,net_profit,1.0,3.0,PLAYER_WIN,CHECK|CHECK|BET_1X
579,1442456485344440399,raw,net_profit,-3.0,3.0,DEALER_WIN,CHECK|CHECK|BET_1X
580,390135374547149414,raw,net_profit,2.0,3.0,PLAYER_WIN,CHECK|CHECK|BET_1X
581,4956326142923645395,raw,net_profit,-3.0,3.0,DEALER_WIN,CHECK|CHECK|BET_1X
582,5662448064102940663,raw,net_profit,2.0,3.0,PLAYER_WIN,CHECK|CHECK|BET_1X
583,897826991936553188,raw,net_profit,2.0,3.0,PLAYER_WIN,CHECK|CHECK|BET_1X
584,5874719679115508367,raw,net_profit,2.0,3.0,PLAYER_WIN,CHECK|CHECK|BET_1X
585,2191003211561714580,raw,net_profit,-3.0,3.0,DEALER_WIN,CHECK|CHECK|BET_1X
586,6224078302528447464,raw,net_profit,-3.0,3.0,DEALER_WIN,CHECK|CHECK|BET_1X
587,4039350524009383788,raw,net_profit,-2.0,3.0,DEALER_WIN,CHECK|CHECK|BET_1X
588,7631894069810744516,raw,net_profit,2.0,3.0,PLAYER_WIN,CHECK|CHECK|BET_1X
589,8593845884501394786,raw,net_profit,2.0,3.0,PLAYER_WIN,CHECK|CHECK|BET_1X
590,6737629062876345069,raw,net_profit,-3.0,3.0,DEALER_WIN,CHECK|CHECK|BET_1X
591,3255393978102523606,raw,net_profit,-3.0,3.0,DEALER_WIN,CHECK|CHECK|BET_1X
592,198709292125499363,raw,net_profit,-3.0,3.0,DEALER_WIN,CHECK|CHECK|BET_1X
593,362442798080678038,raw,net_profit,-3.0,3.0,DEALER_WIN,CHECK|CHECK|BET_1X
594,2227676051658773521,raw,net_profit,-3.0,3.0,DEALER_WIN,CHECK|CHECK|BET_1X
595,607509481610750028,raw,net_profit,-2.0,3.0,DEALER_WIN,CHECK|CHECK|BET_1X
596,1865292475587268350,raw,net_profit,-3.0,3.0,DEALER_WIN,CHECK|CHECK|BET_1X
597,6949976030699473288,raw,net_profit,-3.0,3.0,DEALER_WIN,CHECK|CHECK|BET_1X
598,4459315521145107372,raw,net_profit,-3.0,3.0,DEALER_WIN,CHECK|CHECK|BET_1X
599,1145713084574462523,raw,net_profit,-3.0,3.0,DEALER_WIN,CHECK|CHECK|BET_1X
600,5364678511275994282,raw,net_profit,2.0,3.0,PLAYER_WIN,CHECK|CHECK|BET_1X
601,7977261233109712867,raw,net_profit,-2.0,3.0,DEALER_WIN,CHECK|CHECK|BET_1X
602,1109045300105273858,raw,net_profit,-3.0,3.0,DEALER_WIN,CHECK|CHECK|BET_1X
603,5094414376663216303,raw,net_profit,2.0,3.0,PLAYER_WIN,CHECK|CHECK|BET_1X
604,6588261728594172511,raw,net_profit,1.0,3.0,PLAYER_WIN,CHECK|CHECK|BET_1X
605,5004693701050377048,raw,net_profit,2.0,3.0,PLAYER_WIN,CHECK|CHECK|BET_1X
606,4763294994615129107,raw,net_profit,2.0,3.0,PLAYER_WIN,CHECK|CHECK|BET_1X
607,3182772327497698639,raw,net_profit,-3.0,3.0,DEALER_WIN,CHECK|CHECK|BET_1X
608,4087002424773716515,raw,net_profit,2.0,3.0,PLAYER_WIN,CHECK|CHECK|BET_1X
609,539561618950212653,raw,net_profit,5.0,3.0,PLAYER_WIN,CHECK|CHECK|BET_1X
610,1855740634297441060,raw,net_profit,2.0,3.0,PLAYER_WIN,CHECK|CHECK|BET_1X
611,4327372972246936408,raw,net_profit,-3.0,3.0,DEALER_WIN,CHECK|CHECK|BET_1X
612,4417704787161512011,raw,net_profit,-3.0,3.0,DEALER_WIN,CHECK|CHECK|BET_1X
613,4482547955415017981,raw,net_profit,3.0,3.0,PLAYER_WIN,CHECK|CHECK|BET_1X
614,3708223111936701398,raw,net_profit,-3.0,3.0,DEALER_WIN,CHECK|CHECK|BET_1X
615,5051080929375122379,raw,net_profit,-2.0,3.0,DEALER_WIN,CHECK|CHECK|BET_1X
616,2238896655472938320,raw,net_profit,-3.0,3.0,DEALER_WIN,CHECK|CHECK|BET_1X
617,3666707995881161748,raw,net_profit,2.0,3.0,PLAYER_WIN,CHECK|CHECK|BET_1X
618,8193857167794976862,raw,net_profit,-2.0,3.0,DEALER_WIN,CHECK|CHECK|BET_1X
619,7415631678329972594,raw,net_profit,2.0,3.0,PLAYER_WIN,CHECK|CHECK|BET_1X
620,4485095354519770943,raw,net_profit,-3.0,3.0,DEALER_WIN,CHECK|CHECK|BET_1X
621,1362342763945640017,raw,net_profit,3.0,3.0,PLAYER_WIN,CHECK|CHECK|BET_1X
622,6896254223672954102,raw,net_profit,-3.0,3.0,DEALER_WIN,CHECK|CHECK|BET_1X
623,2349148079688415107,raw,net_profit,3.5,3.0,PLAYER_WIN,CHECK|CHECK|BET_1X
624,7312843380985255752,raw,net_profit,-3.0,3.0,DEALER_WIN,CHECK|CHECK|BET_1X
625,7739534756363291274,raw,net_profit,-3.0,3.0,DEALER_WIN,CHECK|CHECK|BET_1X
626,5051510087587882740,raw,net_profit,-3.0,3.0,DEALER_WIN,CHECK|CHECK|BET_1X
627,2036533204713207061,raw,net_profit,-3.0,3.0,DEALER_WIN,CHECK|CHECK|BET_1X
628,3293246269581192357,raw,net_profit,-3.0,3.0,DEALER_WIN,CHECK|CHECK|BET_1X
629,4946893613460409154,raw,net_profit,0.0,3.0,PUSH,CHECK|CHECK|BET_1X
630,5568990569851663937,raw,net_profit,-3.0,3.0,DEALER_WIN,CHECK|CHECK|BET_1X
631,3386961734347319225,raw,net_profit,-3.0,3.0,DEALER_WIN,CHECK|CHECK|BET_1X
632,387255859813238135,raw,net_profit,-3.0,3.0,DEALER_WIN,CHECK|CHECK|BET_1X
633,3326839505235851742,raw,net_profit,0.0,3.0,PUSH,CHECK|CHECK|BET_1X
634,4764771648565082859,raw,net_profit,-3.0,3.0,DEALER_WIN,CHECK|CHECK|BET_1X
635,1424651422730215757,raw,net_profit,2.0,3.0,PLAYER_WIN,CHECK|CHECK|BET_1X
636,9129162172219445909,raw,net_profit,-3.0,3.0,DEALER_WIN,CHECK|CHECK|BET_1X
637,2924744086167810835,raw,net_profit,-3.0,3.0,DEALER_WIN,CHECK|CHECK|BET_1X
638,5115335217387366862,raw,net_profit,2.0,3.0,PLAYER_WIN,CHECK|CHECK|BET_1X
639,2979725892074722370,raw,net_profit,1.0,3.0,PLAYER_WIN,CHECK|CHECK|BET_1X
640,8949846663045447991,raw,net_profit,-3.0,3.0,DEALER_WIN,CHECK|CHECK|BET_1X
641,7814254347316004140,raw,net_profit,-3.0,3.0,DEALER_WIN,CHECK|CHECK|BET_1X
642,8877953876944742464,raw,net_profit,2.0,3.0,PLAYER_WIN,CHECK|CHECK|BET_1X
643,6364753017554159593,raw,net_profit,2.0,3.0,PLAYER_WIN,CHECK|CHECK|BET_1X
644,1561791165518680554,raw,net_profit,2.0,3.0,PLAYER_WIN,CHECK|CHECK|BET_1X
645,5858302453665071460,raw,net_profit,2.0,3.0,PLAYER_WIN,CHECK|CHECK|BET_1X
646,2809070238210132989,raw,net_profit,2.0,3.0,PLAYER_WIN,CHECK|CHECK|BET_1X
647,511918455818425498,raw,net_profit,2.0,3.0,PLAYER_WIN,CHECK|CHECK|BET_1X
648,6872981964697916122,raw,net_profit,0.0,3.0,PUSH,CHECK|CHECK|BET_1X
649,5070202235789712910,raw,net_profit,2.0,3.0,PLAYER_WIN,CHECK|CHECK|BET_1X
650,7486933000724942694,raw,net_profit,1.0,3.0,PLAYER_WIN,CHECK|CHECK|BET_1X
651,1020678720733639459,raw,net_profit,-3.0,3.0,DEALER_WIN,CHECK|CHECK|BET_1X
652,8087736216931757857,raw,net_profit,-3.0,3.0,DEALER_WIN,CHECK|CHECK|BET_1X
653,6841457034238659902,raw,net_profit,2.0,3.0,PLAYER_WIN,CHECK|CHECK|BET_1X
654,3738827354340780431,raw,net_profit,3.0,3.0,PLAYER_WIN,CHECK|CHECK|BET_1X
655,7385426609675951050,raw,net_profit,-3.0,3.0,DEALER_WIN,CHECK|CHECK|BET_1X
656,703995009982960950,raw,net_profit,-3.0,3.0,DEALER_WIN,CHECK|CHECK|BET_1X
657,5461475060951986202,raw,net_profit,-3.0,3.0,DEALER_WIN,CHECK|CHECK|BET_1X
658,9189178732871060101,raw,net_profit,1.0,3.0,PLAYER_WIN,CHECK|CHECK|BET_1X
659,5270182711606655115,raw,net_profit,-3.0,3.0,DEALER_WIN,CHECK|CHECK|BET_1X
660,995272215872796994,raw,net_profit,-3.0,3.0,DEALER_WIN,CHECK|CHECK|BET_1X
661,4115543658081972104,raw,net_profit,2.0,3.0,PLAYER_WIN,CHECK|CHECK|BET_1X
662,6308791910329069424,raw,net_profit,-3.0,3.0,DEALER_WIN,CHECK|CHECK|BET_1X
663,262178830108226521,raw,net_profit,-3.0,3.0,DEALER_WIN,CHECK|CHECK|BET_1X
664,8715535919053117818,raw,net_profit,-3.0,3.0,DEALER_WIN,CHECK|CHECK|BET_1X
665,1074161713649549330,raw,net_profit,-3.0,3.0,DEALER_WIN,CHECK|CHECK|BET_1X
666,9146853197134550520,raw,net_profit,-3.0,3.0,DEALER_WIN,CHECK|CHECK|BET_1X
667,4259530131647775294,raw,net_profit,5.0,3.0,PLAYER_WIN,CHECK|CHECK|BET_1X
668,8632724887048430612,raw,net_profit,-3.0,3.0,DEALER_WIN,CHECK|CHECK|BET_1X
669,8984827625571841048,raw,net_profit,1.0,3.0,PLAYER_WIN,CHECK|CHECK|BET_1X
670,3787635517161110318,raw,net_profit,3.0,3.0,PLAYER_WIN,CHECK|CHECK|BET_1X
671,6250412317658506430,raw,net_profit,2.0,3.0,PLAYER_WIN,CHECK|CHECK|BET_1X
672,4028348371238775025,raw,net_profit,2.0,3.0,PLAYER_WIN,CHECK|CHECK|BET_1X
673,1224446155191425164,raw,net_profit,2.0,3.0,PLAYER_WIN,CHECK|CHECK|BET_1X
674,7034095573322870727,raw,net_profit,3.5,3.0,PLAYER_WIN,CHECK|CHECK|BET_1X
675,8917619009297062880,raw,net_profit,1.0,3.0,PLAYER_WIN,CHECK|CHECK|BET_1X
676,2341808232167357979,raw,net_profit,1.0,3.0,PLAYER_WIN,CHECK|CHECK|BET_1X
677,5968997697260615798,raw,net_profit,1.0,3.0,PLAYER_WIN,CHECK|CHECK|BET_1X
678,3109458140913498276,raw,net_profit,-3.0,3.0,DEALER_WIN,CHECK|CHECK|BET_1X
679,2380661802238085987,raw,net_profit,-3.0,3.0,DEALER_WIN,CHECK|CHECK|BET_1X
680,5107257234773222466,raw,net_profit,2.0,3.0,PLAYER_WIN,CHECK|CHECK|BET_1X
681,5340022129935467914,raw,net_profit,-3.0,3.0,DEALER_WIN,CHECK|CHECK|BET_1X
682,7330209935356459802,raw,net_profit,2.0,3.0,PLAYER_WIN,CHECK|CHECK|BET_1X
683,6571978331713919577,raw,net_profit,-3.0,3.0,DEALER_WIN,CHECK|CHECK|BET_1X
684,4077817167535627223,raw,net_profit,2.0,3.0,PLAYER_WIN,CHECK|CHECK|BET_1X
685,574055775674715148,raw,net_profit,-3.0,3.0,DEALER_WIN,CHECK|CHECK|BET_1X
686,3129825279326320821,raw,net_profit,2.0,3.0,PLAYER_WIN,CHECK|CHECK|BET_1X
687,9145133532142058274,raw,net_profit,-3.0,3.0,DEALER_WIN,CHECK|CHECK|BET_1X
688,4952389357285075756,raw,net_profit,-3.0,3.0,DEALER_WIN,CHECK|CHECK|BET_1X
689,102483096617052733,raw,net_profit,-3.0,3.0,DEALER_WIN,CHECK|CHECK|BET_1X
690,3134059635822685969,raw,net_profit,2.0,3.0,PLAYER_WIN,CHECK|CHECK|BET_1X
691,2635229102209661718,raw,net_profit,1.0,3.0,PLAYER_WIN,CHECK|CHECK|BET_1X
692,6154497158911889908,raw,net_profit,-3.0,3.0,DEALER_WIN,CHECK|CHECK|BET_1X
693,4109426309780194567,raw,net_profit,2.0,3.0,PLAYER_WIN,CHECK|CHECK|BET_1X
694,6007721973601224450,raw,net_profit,3.0,3.0,PLAYER_WIN,CHECK|CHECK|BET_1X
695,5096254929412724371,raw,net_profit,-3.0,3.0,DEALER_WIN,CHECK|CHECK|BET_1X
696,6137441599310733111,raw,net_profit,-2.0,3.0,DEALER_WIN,CHECK|CHECK|BET_1X
697,7040299059637528744,raw,net_profit,-3.0,3.0,DEALER_WIN,CHECK|CHECK|BET_1X
698,9153928416697678800,raw,net_profit,-3.0,3.0,DEALER_WIN,CHECK|CHECK|BET_1X
699,2821679170469909562,raw,net_profit,-3.0,3.0,DEALER_WIN,CHECK|CHECK|BET_1X
700,6282894241880686252,raw,net_profit,2.0,3.0,PLAYER_WIN,CHECK|CHECK|BET_1X
701,5921256049601506760,raw,net_profit,2.0,3.0,PLAYER_WIN,CHECK|CHECK|BET_1X
702,3198193180578766760,raw,net_profit,-3.0,3.0,DEALER_WIN,CHECK|CHECK|BET_1X
703,5229002250640449575,raw,net_profit,-3.0,3.0,DEALER_WIN,CHECK|CHECK|BET_1X
704,8155539455373336355,raw,net_profit,2.0,3.0,PLAYER_WIN,CHECK|CHECK|BET_1X
705,6913411762429534141,raw,net_profit,1.0,3.0,PLAYER_WIN,CHECK|CHECK|BET_1X
706,7830646034954919046,raw,net_profit,-3.0,3.0,DEALER_WIN,CHECK|CHECK|BET_1X
707,1797895635698068919,raw,net_profit,-3.0,3.0,DEALER_WIN,CHECK|CHECK|BET_1X
708,7021988498275846876,raw,net_profit,2.0,3.0,PLAYER_WIN,CHECK|CHECK|BET_1X
709,4532589347465082267,raw,net_profit,2.0,3.0,PLAYER_WIN,CHECK|CHECK|BET_1X
710,6069399624224738960,raw,net_profit,2.0,3.0,PLAYER_WIN,CHECK|CHECK|BET_1X
711,9190177288612735707,raw,net_profit,2.0,3.0,PLAYER_WIN,CHECK|CHECK|BET_1X
712,1880947107541573505,raw,net_profit,-3.0,3.0,DEALER_WIN,CHECK|CHECK|BET_1X
713,32358633534495652,raw,net_profit,-3.0,3.0,DEALER_WIN,CHECK|CHECK|BET_1X
714,8038921049572351849,raw,net_profit,2.0,3.0,PLAYER_WIN,CHECK|CHECK|BET_1X
715,6733462548773967756,raw,net_profit,-3.0,3.0,DEALER_WIN,CHECK|CHECK|BET_1X
716,3085622056398182933,raw,net_profit,2.0,3.0,PLAYER_WIN,CHECK|CHECK|BET_1X
717,6730337966446324996,raw,net_profit,1.0,3.0,PLAYER_WIN,CHECK|CHECK|BET_1X
718,8754630901530058520,raw,net_profit,-3.0,3.0,DEALER_WIN,CHECK|CHECK|BET_1X
719,8758666738479464406,raw,net_profit,0.0,3.0,PUSH,CHECK|CHECK|BET_1X
720,5944239004119966799,raw,net_profit,-3.0,3.0,DEALER_WIN,CHECK|CHECK|BET_1X
721,7361091914614190364,raw,net_profit,2.0,3.0,PLAYER_WIN,CHECK|CHECK|BET_1X
722,383985964421832251,raw,net_profit,1.0,3.0,PLAYER_WIN,CHECK|CHECK|BET_1X
723,3008939244157671837,raw,net_profit,-3.0,3.0,DEALER_WIN,CHECK|CHECK|BET_1X
724,2405627607478945867,raw,net_profit,2.0,3.0,PLAYER_WIN,CHECK|CHECK|BET_1X
725,8491308968872851045,raw,net_profit,0.0,3.0,PUSH,CHECK|CHECK|BET_1X
726,366272157424115552,raw,net_profit,2.0,3.0,PLAYER_WIN,CHECK|CHECK|BET_1X
727,213747912672725094,raw,net_profit,-3.0,3.0,DEALER_WIN,CHECK|CHECK|BET_1X
728,5928767958845283290,raw,net_profit,-3.0,3.0,DEALER_WIN,CHECK|CHECK|BET_1X
729,1964945943827410620,raw,net_profit,0.0,3.0,PUSH,CHECK|CHECK|BET_1X
730,8872956532401097529,raw,net_profit,2.0,3.0,PLAYER_WIN,CHECK|CHECK|BET_1X
731,8685827489375879560,raw,net_profit,-3.0,3.0,DEALER_WIN,CHECK|CHECK|BET_1X
732,2341011603571271474,raw,net_profit,2.0,3.0,PLAYER_WIN,CHECK|CHECK|BET_1X
733,5050665677538988181,raw,net_profit,1.0,3.0,PLAYER_WIN,CHECK|CHECK|BET_1X
734,1326233662207376596,raw,net_profit,2.0,3.0,PLAYER_WIN,CHECK|CHECK|BET_1X
735,660626737144654993,raw,net_profit,3.0,3.0,PLAYER_WIN,CHECK|CHECK|BET_1X
736,2353149440824344457,raw,net_profit,2.0,3.0,PLAYER_WIN,CHECK|CHECK|BET_1X
737,7835807662919020137,raw,net_profit,2.0,3.0,PLAYER_WIN,CHECK|CHECK|BET_1X
738,5203253113522948858,raw,net_profit,2.0,3.0,PLAYER_WIN,CHECK|CHECK|BET_1X
739,8338498724170721120,raw,net_profit,-3.0,3.0,DEALER_WIN,CHECK|CHECK|BET_1X
740,4197752679247706923,raw,net_profit,-2.0,3.0,DEALER_WIN,CHECK|CHECK|BET_1X
741,1744607937556253434,raw,net_profit,-3.0,3.0,DEALER_WIN,CHECK|CHECK|BET_1X
742,8833702701121435054,raw,net_profit,-3.0,3.0,DEALER_WIN,CHECK|CHECK|BET_1X
743,3138710179848083047,raw,net_profit,3.5,3.0,PLAYER_WIN,CHECK|CHECK|BET_1X
744,3423382614203030561,raw,net_profit,1.0,3.0,PLAYER_WIN,CHECK|CHECK|BET_1X
745,1035935844332274897,raw,net_profit,2.0,3.0,PLAYER_WIN,CHECK|CHECK|BET_1X
746,8485008373631042581,raw,net_profit,-3.0,3.0,DEALER_WIN,CHECK|CHECK|BET_1X
747,1628925881363820406,raw,net_profit,1.0,3.0,PLAYER_WIN,CHECK|CHECK|BET_1X
748,1423502096513327071,raw,net_profit,1.0,3.0,PLAYER_WIN,CHECK|CHECK|BET_1X
749,2606033530206950517,raw,net_profit,-3.0,3.0,DEALER_WIN,CHECK|CHECK|BET_1X
750,8891745184744242739,raw,net_profit,-3.0,3.0,DEALER_WIN,CHECK|CHECK|BET_1X
751,4349733817946268618,raw,net_profit,-3.0,3.0,DEALER_WIN,CHECK|CHECK|BET_1X
752,5254421393334268038,raw,net_profit,-2.0,3.0,DEALER_WIN,CHECK|CHECK|BET_1X
753,6840055785632992875,raw,net_profit,-3.0,3.0,DEALER_WIN,CHECK|CHECK|BET_1X
754,7982410704164472244,raw,net_profit,-3.0,3.0,DEALER_WIN,CHECK|CHECK|BET_1X
755,6693675192358727311,raw,net_profit,-3.0,3.0,DEALER_WIN,CHECK|CHECK|BET_1X
756,6605379131251913860,raw,net_profit,-3.0,3.0,DEALER_WIN,CHECK|CHECK|BET_1X
757,892081036765549697,raw,net_profit,-3.0,3.0,DEALER_WIN,CHECK|CHECK|BET_1X
758,5602195332780780720,raw,net_profit,2.0,3.0,PLAYER_WIN,CHECK|CHECK|BET_1X
759,234647539052164240,raw,net_profit,-3.0,3.0,DEALER_WIN,CHECK|CHECK|BET_1X
760,8844222341508033551,raw,net_profit,3.5,3.0,PLAYER_WIN,CHECK|CHECK|BET_1X
761,3307884265302153160,raw,net_profit,0.0,3.0,PUSH,CHECK|CHECK|BET_1X
762,942198137406941029,raw,net_profit,1.0,3.0,PLAYER_WIN,CHECK|CHECK|BET_1X
763,8301671827282477041,raw,net_profit,52.0,3.0,PLAYER_WIN,CHECK|CHECK|BET_1X
764,3439425111092591258,raw,net_profit,-3.0,3.0,DEALER_WIN,CHECK|CHECK|BET_1X
765,4377531835645680627,raw,net_profit,0.0,3.0,PUSH,CHECK|CHECK|BET_1X
766,9200758139760597555,raw,net_profit,-3.0,3.0,DEALER_WIN,CHECK|CHECK|BET_1X
767,5617070801550230046,raw,net_profit,-3.0,3.0,DEALER_WIN,CHECK|CHECK|BET_1X
768,6938159555269921082,raw,net_profit,2.0,3.0,PLAYER_WIN,CHECK|CHECK|BET_1X
769,5335750799886962086,raw,net_profit,2.0,3.0,PLAYER_WIN,CHECK|CHECK|BET_1X
770,6374090341423598179,raw,net_profit,-3.0,3.0,DEALER_WIN,CHECK|CHECK|BET_1X
771,1963944617526694260,raw,net_profit,-3.0,3.0,DEALER_WIN,CHECK|CHECK|BET_1X
772,6522720586431748156,raw,net_profit,-3.0,3.0,DEALER_WIN,CHECK|CHECK|BET_1X
773,1330355307832143876,raw,net_profit,1.0,3.0,PLAYER_WIN,CHECK|CHECK|BET_1X
774,5983011755687316046,raw,net_profit,1.0,3.0,PLAYER_WIN,CHECK|CHECK|BET_1X
775,8591094464458443612,raw,net_profit,2.0,3.0,PLAYER_WIN,CHECK|CHECK|BET_1X
776,1296456955431562480,raw,net_profit,-3.0,3.0,DEALER_WIN,CHECK|CHECK|BET_1X
777,2509099610270703497,raw,net_profit,2.0,3.0,PLAYER_WIN,CHECK|CHECK|BET_1X
778,6782569744802698731,raw,net_profit,0.0,3.0,PUSH,CHECK|CHECK|BET_1X
779,4451312059996109126,raw,net_profit,1.0,3.0,PLAYER_WIN,CHECK|CHECK|BET_1X
780,6152868851158721320,raw,net_profit,-3.0,3.0,DEALER_WIN,CHECK|CHECK|BET_1X
781,855894771769911285,raw,net_profit,-3.0,3.0,DEALER_WIN,CHECK|CHECK|BET_1X
782,5284390587287780465,raw,net_profit,2.0,3.0,PLAYER_WIN,CHECK|CHECK|BET_1X
783,8357626144270119050,raw,net_profit,-3.0,3.0,DEALER_WIN,CHECK|CHECK|BET_1X
784,5321896415443383563,raw,net_profit,5.0,3.0,PLAYER_WIN,CHECK|CHECK|BET_1X
785,572137703996601448,raw,net_profit,-3.0,3.0,DEALER_WIN,CHECK|CHECK|BET_1X
786,4322250791635420728,raw,net_profit,2.0,3.0,PLAYER_WIN,CHECK|CHECK|BET_1X
787,4733305523585329265,raw,net_profit,3.5,3.0,PLAYER_WIN,CHECK|CHECK|BET_1X
788,6602959837345385652,raw,net_profit,2.0,3.0,PLAYER_WIN,CHECK|CHECK|BET_1X
789,8893623152788576908,raw,net_profit,2.0,3.0,PLAYER_WIN,CHECK|CHECK|BET_1X
790,7298563162624099648,raw,net_profit,2.0,3.0,PLAYER_WIN,CHECK|CHECK|BET_1X
791,816477772269779993,raw,net_profit,-3.0,3.0,DEALER_WIN,CHECK|CHECK|BET_1X
792,7450623816783554506,raw,net_profit,2.0,3.0,PLAYER_WIN,CHECK|CHECK|BET_1X
793,2517526430051774272,raw,net_profit,1.0,3.0,PLAYER_WIN,CHECK|CHECK|BET_1X
794,8082389372476937752,raw,net_profit,-3.0,3.0,DEALER_WIN,CHECK|CHECK|BET_1X
795,5356998425265086863,raw,net_profit,1.0,3.0,PLAYER_WIN,CHECK|CHECK|BET_1X
796,2823704471800661630,raw,net_profit,1.0,3.0,PLAYER_WIN,CHECK|CHECK|BET_1X
797,2996114439437861656,raw,net_profit,1.0,3.0,PLAYER_WIN,CHECK|CHECK|BET_1X
798,1589796408341853653,raw,net_profit,1.0,3.0,PLAYER_WIN,CHECK|CHECK|BET_1X
799,8692612212343289883,raw,net_profit,1.0,3.0,PLAYER_WIN,CHECK|CHECK|BET_1X
800,2865112770288944020,raw,net_profit,1.0,3.0,PLAYER_WIN,CHECK|CHECK|BET_1X
801,2588614114394872664,raw,net_profit,-3.0,3.0,DEALER_WIN,CHECK|CHECK|BET_1X
802,391402358626954894,raw,net_profit,-3.0,3.0,DEALER_WIN,CHECK|CHECK|BET_1X
803,6974138047108413806,raw,net_profit,2.0,3.0,PLAYER_WIN,CHECK|CHECK|BET_1X
804,8103494599045629364,raw,net_profit,-3.0,3.0,DEALER_WIN,CHECK|CHECK|BET_1X
805,4521886418281638296,raw,net_profit,0.0,3.0,PUSH,CHECK|CHECK|BET_1X
806,6926092079385226430,raw,net_profit,2.0,3.0,PLAYER_WIN,CHECK|CHECK|BET_1X
807,399410038773582393,raw,net_profit,2.0,3.0,PLAYER_WIN,CHECK|CHECK|BET_1X
808,7816184915859985655,raw,net_profit,0.0,3.0,PUSH,CHECK|CHECK|BET_1X
809,1811507042459602477,raw,net_profit,-3.0,3.0,DEALER_WIN,CHECK|CHECK|BET_1X
810,7155162561719348386,raw,net_profit,-3.0,3.0,DEALER_WIN,CHECK|CHECK|BET_1X
811,5221316911601811929,raw,net_profit,-3.0,3.0,DEALER_WIN,CHECK|CHECK|BET_1X
812,5786078196510004005,raw,net_profit,-3.0,3.0,DEALER_WIN,CHECK|CHECK|BET_1X
813,2150600214888303666,raw,net_profit,12.0,3.0,PLAYER_WIN,CHECK|CHECK|BET_1X
814,9127269439933071303,raw,net_profit,2.0,3.0,PLAYER_WIN,CHECK|CHECK|BET_1X
815,5858720364892314798,raw,net_profit,2.0,3.0,PLAYER_WIN,CHECK|CHECK|BET_1X
816,5561857550089392329,raw,net_profit,2.0,3.0,PLAYER_WIN,CHECK|CHECK|BET_1X
817,9197438650652126628,raw,net_profit,1.0,3.0,PLAYER_WIN,CHECK|CHECK|BET_1X
818,3190221245840147584,raw,net_profit,-3.0,3.0,DEALER_WIN,CHECK|CHECK|BET_1X
819,1492021973157879948,raw,net_profit,-3.0,3.0,DEALER_WIN,CHECK|CHECK|BET_1X
820,2454158531370605416,raw,net_profit,5.0,3.0,PLAYER_WIN,CHECK|CHECK|BET_1X
821,7490744745870296315,raw,net_profit,3.5,3.0,PLAYER_WIN,CHECK|CHECK|BET_1X
822,504402753593363757,raw,net_profit,-3.0,3.0,DEALER_WIN,CHECK|CHECK|BET_1X
823,6287229522859744387,raw,net_profit,-3.0,3.0,DEALER_WIN,CHECK|CHECK|BET_1X
824,8001955688236301403,raw,net_profit,-3.0,3.0,DEALER_WIN,CHECK|CHECK|BET_1X
825,4113795457952430685,raw,net_profit,2.0,3.0,PLAYER_WIN,CHECK|CHECK|BET_1X
826,3872378312547710653,raw,net_profit,1.0,3.0,PLAYER_WIN,CHECK|CHECK|BET_1X
827,7094278843628921023,raw,net_profit,-3.0,3.0,DEALER_WIN,CHECK|CHECK|BET_1X
828,4308291024512919663,raw,net_profit,-3.0,3.0,DEALER_WIN,CHECK|CHECK|BET_1X
829,7918220540080912843,raw,net_profit,2.0,3.0,PLAYER_WIN,CHECK|CHECK|BET_1X
830,6128221877019916765,raw,net_profit,-3.0,3.0,DEALER_WIN,CHECK|CHECK|BET_1X
831,6066210623814935019,raw,net_profit,-3.0,3.0,DEALER_WIN,CHECK|CHECK|BET_1X
832,6450606409424229553,raw,net_profit,1.0,3.0,PLAYER_WIN,CHECK|CHECK|BET_1X
833,4738223993765118570,raw,net_profit,-3.0,3.0,DEALER_WIN,CHECK|CHECK|BET_1X
834,7542629264374245077,raw,net_profit,-3.0,3.0,DEALER_WIN,CHECK|CHECK|BET_1X
835,648792241505860544,raw,net_profit,2.0,3.0,PLAYER_WIN,CHECK|CHECK|BET_1X
836,3668301820801884950,raw,net_profit,-3.0,3.0,DEALER_WIN,CHECK|CHECK|BET_1X
837,6973360368783161827,raw,net_profit,2.0,3.0,PLAYER_WIN,CHECK|CHECK|BET_1X
838,7804227059686843434,raw,net_profit,2.0,3.0,PLAYER_WIN,CHECK|CHECK|BET_1X
839,2586674943014479133,raw,net_profit,-3.0,3.0,DEALER_WIN,CHECK|CHECK|BET_1X
840,5885249092404367238,raw,net_profit,2.0,3.0,PLAYER_WIN,CHECK|CHECK|BET_1X
841,2176216425678787963,raw,net_profit,2.0,3.0,PLAYER_WIN,CHECK|CHECK|BET_1X
842,2545438978102878392,raw,net_profit,0.0,3.0,PUSH,CHECK|CHECK|BET_1X
843,934286637515439568,raw,net_profit,-3.0,3.0,DEALER_WIN,CHECK|CHECK|BET_1X
844,3473361730074366817,raw,net_profit,-3.0,3.0,DEALER_WIN,CHECK|CHECK|BET_1X
845,5391966176575468410,raw,net_profit,-3.0,3.0,DEALER_WIN,CHECK|CHECK|BET_1X
846,8455482550846235949,raw,net_profit,-3.0,3.0,DEALER_WIN,CHECK|CHECK|BET_1X
847,6558736197806588132,raw,net_profit,-3.0,3.0,DEALER_WIN,CHECK|CHECK|BET_1X
848,6490135126463740347,raw,net_profit,-3.0,3.0,DEALER_WIN,CHECK|CHECK|BET_1X
849,7025617078872927477,raw,net_profit,0.0,3.0,PUSH,CHECK|CHECK|BET_1X
850,3797580000717386988,raw,net_profit,2.0,3.0,PLAYER_WIN,CHECK|CHECK|BET_1X
851,4385762958698973989,raw,net_profit,1.0,3.0,PLAYER_WIN,CHECK|CHECK|BET_1X
852,9187598606230828225,raw,net_profit,0.0,3.0,PUSH,CHECK|CHECK|BET_1X
853,2603514101501729812,raw,net_profit,-3.0,3.0,DEALER_WIN,CHECK|CHECK|BET_1X
854,3937089881727732329,raw,net_profit,-3.0,3.0,DEALER_WIN,CHECK|CHECK|BET_1X
855,5312261140862388508,raw,net_profit,-3.0,3.0,DEALER_WIN,CHECK|CHECK|BET_1X
856,68036660207701346,raw,net_profit,2.0,3.0,PLAYER_WIN,CHECK|CHECK|BET_1X
857,1367366548604912951,raw,net_profit,1.0,3.0,PLAYER_WIN,CHECK|CHECK|BET_1X
858,5209792003892702448,raw,net_profit,-3.0,3.0,DEALER_WIN,CHECK|CHECK|BET_1X
859,8063648826357337364,raw,net_profit,-3.0,3.0,DEALER_WIN,CHECK|CHECK|BET_1X
860,1208696830025235388,raw,net_profit,-3.0,3.0,DEALER_WIN,CHECK|CHECK|BET_1X
861,5714999927659219998,raw,net_profit,-3.0,3.0,DEALER_WIN,CHECK|CHECK|BET_1X
862,8976662802576300771,raw,net_profit,-3.0,3.0,DEALER_WIN,CHECK|CHECK|BET_1X
863,4961821894175115378,raw,net_profit,2.5,3.0,PLAYER_WIN,CHECK|CHECK|BET_1X
864,7215809704103090551,raw,net_profit,0.0,3.0,PUSH,CHECK|CHECK|BET_1X
865,2060591590617517718,raw,net_profit,-3.0,3.0,DEALER_WIN,CHECK|CHECK|BET_1X
866,928356027062617736,raw,net_profit,-3.0,3.0,DEALER_WIN,CHECK|CHECK|BET_1X
867,8413340986417166781,raw,net_profit,2.0,3.0,PLAYER_WIN,CHECK|CHECK|BET_1X
868,5930591393154515738,raw,net_profit,2.0,3.0,PLAYER_WIN,CHECK|CHECK|BET_1X
869,4233839963611024177,raw,net_profit,-3.0,3.0,DEALER_WIN,CHECK|CHECK|BET_1X
870,848796307874807545,raw,net_profit,2.0,3.0,PLAYER_WIN,CHECK|CHECK|BET_1X
871,2358423720130380249,raw,net_profit,-3.0,3.0,DEALER_WIN,CHECK|CHECK|BET_1X
872,6493091030325948639,raw,net_profit,1.0,3.0,PLAYER_WIN,CHECK|CHECK|BET_1X
873,1709540495146703070,raw,net_profit,-2.0,3.0,DEALER_WIN,CHECK|CHECK|BET_1X
874,7449251301142148641,raw,net_profit,2.0,3.0,PLAYER_WIN,CHECK|CHECK|BET_1X
875,2742257531541009090,raw,net_profit,-3.0,3.0,DEALER_WIN,CHECK|CHECK|BET_1X
876,9196910202698297015,raw,net_profit,1.0,3.0,PLAYER_WIN,CHECK|CHECK|BET_1X
877,4305811086344026433,raw,net_profit,-3.0,3.0,DEALER_WIN,CHECK|CHECK|BET_1X
878,7107340919977260493,raw,net_profit,2.0,3.0,PLAYER_WIN,CHECK|CHECK|BET_1X
879,8150525360834787425,raw,net_profit,-3.0,3.0,DEALER_WIN,CHECK|CHECK|BET_1X
880,4425715677023834498,raw,net_profit,2.0,3.0,PLAYER_WIN,CHECK|CHECK|BET_1X
881,3537650987625326791,raw,net_profit,-3.0,3.0,DEALER_WIN,CHECK|CHECK|BET_1X
882,4087690710807876257,raw,net_profit,2.0,3.0,PLAYER_WIN,CHECK|CHECK|BET_1X
883,5257924754252734001,raw,net_profit,5.0,3.0,PLAYER_WIN,CHECK|CHECK|BET_1X
884,6789665988396467474,raw,net_profit,2.0,3.0,PLAYER_WIN,CHECK|CHECK|BET_1X
885,7886179736980485432,raw,net_profit,-3.0,3.0,DEALER_WIN,CHECK|CHECK|BET_1X
886,2965730113557742065,raw,net_profit,5.0,3.0,PLAYER_WIN,CHECK|CHECK|BET_1X
887,184652567242912971,raw,net_profit,-3.0,3.0,DEALER_WIN,CHECK|CHECK|BET_1X
888,6496609591253632361,raw,net_profit,-3.0,3.0,DEALER_WIN,CHECK|CHECK|BET_1X
889,4503552269061885790,raw,net_profit,-2.0,3.0,DEALER_WIN,CHECK|CHECK|BET_1X
890,1280963365413052833,raw,net_profit,-3.0,3.0,DEALER_WIN,CHECK|CHECK|BET_1X
891,4436089506716444639,raw,net_profit,2.0,3.0,PLAYER_WIN,CHECK|CHECK|BET_1X
892,8875855770455701461,raw,net_profit,-3.0,3.0,DEALER_WIN,CHECK|CHECK|BET_1X
893,3378267438940947744,raw,net_profit,12.0,3.0,PLAYER_WIN,CHECK|CHECK|BET_1X
894,7166303236197922417,raw,net_profit,-2.0,3.0,DEALER_WIN,CHECK|CHECK|BET_1X
895,5269851530556570738,raw,net_profit,-3.0,3.0,DEALER_WIN,CHECK|CHECK|BET_1X
896,3526315359624049420,raw,net_profit,0.0,3.0,PUSH,CHECK|CHECK|BET_1X
897,4901175616737731419,raw,net_profit,-3.0,3.0,DEALER_WIN,CHECK|CHECK|BET_1X
898,8785736668409649164,raw,net_profit,2.0,3.0,PLAYER_WIN,CHECK|CHECK|BET_1X
899,7506359778085990393,raw,net_profit,-3.0,3.0,DEALER_WIN,CHECK|CHECK|BET_1X
900,1496115386973010045,raw,net_profit,-3.0,3.0,DEALER_WIN,CHECK|CHECK|BET_1X
901,1017432619925451249,raw,net_profit,2.0,3.0,PLAYER_WIN,CHECK|CHECK|BET_1X
902,2553088848673288804,raw,net_profit,2.0,3.0,PLAYER_WIN,CHECK|CHECK|BET_1X
903,4243188911284567263,raw,net_profit,2.0,3.0,PLAYER_WIN,CHECK|CHECK|BET_1X
904,8533697980404008640,raw,net_profit,2.0,3.0,PLAYER_WIN,CHECK|CHECK|BET_1X
905,8596619761623189548,raw,net_profit,5.0,3.0,PLAYER_WIN,CHECK|CHECK|BET_1X
906,1780163165846335477,raw,net_profit,2.0,3.0,PLAYER_WIN,CHECK|CHECK|BET_1X
907,3202923046283772937,raw,net_profit,-3.0,3.0,DEALER_WIN,CHECK|CHECK|BET_1X
908,2431773336275870739,raw,net_profit,-3.0,3.0,DEALER_WIN,CHECK|CHECK|BET_1X
909,5912848263586599734,raw,net_profit,-3.0,3.0,DEALER_WIN,CHECK|CHECK|BET_1X
910,3665122230014414762,raw,net_profit,3.5,3.0,PLAYER_WIN,CHECK|CHECK|BET_1X
911,4196610391551779872,raw,net_profit,-2.0,3.0,DEALER_WIN,CHECK|CHECK|BET_1X
912,1846009206966446069,raw,net_profit,1.0,3.0,PLAYER_WIN,CHECK|CHECK|BET_1X
913,1139317953991756950,raw,net_profit,-3.0,3.0,DEALER_WIN,CHECK|CHECK|BET_1X
914,759300728567022805,raw,net_profit,-3.0,3.0,DEALER_WIN,CHECK|CHECK|BET_1X
915,3359526252250337514,raw,net_profit,-3.0,3.0,DEALER_WIN,CHECK|CHECK|BET_1X
916,8247062179117749191,raw,net_profit,2.0,3.0,PLAYER_WIN,CHECK|CHECK|BET_1X
917,5007778806102941885,raw,net_profit,-3.0,3.0,DEALER_WIN,CHECK|CHECK|BET_1X
918,5874694371750287935,raw,net_profit,2.0,3.0,PLAYER_WIN,CHECK|CHECK|BET_1X
919,2758811019845300818,raw,net_profit,2.0,3.0,PLAYER_WIN,CHECK|CHECK|BET_1X
920,1696957889974288787,raw,net_profit,2.0,3.0,PLAYER_WIN,CHECK|CHECK|BET_1X
921,1279369727445998511,raw,net_profit,-3.0,3.0,DEALER_WIN,CHECK|CHECK|BET_1X
922,4933656103475301167,raw,net_profit,-3.0,3.0,DEALER_WIN,CHECK|CHECK|BET_1X
923,1977708770176024356,raw,net_profit,1.0,3.0,PLAYER_WIN,CHECK|CHECK|BET_1X
924,3676563871467550842,raw,net_profit,-3.0,3.0,DEALER_WIN,CHECK|CHECK|BET_1X
925,313986350650062069,raw,net_profit,2.0,3.0,PLAYER_WIN,CHECK|CHECK|BET_1X
926,5605509591254216611,raw,net_profit,-3.0,3.0,DEALER_WIN,CHECK|CHECK|BET_1X
927,6554434833215501229,raw,net_profit,-3.0,3.0,DEALER_WIN,CHECK|CHECK|BET_1X
928,5934761758109136755,raw,net_profit,-3.0,3.0,DEALER_WIN,CHECK|CHECK|BET_1X
929,6209569154496390677,raw,net_profit,2.0,3.0,PLAYER_WIN,CHECK|CHECK|BET_1X
930,7669784488589629093,raw,net_profit,-3.0,3.0,DEALER_WIN,CHECK|CHECK|BET_1X
931,44506653502813096,raw,net_profit,-3.0,3.0,DEALER_WIN,CHECK|CHECK|BET_1X
932,2657400832634123777,raw,net_profit,-3.0,3.0,DEALER_WIN,CHECK|CHECK|BET_1X
933,1133951859619300870,raw,net_profit,-3.0,3.0,DEALER_WIN,CHECK|CHECK|BET_1X
934,1799581098669479158,raw,net_profit,2.0,3.0,PLAYER_WIN,CHECK|CHECK|BET_1X
935,2139329695582084880,raw,net_profit,2.0,3.0,PLAYER_WIN,CHECK|CHECK|BET_1X
936,8860369560069707461,raw,net_profit,1.0,3.0,PLAYER_WIN,CHECK|CHECK|BET_1X
937,7661855163003880925,raw,net_profit,2.0,3.0,PLAYER_WIN,CHECK|CHECK|BET_1X
938,6085059550904925577,raw,net_profit,3.0,3.0,PLAYER_WIN,CHECK|CHECK|BET_1X
939,9164012506059593361,raw,net_profit,3.5,3.0,PLAYER_WIN,CHECK|CHECK|BET_1X
940,7665006468564569625,raw,net_profit,-3.0,3.0,DEALER_WIN,CHECK|CHECK|BET_1X
941,2099185351975460510,raw,net_profit,-3.0,3.0,DEALER_WIN,CHECK|CHECK|BET_1X
942,6002108165729345372,raw,net_profit,-3.0,3.0,DEALER_WIN,CHECK|CHECK|BET_1X
943,6653133323993130250,raw,net_profit,2.0,3.0,PLAYER_WIN,CHECK|CHECK|BET_1X
944,3836288765699926146,raw,net_profit,-3.0,3.0,DEALER_WIN,CHECK|CHECK|BET_1X
945,6613963692876605349,raw,net_profit,2.0,3.0,PLAYER_WIN,CHECK|CHECK|BET_1X
946,7133256950777550731,raw,net_profit,-3.0,3.0,DEALER_WIN,CHECK|CHECK|BET_1X
947,789679130699457407,raw,net_profit,1.0,3.0,PLAYER_WIN,CHECK|CHECK|BET_1X
948,5576479899433778960,raw,net_profit,2.0,3.0,PLAYER_WIN,CHECK|CHECK|BET_1X
949,2825948418189624227,raw,net_profit,2.0,3.0,PLAYER_WIN,CHECK|CHECK|BET_1X
950,6790023590347945068,raw,net_profit,2.0,3.0,PLAYER_WIN,CHECK|CHECK|BET_1X
951,8943341316138986721,raw,net_profit,-3.0,3.0,DEALER_WIN,CHECK|CHECK|BET_1X
952,8245346301821498278,raw,net_profit,-2.0,3.0,DEALER_WIN,CHECK|CHECK|BET_1X
953,3788851380147507600,raw,net_profit,-3.0,3.0,DEALER_WIN,CHECK|CHECK|BET_1X
954,2073465275864282834,raw,net_profit,-3.0,3.0,DEALER_WIN,CHECK|CHECK|BET_1X
955,5716898055826252055,raw,net_profit,1.0,3.0,PLAYER_WIN,CHECK|CHECK|BET_1X
956,5021771099362251061,raw,net_profit,-3.0,3.0,DEALER_WIN,CHECK|CHECK|BET_1X
957,4032980320576966044,raw,net_profit,-3.0,3.0,DEALER_WIN,CHECK|CHECK|BET_1X
958,8640802843881888399,raw,net_profit,2.0,3.0,PLAYER_WIN,CHECK|CHECK|BET_1X
959,4438461843044748758,raw,net_profit,-3.0,3.0,DEALER_WIN,CHECK|CHECK|BET_1X
960,3526415879819004230,raw,net_profit,2.0,3.0,PLAYER_WIN,CHECK|CHECK|BET_1X
961,7170873072363361219,raw,net_profit,-3.0,3.0,DEALER_WIN,CHECK|CHECK|BET_1X
962,3706941299072706180,raw,net_profit,-3.0,3.0,DEALER_WIN,CHECK|CHECK|BET_1X
963,2503051818227189648,raw,net_profit,-3.0,3.0,DEALER_WIN,CHECK|CHECK|BET_1X
964,1870249987412135061,raw,net_profit,-3.0,3.0,DEALER_WIN,CHECK|CHECK|BET_1X
965,6398480109143271582,raw,net_profit,2.0,3.0,PLAYER_WIN,CHECK|CHECK|BET_1X
966,8188631678452761724,raw,net_profit,2.0,3.0,PLAYER_WIN,CHECK|CHECK|BET_1X
967,932138166279793317,raw,net_profit,2.0,3.0,PLAYER_WIN,CHECK|CHECK|BET_1X
968,8235832765702793235,raw,net_profit,5.0,3.0,PLAYER_WIN,CHECK|CHECK|BET_1X
969,6311589512804706572,raw,net_profit,-3.0,3.0,DEALER_WIN,CHECK|CHECK|BET_1X
970,3046092975624902147,raw,net_profit,1.0,3.0,PLAYER_WIN,CHECK|CHECK|BET_1X
971,3275058079140619266,raw,net_profit,2.0,3.0,PLAYER_WIN,CHECK|CHECK|BET_1X
972,7312201884761964202,raw,net_profit,2.0,3.0,PLAYER_WIN,CHECK|CHECK|BET_1X
973,8570641409114586430,raw,net_profit,-3.0,3.0,DEALER_WIN,CHECK|CHECK|BET_1X
974,7399820484162878442,raw,net_profit,2.0,3.0,PLAYER_WIN,CHECK|CHECK|BET_1X
975,213031287346651292,raw,net_profit,-3.0,3.0,DEALER_WIN,CHECK|CHECK|BET_1X
976,2078134138085094791,raw,net_profit,3.0,3.0,PLAYER_WIN,CHECK|CHECK|BET_1X
977,7923503127766216331,raw,net_profit,-2.0,3.0,DEALER_WIN,CHECK|CHECK|BET_1X
978,7400501462850298807,raw,net_profit,-3.0,3.0,DEALER_WIN,CHECK|CHECK|BET_1X
979,2888194561945505198,raw,net_profit,-3.0,3.0,DEALER_WIN,CHECK|CHECK|BET_1X
980,6582586430172692385,raw,net_profit,2.0,3.0,PLAYER_WIN,CHECK|CHECK|BET_1X
981,2100544420744911826,raw,net_profit,1.0,3.0,PLAYER_WIN,CHECK|CHECK|BET_1X
982,1505814497099785306,raw,net_profit,-3.0,3.0,DEALER_WIN,CHECK|CHECK|BET_1X
983,6779817700332210863,raw,net_profit,2.0,3.0,PLAYER_WIN,CHECK|CHECK|BET_1X
984,2441626631363003142,raw,net_profit,-3.0,3.0,DEALER_WIN,CHECK|CHECK|BET_1X
985,7720014795438668177,raw,net_profit,-3.0,3.0,DEALER_WIN,CHECK|CHECK|BET_1X
986,6418041143867584197,raw,net_profit,0.0,3.0,PUSH,CHECK|CHECK|BET_1X
987,6036835089643027616,raw,net_profit,1.0,3.0,PLAYER_WIN,CHECK|CHECK|BET_1X
988,7560127908502572947,raw,net_profit,-3.0,3.0,DEALER_WIN,CHECK|CHECK|BET_1X
989,5371810975964591019,raw,net_profit,0.0,3.0,PUSH,CHECK|CHECK|BET_1X
990,2005137746570972309,raw,net_profit,0.0,3.0,PUSH,CHECK|CHECK|BET_1X
991,8720219825755745226,raw,net_profit,-2.0,3.0,DEALER_WIN,CHECK|CHECK|BET_1X
992,2427351460284825668,raw,net_profit,1.0,3.0,PLAYER_WIN,CHECK|CHECK|BET_1X
993,3598973533223013293,raw,net_profit,-2.0,3.0,DEALER_WIN,CHECK|CHECK|BET_1X
994,3306106732614624872,raw,net_profit,-3.0,3.0,DEALER_WIN,CHECK|CHECK|BET_1X
995,696646835999175665,raw,net_profit,-3.0,3.0,DEALER_WIN,CHECK|CHECK|BET_1X
996,8727802249919895072,raw,net_profit,1.0,3.0,PLAYER_WIN,CHECK|CHECK|BET_1X
997,6831522042568476323,raw,net_profit,0.0,3.0,PUSH,CHECK|CHECK|BET_1X
998,3967449350180322190,raw,net_profit,2.0,3.0,PLAYER_WIN,CHECK|CHECK|BET_1X
999,89011339428964285,raw,net_profit,1.0,3.0,PLAYER_WIN,CHECK|CHECK|BET_1X
1000,2173141134868989908,raw,net_profit,1.0,3.0,PLAYER_WIN,CHECK|CHECK|BET_1X
1001,4751001889901686380,raw,net_profit,-3.0,3.0,DEALER_WIN,CHECK|CHECK|BET_1X
1002,2652373102794938904,raw,net_profit,0.0,3.0,PUSH,CHECK|CHECK|BET_1X
1003,8025630605935624314,raw,net_profit,2.0,3.0,PLAYER_WIN,CHECK|CHECK|BET_1X
1004,1758695306512911745,raw,net_profit,-3.0,3.0,DEALER_WIN,CHECK|CHECK|BET_1X
1005,1475933262447653026,raw,net_profit,-3.0,3.0,DEALER_WIN,CHECK|CHECK|BET_1X
1006,33538703499895562,raw,net_profit,-3.0,3.0,DEALER_WIN,CHECK|CHECK|BET_1X
1007,6251637598155278728,raw,net_profit,1.0,3.0,PLAYER_WIN,CHECK|CHECK|BET_1X
1008,7867692757445221850,raw,net_profit,-3.0,3.0,DEALER_WIN,CHECK|CHECK|BET_1X
1009,2948658382926712518,raw,net_profit,-3.0,3.0,DEALER_WIN,CHECK|CHECK|BET_1X
1010,8722809822822666613,raw,net_profit,1.0,3.0,PLAYER_WIN,CHECK|CHECK|BET_1X
1011,1883637137265330064,raw,net_profit,3.0,3.0,PLAYER_WIN,CHECK|CHECK|BET_1X
1012,230070794810797290,raw,net_profit,0.0,3.0,PUSH,CHECK|CHECK|BET_1X
1013,2501522539531868577,raw,net_profit,2.0,3.0,PLAYER_WIN,CHECK|CHECK|BET_1X
1014,9132791921339055375,raw,net_profit,1.0,3.0,PLAYER_WIN,CHECK|CHECK|BET_1X
1015,4603444303841781025,raw,net_profit,1.0,3.0,PLAYER_WIN,CHECK|CHECK|BET_1X
1016,2575299420825447994,raw,net_profit,1.0,3.0,PLAYER_WIN,CHECK|CHECK|BET_1X
1017,1724361629891719601,raw,net_profit,-3.0,3.0,DEALER_WIN,CHECK|CHECK|BET_1X
1018,8984503480712597555,raw,net_profit,-3.0,3.0,DEALER_WIN,CHECK|CHECK|BET_1X
1019,1482633104850592482,raw,net_profit,1.0,3.0,PLAYER_WIN,CHECK|CHECK|BET_1X
1020,287424359979157026,raw,net_profit,-3.0,3.0,DEALER_WIN,CHECK|CHECK|BET_1X
1021,8032210412126726251,raw,net_profit,-3.0,3.0,DEALER_WIN,CHECK|CHECK|BET_1X
1022,7428655951983590495,raw,net_profit,-3.0,3.0,DEALER_WIN,CHECK|CHECK|BET_1X
1023,5306479600957145860,raw,net_profit,2.0,3.0,PLAYER_WIN,CHECK|CHECK|BET_1X
1024,3529492875022518276,raw,net_profit,2.0,3.0,PLAYER_WIN,CHECK|CHECK|BET_1X
1025,7790423061479456009,raw,net_profit,1.0,3.0,PLAYER_WIN,CHECK|CHECK|BET_1X
1026,8300152246436168966,raw,net_profit,-3.0,3.0,DEALER_WIN,CHECK|CHECK|BET_1X
1027,2442946475760941305,raw,net_profit,1.0,3.0,PLAYER_WIN,CHECK|CHECK|BET_1X
1028,7878641414443596103,raw,net_profit,-3.0,3.0,DEALER_WIN,CHECK|CHECK|BET_1X
1029,8525536469749626700,raw,net_profit,3.0,3.0,PLAYER_WIN,CHECK|CHECK|BET_1X
1030,900241131420938008,raw,net_profit,2.0,3.0,PLAYER_WIN,CHECK|CHECK|BET_1X
1031,2973814816799653046,raw,net_profit,-3.0,3.0,DEALER_WIN,CHECK|CHECK|BET_1X
1032,5965536042900179340,raw,net_profit,-3.0,3.0,DEALER_WIN,CHECK|CHECK|BET_1X
1033,6510704941295024038,raw,net_profit,1.0,3.0,PLAYER_WIN,CHECK|CHECK|BET_1X
1034,4205197615084907735,raw,net_profit,1.0,3.0,PLAYER_WIN,CHECK|CHECK|BET_1X
1035,531272726709690614,raw,net_profit,-3.0,3.0,DEALER_WIN,CHECK|CHECK|BET_1X
1036,1054375091832971760,raw,net_profit,2.0,3.0,PLAYER_WIN,CHECK|CHECK|BET_1X
1037,7450003271065202270,raw,net_profit,-3.0,3.0,DEALER_WIN,CHECK|CHECK|BET_1X
1038,8400965488113898102,raw,net_profit,5.0,3.0,PLAYER_WIN,CHECK|CHECK|BET_1X
1039,32340385308052114,raw,net_profit,-3.0,3.0,DEALER_WIN,CHECK|CHECK|BET_1X
1040,792603988276021195,raw,net_profit,-3.0,3.0,DEALER_WIN,CHECK|CHECK|BET_1X
1041,6641385167087138356,raw,net_profit,-3.0,3.0,DEALER_WIN,CHECK|CHECK|BET_1X
1042,8312150043458276566,raw,net_profit,-3.0,3.0,DEALER_WIN,CHECK|CHECK|BET_1X
1043,1725591131878008158,raw,net_profit,-3.0,3.0,DEALER_WIN,CHECK|CHECK|BET_1X
1044,5463800433945976264,raw,net_profit,1.0,3.0,PLAYER_WIN,CHECK|CHECK|BET_1X
1045,597541467802536572,raw,net_profit,2.0,3.0,PLAYER_WIN,CHECK|CHECK|BET_1X
1046,4622386347176628389,raw,net_profit,2.0,3.0,PLAYER_WIN,CHECK|CHECK|BET_1X
1047,4998704094659130862,raw,net_profit,-3.0,3.0,DEALER_WIN,CHECK|CHECK|BET_1X
1048,5613031554883876389,raw,net_profit,2.0,3.0,PLAYER_WIN,CHECK|CHECK|BET_1X
1049,1760505772636099464,raw,net_profit,2.0,3.0,PLAYER_WIN,CHECK|CHECK|BET_1X
1050,3773031085955081085,raw,net_profit,1.0,3.0,PLAYER_WIN,CHECK|CHECK|BET_1X
1051,7926150578342851502,raw,net_profit,1.0,3.0,PLAYER_WIN,CHECK|CHECK|BET_1X
1052,2188889684332944230,raw,net_profit,2.0,3.0,PLAYER_WIN,CHECK|CHECK|BET_1X
1053,9093314295729719335,raw,net_profit,2.0,3.0,PLAYER_WIN,CHECK|CHECK|BET_1X
1054,1036798936398211949,raw,net_profit,2.0,3.0,PLAYER_WIN,CHECK|CHECK|BET_1X
1055,2255872217419425696,raw,net_profit,0.0,3.0,PUSH,CHECK|CHECK|BET_1X
1056,6150765378863393544,raw,net_profit,-3.0,3.0,DEALER_WIN,CHECK|CHECK|BET_1X
1057,3334158893204803805,raw,net_profit,3.0,3.0,PLAYER_WIN,CHECK|CHECK|BET_1X
1058,7725938513764513742,raw,net_profit,2.0,3.0,PLAYER_WIN,CHECK|CHECK|BET_1X
1059,313150713141875991,raw,net_profit,3.0,3.0,PLAYER_WIN,CHECK|CHECK|BET_1X
1060,3851653475958805838,raw,net_profit,-3.0,3.0,DEALER_WIN,CHECK|CHECK|BET_1X
1061,4205795062316123117,raw,net_profit,-3.0,3.0,DEALER_WIN,CHECK|CHECK|BET_1X
1062,4346592031018967368,raw,net_profit,-3.0,3.0,DEALER_WIN,CHECK|CHECK|BET_1X
1063,993007821772399121,raw,net_profit,0.0,3.0,PUSH,CHECK|CHECK|BET_1X
1064,2630196962217389289,raw,net_profit,-3.0,3.0,DEALER_WIN,CHECK|CHECK|BET_1X
1065,8989613826598699267,raw,net_profit,1.0,3.0,PLAYER_WIN,CHECK|CHECK|BET_1X
1066,4527903879929474735,raw,net_profit,2.0,3.0,PLAYER_WIN,CHECK|CHECK|BET_1X
1067,7264005826120718261,raw,net_profit,-3.0,3.0,DEALER_WIN,CHECK|CHECK|BET_1X
1068,8835217961623195179,raw,net_profit,2.0,3.0,PLAYER_WIN,CHECK|CHECK|BET_1X
1069,1667172766141264948,raw,net_profit,-3.0,3.0,DEALER_WIN,CHECK|CHECK|BET_1X
1070,2942420325870842103,raw,net_profit,1.0,3.0,PLAYER_WIN,CHECK|CHECK|BET_1X
1071,1274681520518962489,raw,net_profit,2.0,3.0,PLAYER_WIN,CHECK|CHECK|BET_1X
1072,251645140747078058,raw,net_profit,-3.0,3.0,DEALER_WIN,CHECK|CHECK|BET_1X
1073,452574880743947789,raw,net_profit,-3.0,3.0,DEALER_WIN,CHECK|CHECK|BET_1X
1074,3258250222591482533,raw,net_profit,2.5,3.0,PLAYER_WIN,CHECK|CHECK|BET_1X
1075,430758384329055321,raw,net_profit,5.0,3.0,PLAYER_WIN,CHECK|CHECK|BET_1X
1076,20079771407358070,raw,net_profit,-3.0,3.0,DEALER_WIN,CHECK|CHECK|BET_1X
1077,7991993845048913297,raw,net_profit,2.0,3.0,PLAYER_WIN,CHECK|CHECK|BET_1X
1078,7711583253720293448,raw,net_profit,1.0,3.0,PLAYER_WIN,CHECK|CHECK|BET_1X
1079,6244317047086301352,raw,net_profit,-3.0,3.0,DEALER_WIN,CHECK|CHECK|BET_1X
1080,8368483404186204608,raw,net_profit,-3.0,3.0,DEALER_WIN,CHECK|CHECK|BET_1X
1081,3367288395825935492,raw,net_profit,-3.0,3.0,DEALER_WIN,CHECK|CHECK|BET_1X
1082,3158736191929733843,raw,net_profit,2.5,3.0,PLAYER_WIN,CHECK|CHECK|BET_1X
1083,1925072958576109371,raw,net_profit,-3.0,3.0,DEALER_WIN,CHECK|CHECK|BET_1X
1084,4788502063511539582,raw,net_profit,2.0,3.0,PLAYER_WIN,CHECK|CHECK|BET_1X
1085,5774323927864460446,raw,net_profit,1.0,3.0,PLAYER_WIN,CHECK|CHECK|BET_1X
1086,4110353397394623869,raw,net_profit,2.0,3.0,PLAYER_WIN,CHECK|CHECK|BET_1X
1087,1231700399586321655,raw,net_profit,-3.0,3.0,DEALER_WIN,CHECK|CHECK|BET_1X
1088,2539152011170060280,raw,net_profit,2.0,3.0,PLAYER_WIN,CHECK|CHECK|BET_1X
1089,8283813039041037150,raw,net_profit,2.0,3.0,PLAYER_WIN,CHECK|CHECK|BET_1X
1090,7844249940230915280,raw,net_profit,1.0,3.0,PLAYER_WIN,CHECK|CHECK|BET_1X
1091,9079589198462605552,raw,net_profit,1.0,3.0,PLAYER_WIN,CHECK|CHECK|BET_1X
1092,8028926828789343751,raw,net_profit,-3.0,3.0,DEALER_WIN,CHECK|CHECK|BET_1X
1093,6083993522733687520,raw,net_profit,-3.0,3.0,DEALER_WIN,CHECK|CHECK|BET_1X
1094,7044349970595460227,raw,net_profit,-3.0,3.0,DEALER_WIN,CHECK|CHECK|BET_1X
1095,367243461377194050,raw,net_profit,-3.0,3.0,DEALER_WIN,CHECK|CHECK|BET_1X
1096,5840557789930459443,raw,net_profit,1.0,3.0,PLAYER_WIN,CHECK|CHECK|BET_1X
1097,1977959691244489894,raw,net_profit,-3.0,3.0,DEALER_WIN,CHECK|CHECK|BET_1X
1098,3179232394445059164,raw,net_profit,2.0,3.0,PLAYER_WIN,CHECK|CHECK|BET_1X
1099,258006308160869315,raw,net_profit,-3.0,3.0,DEALER_WIN,CHECK|CHECK|BET_1X
1100,5041519687702194785,raw,net_profit,1.0,3.0,PLAYER_WIN,CHECK|CHECK|BET_1X
1101,2091359411370048772,raw,net_profit,-3.0,3.0,DEALER_WIN,CHECK|CHECK|BET_1X
1102,3413796138228252299,raw,net_profit,-3.0,3.0,DEALER_WIN,CHECK|CHECK|BET_1X
1103,4424945820301786306,raw,net_profit,2.0,3.0,PLAYER_WIN,CHECK|CHECK|BET_1X
1104,846819341435776975,raw,net_profit,2.0,3.0,PLAYER_WIN,CHECK|CHECK|BET_1X
1105,1588242764290055132,raw,net_profit,-3.0,3.0,DEALER_WIN,CHECK|CHECK|BET_1X
1106,8202940437554987855,raw,net_profit,2.0,3.0,PLAYER_WIN,CHECK|CHECK|BET_1X
1107,5934402203434804987,raw,net_profit,-3.0,3.0,DEALER_WIN,CHECK|CHECK|BET_1X
1108,5341269380382185457,raw,net_profit,-3.0,3.0,DEALER_WIN,CHECK|CHECK|BET_1X
1109,271066303418839237,raw,net_profit,2.0,3.0,PLAYER_WIN,CHECK|CHECK|BET_1X
1110,8544157015252053180,raw,net_profit,0.0,3.0,PUSH,CHECK|CHECK|BET_1X
1111,2072160116079405979,raw,net_profit,-3.0,3.0,DEALER_WIN,CHECK|CHECK|BET_1X
1112,4683866129183041490,raw,net_profit,-3.0,3.0,DEALER_WIN,CHECK|CHECK|BET_1X
1113,7413950995111140777,raw,net_profit,0.0,3.0,PUSH,CHECK|CHECK|BET_1X
1114,5524583277462005416,raw,net_profit,2.0,3.0,PLAYER_WIN,CHECK|CHECK|BET_1X
1115,1355421567714243879,raw,net_profit,1.0,3.0,PLAYER_WIN,CHECK|CHECK|BET_1X
1116,7810828962647091327,raw,net_profit,-3.0,3.0,DEALER_WIN,CHECK|CHECK|BET_1X
1117,3045806173086116964,raw,net_profit,-3.0,3.0,DEALER_WIN,CHECK|CHECK|BET_1X
1118,1137229878242916343,raw,net_profit,2.0,3.0,PLAYER_WIN,CHECK|CHECK|BET_1X
1119,6038697407520629741,raw,net_profit,2.0,3.0,PLAYER_WIN,CHECK|CHECK|BET_1X
1120,709462434103717100,raw,net_profit,0.0,3.0,PUSH,CHECK|CHECK|BET_1X
1121,8179539522019027873,raw,net_profit,-3.0,3.0,DEALER_WIN,CHECK|CHECK|BET_1X
1122,2258979581545413386,raw,net_profit,-3.0,3.0,DEALER_WIN,CHECK|CHECK|BET_1X
1123,4705388366183090509,raw,net_profit,2.0,3.0,PLAYER_WIN,CHECK|CHECK|BET_1X
1124,2247207438981736902,raw,net_profit,-3.0,3.0,DEALER_WIN,CHECK|CHECK|BET_1X
1125,1601666378984515152,raw,net_profit,1.0,3.0,PLAYER_WIN,CHECK|CHECK|BET_1X
1126,2304894912099371084,raw,net_profit,-3.0,3.0,DEALER_WIN,CHECK|CHECK|BET_1X
1127,8484700075572541019,raw,net_profit,2.0,3.0,PLAYER_WIN,CHECK|CHECK|BET_1X
1128,6199260667204120039,raw,net_profit,3.5,3.0,PLAYER_WIN,CHECK|CHECK|BET_1X
1129,2309607322452848285,raw,net_profit,-3.0,3.0,DEALER_WIN,CHECK|CHECK|BET_1X
1130,9173723994529567572,raw,net_profit,3.5,3.0,PLAYER_WIN,CHECK|CHECK|BET_1X
1131,5904920283159011043,raw,net_profit,0.0,3.0,PUSH,CHECK|CHECK|BET_1X
1132,8259432101237617085,raw,net_profit,-3.0,3.0,DEALER_WIN,CHECK|CHECK|BET_1X
1133,8229542592796346512,raw,net_profit,-3.0,3.0,DEALER_WIN,CHECK|CHECK|BET_1X
1134,4049345122276298426,raw,net_profit,1.0,3.0,PLAYER_WIN,CHECK|CHECK|BET_1X
1135,6464001223035647955,raw,net_profit,-3.0,3.0,DEALER_WIN,CHECK|CHECK|BET_1X
1136,788882454444367572,raw,net_profit,-3.0,3.0,DEALER_WIN,CHECK|CHECK|BET_1X
1137,2102889432502108308,raw,net_profit,2.0,3.0,PLAYER_WIN,CHECK|CHECK|BET_1X
1138,7315941879040282648,raw,net_profit,2.0,3.0,PLAYER_WIN,CHECK|CHECK|BET_1X
1139,7954972670476287171,raw,net_profit,-3.0,3.0,DEALER_WIN,CHECK|CHECK|BET_1X
1140,2644742355192589223,raw,net_profit,2.5,3.0,PLAYER_WIN,CHECK|CHECK|BET_1X
1141,9063220196491571107,raw,net_profit,-3.0,3.0,DEALER_WIN,CHECK|CHECK|BET_1X
1142,6188109670991404909,raw,net_profit,-3.0,3.0,DEALER_WIN,CHECK|CHECK|BET_1X
1143,3781338508286422147,raw,net_profit,-3.0,3.0,DEALER_WIN,CHECK|CHECK|BET_1X
1144,7594849174189326934,raw,net_profit,2.0,3.0,PLAYER_WIN,CHECK|CHECK|BET_1X
1145,5680106254961420219,raw,net_profit,1.0,3.0,PLAYER_WIN,CHECK|CHECK|BET_1X
1146,178756719457684243,raw,net_profit,2.0,3.0,PLAYER_WIN,CHECK|CHECK|BET_1X
1147,7183678278855594243,raw,net_profit,2.0,3.0,PLAYER_WIN,CHECK|CHECK|BET_1X
1148,9196820080190845334,raw,net_profit,2.0,3.0,PLAYER_WIN,CHECK|CHECK|BET_1X
1149,7485958447908941904,raw,net_profit,2.0,3.0,PLAYER_WIN,CHECK|CHECK|BET_1X
1150,3849711014337913949,raw,net_profit,1.0,3.0,PLAYER_WIN,CHECK|CHECK|BET_1X
1151,126422477543669833,raw,net_profit,-3.0,3.0,DEALER_WIN,CHECK|CHECK|BET_1X
1152,8439256671460699901,raw,net_profit,2.0,3.0,PLAYER_WIN,CHECK|CHECK|BET_1X
1153,2070919742667742440,raw,net_profit,1.0,3.0,PLAYER_WIN,CHECK|CHECK|BET_1X
1154,3281238657941389593,raw,net_profit,-3.0,3.0,DEALER_WIN,CHECK|CHECK|BET_1X
1155,7706526017662479405,raw,net_profit,-3.0,3.0,DEALER_WIN,CHECK|CHECK|BET_1X
1156,8399437375896520563,raw,net_profit,-3.0,3.0,DEALER_WIN,CHECK|CHECK|BET_1X
1157,688149317929792956,raw,net_profit,-3.0,3.0,DEALER_WIN,CHECK|CHECK|BET_1X
1158,8617381456869387032,raw,net_profit,-3.0,3.0,DEALER_WIN,CHECK|CHECK|BET_1X
1159,4029046777360316120,raw,net_profit,1.0,3.0,PLAYER_WIN,CHECK|CHECK|BET_1X
1160,7598158589057077289,raw,net_profit,-3.0,3.0,DEALER_WIN,CHECK|CHECK|BET_1X
1161,8168452929101724196,raw,net_profit,-3.0,3.0,DEALER_WIN,CHECK|CHECK|BET_1X
1162,1904042482205448728,raw,net_profit,-3.0,3.0,DEALER_WIN,CHECK|CHECK|BET_1X
1163,1869840184886249037,raw,net_profit,1.0,3.0,PLAYER_WIN,CHECK|CHECK|BET_1X
1164,117440542707706698,raw,net_profit,-3.0,3.0,DEALER_WIN,CHECK|CHECK|BET_1X
1165,8656168309159298444,raw,net_profit,1.0,3.0,PLAYER_WIN,CHECK|CHECK|BET_1X
1166,4610124743560593564,raw,net_profit,2.0,3.0,PLAYER_WIN,CHECK|CHECK|BET_1X
1167,4101915951706015951,raw,net_profit,1.0,3.0,PLAYER_WIN,CHECK|CHECK|BET_1X
1168,3058853781946773314,raw,net_profit,2.0,3.0,PLAYER_WIN,CHECK|CHECK|BET_1X
1169,7681395457164577079,raw,net_profit,5.0,3.0,PLAYER_WIN,CHECK|CHECK|BET_1X
1170,5313005715464136509,raw,net_profit,-3.0,3.0,DEALER_WIN,CHECK|CHECK|BET_1X
1171,5236890620274248003,raw,net_profit,-3.0,3.0,DEALER_WIN,CHECK|CHECK|BET_1X
1172,8768643180507022176,raw,net_profit,-3.0,3.0,DEALER_WIN,CHECK|CHECK|BET_1X
1173,7916391916998395536,raw,net_profit,2.0,3.0,PLAYER_WIN,CHECK|CHECK|BET_1X
1174,8437645874988898780,raw,net_profit,2.0,3.0,PLAYER_WIN,CHECK|CHECK|BET_1X
1175,8584360370691938061,raw,net_profit,2.0,3.0,PLAYER_WIN,CHECK|CHECK|BET_1X
1176,5303615337387894620,raw,net_profit,2.0,3.0,PLAYER_WIN,CHECK|CHECK|BET_1X
1177,2849071702876537470,raw,net_profit,0.0,3.0,PUSH,CHECK|CHECK|BET_1X
1178,8670368587893582194,raw,net_profit,-3.0,3.0,DEALER_WIN,CHECK|CHECK|BET_1X
1179,2805328380139458044,raw,net_profit,-3.0,3.0,DEALER_WIN,CHECK|CHECK|BET_1X
1180,7621338380995611573,raw,net_profit,2.0,3.0,PLAYER_WIN,CHECK|CHECK|BET_1X
1181,451848925542012985,raw,net_profit,-3.0,3.0,DEALER_WIN,CHECK|CHECK|BET_1X
1182,2665870194005600409,raw,net_profit,-2.0,3.0,DEALER_WIN,CHECK|CHECK|BET_1X
1183,7555483241960411731,raw,net_profit,2.0,3.0,PLAYER_WIN,CHECK|CHECK|BET_1X
1184,3133750649096830118,raw,net_profit,-3.0,3.0,DEALER_WIN,CHECK|CHECK|BET_1X
1185,2690133363967143610,raw,net_profit,-3.0,3.0,DEALER_WIN,CHECK|CHECK|BET_1X
1186,3432019153043194679,raw,net_profit,1.0,3.0,PLAYER_WIN,CHECK|CHECK|BET_1X
1187,5838198993723319552,raw,net_profit,-3.0,3.0,DEALER_WIN,CHECK|CHECK|BET_1X
1188,996717753644075032,raw,net_profit,-3.0,3.0,DEALER_WIN,CHECK|CHECK|BET_1X
1189,6452474206588063607,raw,net_profit,-3.0,3.0,DEALER_WIN,CHECK|CHECK|BET_1X
1190,7958143781201186417,raw,net_profit,2.0,3.0,PLAYER_WIN,CHECK|CHECK|BET_1X
1191,1702606594388638012,raw,net_profit,3.0,3.0,PLAYER_WIN,CHECK|CHECK|BET_1X
1192,5419345240095192344,raw,net_profit,-3.0,3.0,DEALER_WIN,CHECK|CHECK|BET_1X
1193,435600082272539387,raw,net_profit,0.0,3.0,PUSH,CHECK|CHECK|BET_1X
1194,8238102941490205168,raw,net_profit,3.0,3.0,PLAYER_WIN,CHECK|CHECK|BET_1X
1195,1003516892640466504,raw,net_profit,2.0,3.0,PLAYER_WIN,CHECK|CHECK|BET_1X
1196,937645075273741815,raw,net_profit,2.0,3.0,PLAYER_WIN,CHECK|CHECK|BET_1X
1197,4505534735364751232,raw,net_profit,-3.0,3.0,DEALER_WIN,CHECK|CHECK|BET_1X
1198,3100400014420850595,raw,net_profit,1.0,3.0,PLAYER_WIN,CHECK|CHECK|BET_1X
1199,8794783993859203820,raw,net_profit,2.0,3.0,PLAYER_WIN,CHECK|CHECK|BET_1X
1200,3242942222038322093,raw,net_profit,2.0,3.0,PLAYER_WIN,CHECK|CHECK|BET_1X
1201,9207374481365474802,raw,net_profit,2.5,3.0,PLAYER_WIN,CHECK|CHECK|BET_1X
1202,7122527531194325857,raw,net_profit,-3.0,3.0,DEALER_WIN,CHECK|CHECK|BET_1X
1203,6211306604598752210,raw,net_profit,1.0,3.0,PLAYER_WIN,CHECK|CHECK|BET_1X
1204,7713907947241534837,raw,net_profit,1.0,3.0,PLAYER_WIN,CHECK|CHECK|BET_1X
1205,3864091370818423935,raw,net_profit,2.0,3.0,PLAYER_WIN,CHECK|CHECK|BET_1X
1206,4130200441987910996,raw,net_profit,2.0,3.0,PLAYER_WIN,CHECK|CHECK|BET_1X
1207,9019873977802955621,raw,net_profit,-3.0,3.0,DEALER_WIN,CHECK|CHECK|BET_1X
1208,3676738203513974504,raw,net_profit,-2.0,3.0,DEALER_WIN,CHECK|CHECK|BET_1X
1209,9163157027825047643,raw,net_profit,-3.0,3.0,DEALER_WIN,CHECK|CHECK|BET_1X
1210,4444242640211464360,raw,net_profit,-3.0,3.0,DEALER_WIN,CHECK|CHECK|BET_1X
1211,5172709708095674152,raw,net_profit,-3.0,3.0,DEALER_WIN,CHECK|CHECK|BET_1X
1212,2398202004147632652,raw,net_profit,3.0,3.0,PLAYER_WIN,CHECK|CHECK|BET_1X
1213,1036529366679787055,raw,net_profit,0.0,3.0,PUSH,CHECK|CHECK|BET_1X
1214,8398745624299287746,raw,net_profit,-3.0,3.0,DEALER_WIN,CHECK|CHECK|BET_1X
1215,8235235931199816152,raw,net_profit,5.0,3.0,PLAYER_WIN,CHECK|CHECK|BET_1X
1216,4890810902163418353,raw,net_profit,5.0,3.0,PLAYER_WIN,CHECK|CHECK|BET_1X
1217,8535412610929711479,raw,net_profit,-3.0,3.0,DEALER_WIN,CHECK|CHECK|BET_1X
1218,1497719996370247987,raw,net_profit,-3.0,3.0,DEALER_WIN,CHECK|CHECK|BET_1X
1219,6754351777149055790,raw,net_profit,2.0,3.0,PLAYER_WIN,CHECK|CHECK|BET_1X
1220,7778863005045596107,raw,net_profit,-3.0,3.0,DEALER_WIN,CHECK|CHECK|BET_1X
1221,4940370849459250769,raw,net_profit,2.0,3.0,PLAYER_WIN,CHECK|CHECK|BET_1X
1222,7046226132112028496,raw,net_profit,-3.0,3.0,DEALER_WIN,CHECK|CHECK|BET_1X
1223,2842920370552004896,raw,net_profit,-3.0,3.0,DEALER_WIN,CHECK|CHECK|BET_1X
1224,3663393488914618925,raw,net_profit,2.0,3.0,PLAYER_WIN,CHECK|CHECK|BET_1X
1225,8678686844415298619,raw,net_profit,2.0,3.0,PLAYER_WIN,CHECK|CHECK|BET_1X
1226,5231245564173899422,raw,net_profit,1.0,3.0,PLAYER_WIN,CHECK|CHECK|BET_1X
1227,1831597771075202516,raw,net_profit,2.0,3.0,PLAYER_WIN,CHECK|CHECK|BET_1X
1228,5540544524791661239,raw,net_profit,-3.0,3.0,DEALER_WIN,CHECK|CHECK|BET_1X
1229,8818380085946213574,raw,net_profit,2.0,3.0,PLAYER_WIN,CHECK|CHECK|BET_1X
1230,4519264526446591327,raw,net_profit,-3.0,3.0,DEALER_WIN,CHECK|CHECK|BET_1X
1231,4216423136028798513,raw,net_profit,1.0,3.0,PLAYER_WIN,CHECK|CHECK|BET_1X
1232,2673062959002083335,raw,net_profit,3.0,3.0,PLAYER_WIN,CHECK|CHECK|BET_1X
1233,3783230975175882388,raw,net_profit,-3.0,3.0,DEALER_WIN,CHECK|CHECK|BET_1X
1234,4353438901396957064,raw,net_profit,2.0,3.0,PLAYER_WIN,CHECK|CHECK|BET_1X
1235,416131994738167116,raw,net_profit,1.0,3.0,PLAYER_WIN,CHECK|CHECK|BET_1X
1236,3240574660116131917,raw,net_profit,-3.0,3.0,DEALER_WIN,CHECK|CHECK|BET_1X
1237,2972801423901133142,raw,net_profit,-3.0,3.0,DEALER_WIN,CHECK|CHECK|BET_1X
1238,6241514599407970791,raw,net_profit,2.0,3.0,PLAYER_WIN,CHECK|CHECK|BET_1X
1239,5711830038072438118,raw,net_profit,2.0,3.0,PLAYER_WIN,CHECK|CHECK|BET_1X
1240,6094235562683760191,raw,net_profit,0.0,3.0,PUSH,CHECK|CHECK|BET_1X
1241,6868484284919711003,raw,net_profit,-3.0,3.0,DEALER_WIN,CHECK|CHECK|BET_1X
1242,3893311204462670582,raw,net_profit,2.0,3.0,PLAYER_WIN,CHECK|CHECK|BET_1X
1243,9055446677944015632,raw,net_profit,1.0,3.0,PLAYER_WIN,CHECK|CHECK|BET_1X
1244,5849120375706136133,raw,net_profit,2.0,3.0,PLAYER_WIN,CHECK|CHECK|BET_1X
1245,7783926178224201212,raw,net_profit,-3.0,3.0,DEALER_WIN,CHECK|CHECK|BET_1X
1246,7069098995419626227,raw,net_profit,0.0,3.0,PUSH,CHECK|CHECK|BET_1X
1247,2372265450924986217,raw,net_profit,-3.0,3.0,DEALER_WIN,CHECK|CHECK|BET_1X
1248,7085809462655679676,raw,net_profit,2.0,3.0,PLAYER_WIN,CHECK|CHECK|BET_1X
1249,7463432095667777201,raw,net_profit,-3.0,3.0,DEALER_WIN,CHECK|CHECK|BET_1X
1250,8744001807053495855,raw,net_profit,-3.0,3.0,DEALER_WIN,CHECK|CHECK|BET_1X
1251,2386716227254559637,raw,net_profit,-3.0,3.0,DEALER_WIN,CHECK|CHECK|BET_1X
1252,8877752226299224326,raw,net_profit,2.0,3.0,PLAYER_WIN,CHECK|CHECK|BET_1X
1253,322269569271919782,raw,net_profit,-3.0,3.0,DEALER_WIN,CHECK|CHECK|BET_1X
1254,8033107763064980849,raw,net_profit,1.0,3.0,PLAYER_WIN,CHECK|CHECK|BET_1X
1255,4164181791667910314,raw,net_profit,1.0,3.0,PLAYER_WIN,CHECK|CHECK|BET_1X
1256,8412995898832579709,raw,net_profit,3.0,3.0,PLAYER_WIN,CHECK|CHECK|BET_1X
1257,4012093103752195505,raw,net_profit,3.0,3.0,PLAYER_WIN,CHECK|CHECK|BET_1X
1258,5706831875124843813,raw,net_profit,2.0,3.0,PLAYER_WIN,CHECK|CHECK|BET_1X
1259,7799682895343920340,raw,net_profit,-3.0,3.0,DEALER_WIN,CHECK|CHECK|BET_1X
1260,5487141231862623281,raw,net_profit,-2.0,3.0,DEALER_WIN,CHECK|CHECK|BET_1X
1261,1200608231203502457,raw,net_profit,3.5,3.0,PLAYER_WIN,CHECK|CHECK|BET_1X
1262,5547734820279428501,raw,net_profit,-3.0,3.0,DEALER_WIN,CHECK|CHECK|BET_1X
1263,5007003666517487573,raw,net_profit,2.0,3.0,PLAYER_WIN,CHECK|CHECK|BET_1X
1264,2617294112713165719,raw,net_profit,-3.0,3.0,DEALER_WIN,CHECK|CHECK|BET_1X
1265,6127645422416111555,raw,net_profit,-3.0,3.0,DEALER_WIN,CHECK|CHECK|BET_1X
1266,1431839606688997870,raw,net_profit,0.0,3.0,PUSH,CHECK|CHECK|BET_1X
1267,4783030670272833982,raw,net_profit,2.0,3.0,PLAYER_WIN,CHECK|CHECK|BET_1X
1268,7859663660613786495,raw,net_profit,2.0,3.0,PLAYER_WIN,CHECK|CHECK|BET_1X
1269,1041842318151669327,raw,net_profit,-3.0,3.0,DEALER_WIN,CHECK|CHECK|BET_1X
1270,2807938010828474670,raw,net_profit,-3.0,3.0,DEALER_WIN,CHECK|CHECK|BET_1X
1271,2639159310204443175,raw,net_profit,-3.0,3.0,DEALER_WIN,CHECK|CHECK|BET_1X
1272,1091657476148484848,raw,net_profit,-3.0,3.0,DEALER_WIN,CHECK|CHECK|BET_1X
1273,2500482958959159555,raw,net_profit,-3.0,3.0,DEALER_WIN,CHECK|CHECK|BET_1X
1274,640857778365657897,raw,net_profit,-3.0,3.0,DEALER_WIN,CHECK|CHECK|BET_1X
1275,1415289226242712879,raw,net_profit,1.0,3.0,PLAYER_WIN,CHECK|CHECK|BET_1X
1276,621838624144925470,raw,net_profit,2.0,3.0,PLAYER_WIN,CHECK|CHECK|BET_1X
1277,563200965238475958,raw,net_profit,1.0,3.0,PLAYER_WIN,CHECK|CHECK|BET_1X
1278,2359981439400428916,raw,net_profit,0.0,3.0,PUSH,CHECK|CHECK|BET_1X
1279,8687129613864601333,raw,net_profit,-2.0,3.0,DEALER_WIN,CHECK|CHECK|BET_1X
1280,5654267061038162037,raw,net_profit,-3.0,3.0,DEALER_WIN,CHECK|CHECK|BET_1X
1281,7608515545172607046,raw,net_profit,-3.0,3.0,DEALER_WIN,CHECK|CHECK|BET_1X
1282,5483622470330475584,raw,net_profit,-3.0,3.0,DEALER_WIN,CHECK|CHECK|BET_1X
1283,7871289473318603083,raw,net_profit,-2.0,3.0,DEALER_WIN,CHECK|CHECK|BET_1X
1284,3448480799270461269,raw,net_profit,-3.0,3.0,DEALER_WIN,CHECK|CHECK|BET_1X
1285,7291277836198626816,raw,net_profit,2.0,3.0,PLAYER_WIN,CHECK|CHECK|BET_1X
1286,4447723471224222442,raw,net_profit,-3.0,3.0,DEALER_WIN,CHECK|CHECK|BET_1X
1287,1739206862123126843,raw,net_profit,3.5,3.0,PLAYER_WIN,CHECK|CHECK|BET_1X
1288,3062401210676432428,raw,net_profit,-3.0,3.0,DEALER_WIN,CHECK|CHECK|BET_1X
1289,5722106987181351194,raw,net_profit,2.0,3.0,PLAYER_WIN,CHECK|CHECK|BET_1X
1290,4302291847419754638,raw,net_profit,0.0,3.0,PUSH,CHECK|CHECK|BET_1X
1291,8560677405178744195,raw,net_profit,-3.0,3.0,DEALER_WIN,CHECK|CHECK|BET_1X
1292,617616614726906064,raw,net_profit,-3.0,3.0,DEALER_WIN,CHECK|CHECK|BET_1X
1293,9033256196396176952,raw,net_profit,-3.0,3.0,DEALER_WIN,CHECK|CHECK|BET_1X
1294,4209436049901453403,raw,net_profit,-3.0,3.0,DEALER_WIN,CHECK|CHECK|BET_1X
1295,2151735676729618689,raw,net_profit,3.0,3.0,PLAYER_WIN,CHECK|CHECK|BET_1X
1296,5212156105356581307,raw,net_profit,-3.0,3.0,DEALER_WIN,CHECK|CHECK|BET_1X
1297,6922358518899554287,raw,net_profit,-2.0,3.0,DEALER_WIN,CHECK|CHECK|BET_1X
1298,8745579999531707415,raw,net_profit,2.0,3.0,PLAYER_WIN,CHECK|CHECK|BET_1X
1299,3597070998506864895,raw,net_profit,-3.0,3.0,DEALER_WIN,CHECK|CHECK|BET_1X
1300,4384708403930269102,raw,net_profit,-3.0,3.0,DEALER_WIN,CHECK|CHECK|BET_1X
1301,8639057858820145644,raw,net_profit,2.0,3.0,PLAYER_WIN,CHECK|CHECK|BET_1X
1302,5423026297444360655,raw,net_profit,-3.0,3.0,DEALER_WIN,CHECK|CHECK|BET_1X
1303,6035859061974806878,raw,net_profit,3.0,3.0,PLAYER_WIN,CHECK|CHECK|BET_1X
1304,4140762081061262816,raw,net_profit,-3.0,3.0,DEALER_WIN,CHECK|CHECK|BET_1X
1305,2039169072664694698,raw,net_profit,2.0,3.0,PLAYER_WIN,CHECK|CHECK|BET_1X
1306,7261693007822852979,raw,net_profit,2.0,3.0,PLAYER_WIN,CHECK|CHECK|BET_1X
1307,2361100303713412770,raw,net_profit,-3.0,3.0,DEALER_WIN,CHECK|CHECK|BET_1X
1308,4417216828810072443,raw,net_profit,2.0,3.0,PLAYER_WIN,CHECK|CHECK|BET_1X
1309,6910938802935714139,raw,net_profit,1.0,3.0,PLAYER_WIN,CHECK|CHECK|BET_1X
1310,5327104533333288434,raw,net_profit,-3.0,3.0,DEALER_WIN,CHECK|CHECK|BET_1X
1311,9074673193288097870,raw,net_profit,-3.0,3.0,DEALER_WIN,CHECK|CHECK|BET_1X
1312,8661245229263981737,raw,net_profit,-3.0,3.0,DEALER_WIN,CHECK|CHECK|BET_1X
1313,2371209142237566163,raw,net_profit,2.0,3.0,PLAYER_WIN,CHECK|CHECK|BET_1X
1314,8426050124395478013,raw,net_profit,1.0,3.0,PLAYER_WIN,CHECK|CHECK|BET_1X
1315,6531547158114890916,raw,net_profit,-3.0,3.0,DEALER_WIN,CHECK|CHECK|BET_1X
1316,4719327623297257569,raw,net_profit,-3.0,3.0,DEALER_WIN,CHECK|CHECK|BET_1X
1317,6202511469712217742,raw,net_profit,2.0,3.0,PLAYER_WIN,CHECK|CHECK|BET_1X
1318,3718866476893235667,raw,net_profit,0.0,3.0,PUSH,CHECK|CHECK|BET_1X
1319,933973746023529726,raw,net_profit,2.0,3.0,PLAYER_WIN,CHECK|CHECK|BET_1X
1320,1829330533167928196,raw,net_profit,2.0,3.0,PLAYER_WIN,CHECK|CHECK|BET_1X
1321,7127681761821759605,raw,net_profit,-3.0,3.0,DEALER_WIN,CHECK|CHECK|BET_1X
1322,7165588210701594658,raw,net_profit,-3.0,3.0,DEALER_WIN,CHECK|CHECK|BET_1X
1323,5093479324997716792,raw,net_profit,-3.0,3.0,DEALER_WIN,CHECK|CHECK|BET_1X
1324,5697763341748783926,raw,net_profit,-3.0,3.0,DEALER_WIN,CHECK|CHECK|BET_1X
1325,9196175419848776843,raw,net_profit,-3.0,3.0,DEALER_WIN,CHECK|CHECK|BET_1X
1326,3412273809541398043,raw,net_profit,1.0,3.0,PLAYER_WIN,CHECK|CHECK|BET_1X
1327,3372313035402629886,raw,net_profit,-3.0,3.0,DEALER_WIN,CHECK|CHECK|BET_1X
1328,4908617180526232430,raw,net_profit,1.0,3.0,PLAYER_WIN,CHECK|CHECK|BET_1X
1329,8191431634909406045,raw,net_profit,-3.0,3.0,DEALER_WIN,CHECK|CHECK|BET_1X
1330,6143667873170257595,raw,net_profit,3.0,3.0,PLAYER_WIN,CHECK|CHECK|BET_1X
1331,5945825047048673740,raw,net_profit,2.0,3.0,PLAYER_WIN,CHECK|CHECK|BET_1X
1332,4935998475300175992,raw,net_profit,3.5,3.0,PLAYER_WIN,CHECK|CHECK|BET_1X
1333,1894466286647268915,raw,net_profit,2.0,3.0,PLAYER_WIN,CHECK|CHECK|BET_1X
1334,7517589447612466095,raw,net_profit,-3.0,3.0,DEALER_WIN,CHECK|CHECK|BET_1X
1335,7718559627162238441,raw,net_profit,-3.0,3.0,DEALER_WIN,CHECK|CHECK|BET_1X
1336,3046220738195633989,raw,net_profit,-3.0,3.0,DEALER_WIN,CHECK|CHECK|BET_1X
1337,2851437806605892026,raw,net_profit,-3.0,3.0,DEALER_WIN,CHECK|CHECK|BET_1X
1338,5105740036110257985,raw,net_profit,2.0,3.0,PLAYER_WIN,CHECK|CHECK|BET_1X
1339,972753767659694481,raw,net_profit,-3.0,3.0,DEALER_WIN,CHECK|CHECK|BET_1X
1340,3818985952824772781,raw,net_profit,2.0,3.0,PLAYER_WIN,CHECK|CHECK|BET_1X
1341,6984248494470594510,raw,net_profit,-3.0,3.0,DEALER_WIN,CHECK|CHECK|BET_1X
1342,1706834233308464919,raw,net_profit,-3.0,3.0,DEALER_WIN,CHECK|CHECK|BET_1X
1343,3738610918600394290,raw,net_profit,3.0,3.0,PLAYER_WIN,CHECK|CHECK|BET_1X
1344,8693581685970958596,raw,net_profit,-3.0,3.0,DEALER_WIN,CHECK|CHECK|BET_1X
1345,6898479698877100365,raw,net_profit,-3.0,3.0,DEALER_WIN,CHECK|CHECK|BET_1X
1346,6467017529299915674,raw,net_profit,-3.0,3.0,DEALER_WIN,CHECK|CHECK|BET_1X
1347,9098379982712861676,raw,net_profit,-3.0,3.0,DEALER_WIN,CHECK|CHECK|BET_1X
1348,2899543734473463456,raw,net_profit,-3.0,3.0,DEALER_WIN,CHECK|CHECK|BET_1X
1349,7707419387808675928,raw,net_profit,-3.0,3.0,DEALER_WIN,CHECK|CHECK|BET_1X
1350,7649804663698897479,raw,net_profit,-3.0,3.0,DEALER_WIN,CHECK|CHECK|BET_1X
1351,8925557195151259406,raw,net_profit,12.0,3.0,PLAYER_WIN,CHECK|CHECK|BET_1X
1352,6734187378102762012,raw,net_profit,1.0,3.0,PLAYER_WIN,CHECK|CHECK|BET_1X
1353,5175046303819216187,raw,net_profit,-2.0,3.0,DEALER_WIN,CHECK|CHECK|BET_1X
1354,147091365715262956,raw,net_profit,3.5,3.0,PLAYER_WIN,CHECK|CHECK|BET_1X
1355,6691159194168538952,raw,net_profit,2.0,3.0,PLAYER_WIN,CHECK|CHECK|BET_1X
1356,2050926938726983849,raw,net_profit,-3.0,3.0,DEALER_WIN,CHECK|CHECK|BET_1X
1357,4967635575186951080,raw,net_profit,-3.0,3.0,DEALER_WIN,CHECK|CHECK|BET_1X
1358,3066966942440628611,raw,net_profit,1.0,3.0,PLAYER_WIN,CHECK|CHECK|BET_1X
1359,1287949472356671444,raw,net_profit,-3.0,3.0,DEALER_WIN,CHECK|CHECK|BET_1X
1360,3184005751675782129,raw,net_profit,0.0,3.0,PUSH,CHECK|CHECK|BET_1X
1361,873212744385808736,raw,net_profit,5.0,3.0,PLAYER_WIN,CHECK|CHECK|BET_1X
1362,7073541531208686988,raw,net_profit,-3.0,3.0,DEALER_WIN,CHECK|CHECK|BET_1X
1363,2100888445096372866,raw,net_profit,-3.0,3.0,DEALER_WIN,CHECK|CHECK|BET_1X
1364,6324335274389368275,raw,net_profit,2.0,3.0,PLAYER_WIN,CHECK|CHECK|BET_1X
1365,1124115596723799020,raw,net_profit,2.0,3.0,PLAYER_WIN,CHECK|CHECK|BET_1X
1366,4018782336612168715,raw,net_profit,2.0,3.0,PLAYER_WIN,CHECK|CHECK|BET_1X
1367,3256661997488352551,raw,net_profit,2.0,3.0,PLAYER_WIN,CHECK|CHECK|BET_1X
1368,5760690551031542593,raw,net_profit,-2.0,3.0,DEALER_WIN,CHECK|CHECK|BET_1X
1369,9149421735694500915,raw,net_profit,2.0,3.0,PLAYER_WIN,CHECK|CHECK|BET_1X
1370,3370419085872373448,raw,net_profit,-3.0,3.0,DEALER_WIN,CHECK|CHECK|BET_1X
1371,7606557875223620020,raw,net_profit,2.0,3.0,PLAYER_WIN,CHECK|CHECK|BET_1X
1372,5608549038169476809,raw,net_profit,1.0,3.0,PLAYER_WIN,CHECK|CHECK|BET_1X
1373,5288448926716375676,raw,net_profit,1.0,3.0,PLAYER_WIN,CHECK|CHECK|BET_1X
1374,5509828904883306380,raw,net_profit,-3.0,3.0,DEALER_WIN,CHECK|CHECK|BET_1X
1375,143279103677173635,raw,net_profit,2.0,3.0,PLAYER_WIN,CHECK|CHECK|BET_1X
1376,3794372287911141599,raw,net_profit,-3.0,3.0,DEALER_WIN,CHECK|CHECK|BET_1X
1377,5691759518580562763,raw,net_profit,-3.0,3.0,DEALER_WIN,CHECK|CHECK|BET_1X
1378,5366342177281116041,raw,net_profit,-3.0,3.0,DEALER_WIN,CHECK|CHECK|BET_1X
1379,4486346172882605694,raw,net_profit,-3.0,3.0,DEALER_WIN,CHECK|CHECK|BET_1X
1380,7465999684905714817,raw,net_profit,2.0,3.0,PLAYER_WIN,CHECK|CHECK|BET_1X
1381,3131543343730496541,raw,net_profit,-3.0,3.0,DEALER_WIN,CHECK|CHECK|BET_1X
1382,439495856479884802,raw,net_profit,2.0,3.0,PLAYER_WIN,CHECK|CHECK|BET_1X
1383,6476586417654793528,raw,net_profit,-3.0,3.0,DEALER_WIN,CHECK|CHECK|BET_1X
1384,5576205330831016449,raw,net_profit,-3.0,3.0,DEALER_WIN,CHECK|CHECK|BET_1X
1385,2694052393289655288,raw,net_profit,-3.0,3.0,DEALER_WIN,CHECK|CHECK|BET_1X
1386,101536616190254274,raw,net_profit,2.0,3.0,PLAYER_WIN,CHECK|CHECK|BET_1X
1387,1151933629421364550,raw,net_profit,2.0,3.0,PLAYER_WIN,CHECK|CHECK|BET_1X
1388,3022294716807514476,raw,net_profit,-3.0,3.0,DEALER_WIN,CHECK|CHECK|BET_1X
1389,31611237461456647,raw,net_profit,1.0,3.0,PLAYER_WIN,CHECK|CHECK|BET_1X
1390,8838287183588697087,raw,net_profit,1.0,3.0,PLAYER_WIN,CHECK|CHECK|BET_1X
1391,1415939015069862703,raw,net_profit,-3.0,3.0,DEALER_WIN,CHECK|CHECK|BET_1X
1392,6226387113619986834,raw,net_profit,-3.0,3.0,DEALER_WIN,CHECK|CHECK|BET_1X
1393,7351695464058841775,raw,net_profit,-3.0,3.0,DEALER_WIN,CHECK|CHECK|BET_1X
1394,4597172830246536566,raw,net_profit,-3.0,3.0,DEALER_WIN,CHECK|CHECK|BET_1X
1395,9201196837241931896,raw,net_profit,-3.0,3.0,DEALER_WIN,CHECK|CHECK|BET_1X
1396,3299920387742176295,raw,net_profit,-3.0,3.0,DEALER_WIN,CHECK|CHECK|BET_1X
1397,9060578767944649805,raw,net_profit,-3.0,3.0,DEALER_WIN,CHECK|CHECK|BET_1X
1398,7131322578067629968,raw,net_profit,1.0,3.0,PLAYER_WIN,CHECK|CHECK|BET_1X
1399,7717802304377847088,raw,net_profit,-3.0,3.0,DEALER_WIN,CHECK|CHECK|BET_1X
1400,5409786661685916121,raw,net_profit,0.0,3.0,PUSH,CHECK|CHECK|BET_1X
1401,5890335611682318501,raw,net_profit,-3.0,3.0,DEALER_WIN,CHECK|CHECK|BET_1X
1402,5654876338733341092,raw,net_profit,-3.0,3.0,DEALER_WIN,CHECK|CHECK|BET_1X
1403,8403304506001235112,raw,net_profit,-3.0,3.0,DEALER_WIN,CHECK|CHECK|BET_1X
1404,4265414195365498051,raw,net_profit,2.0,3.0,PLAYER_WIN,CHECK|CHECK|BET_1X
1405,8142698358966480385,raw,net_profit,-3.0,3.0,DEALER_WIN,CHECK|CHECK|BET_1X
1406,7723198225422701589,raw,net_profit,-3.0,3.0,DEALER_WIN,CHECK|CHECK|BET_1X
1407,7966622045962767308,raw,net_profit,-3.0,3.0,DEALER_WIN,CHECK|CHECK|BET_1X
1408,2916964207296855590,raw,net_profit,2.0,3.0,PLAYER_WIN,CHECK|CHECK|BET_1X
1409,4268660796429824950,raw,net_profit,1.0,3.0,PLAYER_WIN,CHECK|CHECK|BET_1X
1410,7178735634601175653,raw,net_profit,2.0,3.0,PLAYER_WIN,CHECK|CHECK|BET_1X
1411,5896145547259953579,raw,net_profit,2.0,3.0,PLAYER_WIN,CHECK|CHECK|BET_1X
1412,3522298123158160973,raw,net_profit,1.0,3.0,PLAYER_WIN,CHECK|CHECK|BET_1X
1413,5485542604874358604,raw,net_profit,1.0,3.0,PLAYER_WIN,CHECK|CHECK|BET_1X
1414,7484089243420771897,raw,net_profit,-3.0,3.0,DEALER_WIN,CHECK|CHECK|BET_1X
1415,3302638184796077007,raw,net_profit,-3.0,3.0,DEALER_WIN,CHECK|CHECK|BET_1X
1416,8781073197511765731,raw,net_profit,1.0,3.0,PLAYER_WIN,CHECK|CHECK|BET_1X
1417,1619158679380131579,raw,net_profit,-3.0,3.0,DEALER_WIN,CHECK|CHECK|BET_1X
1418,551522053752283631,raw,net_profit,3.0,3.0,PLAYER_WIN,CHECK|CHECK|BET_1X
1419,7456515853306383515,raw,net_profit,2.0,3.0,PLAYER_WIN,CHECK|CHECK|BET_1X
1420,5937448518837851628,raw,net_profit,2.0,3.0,PLAYER_WIN,CHECK|CHECK|BET_1X
1421,6559512130621921797,raw,net_profit,-3.0,3.0,DEALER_WIN,CHECK|CHECK|BET_1X
1422,1273232838605333899,raw,net_profit,-3.0,3.0,DEALER_WIN,CHECK|CHECK|BET_1X
1423,6448139503695210024,raw,net_profit,2.0,3.0,PLAYER_WIN,CHECK|CHECK|BET_1X
1424,4173987724441870253,raw,net_profit,-3.0,3.0,DEALER_WIN,CHECK|CHECK|BET_1X
1425,2813857178189012385,raw,net_profit,2.0,3.0,PLAYER_WIN,CHECK|CHECK|BET_1X
1426,4868029907348731359,raw,net_profit,-3.0,3.0,DEALER_WIN,CHECK|CHECK|BET_1X
1427,3558666007166698340,raw,net_profit,2.0,3.0,PLAYER_WIN,CHECK|CHECK|BET_1X
1428,6768479108251100407,raw,net_profit,0.0,3.0,PUSH,CHECK|CHECK|BET_1X
1429,3330350905021995663,raw,net_profit,5.0,3.0,PLAYER_WIN,CHECK|CHECK|BET_1X
1430,3197766818826974933,raw,net_profit,-3.0,3.0,DEALER_WIN,CHECK|CHECK|BET_1X
1431,5858867470136378168,raw,net_profit,2.0,3.0,PLAYER_WIN,CHECK|CHECK|BET_1X
1432,699216507031950642,raw,net_profit,-2.0,3.0,DEALER_WIN,CHECK|CHECK|BET_1X
1433,5928238444213262809,raw,net_profit,-3.0,3.0,DEALER_WIN,CHECK|CHECK|BET_1X
1434,1475149981248865584,raw,net_profit,-3.0,3.0,DEALER_WIN,CHECK|CHECK|BET_1X
1435,169973454147600091,raw,net_profit,-3.0,3.0,DEALER_WIN,CHECK|CHECK|BET_1X
1436,418902612952652254,raw,net_profit,1.0,3.0,PLAYER_WIN,CHECK|CHECK|BET_1X
1437,9039252565900231118,raw,net_profit,-3.0,3.0,DEALER_WIN,CHECK|CHECK|BET_1X
1438,1871675442833820573,raw,net_profit,-3.0,3.0,DEALER_WIN,CHECK|CHECK|BET_1X
1439,4776873675951770246,raw,net_profit,2.0,3.0,PLAYER_WIN,CHECK|CHECK|BET_1X
1440,1819530981497078222,raw,net_profit,1.0,3.0,PLAYER_WIN,CHECK|CHECK|BET_1X
1441,1835109343740906356,raw,net_profit,-3.0,3.0,DEALER_WIN,CHECK|CHECK|BET_1X
1442,7133746391913214796,raw,net_profit,2.0,3.0,PLAYER_WIN,CHECK|CHECK|BET_1X
1443,4982450519690919940,raw,net_profit,-3.0,3.0,DEALER_WIN,CHECK|CHECK|BET_1X
1444,2488986202173658666,raw,net_profit,1.0,3.0,PLAYER_WIN,CHECK|CHECK|BET_1X
1445,5788174618084765656,raw,net_profit,5.0,3.0,PLAYER_WIN,CHECK|CHECK|BET_1X
1446,5800617968527134068,raw,net_profit,1.0,3.0,PLAYER_WIN,CHECK|CHECK|BET_1X
1447,7721195635161957124,raw,net_profit,-3.0,3.0,DEALER_WIN,CHECK|CHECK|BET_1X
1448,3592440755616966525,raw,net_profit,-3.0,3.0,DEALER_WIN,CHECK|CHECK|BET_1X
1449,2365546622226802361,raw,net_profit,-3.0,3.0,DEALER_WIN,CHECK|CHECK|BET_1X
1450,6774604120511477155,raw,net_profit,2.0,3.0,PLAYER_WIN,CHECK|CHECK|BET_1X
1451,2922366730585668790,raw,net_profit,2.0,3.0,PLAYER_WIN,CHECK|CHECK|BET_1X
1452,2396466598083144208,raw,net_profit,0.0,3.0,PUSH,CHECK|CHECK|BET_1X
1453,8393387890001164703,raw,net_profit,3.0,3.0,PLAYER_WIN,CHECK|CHECK|BET_1X
1454,3443355909739465496,raw,net_profit,-3.0,3.0,DEALER_WIN,CHECK|CHECK|BET_1X
1455,7561716517118275253,raw,net_profit,2.0,3.0,PLAYER_WIN,CHECK|CHECK|BET_1X
1456,876754955072802546,raw,net_profit,-3.0,3.0,DEALER_WIN,CHECK|CHECK|BET_1X
1457,3424766123155747260,raw,net_profit,-3.0,3.0,DEALER_WIN,CHECK|CHECK|BET_1X
1458,8733389037366209553,raw,net_profit,2.0,3.0,PLAYER_WIN,CHECK|CHECK|BET_1X
1459,6453553815253117406,raw,net_profit,1.0,3.0,PLAYER_WIN,CHECK|CHECK|BET_1X
1460,3884330589064543446,raw,net_profit,-3.0,3.0,DEALER_WIN,CHECK|CHECK|BET_1X
1461,8171743067686064912,raw,net_profit,2.0,3.0,PLAYER_WIN,CHECK|CHECK|BET_1X
1462,5761890851045367837,raw,net_profit,1.0,3.0,PLAYER_WIN,CHECK|CHECK|BET_1X
1463,564635081583819976,raw,net_profit,1.0,3.0,PLAYER_WIN,CHECK|CHECK|BET_1X
1464,260466161095494257,raw,net_profit,-3.0,3.0,DEALER_WIN,CHECK|CHECK|BET_1X
1465,7848398658229901033,raw,net_profit,-3.0,3.0,DEALER_WIN,CHECK|CHECK|BET_1X
1466,4641500459469168729,raw,net_profit,-3.0,3.0,DEALER_WIN,CHECK|CHECK|BET_1X
1467,6200760992432924399,raw,net_profit,2.0,3.0,PLAYER_WIN,CHECK|CHECK|BET_1X
1468,6194261259568973548,raw,net_profit,2.0,3.0,PLAYER_WIN,CHECK|CHECK|BET_1X
1469,8469389738362291926,raw,net_profit,-3.0,3.0,DEALER_WIN,CHECK|CHECK|BET_1X
1470,3719868207292654331,raw,net_profit,2.0,3.0,PLAYER_WIN,CHECK|CHECK|BET_1X
1471,7349472207006283012,raw,net_profit,-3.0,3.0,DEALER_WIN,CHECK|CHECK|BET_1X
1472,424873595786848100,raw,net_profit,-3.0,3.0,DEALER_WIN,CHECK|CHECK|BET_1X
1473,8578120617849113854,raw,net_profit,2.0,3.0,PLAYER_WIN,CHECK|CHECK|BET_1X
1474,4833801962936471970,raw,net_profit,1.0,3.0,PLAYER_WIN,CHECK|CHECK|BET_1X
1475,3438309928117593341,raw,net_profit,-3.0,3.0,DEALER_WIN,CHECK|CHECK|BET_1X
1476,6819331020464731208,raw,net_profit,-3.0,3.0,DEALER_WIN,CHECK|CHECK|BET_1X
1477,7625113511287351913,raw,net_profit,-3.0,3.0,DEALER_WIN,CHECK|CHECK|BET_1X
1478,2381212050311927077,raw,net_profit,2.0,3.0,PLAYER_WIN,CHECK|CHECK|BET_1X
1479,5046833515792174370,raw,net_profit,-3.0,3.0,DEALER_WIN,CHECK|CHECK|BET_1X
1480,2671604049758484187,raw,net_profit,-3.0,3.0,DEALER_WIN,CHECK|CHECK|BET_1X
1481,8183715585270656349,raw,net_profit,-3.0,3.0,DEALER_WIN,CHECK|CHECK|BET_1X
1482,5412214817194035191,raw,net_profit,-3.0,3.0,DEALER_WIN,CHECK|CHECK|BET_1X
1483,1262944060904524333,raw,net_profit,3.5,3.0,PLAYER_WIN,CHECK|CHECK|BET_1X
1484,457224622361503052,raw,net_profit,-3.0,3.0,DEALER_WIN,CHECK|CHECK|BET_1X
1485,4952540412123803404,raw,net_profit,1.0,3.0,PLAYER_WIN,CHECK|CHECK|BET_1X
1486,825436514699075462,raw,net_profit,2.0,3.0,PLAYER_WIN,CHECK|CHECK|BET_1X
1487,831308192827051495,raw,net_profit,-3.0,3.0,DEALER_WIN,CHECK|CHECK|BET_1X
1488,7593489495622851940,raw,net_profit,2.0,3.0,PLAYER_WIN,CHECK|CHECK|BET_1X
1489,5732243077598426429,raw,net_profit,2.0,3.0,PLAYER_WIN,CHECK|CHECK|BET_1X
1490,5708273517641788869,raw,net_profit,2.0,3.0,PLAYER_WIN,CHECK|CHECK|BET_1X
1491,1579560838912517655,raw,net_profit,-3.0,3.0,DEALER_WIN,CHECK|CHECK|BET_1X
1492,5044808264212287479,raw,net_profit,-3.0,3.0,DEALER_WIN,CHECK|CHECK|BET_1X
1493,1005514173953636587,raw,net_profit,-3.0,3.0,DEALER_WIN,CHECK|CHECK|BET_1X
1494,816438790312902701,raw,net_profit,-3.0,3.0,DEALER_WIN,CHECK|CHECK|BET_1X
1495,2406811608160478523,raw,net_profit,-3.0,3.0,DEALER_WIN,CHECK|CHECK|BET_1X
1496,8047582112756186471,raw,net_profit,-3.0,3.0,DEALER_WIN,CHECK|CHECK|BET_1X
1497,1721154304414877100,raw,net_profit,-3.0,3.0,DEALER_WIN,CHECK|CHECK|BET_1X
1498,1830985799809498775,raw,net_profit,2.0,3.0,PLAYER_WIN,CHECK|CHECK|BET_1X
1499,56088238221497325,raw,net_profit,2.0,3.0,PLAYER_WIN,CHECK|CHECK|BET_1X
1500,2622356040036265215,raw,net_profit,2.0,3.0,PLAYER_WIN,CHECK|CHECK|BET_1X
1501,7545092499412162989,raw,net_profit,2.0,3.0,PLAYER_WIN,CHECK|CHECK|BET_1X
1502,7482362222628142724,raw,net_profit,2.0,3.0,PLAYER_WIN,CHECK|CHECK|BET_1X
1503,6404117473370075514,raw,net_profit,-3.0,3.0,DEALER_WIN,CHECK|CHECK|BET_1X
1504,7517001996571946313,raw,net_profit,2.0,3.0,PLAYER_WIN,CHECK|CHECK|BET_1X
1505,8336013511917664794,raw,net_profit,-3.0,3.0,DEALER_WIN,CHECK|CHECK|BET_1X
1506,3810960079573190973,raw,net_profit,2.0,3.0,PLAYER_WIN,CHECK|CHECK|BET_1X
1507,6597906007613689311,raw,net_profit,3.0,3.0,PLAYER_WIN,CHECK|CHECK|BET_1X
1508,1692622722791316369,raw,net_profit,2.0,3.0,PLAYER_WIN,CHECK|CHECK|BET_1X
1509,7961424869871106660,raw,net_profit,1.0,3.0,PLAYER_WIN,CHECK|CHECK|BET_1X
1510,4676808141435491466,raw,net_profit,2.0,3.0,PLAYER_WIN,CHECK|CHECK|BET_1X
1511,4129123305836494312,raw,net_profit,-3.0,3.0,DEALER_WIN,CHECK|CHECK|BET_1X
1512,7270936826081411644,raw,net_profit,-3.0,3.0,DEALER_WIN,CHECK|CHECK|BET_1X
1513,5103300024024310754,raw,net_profit,2.0,3.0,PLAYER_WIN,CHECK|CHECK|BET_1X
1514,17559126255995556,raw,net_profit,-3.0,3.0,DEALER_WIN,CHECK|CHECK|BET_1X
1515,1639205711089686269,raw,net_profit,-3.0,3.0,DEALER_WIN,CHECK|CHECK|BET_1X
1516,2800698661641540343,raw,net_profit,-3.0,3.0,DEALER_WIN,CHECK|CHECK|BET_1X
1517,6289570358999343073,raw,net_profit,-3.0,3.0,DEALER_WIN,CHECK|CHECK|BET_1X
1518,4891525273349908392,raw,net_profit,2.0,3.0,PLAYER_WIN,CHECK|CHECK|BET_1X
1519,3338303441290144510,raw,net_profit,1.0,3.0,PLAYER_WIN,CHECK|CHECK|BET_1X
1520,2495366085019695119,raw,net_profit,2.0,3.0,PLAYER_WIN,CHECK|CHECK|BET_1X
1521,9145223143956890515,raw,net_profit,-3.0,3.0,DEALER_WIN,CHECK|CHECK|BET_1X
1522,7957693143520949711,raw,net_profit,2.0,3.0,PLAYER_WIN,CHECK|CHECK|BET_1X
1523,3655838423870851133,raw,net_profit,2.0,3.0,PLAYER_WIN,CHECK|CHECK|BET_1X
1524,9190276953180016300,raw,net_profit,1.0,3.0,PLAYER_WIN,CHECK|CHECK|BET_1X
1525,339390872411178383,raw,net_profit,1.0,3.0,PLAYER_WIN,CHECK|CHECK|BET_1X
1526,5963531400629739867,raw,net_profit,1.0,3.0,PLAYER_WIN,CHECK|CHECK|BET_1X
1527,884398810105111139,raw,net_profit,2.0,3.0,PLAYER_WIN,CHECK|CHECK|BET_1X
1528,1719493635660046287,raw,net_profit,-3.0,3.0,DEALER_WIN,CHECK|CHECK|BET_1X
1529,9160690472856631252,raw,net_profit,-3.0,3.0,DEALER_WIN,CHECK|CHECK|BET_1X
1530,5660897947113719167,raw,net_profit,-3.0,3.0,DEALER_WIN,CHECK|CHECK|BET_1X
1531,7230935076108275801,raw,net_profit,1.0,3.0,PLAYER_WIN,CHECK|CHECK|BET_1X
1532,238053671912262185,raw,net_profit,-3.0,3.0,DEALER_WIN,CHECK|CHECK|BET_1X
1533,7579720061232290296,raw,net_profit,-3.0,3.0,DEALER_WIN,CHECK|CHECK|BET_1X
1534,1760029153393106936,raw,net_profit,2.0,3.0,PLAYER_WIN,CHECK|CHECK|BET_1X
1535,7173002023297395439,raw,net_profit,-3.0,3.0,DEALER_WIN,CHECK|CHECK|BET_1X
1536,5691352830855680888,raw,net_profit,3.5,3.0,PLAYER_WIN,CHECK|CHECK|BET_1X
1537,4508408073772492436,raw,net_profit,-3.0,3.0,DEALER_WIN,CHECK|CHECK|BET_1X
1538,2056826796612970329,raw,net_profit,-3.0,3.0,DEALER_WIN,CHECK|CHECK|BET_1X
1539,7155470893802494823,raw,net_profit,2.0,3.0,PLAYER_WIN,CHECK|CHECK|BET_1X
1540,8331427976208843630,raw,net_profit,2.0,3.0,PLAYER_WIN,CHECK|CHECK|BET_1X
1541,2270980649911722214,raw,net_profit,0.0,3.0,PUSH,CHECK|CHECK|BET_1X
1542,6400715697137180536,raw,net_profit,-3.0,3.0,DEALER_WIN,CHECK|CHECK|BET_1X
1543,4684962292112301031,raw,net_profit,2.0,3.0,PLAYER_WIN,CHECK|CHECK|BET_1X
1544,4798537037850643059,raw,net_profit,-3.0,3.0,DEALER_WIN,CHECK|CHECK|BET_1X
1545,3125162848762976800,raw,net_profit,-3.0,3.0,DEALER_WIN,CHECK|CHECK|BET_1X
1546,45890830658177291,raw,net_profit,-3.0,3.0,DEALER_WIN,CHECK|CHECK|BET_1X
1547,6289231266594512451,raw,net_profit,2.0,3.0,PLAYER_WIN,CHECK|CHECK|BET_1X
1548,665914765801645060,raw,net_profit,2.0,3.0,PLAYER_WIN,CHECK|CHECK|BET_1X
1549,3236621102429633615,raw,net_profit,-3.0,3.0,DEALER_WIN,CHECK|CHECK|BET_1X
1550,4097314923651362328,raw,net_profit,-3.0,3.0,DEALER_WIN,CHECK|CHECK|BET_1X
1551,8310522814916585562,raw,net_profit,-3.0,3.0,DEALER_WIN,CHECK|CHECK|BET_1X
1552,6984891316485384853,raw,net_profit,2.0,3.0,PLAYER_WIN,CHECK|CHECK|BET_1X
1553,5396264635245645061,raw,net_profit,-3.0,3.0,DEALER_WIN,CHECK|CHECK|BET_1X
1554,5341556228677524188,raw,net_profit,2.0,3.0,PLAYER_WIN,CHECK|CHECK|BET_1X
1555,6127342614878497113,raw,net_profit,1.0,3.0,PLAYER_WIN,CHECK|CHECK|BET_1X
1556,4114134835275691725,raw,net_profit,-3.0,3.0,DEALER_WIN,CHECK|CHECK|BET_1X
1557,159381828436554385,raw,net_profit,-3.0,3.0,DEALER_WIN,CHECK|CHECK|BET_1X
1558,9200974797828504672,raw,net_profit,2.0,3.0,PLAYER_WIN,CHECK|CHECK|BET_1X
1559,6414546809091471563,raw,net_profit,-3.0,3.0,DEALER_WIN,CHECK|CHECK|BET_1X
1560,7111100081624946933,raw,net_profit,-3.0,3.0,DEALER_WIN,CHECK|CHECK|BET_1X
1561,8008294676357578490,raw,net_profit,-3.0,3.0,DEALER_WIN,CHECK|CHECK|BET_1X
1562,1066379434075110324,raw,net_profit,-3.0,3.0,DEALER_WIN,CHECK|CHECK|BET_1X
1563,2105462678881888637,raw,net_profit,1.0,3.0,PLAYER_WIN,CHECK|CHECK|BET_1X
1564,3130649560562240034,raw,net_profit,-3.0,3.0,DEALER_WIN,CHECK|CHECK|BET_1X
1565,5131833880612071166,raw,net_profit,-3.0,3.0,DEALER_WIN,CHECK|CHECK|BET_1X
1566,5134627405320588626,raw,net_profit,2.0,3.0,PLAYER_WIN,CHECK|CHECK|BET_1X
1567,2046156408191496417,raw,net_profit,-2.0,3.0,DEALER_WIN,CHECK|CHECK|BET_1X
1568,4656738165991451388,raw,net_profit,1.0,3.0,PLAYER_WIN,CHECK|CHECK|BET_1X
1569,5079919991779327644,raw,net_profit,-3.0,3.0,DEALER_WIN,CHECK|CHECK|BET_1X
1570,3125867999499890767,raw,net_profit,-3.0,3.0,DEALER_WIN,CHECK|CHECK|BET_1X
1571,5722740422321992144,raw,net_profit,-3.0,3.0,DEALER_WIN,CHECK|CHECK|BET_1X
1572,7629811187508177418,raw,net_profit,-3.0,3.0,DEALER_WIN,CHECK|CHECK|BET_1X
1573,6290561643439436111,raw,net_profit,-3.0,3.0,DEALER_WIN,CHECK|CHECK|BET_1X
1574,3966136097587293549,raw,net_profit,2.0,3.0,PLAYER_WIN,CHECK|CHECK|BET_1X
1575,6321854508776565299,raw,net_profit,-3.0,3.0,DEALER_WIN,CHECK|CHECK|BET_1X
1576,5870737129509423974,raw,net_profit,-3.0,3.0,DEALER_WIN,CHECK|CHECK|BET_1X
1577,6277500868411651561,raw,net_profit,-3.0,3.0,DEALER_WIN,CHECK|CHECK|BET_1X
1578,5181095302608492108,raw,net_profit,-3.0,3.0,DEALER_WIN,CHECK|CHECK|BET_1X
1579,850691464675135181,raw,net_profit,2.0,3.0,PLAYER_WIN,CHECK|CHECK|BET_1X
1580,825500587077348620,raw,net_profit,2.0,3.0,PLAYER_WIN,CHECK|CHECK|BET_1X
1581,3613763963496423835,raw,net_profit,3.0,3.0,PLAYER_WIN,CHECK|CHECK|BET_1X
1582,8954605459746064157,raw,net_profit,-3.0,3.0,DEALER_WIN,CHECK|CHECK|BET_1X
1583,4884046220442419454,raw,net_profit,2.0,3.0,PLAYER_WIN,CHECK|CHECK|BET_1X
1584,7132003203495568575,raw,net_profit,1.0,3.0,PLAYER_WIN,CHECK|CHECK|BET_1X
1585,2117437423970090613,raw,net_profit,2.0,3.0,PLAYER_WIN,CHECK|CHECK|BET_1X
1586,4659858079280162644,raw,net_profit,-2.0,3.0,DEALER_WIN,CHECK|CHECK|BET_1X
1587,7164089397490172099,raw,net_profit,2.0,3.0,PLAYER_WIN,CHECK|CHECK|BET_1X
1588,7345451428539242804,raw,net_profit,1.0,3.0,PLAYER_WIN,CHECK|CHECK|BET_1X
1589,4271563384167149504,raw,net_profit,2.0,3.0,PLAYER_WIN,CHECK|CHECK|BET_1X
1590,1464256407270818613,raw,net_profit,-3.0,3.0,DEALER_WIN,CHECK|CHECK|BET_1X
1591,1043005145386624094,raw,net_profit,-3.0,3.0,DEALER_WIN,CHECK|CHECK|BET_1X
1592,3347082249759835255,raw,net_profit,2.0,3.0,PLAYER_WIN,CHECK|CHECK|BET_1X
1593,4536294331599055352,raw,net_profit,1.0,3.0,PLAYER_WIN,CHECK|CHECK|BET_1X
1594,1939903450338036562,raw,net_profit,2.0,3.0,PLAYER_WIN,CHECK|CHECK|BET_1X
1595,7995396897258635820,raw,net_profit,1.0,3.0,PLAYER_WIN,CHECK|CHECK|BET_1X
1596,6595604153583021632,raw,net_profit,-3.0,3.0,DEALER_WIN,CHECK|CHECK|BET_1X
1597,8550055218936699766,raw,net_profit,2.0,3.0,PLAYER_WIN,CHECK|CHECK|BET_1X
1598,6430147766024284818,raw,net_profit,2.0,3.0,PLAYER_WIN,CHECK|CHECK|BET_1X
1599,76605198978984826,raw,net_profit,1.0,3.0,PLAYER_WIN,CHECK|CHECK|BET_1X
1600,6889417707833407211,raw,net_profit,2.0,3.0,PLAYER_WIN,CHECK|CHECK|BET_1X
1601,9020754365034195218,raw,net_profit,-3.0,3.0,DEALER_WIN,CHECK|CHECK|BET_1X
1602,7771212825689204446,raw,net_profit,1.0,3.0,PLAYER_WIN,CHECK|CHECK|BET_1X
1603,869439289117528846,raw,net_profit,1.0,3.0,PLAYER_WIN,CHECK|CHECK|BET_1X
1604,1645933926339081400,raw,net_profit,-3.0,3.0,DEALER_WIN,CHECK|CHECK|BET_1X
1605,5377328169872371861,raw,net_profit,-3.0,3.0,DEALER_WIN,CHECK|CHECK|BET_1X
1606,943504496141288395,raw,net_profit,-3.0,3.0,DEALER_WIN,CHECK|CHECK|BET_1X
1607,2602837657315065742,raw,net_profit,-3.0,3.0,DEALER_WIN,CHECK|CHECK|BET_1X
1608,4496877783429775363,raw,net_profit,2.0,3.0,PLAYER_WIN,CHECK|CHECK|BET_1X
1609,6279967474064797436,raw,net_profit,-3.0,3.0,DEALER_WIN,CHECK|CHECK|BET_1X
1610,3557672089810139431,raw,net_profit,2.0,3.0,PLAYER_WIN,CHECK|CHECK|BET_1X
1611,6615083223048598316,raw,net_profit,-3.0,3.0,DEALER_WIN,CHECK|CHECK|BET_1X
1612,6116845063680851579,raw,net_profit,5.0,3.0,PLAYER_WIN,CHECK|CHECK|BET_1X
1613,8319780339277839065,raw,net_profit,0.0,3.0,PUSH,CHECK|CHECK|BET_1X
1614,8432631624344375204,raw,net_profit,-3.0,3.0,DEALER_WIN,CHECK|CHECK|BET_1X
1615,6223343881748895892,raw,net_profit,1.0,3.0,PLAYER_WIN,CHECK|CHECK|BET_1X
1616,2521223427273414475,raw,net_profit,-3.0,3.0,DEALER_WIN,CHECK|CHECK|BET_1X
1617,3573006506772960903,raw,net_profit,-3.0,3.0,DEALER_WIN,CHECK|CHECK|BET_1X
1618,6971658524141092107,raw,net_profit,-3.0,3.0,DEALER_WIN,CHECK|CHECK|BET_1X
1619,3107187642206538218,raw,net_profit,-3.0,3.0,DEALER_WIN,CHECK|CHECK|BET_1X
1620,8461013382673503658,raw,net_profit,-3.0,3.0,DEALER_WIN,CHECK|CHECK|BET_1X
1621,1121945687055848465,raw,net_profit,-3.0,3.0,DEALER_WIN,CHECK|CHECK|BET_1X
1622,1568138097563777115,raw,net_profit,-3.0,3.0,DEALER_WIN,CHECK|CHECK|BET_1X
1623,6688396781068500889,raw,net_profit,-3.0,3.0,DEALER_WIN,CHECK|CHECK|BET_1X
1624,3192494827897340516,raw,net_profit,-2.0,3.0,DEALER_WIN,CHECK|CHECK|BET_1X
1625,7566400174868077485,raw,net_profit,-3.0,3.0,DEALER_WIN,CHECK|CHECK|BET_1X
1626,991052469506479903,raw,net_profit,2.0,3.0,PLAYER_WIN,CHECK|CHECK|BET_1X
1627,3629856138679709658,raw,net_profit,0.0,3.0,PUSH,CHECK|CHECK|BET_1X
1628,4784630121160751487,raw,net_profit,1.0,3.0,PLAYER_WIN,CHECK|CHECK|BET_1X
1629,1977487415976879573,raw,net_profit,-2.0,3.0,DEALER_WIN,CHECK|CHECK|BET_1X
1630,8128920446855703853,raw,net_profit,-3.0,3.0,DEALER_WIN,CHECK|CHECK|BET_1X
1631,4609829305713559919,raw,net_profit,2.0,3.0,PLAYER_WIN,CHECK|CHECK|BET_1X
1632,7576440968127746320,raw,net_profit,2.0,3.0,PLAYER_WIN,CHECK|CHECK|BET_1X
1633,322423866266123897,raw,net_profit,-3.0,3.0,DEALER_WIN,CHECK|CHECK|BET_1X
1634,369313414757038504,raw,net_profit,3.0,3.0,PLAYER_WIN,CHECK|CHECK|BET_1X
1635,2834382413777094821,raw,net_profit,-2.0,3.0,DEALER_WIN,CHECK|CHECK|BET_1X
1636,6067727555660043485,raw,net_profit,2.0,3.0,PLAYER_WIN,CHECK|CHECK|BET_1X
1637,4547653392692230064,raw,net_profit,2.0,3.0,PLAYER_WIN,CHECK|CHECK|BET_1X
1638,241204426356571531,raw,net_profit,0.0,3.0,PUSH,CHECK|CHECK|BET_1X
1639,8927253463402110372,raw,net_profit,-3.0,3.0,DEALER_WIN,CHECK|CHECK|BET_1X
1640,7746837110916999506,raw,net_profit,2.0,3.0,PLAYER_WIN,CHECK|CHECK|BET_1X
1641,4523148247195149922,raw,net_profit,3.0,3.0,PLAYER_WIN,CHECK|CHECK|BET_1X
1642,253402496519031081,raw,net_profit,3.0,3.0,PLAYER_WIN,CHECK|CHECK|BET_1X
1643,7274194317945799331,raw,net_profit,2.0,3.0,PLAYER_WIN,CHECK|CHECK|BET_1X
1644,5762381940215648667,raw,net_profit,-3.0,3.0,DEALER_WIN,CHECK|CHECK|BET_1X
1645,1777090677009411783,raw,net_profit,1.0,3.0,PLAYER_WIN,CHECK|CHECK|BET_1X
1646,4652783805182845379,raw,net_profit,-2.0,3.0,DEALER_WIN,CHECK|CHECK|BET_1X
1647,6257176825355660721,raw,net_profit,0.0,3.0,PUSH,CHECK|CHECK|BET_1X
1648,727556582245305846,raw,net_profit,0.0,3.0,PUSH,CHECK|CHECK|BET_1X
1649,5870439496324904424,raw,net_profit,-3.0,3.0,DEALER_WIN,CHECK|CHECK|BET_1X
1650,524661648082571378,raw,net_profit,5.0,3.0,PLAYER_WIN,CHECK|CHECK|BET_1X
1651,1445818986628318310,raw,net_profit,1.0,3.0,PLAYER_WIN,CHECK|CHECK|BET_1X
1652,3418452502841016634,raw,net_profit,-3.0,3.0,DEALER_WIN,CHECK|CHECK|BET_1X
1653,7100741647921403493,raw,net_profit,5.0,3.0,PLAYER_WIN,CHECK|CHECK|BET_1X
1654,5096126858472422861,raw,net_profit,-3.0,3.0,DEALER_WIN,CHECK|CHECK|BET_1X
1655,8925331460570708847,raw,net_profit,2.0,3.0,PLAYER_WIN,CHECK|CHECK|BET_1X
1656,5998818770424753395,raw,net_profit,3.5,3.0,PLAYER_WIN,CHECK|CHECK|BET_1X
1657,5347731676811241542,raw,net_profit,2.0,3.0,PLAYER_WIN,CHECK|CHECK|BET_1X
1658,7550871708590263242,raw,net_profit,2.0,3.0,PLAYER_WIN,CHECK|CHECK|BET_1X
1659,4952265095657630921,raw,net_profit,-3.0,3.0,DEALER_WIN,CHECK|CHECK|BET_1X
1660,3686061030127865561,raw,net_profit,1.0,3.0,PLAYER_WIN,CHECK|CHECK|BET_1X
1661,1023831131985916097,raw,net_profit,5.0,3.0,PLAYER_WIN,CHECK|CHECK|BET_1X
1662,8043561430930307925,raw,net_profit,3.5,3.0,PLAYER_WIN,CHECK|CHECK|BET_1X
1663,7426922474868982270,raw,net_profit,2.0,3.0,PLAYER_WIN,CHECK|CHECK|BET_1X
1664,7912174154725992692,raw,net_profit,-3.0,3.0,DEALER_WIN,CHECK|CHECK|BET_1X
1665,1815772174988154587,raw,net_profit,-3.0,3.0,DEALER_WIN,CHECK|CHECK|BET_1X
1666,8764694432503231530,raw,net_profit,2.0,3.0,PLAYER_WIN,CHECK|CHECK|BET_1X
1667,5922705194077632509,raw,net_profit,-3.0,3.0,DEALER_WIN,CHECK|CHECK|BET_1X
1668,1620883200640329251,raw,net_profit,-3.0,3.0,DEALER_WIN,CHECK|CHECK|BET_1X
1669,852332354783152799,raw,net_profit,-3.0,3.0,DEALER_WIN,CHECK|CHECK|BET_1X
1670,1187928676033378106,raw,net_profit,2.0,3.0,PLAYER_WIN,CHECK|CHECK|BET_1X
1671,4976975556840445983,raw,net_profit,2.0,3.0,PLAYER_WIN,CHECK|CHECK|BET_1X
1672,5518984867943300423,raw,net_profit,-3.0,3.0,DEALER_WIN,CHECK|CHECK|BET_1X
1673,3643424003496123613,raw,net_profit,1.0,3.0,PLAYER_WIN,CHECK|CHECK|BET_1X
1674,1185636054630081826,raw,net_profit,0.0,3.0,PUSH,CHECK|CHECK|BET_1X
1675,4421604784898578387,raw,net_profit,-3.0,3.0,DEALER_WIN,CHECK|CHECK|BET_1X
1676,2793852399072453875,raw,net_profit,-3.0,3.0,DEALER_WIN,CHECK|CHECK|BET_1X
1677,4517876068322056503,raw,net_profit,2.0,3.0,PLAYER_WIN,CHECK|CHECK|BET_1X
1678,2034822891736691813,raw,net_profit,1.0,3.0,PLAYER_WIN,CHECK|CHECK|BET_1X
1679,6574609249319015770,raw,net_profit,-3.0,3.0,DEALER_WIN,CHECK|CHECK|BET_1X
1680,436404940569345404,raw,net_profit,1.0,3.0,PLAYER_WIN,CHECK|CHECK|BET_1X
1681,1437001175354283707,raw,net_profit,5.0,3.0,PLAYER_WIN,CHECK|CHECK|BET_1X
1682,3183217844023355489,raw,net_profit,-3.0,3.0,DEALER_WIN,CHECK|CHECK|BET_1X
1683,6555761398884000836,raw,net_profit,2.0,3.0,PLAYER_WIN,CHECK|CHECK|BET_1X
1684,8970852128352269533,raw,net_profit,2.0,3.0,PLAYER_WIN,CHECK|CHECK|BET_1X
1685,5214557494089097166,raw,net_profit,-3.0,3.0,DEALER_WIN,CHECK|CHECK|BET_1X
1686,7432999957918986357,raw,net_profit,-3.0,3.0,DEALER_WIN,CHECK|CHECK|BET_1X
1687,4905243375814619884,raw,net_profit,2.0,3.0,PLAYER_WIN,CHECK|CHECK|BET_1X
1688,299215130061655222,raw,net_profit,1.0,3.0,PLAYER_WIN,CHECK|CHECK|BET_1X
1689,1181380229605035599,raw,net_profit,2.0,3.0,PLAYER_WIN,CHECK|CHECK|BET_1X
1690,8303319659733638513,raw,net_profit,-3.0,3.0,DEALER_WIN,CHECK|CHECK|BET_1X
1691,8247485982940576201,raw,net_profit,-3.0,3.0,DEALER_WIN,CHECK|CHECK|BET_1X
1692,1746259479859161963,raw,net_profit,-3.0,3.0,DEALER_WIN,CHECK|CHECK|BET_1X
1693,1703900831266735717,raw,net_profit,2.0,3.0,PLAYER_WIN,CHECK|CHECK|BET_1X
1694,5733133556769263694,raw,net_profit,0.0,3.0,PUSH,CHECK|CHECK|BET_1X
1695,522928319078590043,raw,net_profit,-3.0,3.0,DEALER_WIN,CHECK|CHECK|BET_1X
1696,417635987926860877,raw,net_profit,0.0,3.0,PUSH,CHECK|CHECK|BET_1X
1697,2551330849482594617,raw,net_profit,-3.0,3.0,DEALER_WIN,CHECK|CHECK|BET_1X
1698,2446994094874473971,raw,net_profit,2.0,3.0,PLAYER_WIN,CHECK|CHECK|BET_1X
1699,2037421977289213770,raw,net_profit,52.0,3.0,PLAYER_WIN,CHECK|CHECK|BET_1X
1700,2535584045853513881,raw,net_profit,2.0,3.0,PLAYER_WIN,CHECK|CHECK|BET_1X
1701,3053908424998881586,raw,net_profit,3.5,3.0,PLAYER_WIN,CHECK|CHECK|BET_1X
1702,2619551471872454830,raw,net_profit,-3.0,3.0,DEALER_WIN,CHECK|CHECK|BET_1X
1703,7764720134016559698,raw,net_profit,-3.0,3.0,DEALER_WIN,CHECK|CHECK|BET_1X
1704,4751386705041478118,raw,net_profit,2.0,3.0,PLAYER_WIN,CHECK|CHECK|BET_1X
1705,7136579802102096769,raw,net_profit,2.0,3.0,PLAYER_WIN,CHECK|CHECK|BET_1X
1706,2794206102848701586,raw,net_profit,-3.0,3.0,DEALER_WIN,CHECK|CHECK|BET_1X
1707,4994851861172092917,raw,net_profit,0.0,3.0,PUSH,CHECK|CHECK|BET_1X
1708,7850126793838016347,raw,net_profit,-3.0,3.0,DEALER_WIN,CHECK|CHECK|BET_1X
1709,1147859291149749954,raw,net_profit,2.0,3.0,PLAYER_WIN,CHECK|CHECK|BET_1X
1710,1554397968917507139,raw,net_profit,2.0,3.0,PLAYER_WIN,CHECK|CHECK|BET_1X
1711,5310318823861481041,raw,net_profit,-3.0,3.0,DEALER_WIN,CHECK|CHECK|BET_1X
1712,5485452227051320706,raw,net_profit,2.0,3.0,PLAYER_WIN,CHECK|CHECK|BET_1X
1713,8117354240050804332,raw,net_profit,-3.0,3.0,DEALER_WIN,CHECK|CHECK|BET_1X
1714,562860153591760397,raw,net_profit,0.0,3.0,PUSH,CHECK|CHECK|BET_1X
1715,5584149555203117802,raw,net_profit,-3.0,3.0,DEALER_WIN,CHECK|CHECK|BET_1X
1716,4119942973419802719,raw,net_profit,2.0,3.0,PLAYER_WIN,CHECK|CHECK|BET_1X
1717,7292805358339217583,raw,net_profit,2.0,3.0,PLAYER_WIN,CHECK|CHECK|BET_1X
1718,6744221769964297056,raw,net_profit,-3.0,3.0,DEALER_WIN,CHECK|CHECK|BET_1X
1719,5106722949689564320,raw,net_profit,-2.0,3.0,DEALER_WIN,CHECK|CHECK|BET_1X
1720,7688090517207109122,raw,net_profit,2.0,3.0,PLAYER_WIN,CHECK|CHECK|BET_1X
1721,5433269544770497344,raw,net_profit,2.0,3.0,PLAYER_WIN,CHECK|CHECK|BET_1X
1722,331153249774752663,raw,net_profit,1.0,3.0,PLAYER_WIN,CHECK|CHECK|BET_1X
1723,5727842913963837324,raw,net_profit,2.0,3.0,PLAYER_WIN,CHECK|CHECK|BET_1X
1724,4638831911617591188,raw,net_profit,-3.0,3.0,DEALER_WIN,CHECK|CHECK|BET_1X
1725,2703940543310797052,raw,net_profit,-3.0,3.0,DEALER_WIN,CHECK|CHECK|BET_1X
1726,768297400045784050,raw,net_profit,-3.0,3.0,DEALER_WIN,CHECK|CHECK|BET_1X
1727,7458806439316012306,raw,net_profit,5.0,3.0,PLAYER_WIN,CHECK|CHECK|BET_1X
1728,6748576821219524207,raw,net_profit,2.0,3.0,PLAYER_WIN,CHECK|CHECK|BET_1X
1729,6615884702697868377,raw,net_profit,2.0,3.0,PLAYER_WIN,CHECK|CHECK|BET_1X
1730,4944417683935702726,raw,net_profit,2.0,3.0,PLAYER_WIN,CHECK|CHECK|BET_1X
1731,2637555306604110312,raw,net_profit,2.0,3.0,PLAYER_WIN,CHECK|CHECK|BET_1X
1732,9000287255736005084,raw,net_profit,-3.0,3.0,DEALER_WIN,CHECK|CHECK|BET_1X
1733,3573601659911146198,raw,net_profit,-3.0,3.0,DEALER_WIN,CHECK|CHECK|BET_1X
1734,6596579220316555672,raw,net_profit,-3.0,3.0,DEALER_WIN,CHECK|CHECK|BET_1X
1735,3477191454824345933,raw,net_profit,-3.0,3.0,DEALER_WIN,CHECK|CHECK|BET_1X
1736,1369437627165048633,raw,net_profit,-3.0,3.0,DEALER_WIN,CHECK|CHECK|BET_1X
1737,1261314454712451200,raw,net_profit,1.0,3.0,PLAYER_WIN,CHECK|CHECK|BET_1X
1738,4524816652790789625,raw,net_profit,-3.0,3.0,DEALER_WIN,CHECK|CHECK|BET_1X
1739,670990407417587704,raw,net_profit,-3.0,3.0,DEALER_WIN,CHECK|CHECK|BET_1X
1740,3202851520769171504,raw,net_profit,-3.0,3.0,DEALER_WIN,CHECK|CHECK|BET_1X
1741,7610112569687383564,raw,net_profit,-3.0,3.0,DEALER_WIN,CHECK|CHECK|BET_1X
1742,3761275288367334793,raw,net_profit,-3.0,3.0,DEALER_WIN,CHECK|CHECK|BET_1X
1743,5764097116272902139,raw,net_profit,1.0,3.0,PLAYER_WIN,CHECK|CHECK|BET_1X
1744,242199748055065648,raw,net_profit,-2.0,3.0,DEALER_WIN,CHECK|CHECK|BET_1X
1745,1341090070919130949,raw,net_profit,-3.0,3.0,DEALER_WIN,CHECK|CHECK|BET_1X
1746,5253455800463575986,raw,net_profit,1.0,3.0,PLAYER_WIN,CHECK|CHECK|BET_1X
1747,7510146885751016906,raw,net_profit,1.0,3.0,PLAYER_WIN,CHECK|CHECK|BET_1X
1748,9090487300784495988,raw,net_profit,2.0,3.0,PLAYER_WIN,CHECK|CHECK|BET_1X
1749,965561579345765079,raw,net_profit,-3.0,3.0,DEALER_WIN,CHECK|CHECK|BET_1X
1750,158543209520442274,raw,net_profit,1.0,3.0,PLAYER_WIN,CHECK|CHECK|BET_1X
1751,6452758236488833245,raw,net_profit,2.0,3.0,PLAYER_WIN,CHECK|CHECK|BET_1X
1752,4825747812297596185,raw,net_profit,3.5,3.0,PLAYER_WIN,CHECK|CHECK|BET_1X
1753,2431714474647848909,raw,net_profit,-3.0,3.0,DEALER_WIN,CHECK|CHECK|BET_1X
1754,8247513225155793463,raw,net_profit,2.0,3.0,PLAYER_WIN,CHECK|CHECK|BET_1X
1755,3461444611005234603,raw,net_profit,2.0,3.0,PLAYER_WIN,CHECK|CHECK|BET_1X
1756,3907220580635524526,raw,net_profit,-3.0,3.0,DEALER_WIN,CHECK|CHECK|BET_1X
1757,362522712565860021,raw,net_profit,1.0,3.0,PLAYER_WIN,CHECK|CHECK|BET_1X
1758,8320880195042016798,raw,net_profit,2.0,3.0,PLAYER_WIN,CHECK|CHECK|BET_1X
1759,4535954285864039832,raw,net_profit,2.0,3.0,PLAYER_WIN,CHECK|CHECK|BET_1X
1760,4260400053947826813,raw,net_profit,1.0,3.0,PLAYER_WIN,CHECK|CHECK|BET_1X
1761,5415595190392400247,raw,net_profit,-3.0,3.0,DEALER_WIN,CHECK|CHECK|BET_1X
1762,4060136398969345018,raw,net_profit,1.0,3.0,PLAYER_WIN,CHECK|CHECK|BET_1X
1763,3326192948153924140,raw,net_profit,-3.0,3.0,DEALER_WIN,CHECK|CHECK|BET_1X
1764,8824215502991155447,raw,net_profit,-3.0,3.0,DEALER_WIN,CHECK|CHECK|BET_1X
1765,3637556070400858655,raw,net_profit,-3.0,3.0,DEALER_WIN,CHECK|CHECK|BET_1X
1766,7521980401628336639,raw,net_profit,-3.0,3.0,DEALER_WIN,CHECK|CHECK|BET_1X
1767,7570015431170821360,raw,net_profit,-3.0,3.0,DEALER_WIN,CHECK|CHECK|BET_1X
1768,8313416081121845816,raw,net_profit,3.0,3.0,PLAYER_WIN,CHECK|CHECK|BET_1X
1769,323503506186522374,raw,net_profit,3.5,3.0,PLAYER_WIN,CHECK|CHECK|BET_1X
1770,577420534511304206,raw,net_profit,-3.0,3.0,DEALER_WIN,CHECK|CHECK|BET_1X
1771,7547953878533766011,raw,net_profit,1.0,3.0,PLAYER_WIN,CHECK|CHECK|BET_1X
1772,3249015996583560080,raw,net_profit,-3.0,3.0,DEALER_WIN,CHECK|CHECK|BET_1X
1773,2256791632895092106,raw,net_profit,2.0,3.0,PLAYER_WIN,CHECK|CHECK|BET_1X
1774,4840660007225902825,raw,net_profit,2.0,3.0,PLAYER_WIN,CHECK|CHECK|BET_1X
1775,1656962618113311278,raw,net_profit,2.5,3.0,PLAYER_WIN,CHECK|CHECK|BET_1X
1776,3544316279031562608,raw,net_profit,-3.0,3.0,DEALER_WIN,CHECK|CHECK|BET_1X
1777,6038090315198504972,raw,net_profit,-3.0,3.0,DEALER_WIN,CHECK|CHECK|BET_1X
1778,5169405228563001527,raw,net_profit,2.0,3.0,PLAYER_WIN,CHECK|CHECK|BET_1X
1779,5074965907969752759,raw,net_profit,2.0,3.0,PLAYER_WIN,CHECK|CHECK|BET_1X
1780,8446711641493283379,raw,net_profit,-3.0,3.0,DEALER_WIN,CHECK|CHECK|BET_1X
1781,4074756906574746371,raw,net_profit,-3.0,3.0,DEALER_WIN,CHECK|CHECK|BET_1X
1782,880150389346662867,raw,net_profit,-3.0,3.0,DEALER_WIN,CHECK|CHECK|BET_1X
1783,4070794471689186362,raw,net_profit,2.0,3.0,PLAYER_WIN,CHECK|CHECK|BET_1X
1784,4281817644357636377,raw,net_profit,-3.0,3.0,DEALER_WIN,CHECK|CHECK|BET_1X
1785,4256278015274351592,raw,net_profit,2.0,3.0,PLAYER_WIN,CHECK|CHECK|BET_1X
1786,5767005906791889420,raw,net_profit,-3.0,3.0,DEALER_WIN,CHECK|CHECK|BET_1X
1787,2904120798561526318,raw,net_profit,5.0,3.0,PLAYER_WIN,CHECK|CHECK|BET_1X
1788,4458079727759386499,raw,net_profit,1.0,3.0,PLAYER_WIN,CHECK|CHECK|BET_1X
1789,8816611882112237375,raw,net_profit,1.0,3.0,PLAYER_WIN,CHECK|CHECK|BET_1X
1790,4986069558403801780,raw,net_profit,0.0,3.0,PUSH,CHECK|CHECK|BET_1X
1791,2071134742339722877,raw,net_profit,-3.0,3.0,DEALER_WIN,CHECK|CHECK|BET_1X
1792,424408178066949811,raw,net_profit,-3.0,3.0,DEALER_WIN,CHECK|CHECK|BET_1X
1793,5866556911466339239,raw,net_profit,2.0,3.0,PLAYER_WIN,CHECK|CHECK|BET_1X
1794,1112828659564214217,raw,net_profit,0.0,3.0,PUSH,CHECK|CHECK|BET_1X
1795,878594727757529655,raw,net_profit,1.0,3.0,PLAYER_WIN,CHECK|CHECK|BET_1X
1796,8689185256123783717,raw,net_profit,-3.0,3.0,DEALER_WIN,CHECK|CHECK|BET_1X
1797,6666153732916265338,raw,net_profit,1.0,3.0,PLAYER_WIN,CHECK|CHECK|BET_1X
1798,2766880499534942361,raw,net_profit,-3.0,3.0,DEALER_WIN,CHECK|CHECK|BET_1X
1799,1397127262601365733,raw,net_profit,-3.0,3.0,DEALER_WIN,CHECK|CHECK|BET_1X
1800,8187874777446692440,raw,net_profit,1.0,3.0,PLAYER_WIN,CHECK|CHECK|BET_1X
1801,1140455744912767370,raw,net_profit,1.0,3.0,PLAYER_WIN,CHECK|CHECK|BET_1X
1802,2461087181288498241,raw,net_profit,-3.0,3.0,DEALER_WIN,CHECK|CHECK|BET_1X
1803,4691507796948579503,raw,net_profit,-3.0,3.0,DEALER_WIN,CHECK|CHECK|BET_1X
1804,7998065104089441826,raw,net_profit,2.0,3.0,PLAYER_WIN,CHECK|CHECK|BET_1X
1805,21971058000916050,raw,net_profit,2.0,3.0,PLAYER_WIN,CHECK|CHECK|BET_1X
1806,3229429718296249340,raw,net_profit,2.0,3.0,PLAYER_WIN,CHECK|CHECK|BET_1X
1807,4461155982276520879,raw,net_profit,0.0,3.0,PUSH,CHECK|CHECK|BET_1X
1808,2143346857935827060,raw,net_profit,0.0,3.0,PUSH,CHECK|CHECK|BET_1X
1809,2730462189855882820,raw,net_profit,-3.0,3.0,DEALER_WIN,CHECK|CHECK|BET_1X
1810,7741666116955785671,raw,net_profit,-3.0,3.0,DEALER_WIN,CHECK|CHECK|BET_1X
1811,8862477382953420096,raw,net_profit,1.0,3.0,PLAYER_WIN,CHECK|CHECK|BET_1X
1812,5097484030510554729,raw,net_profit,-3.0,3.0,DEALER_WIN,CHECK|CHECK|BET_1X
1813,4092289871986959929,raw,net_profit,-2.0,3.0,DEALER_WIN,CHECK|CHECK|BET_1X
1814,4384347303765533594,raw,net_profit,1.0,3.0,PLAYER_WIN,CHECK|CHECK|BET_1X
1815,8508525806933371038,raw,net_profit,5.0,3.0,PLAYER_WIN,CHECK|CHECK|BET_1X
1816,1364774926336590458,raw,net_profit,2.0,3.0,PLAYER_WIN,CHECK|CHECK|BET_1X
1817,671310802068788021,raw,net_profit,-3.0,3.0,DEALER_WIN,CHECK|CHECK|BET_1X
1818,4397963852699009808,raw,net_profit,-3.0,3.0,DEALER_WIN,CHECK|CHECK|BET_1X
1819,7350479692975250631,raw,net_profit,2.0,3.0,PLAYER_WIN,CHECK|CHECK|BET_1X
1820,2146979384724618495,raw,net_profit,2.0,3.0,PLAYER_WIN,CHECK|CHECK|BET_1X
1821,8018214792573017566,raw,net_profit,2.0,3.0,PLAYER_WIN,CHECK|CHECK|BET_1X
1822,8484325751538590414,raw,net_profit,-2.0,3.0,DEALER_WIN,CHECK|CHECK|BET_1X
1823,5353636378030170821,raw,net_profit,2.0,3.0,PLAYER_WIN,CHECK|CHECK|BET_1X
1824,4288687281663731209,raw,net_profit,2.0,3.0,PLAYER_WIN,CHECK|CHECK|BET_1X
1825,6306879261598210919,raw,net_profit,2.0,3.0,PLAYER_WIN,CHECK|CHECK|BET_1X
1826,809728009571820996,raw,net_profit,-3.0,3.0,DEALER_WIN,CHECK|CHECK|BET_1X
1827,5102176547650531726,raw,net_profit,-3.0,3.0,DEALER_WIN,CHECK|CHECK|BET_1X
1828,8471097331211143041,raw,net_profit,-3.0,3.0,DEALER_WIN,CHECK|CHECK|BET_1X
1829,4036072342293238674,raw,net_profit,-3.0,3.0,DEALER_WIN,CHECK|CHECK|BET_1X
1830,6334846690409861495,raw,net_profit,3.5,3.0,PLAYER_WIN,CHECK|CHECK|BET_1X
1831,2500727587673946106,raw,net_profit,-3.0,3.0,DEALER_WIN,CHECK|CHECK|BET_1X
1832,4451578178643647875,raw,net_profit,3.0,3.0,PLAYER_WIN,CHECK|CHECK|BET_1X
1833,2534826932736029625,raw,net_profit,3.5,3.0,PLAYER_WIN,CHECK|CHECK|BET_1X
1834,5735823554652183986,raw,net_profit,2.0,3.0,PLAYER_WIN,CHECK|CHECK|BET_1X
1835,1847936620880157949,raw,net_profit,-3.0,3.0,DEALER_WIN,CHECK|CHECK|BET_1X
1836,479574177169462260,raw,net_profit,2.0,3.0,PLAYER_WIN,CHECK|CHECK|BET_1X
1837,2093393859449312420,raw,net_profit,2.0,3.0,PLAYER_WIN,CHECK|CHECK|BET_1X
1838,421987683046181899,raw,net_profit,2.0,3.0,PLAYER_WIN,CHECK|CHECK|BET_1X
1839,6219943174330429292,raw,net_profit,0.0,3.0,PUSH,CHECK|CHECK|BET_1X
1840,733594518319966023,raw,net_profit,-2.0,3.0,DEALER_WIN,CHECK|CHECK|BET_1X
1841,5198636048322793326,raw,net_profit,-3.0,3.0,DEALER_WIN,CHECK|CHECK|BET_1X
1842,2936286362599741655,raw,net_profit,1.0,3.0,PLAYER_WIN,CHECK|CHECK|BET_1X
1843,9045288193188556533,raw,net_profit,2.0,3.0,PLAYER_WIN,CHECK|CHECK|BET_1X
1844,1021244787754701050,raw,net_profit,1.0,3.0,PLAYER_WIN,CHECK|CHECK|BET_1X
1845,886358452798203838,raw,net_profit,2.0,3.0,PLAYER_WIN,CHECK|CHECK|BET_1X
1846,9044536977014461897,raw,net_profit,-3.0,3.0,DEALER_WIN,CHECK|CHECK|BET_1X
1847,4803570052109558230,raw,net_profit,-3.0,3.0,DEALER_WIN,CHECK|CHECK|BET_1X
1848,162274803220320130,raw,net_profit,-3.0,3.0,DEALER_WIN,CHECK|CHECK|BET_1X
1849,7713278865093983416,raw,net_profit,5.0,3.0,PLAYER_WIN,CHECK|CHECK|BET_1X
1850,6155503817148650205,raw,net_profit,-3.0,3.0,DEALER_WIN,CHECK|CHECK|BET_1X
1851,739209650565518393,raw,net_profit,-3.0,3.0,DEALER_WIN,CHECK|CHECK|BET_1X
1852,7127765244594760647,raw,net_profit,3.0,3.0,PLAYER_WIN,CHECK|CHECK|BET_1X
1853,6791109756893176571,raw,net_profit,-3.0,3.0,DEALER_WIN,CHECK|CHECK|BET_1X
1854,2219484899882386496,raw,net_profit,2.0,3.0,PLAYER_WIN,CHECK|CHECK|BET_1X
1855,1499019125778323035,raw,net_profit,-3.0,3.0,DEALER_WIN,CHECK|CHECK|BET_1X
1856,5876541947019924449,raw,net_profit,3.0,3.0,PLAYER_WIN,CHECK|CHECK|BET_1X
1857,2813283109732756401,raw,net_profit,1.0,3.0,PLAYER_WIN,CHECK|CHECK|BET_1X
1858,8425848739161627278,raw,net_profit,-3.0,3.0,DEALER_WIN,CHECK|CHECK|BET_1X
1859,4326872944236041641,raw,net_profit,2.0,3.0,PLAYER_WIN,CHECK|CHECK|BET_1X
1860,2352141606222279349,raw,net_profit,-3.0,3.0,DEALER_WIN,CHECK|CHECK|BET_1X
1861,3872618266914948034,raw,net_profit,-3.0,3.0,DEALER_WIN,CHECK|CHECK|BET_1X
1862,7300581089915212572,raw,net_profit,-3.0,3.0,DEALER_WIN,CHECK|CHECK|BET_1X
1863,5705921236592345154,raw,net_profit,2.0,3.0,PLAYER_WIN,CHECK|CHECK|BET_1X
1864,4260107957082750731,raw,net_profit,3.0,3.0,PLAYER_WIN,CHECK|CHECK|BET_1X
1865,7866778125081944297,raw,net_profit,2.0,3.0,PLAYER_WIN,CHECK|CHECK|BET_1X
1866,3185164799735981588,raw,net_profit,-3.0,3.0,DEALER_WIN,CHECK|CHECK|BET_1X
1867,3623807959845986266,raw,net_profit,-2.0,3.0,DEALER_WIN,CHECK|CHECK|BET_1X
1868,6756316751339392615,raw,net_profit,2.0,3.0,PLAYER_WIN,CHECK|CHECK|BET_1X
1869,2938311494181266354,raw,net_profit,1.0,3.0,PLAYER_WIN,CHECK|CHECK|BET_1X
1870,7427016410753022026,raw,net_profit,1.0,3.0,PLAYER_WIN,CHECK|CHECK|BET_1X
1871,2268758358478306679,raw,net_profit,-3.0,3.0,DEALER_WIN,CHECK|CHECK|BET_1X
1872,7781395712963892436,raw,net_profit,0.0,3.0,PUSH,CHECK|CHECK|BET_1X
1873,4827037218226252247,raw,net_profit,2.0,3.0,PLAYER_WIN,CHECK|CHECK|BET_1X
1874,5791529816626621325,raw,net_profit,3.0,3.0,PLAYER_WIN,CHECK|CHECK|BET_1X
1875,3760240295548952685,raw,net_profit,1.0,3.0,PLAYER_WIN,CHECK|CHECK|BET_1X
1876,5530009684226146982,raw,net_profit,-3.0,3.0,DEALER_WIN,CHECK|CHECK|BET_1X
1877,8374158521133422247,raw,net_profit,-3.0,3.0,DEALER_WIN,CHECK|CHECK|BET_1X
1878,5651246515438125696,raw,net_profit,2.0,3.0,PLAYER_WIN,CHECK|CHECK|BET_1X
1879,5605202080173720893,raw,net_profit,-3.0,3.0,DEALER_WIN,CHECK|CHECK|BET_1X
1880,574823934125364607,raw,net_profit,2.0,3.0,PLAYER_WIN,CHECK|CHECK|BET_1X
1881,6477889235735090447,raw,net_profit,1.0,3.0,PLAYER_WIN,CHECK|CHECK|BET_1X
1882,1023468444737760844,raw,net_profit,2.0,3.0,PLAYER_WIN,CHECK|CHECK|BET_1X
1883,8656719974427674618,raw,net_profit,-3.0,3.0,DEALER_WIN,CHECK|CHECK|BET_1X
1884,5915775816355820955,raw,net_profit,-3.0,3.0,DEALER_WIN,CHECK|CHECK|BET_1X
1885,8136904796338340892,raw,net_profit,2.0,3.0,PLAYER_WIN,CHECK|CHECK|BET_1X
1886,3464448992832401000,raw,net_profit,-3.0,3.0,DEALER_WIN,CHECK|CHECK|BET_1X
1887,8631763427280249726,raw,net_profit,2.0,3.0,PLAYER_WIN,CHECK|CHECK|BET_1X
1888,6070797455437785910,raw,net_profit,-3.0,3.0,DEALER_WIN,CHECK|CHECK|BET_1X
1889,3341529652956578549,raw,net_profit,1.0,3.0,PLAYER_WIN,CHECK|CHECK|BET_1X
1890,232046607720238211,raw,net_profit,2.0,3.0,PLAYER_WIN,CHECK|CHECK|BET_1X
1891,7230688846617243597,raw,net_profit,-3.0,3.0,DEALER_WIN,CHECK|CHECK|BET_1X
1892,8550729628055215519,raw,net_profit,-3.0,3.0,DEALER_WIN,CHECK|CHECK|BET_1X
1893,2597826074685939167,raw,net_profit,2.0,3.0,PLAYER_WIN,CHECK|CHECK|BET_1X
1894,4947494041917880821,raw,net_profit,-3.0,3.0,DEALER_WIN,CHECK|CHECK|BET_1X
1895,1329640335909250828,raw,net_profit,2.0,3.0,PLAYER_WIN,CHECK|CHECK|BET_1X
1896,3429629011043844382,raw,net_profit,-3.0,3.0,DEALER_WIN,CHECK|CHECK|BET_1X
1897,7550974467631543741,raw,net_profit,-3.0,3.0,DEALER_WIN,CHECK|CHECK|BET_1X
1898,8766060904575478753,raw,net_profit,-3.0,3.0,DEALER_WIN,CHECK|CHECK|BET_1X
1899,4132976710456062460,raw,net_profit,2.0,3.0,PLAYER_WIN,CHECK|CHECK|BET_1X
1900,5442156400911746022,raw,net_profit,0.0,3.0,PUSH,CHECK|CHECK|BET_1X
1901,949713193608089134,raw,net_profit,-3.0,3.0,DEALER_WIN,CHECK|CHECK|BET_1X
1902,1250488838855237473,raw,net_profit,-3.0,3.0,DEALER_WIN,CHECK|CHECK|BET_1X
1903,4038945388684460773,raw,net_profit,-3.0,3.0,DEALER_WIN,CHECK|CHECK|BET_1X
1904,2301907314121491050,raw,net_profit,-3.0,3.0,DEALER_WIN,CHECK|CHECK|BET_1X
1905,2611983433249294757,raw,net_profit,-3.0,3.0,DEALER_WIN,CHECK|CHECK|BET_1X
1906,1510665508745160156,raw,net_profit,-3.0,3.0,DEALER_WIN,CHECK|CHECK|BET_1X
1907,2370122096204935208,raw,net_profit,-3.0,3.0,DEALER_WIN,CHECK|CHECK|BET_1X
1908,1861974616553827527,raw,net_profit,-3.0,3.0,DEALER_WIN,CHECK|CHECK|BET_1X
1909,5081367680910086751,raw,net_profit,-3.0,3.0,DEALER_WIN,CHECK|CHECK|BET_1X
1910,713073939637198877,raw,net_profit,-3.0,3.0,DEALER_WIN,CHECK|CHECK|BET_1X
1911,5837280338940398834,raw,net_profit,2.0,3.0,PLAYER_WIN,CHECK|CHECK|BET_1X
1912,686951367408736299,raw,net_profit,-3.0,3.0,DEALER_WIN,CHECK|CHECK|BET_1X
1913,2169248127010393759,raw,net_profit,-3.0,3.0,DEALER_WIN,CHECK|CHECK|BET_1X
1914,3505615530284917400,raw,net_profit,2.0,3.0,PLAYER_WIN,CHECK|CHECK|BET_1X
1915,6211998453311574609,raw,net_profit,2.0,3.0,PLAYER_WIN,CHECK|CHECK|BET_1X
1916,537466656319354210,raw,net_profit,1.0,3.0,PLAYER_WIN,CHECK|CHECK|BET_1X
1917,4512108824397720358,raw,net_profit,3.5,3.0,PLAYER_WIN,CHECK|CHECK|BET_1X
1918,7519871283675949377,raw,net_profit,2.0,3.0,PLAYER_WIN,CHECK|CHECK|BET_1X
1919,7958973094710161140,raw,net_profit,-3.0,3.0,DEALER_WIN,CHECK|CHECK|BET_1X
1920,6447723218132758252,raw,net_profit,2.5,3.0,PLAYER_WIN,CHECK|CHECK|BET_1X
1921,317917568670565753,raw,net_profit,2.0,3.0,PLAYER_WIN,CHECK|CHECK|BET_1X
1922,5216007832960995009,raw,net_profit,2.0,3.0,PLAYER_WIN,CHECK|CHECK|BET_1X
1923,3170596740908521432,raw,net_profit,-3.0,3.0,DEALER_WIN,CHECK|CHECK|BET_1X
1924,3835807500168548191,raw,net_profit,-2.0,3.0,DEALER_WIN,CHECK|CHECK|BET_1X
1925,8684730695841800734,raw,net_profit,2.0,3.0,PLAYER_WIN,CHECK|CHECK|BET_1X
1926,963045978522463604,raw,net_profit,-3.0,3.0,DEALER_WIN,CHECK|CHECK|BET_1X
1927,1354176344234649351,raw,net_profit,-3.0,3.0,DEALER_WIN,CHECK|CHECK|BET_1X
1928,4817121853237029119,raw,net_profit,3.0,3.0,PLAYER_WIN,CHECK|CHECK|BET_1X
1929,9135726485709954213,raw,net_profit,-3.0,3.0,DEALER_WIN,CHECK|CHECK|BET_1X
1930,1020377507569271368,raw,net_profit,2.0,3.0,PLAYER_WIN,CHECK|CHECK|BET_1X
1931,1541181853856752499,raw,net_profit,-3.0,3.0,DEALER_WIN,CHECK|CHECK|BET_1X
1932,5128928860924984327,raw,net_profit,-3.0,3.0,DEALER_WIN,CHECK|CHECK|BET_1X
1933,437275355808639136,raw,net_profit,-3.0,3.0,DEALER_WIN,CHECK|CHECK|BET_1X
1934,5856654482066713324,raw,net_profit,-3.0,3.0,DEALER_WIN,CHECK|CHECK|BET_1X
1935,702776539384647463,raw,net_profit,-3.0,3.0,DEALER_WIN,CHECK|CHECK|BET_1X
1936,3031634593815592005,raw,net_profit,3.0,3.0,PLAYER_WIN,CHECK|CHECK|BET_1X
1937,4501918866690277960,raw,net_profit,-3.0,3.0,DEALER_WIN,CHECK|CHECK|BET_1X
1938,720259266894215905,raw,net_profit,-3.0,3.0,DEALER_WIN,CHECK|CHECK|BET_1X
1939,2761713578038277868,raw,net_profit,-3.0,3.0,DEALER_WIN,CHECK|CHECK|BET_1X
1940,2663591501253174886,raw,net_profit,-3.0,3.0,DEALER_WIN,CHECK|CHECK|BET_1X
1941,988083366623656063,raw,net_profit,-3.0,3.0,DEALER_WIN,CHECK|CHECK|BET_1X
1942,6849171924901910968,raw,net_profit,-3.0,3.0,DEALER_WIN,CHECK|CHECK|BET_1X
1943,2442206106250521839,raw,net_profit,-2.0,3.0,DEALER_WIN,CHECK|CHECK|BET_1X
1944,8740042673132162596,raw,net_profit,0.0,3.0,PUSH,CHECK|CHECK|BET_1X
1945,7457749584527261975,raw,net_profit,2.0,3.0,PLAYER_WIN,CHECK|CHECK|BET_1X
1946,1293070750652679476,raw,net_profit,1.0,3.0,PLAYER_WIN,CHECK|CHECK|BET_1X
1947,2326013119446426495,raw,net_profit,3.0,3.0,PLAYER_WIN,CHECK|CHECK|BET_1X
1948,3651524664773804878,raw,net_profit,2.0,3.0,PLAYER_WIN,CHECK|CHECK|BET_1X
1949,4706282155882901653,raw,net_profit,2.0,3.0,PLAYER_WIN,CHECK|CHECK|BET_1X
1950,258504715730150150,raw,net_profit,2.0,3.0,PLAYER_WIN,CHECK|CHECK|BET_1X
1951,2424361813843622002,raw,net_profit,-3.0,3.0,DEALER_WIN,CHECK|CHECK|BET_1X
1952,2674504897417099888,raw,net_profit,-3.0,3.0,DEALER_WIN,CHECK|CHECK|BET_1X
1953,7429098219401409863,raw,net_profit,1.0,3.0,PLAYER_WIN,CHECK|CHECK|BET_1X
1954,2900468331846860643,raw,net_profit,-3.0,3.0,DEALER_WIN,CHECK|CHECK|BET_1X
1955,551680219022729248,raw,net_profit,2.0,3.0,PLAYER_WIN,CHECK|CHECK|BET_1X
1956,339195126960835253,raw,net_profit,1.0,3.0,PLAYER_WIN,CHECK|CHECK|BET_1X
1957,4778748060321206253,raw,net_profit,-3.0,3.0,DEALER_WIN,CHECK|CHECK|BET_1X
1958,2795484353847727840,raw,net_profit,2.0,3.0,PLAYER_WIN,CHECK|CHECK|BET_1X
1959,4313568539478933606,raw,net_profit,2.0,3.0,PLAYER_WIN,CHECK|CHECK|BET_1X
1960,4130051883690068260,raw,net_profit,-3.0,3.0,DEALER_WIN,CHECK|CHECK|BET_1X
1961,4876906636207573865,raw,net_profit,2.0,3.0,PLAYER_WIN,CHECK|CHECK|BET_1X
1962,5078965849939585758,raw,net_profit,2.0,3.0,PLAYER_WIN,CHECK|CHECK|BET_1X
1963,5703031358063304737,raw,net_profit,2.0,3.0,PLAYER_WIN,CHECK|CHECK|BET_1X
1964,4958405740229156554,raw,net_profit,2.0,3.0,PLAYER_WIN,CHECK|CHECK|BET_1X
1965,5929850726800009071,raw,net_profit,1.0,3.0,PLAYER_WIN,CHECK|CHECK|BET_1X
1966,7716672995343483475,raw,net_profit,2.0,3.0,PLAYER_WIN,CHECK|CHECK|BET_1X
1967,6391474540707994964,raw,net_profit,-3.0,3.0,DEALER_WIN,CHECK|CHECK|BET_1X
1968,1793109754908470385,raw,net_profit,-3.0,3.0,DEALER_WIN,CHECK|CHECK|BET_1X
1969,671331816465230232,raw,net_profit,2.0,3.0,PLAYER_WIN,CHECK|CHECK|BET_1X
1970,3688414718817334896,raw,net_profit,2.0,3.0,PLAYER_WIN,CHECK|CHECK|BET_1X
1971,1989812014345806829,raw,net_profit,2.0,3.0,PLAYER_WIN,CHECK|CHECK|BET_1X
1972,8392085805671911924,raw,net_profit,-3.0,3.0,DEALER_WIN,CHECK|CHECK|BET_1X
1973,81054189800982230,raw,net_profit,-3.0,3.0,DEALER_WIN,CHECK|CHECK|BET_1X
1974,2915490225585879184,raw,net_profit,-3.0,3.0,DEALER_WIN,CHECK|CHECK|BET_1X
1975,489892755218961247,raw,net_profit,2.0,3.0,PLAYER_WIN,CHECK|CHECK|BET_1X
1976,4618963308193961426,raw,net_profit,1.0,3.0,PLAYER_WIN,CHECK|CHECK|BET_1X
1977,5202981339090378414,raw,net_profit,2.0,3.0,PLAYER_WIN,CHECK|CHECK|BET_1X
1978,6000930048118311857,raw,net_profit,-3.0,3.0,DEALER_WIN,CHECK|CHECK|BET_1X
1979,3544938246356091608,raw,net_profit,-3.0,3.0,DEALER_WIN,CHECK|CHECK|BET_1X
1980,6656457393269072825,raw,net_profit,-3.0,3.0,DEALER_WIN,CHECK|CHECK|BET_1X
1981,3304759813800743161,raw,net_profit,-3.0,3.0,DEALER_WIN,CHECK|CHECK|BET_1X
1982,7757377930957246457,raw,net_profit,-3.0,3.0,DEALER_WIN,CHECK|CHECK|BET_1X
1983,319621133813457691,raw,net_profit,-2.0,3.0,DEALER_WIN,CHECK|CHECK|BET_1X
1984,818369662036446676,raw,net_profit,-3.0,3.0,DEALER_WIN,CHECK|CHECK|BET_1X
1985,501234438443401486,raw,net_profit,-3.0,3.0,DEALER_WIN,CHECK|CHECK|BET_1X
1986,3416380604522924673,raw,net_profit,3.5,3.0,PLAYER_WIN,CHECK|CHECK|BET_1X
1987,4529091745409558815,raw,net_profit,0.0,3.0,PUSH,CHECK|CHECK|BET_1X
1988,3870235052335087386,raw,net_profit,-3.0,3.0,DEALER_WIN,CHECK|CHECK|BET_1X
1989,3702809807818248343,raw,net_profit,-3.0,3.0,DEALER_WIN,CHECK|CHECK|BET_1X
1990,4362915147875587116,raw,net_profit,-3.0,3.0,DEALER_WIN,CHECK|CHECK|BET_1X
1991,9113683621609462547,raw,net_profit,1.0,3.0,PLAYER_WIN,CHECK|CHECK|BET_1X
1992,6280469048853582201,raw,net_profit,1.0,3.0,PLAYER_WIN,CHECK|CHECK|BET_1X
1993,8577489664880155436,raw,net_profit,-3.0,3.0,DEALER_WIN,CHECK|CHECK|BET_1X
1994,7931652820883160140,raw,net_profit,2.0,3.0,PLAYER_WIN,CHECK|CHECK|BET_1X
1995,3775069868891913347,raw,net_profit,2.0,3.0,PLAYER_WIN,CHECK|CHECK|BET_1X
1996,4770577948842312637,raw,net_profit,-3.0,3.0,DEALER_WIN,CHECK|CHECK|BET_1X
1997,9015022920569683755,raw,net_profit,-3.0,3.0,DEALER_WIN,CHECK|CHECK|BET_1X
1998,3955014467548945188,raw,net_profit,-2.0,3.0,DEALER_WIN,CHECK|CHECK|BET_1X
1999,7743610568187360453,raw,net_profit,3.0,3.0,PLAYER_WIN,CHECK|CHECK|BET_1X
0,267394175915169762,raw,stake_scaled_net_profit,5.0,6.0,PLAYER_WIN,BET_4X
1,6622360792181816869,raw,stake_scaled_net_profit,-6.0,6.0,DEALER_WIN,BET_4X
2,5083925994220845409,raw,stake_scaled_net_profit,-6.0,6.0,DEALER_WIN,BET_4X
3,2631705061766673078,raw,stake_scaled_net_profit,-6.0,6.0,DEALER_WIN,BET_4X
4,625965266448287964,raw,stake_scaled_net_profit,4.0,6.0,PLAYER_WIN,BET_4X
5,6311158103698143620,raw,stake_scaled_net_profit,4.0,6.0,PLAYER_WIN,BET_4X
6,7407552866206651633,raw,stake_scaled_net_profit,-6.0,6.0,DEALER_WIN,BET_4X
7,2437971242654443246,raw,stake_scaled_net_profit,5.0,6.0,PLAYER_WIN,BET_4X
8,6230786063140708833,raw,stake_scaled_net_profit,-6.0,6.0,DEALER_WIN,BET_4X
9,396351950967499822,raw,stake_scaled_net_profit,-6.0,6.0,DEALER_WIN,BET_4X
10,6763783393082919964,raw,stake_scaled_net_profit,4.0,6.0,PLAYER_WIN,BET_4X
11,5039510986400131059,raw,stake_scaled_net_profit,8.0,6.0,PLAYER_WIN,BET_4X
12,725188967062615805,raw,stake_scaled_net_profit,-6.0,6.0,DEALER_WIN,BET_4X
13,3827537874160256406,raw,stake_scaled_net_profit,4.0,6.0,PLAYER_WIN,BET_4X
14,1434815846468701060,raw,stake_scaled_net_profit,-6.0,6.0,DEALER_WIN,BET_4X
15,4925880466225565852,raw,stake_scaled_net_profit,5.0,6.0,PLAYER_WIN,BET_4X
16,3734128259314183662,raw,stake_scaled_net_profit,0.0,6.0,PUSH,BET_4X
17,7320354147458773515,raw,stake_scaled_net_profit,5.0,6.0,PLAYER_WIN,BET_4X
18,5915736786919146606,raw,stake_scaled_net_profit,-6.0,6.0,DEALER_WIN,BET_4X
19,3997453163934551053,raw,stake_scaled_net_profit,5.0,6.0,PLAYER_WIN,BET_4X
20,420188367349169023,raw,stake_scaled_net_profit,0.0,6.0,PUSH,BET_4X
21,7068775808500662676,raw,stake_scaled_net_profit,-6.0,6.0,DEALER_WIN,BET_4X
22,8318159693860326176,raw,stake_scaled_net_profit,4.0,6.0,PLAYER_WIN,BET_4X
23,2596170250901314419,raw,stake_scaled_net_profit,-5.0,6.0,DEALER_WIN,BET_4X
24,5635062402773559101,raw,stake_scaled_net_profit,4.0,6.0,PLAYER_WIN,BET_4X
25,131182803603194358,raw,stake_scaled_net_profit,0.0,6.0,PUSH,BET_4X
26,1924289002081382615,raw,stake_scaled_net_profit,-6.0,6.0,DEALER_WIN,BET_4X
27,307982257814125829,raw,stake_scaled_net_profit,5.0,6.0,PLAYER_WIN,BET_4X
28,4222916004322640072,raw,stake_scaled_net_profit,4.0,6.0,PLAYER_WIN,BET_4X
29,2834474257502486015,raw,stake_scaled_net_profit,-6.0,6.0,DEALER_WIN,BET_4X
30,4403704085525171104,raw,stake_scaled_net_profit,0.0,6.0,PUSH,BET_4X
31,214959778791577876,raw,stake_scaled_net_profit,5.0,6.0,PLAYER_WIN,BET_4X
32,7002668879736515590,raw,stake_scaled_net_profit,5.0,6.0,PLAYER_WIN,BET_4X
33,7127345010982089692,raw,stake_scaled_net_profit,4.0,6.0,PLAYER_WIN,BET_4X
34,6478835866566956284,raw,stake_scaled_net_profit,-6.0,6.0,DEALER_WIN,BET_4X
35,8290752171674008488,raw,stake_scaled_net_profit,-5.0,6.0,DEALER_WIN,BET_4X
36,7964180502557777114,raw,stake_scaled_net_profit,-6.0,6.0,DEALER_WIN,BET_4X
37,8699503143805950637,raw,stake_scaled_net_profit,5.0,6.0,PLAYER_WIN,BET_4X
38,6120799081068664541,raw,stake_scaled_net_profit,-6.0,6.0,DEALER_WIN,BET_4X
39,843197789447036710,raw,stake_scaled_net_profit,4.0,6.0,PLAYER_WIN,BET_4X
40,3495163096702654544,raw,stake_scaled_net_profit,-6.0,6.0,DEALER_WIN,BET_4X
41,3915207286768580801,raw,stake_scaled_net_profit,5.0,6.0,PLAYER_WIN,BET_4X
42,7003009373040439219,raw,stake_scaled_net_profit,6.0,6.0,PLAYER_WIN,BET_4X
43,913880539547589353,raw,stake_scaled_net_profit,4.0,6.0,PLAYER_WIN,BET_4X
44,6935620010562411592,raw,stake_scaled_net_profit,-6.0,6.0,DEALER_WIN,BET_4X
45,184401729985881041,raw,stake_scaled_net_profit,0.0,6.0,PUSH,BET_4X
46,6935467213799320374,raw,stake_scaled_net_profit,4.0,6.0,PLAYER_WIN,BET_4X
47,5612594235566473111,raw,stake_scaled_net_profit,0.0,6.0,PUSH,BET_4X
48,4347199078740518746,raw,stake_scaled_net_profit,4.0,6.0,PLAYER_WIN,BET_4X
49,7120907196351153496,raw,stake_scaled_net_profit,5.0,6.0,PLAYER_WIN,BET_4X
50,2947780868488058973,raw,stake_scaled_net_profit,5.0,6.0,PLAYER_WIN,BET_4X
51,8045624103170174348,raw,stake_scaled_net_profit,-6.0,6.0,DEALER_WIN,BET_4X
52,1982945791593776379,raw,stake_scaled_net_profit,5.0,6.0,PLAYER_WIN,BET_4X
53,8559655568166875089,raw,stake_scaled_net_profit,6.0,6.0,PLAYER_WIN,BET_4X
54,2952535908593232311,raw,stake_scaled_net_profit,-6.0,6.0,DEALER_WIN,BET_4X
55,653375118264160073,raw,stake_scaled_net_profit,8.0,6.0,PLAYER_WIN,BET_4X
56,8628126910685404171,raw,stake_scaled_net_profit,4.0,6.0,PLAYER_WIN,BET_4X
57,3411837048486933660,raw,stake_scaled_net_profit,5.0,6.0,PLAYER_WIN,BET_4X
58,321785957422954919,raw,stake_scaled_net_profit,-6.0,6.0,DEALER_WIN,BET_4X
59,9142095367098964630,raw,stake_scaled_net_profit,-6.0,6.0,DEALER_WIN,BET_4X
60,5093202747382685980,raw,stake_scaled_net_profit,-6.0,6.0,DEALER_WIN,BET_4X
61,9083423553673625243,raw,stake_scaled_net_profit,5.0,6.0,PLAYER_WIN,BET_4X
62,3682897969972699063,raw,stake_scaled_net_profit,-6.0,6.0,DEALER_WIN,BET_4X
63,279528981849538115,raw,stake_scaled_net_profit,6.5,6.0,PLAYER_WIN,BET_4X
64,3459612578739540929,raw,stake_scaled_net_profit,-6.0,6.0,DEALER_WIN,BET_4X
65,184650307201550344,raw,stake_scaled_net_profit,-6.0,6.0,DEALER_WIN,BET_4X
66,4161485920553640688,raw,stake_scaled_net_profit,-6.0,6.0,DEALER_WIN,BET_4X
67,4482320182470164616,raw,stake_scaled_net_profit,0.0,6.0,PUSH,BET_4X
68,7233795208446614844,raw,stake_scaled_net_profit,-6.0,6.0,DEALER_WIN,BET_4X
69,3969300439698209838,raw,stake_scaled_net_profit,-5.0,6.0,DEALER_WIN,BET_4X
70,1158855182147307506,raw,stake_scaled_net_profit,5.0,6.0,PLAYER_WIN,BET_4X
71,3931001972823372616,raw,stake_scaled_net_profit,-6.0,6.0,DEALER_WIN,BET_4X
72,1780890636995138936,raw,stake_scaled_net_profit,0.0,6.0,PUSH,BET_4X
73,7097014509562748812,raw,stake_scaled_net_profit,8.0,6.0,PLAYER_WIN,BET_4X
74,6057414869709403377,raw,stake_scaled_net_profit,5.0,6.0,PLAYER_WIN,BET_4X
75,186292945416596316,raw,stake_scaled_net_profit,-6.0,6.0,DEALER_WIN,BET_4X
76,4863763103200250714,raw,stake_scaled_net_profit,-6.0,6.0,DEALER_WIN,BET_4X
77,5937767851265253806,raw,stake_scaled_net_profit,-5.0,6.0,DEALER_WIN,BET_4X
78,5609422332832284170,raw,stake_scaled_net_profit,-6.0,6.0,DEALER_WIN,BET_4X
79,6095102712162836664,raw,stake_scaled_net_profit,-6.0,6.0,DEALER_WIN,BET_4X
80,8149946325868012093,raw,stake_scaled_net_profit,-6.0,6.0,DEALER_WIN,BET_4X
81,8439535158505976963,raw,stake_scaled_net_profit,5.0,6.0,PLAYER_WIN,BET_4X
82,7402197783176339677,raw,stake_scaled_net_profit,-6.0,6.0,DEALER_WIN,BET_4X
83,2544212450148784085,raw,stake_scaled_net_profit,-6.0,6.0,DEALER_WIN,BET_4X
84,6160174665740052963,raw,stake_scaled_net_profit,-6.0,6.0,DEALER_WIN,BET_4X
85,7868993352247292045,raw,stake_scaled_net_profit,-6.0,6.0,DEALER_WIN,BET_4X
86,7502994246661721652,raw,stake_scaled_net_profit,-6.0,6.0,DEALER_WIN,BET_4X
87,7918727964138148126,raw,stake_scaled_net_profit,-6.0,6.0,DEALER_WIN,BET_4X
88,2715194295495663360,raw,stake_scaled_net_profit,-6.0,6.0,DEALER_WIN,BET_4X
89,4520336279544116302,raw,stake_scaled_net_profit,5.0,6.0,PLAYER_WIN,BET_4X
90,424471546312261032,raw,stake_scaled_net_profit,-5.0,6.0,DEALER_WIN,BET_4X
91,1534172332767836760,raw,stake_scaled_net_profit,5.0,6.0,PLAYER_WIN,BET_4X
92,7701219332749073684,raw,stake_scaled_net_profit,-6.0,6.0,DEALER_WIN,BET_4X
93,3725290053046867031,raw,stake_scaled_net_profit,-6.0,6.0,DEALER_WIN,BET_4X
94,552266544574701979,raw,stake_scaled_net_profit,-6.0,6.0,DEALER_WIN,BET_4X
95,5180620136443654224,raw,stake_scaled_net_profit,0.0,6.0,PUSH,BET_4X
96,6610426576810839465,raw,stake_scaled_net_profit,-6.0,6.0,DEALER_WIN,BET_4X
97,6638801627304522570,raw,stake_scaled_net_profit,4.0,6.0,PLAYER_WIN,BET_4X
98,1483928051219635714,raw,stake_scaled_net_profit,-6.0,6.0,DEALER_WIN,BET_4X
99,372089592655043401,raw,stake_scaled_net_profit,-6.0,6.0,DEALER_WIN,BET_4X
100,7970796395776112439,raw,stake_scaled_net_profit,4.0,6.0,PLAYER_WIN,BET_4X
101,2735515580542308199,raw,stake_scaled_net_profit,-6.0,6.0,DEALER_WIN,BET_4X
102,1458449103975526807,raw,stake_scaled_net_profit,-6.0,6.0,DEALER_WIN,BET_4X
103,2626090741428851345,raw,stake_scaled_net_profit,-5.0,6.0,DEALER_WIN,BET_4X
104,5901468342895068338,raw,stake_scaled_net_profit,-6.0,6.0,DEALER_WIN,BET_4X
105,7650295898208821260,raw,stake_scaled_net_profit,4.0,6.0,PLAYER_WIN,BET_4X
106,8348235252657919766,raw,stake_scaled_net_profit,5.0,6.0,PLAYER_WIN,BET_4X
107,8774396524321946093,raw,stake_scaled_net_profit,-6.0,6.0,DEALER_WIN,BET_4X
108,5325703479959263360,raw,stake_scaled_net_profit,6.0,6.0,PLAYER_WIN,BET_4X
109,308510130372227839,raw,stake_scaled_net_profit,4.0,6.0,PLAYER_WIN,BET_4X
110,691814333712790024,raw,stake_scaled_net_profit,-6.0,6.0,DEALER_WIN,BET_4X
111,1791066817329466814,raw,stake_scaled_net_profit,8.0,6.0,PLAYER_WIN,BET_4X
112,7844726160720761024,raw,stake_scaled_net_profit,6.0,6.0,PLAYER_WIN,BET_4X
113,4413470094465881225,raw,stake_scaled_net_profit,-6.0,6.0,DEALER_WIN,BET_4X
114,8032393553405997973,raw,stake_scaled_net_profit,-6.0,6.0,DEALER_WIN,BET_4X
115,3288361484238926392,raw,stake_scaled_net_profit,-6.0,6.0,DEALER_WIN,BET_4X
116,7927308640864165358,raw,stake_scaled_net_profit,6.5,6.0,PLAYER_WIN,BET_4X
117,6977676637930912843,raw,stake_scaled_net_profit,4.0,6.0,PLAYER_WIN,BET_4X
118,5987063494519245971,raw,stake_scaled_net_profit,-6.0,6.0,DEALER_WIN,BET_4X
119,3382827485827260001,raw,stake_scaled_net_profit,-6.0,6.0,DEALER_WIN,BET_4X
120,5271023846392711046,raw,stake_scaled_net_profit,5.0,6.0,PLAYER_WIN,BET_4X
121,8700421098190037714,raw,stake_scaled_net_profit,-6.0,6.0,DEALER_WIN,BET_4X
122,7591578118582873594,raw,stake_scaled_net_profit,4.0,6.0,PLAYER_WIN,BET_4X
123,799898052841868756,raw,stake_scaled_net_profit,4.0,6.0,PLAYER_WIN,BET_4X
124,3442607995740778689,raw,stake_scaled_net_profit,6.5,6.0,PLAYER_WIN,BET_4X
125,8766728029030194891,raw,stake_scaled_net_profit,-6.0,6.0,DEALER_WIN,BET_4X
126,5571430924103278169,raw,stake_scaled_net_profit,-6.0,6.0,DEALER_WIN,BET_4X
127,7935445132631357346,raw,stake_scaled_net_profit,-5.0,6.0,DEALER_WIN,BET_4X
128,4214140957653203178,raw,stake_scaled_net_profit,8.0,6.0,PLAYER_WIN,BET_4X
129,5840276869739178336,raw,stake_scaled_net_profit,5.0,6.0,PLAYER_WIN,BET_4X
130,7969240649651844771,raw,stake_scaled_net_profit,-5.0,6.0,DEALER_WIN,BET_4X
131,5518284507728999214,raw,stake_scaled_net_profit,6.0,6.0,PLAYER_WIN,BET_4X
132,1588903062808819614,raw,stake_scaled_net_profit,5.0,6.0,PLAYER_WIN,BET_4X
133,1990496361436516063,raw,stake_scaled_net_profit,-6.0,6.0,DEALER_WIN,BET_4X
134,8103897967099303267,raw,stake_scaled_net_profit,4.0,6.0,PLAYER_WIN,BET_4X
135,6310362229869583997,raw,stake_scaled_net_profit,-6.0,6.0,DEALER_WIN,BET_4X
136,2835302575974469345,raw,stake_scaled_net_profit,-6.0,6.0,DEALER_WIN,BET_4X
137,2374950339168920177,raw,stake_scaled_net_profit,-6.0,6.0,DEALER_WIN,BET_4X
138,4874135423890386130,raw,stake_scaled_net_profit,4.0,6.0,PLAYER_WIN,BET_4X
139,4485301215758767598,raw,stake_scaled_net_profit,5.0,6.0,PLAYER_WIN,BET_4X
140,3270891218652982714,raw,stake_scaled_net_profit,-6.0,6.0,DEALER_WIN,BET_4X
141,8404482487714797519,raw,stake_scaled_net_profit,6.5,6.0,PLAYER_WIN,BET_4X
142,7043678516278956663,raw,stake_scaled_net_profit,5.0,6.0,PLAYER_WIN,BET_4X
143,1271700207996566968,raw,stake_scaled_net_profit,5.0,6.0,PLAYER_WIN,BET_4X
144,3835225369374540061,raw,stake_scaled_net_profit,-6.0,6.0,DEALER_WIN,BET_4X
145,666463364949798282,raw,stake_scaled_net_profit,-6.0,6.0,DEALER_WIN,BET_4X
146,1803315010592774109,raw,stake_scaled_net_profit,-6.0,6.0,DEALER_WIN,BET_4X
147,5889978965453416515,raw,stake_scaled_net_profit,5.0,6.0,PLAYER_WIN,BET_4X
148,246447490973930156,raw,stake_scaled_net_profit,5.0,6.0,PLAYER_WIN,BET_4X
149,229693647205603385,raw,stake_scaled_net_profit,-5.0,6.0,DEALER_WIN,BET_4X
150,2574826990457786488,raw,stake_scaled_net_profit,-6.0,6.0,DEALER_WIN,BET_4X
151,1328371695420260066,raw,stake_scaled_net_profit,-6.0,6.0,DEALER_WIN,BET_4X
152,9214358393218296886,raw,stake_scaled_net_profit,0.0,6.0,PUSH,BET_4X
153,7600319498121963319,raw,stake_scaled_net_profit,6.5,6.0,PLAYER_WIN,BET_4X
154,8548777183537499732,raw,stake_scaled_net_profit,4.0,6.0,PLAYER_WIN,BET_4X
155,222054042808413628,raw,stake_scaled_net_profit,0.0,6.0,PUSH,BET_4X
156,7943095732984079155,raw,stake_scaled_net_profit,5.0,6.0,PLAYER_WIN,BET_4X
157,5048594911983637929,raw,stake_scaled_net_profit,5.0,6.0,PLAYER_WIN,BET_4X
158,3838800578014759175,raw,stake_scaled_net_profit,-6.0,6.0,DEALER_WIN,BET_4X
159,2095954482773485702,raw,stake_scaled_net_profit,-6.0,6.0,DEALER_WIN,BET_4X
160,5111132195666445508,raw,stake_scaled_net_profit,-6.0,6.0,DEALER_WIN,BET_4X
161,4484047144931754103,raw,stake_scaled_net_profit,4.0,6.0,PLAYER_WIN,BET_4X
162,8421490695099539308,raw,stake_scaled_net_profit,4.0,6.0,PLAYER_WIN,BET_4X
163,238989329143121490,raw,stake_scaled_net_profit,5.0,6.0,PLAYER_WIN,BET_4X
164,5227476580216639085,raw,stake_scaled_net_profit,-6.0,6.0,DEALER_WIN,BET_4X
165,8365562426258253711,raw,stake_scaled_net_profit,-5.0,6.0,DEALER_WIN,BET_4X
166,1574377984351324256,raw,stake_scaled_net_profit,0.0,6.0,PUSH,BET_4X
167,329282032523654539,raw,stake_scaled_net_profit,5.0,6.0,PLAYER_WIN,BET_4X
168,6996536489796581451,raw,stake_scaled_net_profit,5.0,6.0,PLAYER_WIN,BET_4X
169,602603839492438883,raw,stake_scaled_net_profit,-5.0,6.0,DEALER_WIN,BET_4X
170,3250551443412039705,raw,stake_scaled_net_profit,-6.0,6.0,DEALER_WIN,BET_4X
171,3664981025071144934,raw,stake_scaled_net_profit,-5.0,6.0,DEALER_WIN,BET_4X
172,3939944893045527535,raw,stake_scaled_net_profit,-6.0,6.0,DEALER_WIN,BET_4X
173,6901356006866102650,raw,stake_scaled_net_profit,-6.0,6.0,DEALER_WIN,BET_4X
174,2651174666133198247,raw,stake_scaled_net_profit,5.5,6.0,PLAYER_WIN,BET_4X
175,3253471355897663978,raw,stake_scaled_net_profit,-6.0,6.0,DEALER_WIN,BET_4X
176,1667879780665572545,raw,stake_scaled_net_profit,0.0,6.0,PUSH,BET_4X
177,612522476431562973,raw,stake_scaled_net_profit,0.0,6.0,PUSH,BET_4X
178,5266698071290254250,raw,stake_scaled_net_profit,5.0,6.0,PLAYER_WIN,BET_4X
179,1036649300983052059,raw,stake_scaled_net_profit,-6.0,6.0,DEALER_WIN,BET_4X
180,5943975099518342777,raw,stake_scaled_net_profit,-6.0,6.0,DEALER_WIN,BET_4X
181,8022205843499842905,raw,stake_scaled_net_profit,-6.0,6.0,DEALER_WIN,BET_4X
182,4296098361744109626,raw,stake_scaled_net_profit,4.0,6.0,PLAYER_WIN,BET_4X
183,2895089901790712587,raw,stake_scaled_net_profit,-6.0,6.0,DEALER_WIN,BET_4X
184,2692959954578496460,raw,stake_scaled_net_profit,4.0,6.0,PLAYER_WIN,BET_4X
185,6957117910194745014,raw,stake_scaled_net_profit,5.0,6.0,PLAYER_WIN,BET_4X
186,8299659691135489491,raw,stake_scaled_net_profit,-6.0,6.0,DEALER_WIN,BET_4X
187,521672325287713316,raw,stake_scaled_net_profit,-6.0,6.0,DEALER_WIN,BET_4X
188,7068868565519734221,raw,stake_scaled_net_profit,0.0,6.0,PUSH,BET_4X
189,8647696901315248288,raw,stake_scaled_net_profit,5.0,6.0,PLAYER_WIN,BET_4X
190,5829996289168956440,raw,stake_scaled_net_profit,-5.0,6.0,DEALER_WIN,BET_4X
191,6510986746521403714,raw,stake_scaled_net_profit,0.0,6.0,PUSH,BET_4X
192,3343632454807131533,raw,stake_scaled_net_profit,5.0,6.0,PLAYER_WIN,BET_4X
193,3635347933053571141,raw,stake_scaled_net_profit,-6.0,6.0,DEALER_WIN,BET_4X
194,2872360651756260152,raw,stake_scaled_net_profit,-6.0,6.0,DEALER_WIN,BET_4X
195,4575677044837556587,raw,stake_scaled_net_profit,5.0,6.0,PLAYER_WIN,BET_4X
196,8109627705770787446,raw,stake_scaled_net_profit,5.0,6.0,PLAYER_WIN,BET_4X
197,7876385408815645013,raw,stake_scaled_net_profit,4.0,6.0,PLAYER_WIN,BET_4X
198,6045585644649517634,raw,stake_scaled_net_profit,5.0,6.0,PLAYER_WIN,BET_4X
199,8171468275729887274,raw,stake_scaled_net_profit,5.0,6.0,PLAYER_WIN,BET_4X
200,1522019156218505182,raw,stake_scaled_net_profit,6.0,6.0,PLAYER_WIN,BET_4X
201,3414494131441129021,raw,stake_scaled_net_profit,-6.0,6.0,DEALER_WIN,BET_4X
202,8150147558741906037,raw,stake_scaled_net_profit,5.0,6.0,PLAYER_WIN,BET_4X
203,3635744785230929795,raw,stake_scaled_net_profit,-6.0,6.0,DEALER_WIN,BET_4X
204,741661198935559693,raw,stake_scaled_net_profit,4.0,6.0,PLAYER_WIN,BET_4X
205,5504871625796891831,raw,stake_scaled_net_profit,5.0,6.0,PLAYER_WIN,BET_4X
206,5019130878861949901,raw,stake_scaled_net_profit,6.0,6.0,PLAYER_WIN,BET_4X
207,1370223978642297613,raw,stake_scaled_net_profit,-6.0,6.0,DEALER_WIN,BET_4X
208,6812516088013608262,raw,stake_scaled_net_profit,4.0,6.0,PLAYER_WIN,BET_4X
209,9179447981108907171,raw,stake_scaled_net_profit,-6.0,6.0,DEALER_WIN,BET_4X
210,3886441791378742981,raw,stake_scaled_net_profit,-6.0,6.0,DEALER_WIN,BET_4X
211,3869216972724575561,raw,stake_scaled_net_profit,4.0,6.0,PLAYER_WIN,BET_4X
212,7298397267651016110,raw,stake_scaled_net_profit,8.0,6.0,PLAYER_WIN,BET_4X
213,9106911739118468803,raw,stake_scaled_net_profit,4.0,6.0,PLAYER_WIN,BET_4X
214,2309837682468512169,raw,stake_scaled_net_profit,-6.0,6.0,DEALER_WIN,BET_4X
215,2843991017257676316,raw,stake_scaled_net_profit,4.0,6.0,PLAYER_WIN,BET_4X
216,7985478897452358890,raw,stake_scaled_net_profit,8.0,6.0,PLAYER_WIN,BET_4X
217,4763526213045217682,raw,stake_scaled_net_profit,4.0,6.0,PLAYER_WIN,BET_4X
218,6548874376641643944,raw,stake_scaled_net_profit,-6.0,6.0,DEALER_WIN,BET_4X
219,275857527687551367,raw,stake_scaled_net_profit,0.0,6.0,PUSH,BET_4X
220,2715413790037767564,raw,stake_scaled_net_profit,-6.0,6.0,DEALER_WIN,BET_4X
221,2506515837130634695,raw,stake_scaled_net_profit,4.0,6.0,PLAYER_WIN,BET_4X
222,5588620273884141006,raw,stake_scaled_net_profit,-6.0,6.0,DEALER_WIN,BET_4X
223,1783686779819737837,raw,stake_scaled_net_profit,5.0,6.0,PLAYER_WIN,BET_4X
224,4789398362050358956,raw,stake_scaled_net_profit,-6.0,6.0,DEALER_WIN,BET_4X
225,6053861788805800196,raw,stake_scaled_net_profit,4.0,6.0,PLAYER_WIN,BET_4X
226,4607239473637602089,raw,stake_scaled_net_profit,5.0,6.0,PLAYER_WIN,BET_4X
227,546209324434964652,raw,stake_scaled_net_profit,5.0,6.0,PLAYER_WIN,BET_4X
228,5018557025698303746,raw,stake_scaled_net_profit,-5.0,6.0,DEALER_WIN,BET_4X
229,3080843083321466271,raw,stake_scaled_net_profit,5.0,6.0,PLAYER_WIN,BET_4X
230,3716321932880570721,raw,stake_scaled_net_profit,5.0,6.0,PLAYER_WIN,BET_4X
231,92064684869300405,raw,stake_scaled_net_profit,5.0,6.0,PLAYER_WIN,BET_4X
232,1140910975008277839,raw,stake_scaled_net_profit,-6.0,6.0,DEALER_WIN,BET_4X
233,6856591104020712021,raw,stake_scaled_net_profit,-6.0,6.0,DEALER_WIN,BET_4X
234,9039473785572614898,raw,stake_scaled_net_profit,4.0,6.0,PLAYER_WIN,BET_4X
235,3325308716516527238,raw,stake_scaled_net_profit,-6.0,6.0,DEALER_WIN,BET_4X
236,1259064680821498276,raw,stake_scaled_net_profit,5.0,6.0,PLAYER_WIN,BET_4X
237,1016171186944723331,raw,stake_scaled_net_profit,-6.0,6.0,DEALER_WIN,BET_4X
238,1966099807976542267,raw,stake_scaled_net_profit,-6.0,6.0,DEALER_WIN,BET_4X
239,8772870922485700553,raw,stake_scaled_net_profit,5.0,6.0,PLAYER_WIN,BET_4X
240,6322227503818577595,raw,stake_scaled_net_profit,5.0,6.0,PLAYER_WIN,BET_4X
241,8857602524819317742,raw,stake_scaled_net_profit,5.0,6.0,PLAYER_WIN,BET_4X
242,6936526574501988479,raw,stake_scaled_net_profit,-6.0,6.0,DEALER_WIN,BET_4X
243,7995004442754902422,raw,stake_scaled_net_profit,-5.0,6.0,DEALER_WIN,BET_4X
244,2689793819086796747,raw,stake_scaled_net_profit,-6.0,6.0,DEALER_WIN,BET_4X
245,6931580245738144909,raw,stake_scaled_net_profit,5.0,6.0,PLAYER_WIN,BET_4X
246,7137720517950527935,raw,stake_scaled_net_profit,5.0,6.0,PLAYER_WIN,BET_4X
247,4739568660344075039,raw,stake_scaled_net_profit,5.0,6.0,PLAYER_WIN,BET_4X
248,9114813623973426675,raw,stake_scaled_net_profit,5.0,6.0,PLAYER_WIN,BET_4X
249,7004975275309143372,raw,stake_scaled_net_profit,8.0,6.0,PLAYER_WIN,BET_4X
250,8010624436975705395,raw,stake_scaled_net_profit,4.0,6.0,PLAYER_WIN,BET_4X
251,8824986349627595397,raw,stake_scaled_net_profit,5.0,6.0,PLAYER_WIN,BET_4X
252,4214192239115773782,raw,stake_scaled_net_profit,-6.0,6.0,DEALER_WIN,BET_4X
253,2064659323962257712,raw,stake_scaled_net_profit,5.0,6.0,PLAYER_WIN,BET_4X
254,3662871525063954504,raw,stake_scaled_net_profit,5.0,6.0,PLAYER_WIN,BET_4X
255,3081643373842585213,raw,stake_scaled_net_profit,-6.0,6.0,DEALER_WIN,BET_4X
256,2964190760393150071,raw,stake_scaled_net_profit,-6.0,6.0,DEALER_WIN,BET_4X
257,4432433309750216898,raw,stake_scaled_net_profit,5.0,6.0,PLAYER_WIN,BET_4X
258,6297679402363790244,raw,stake_scaled_net_profit,5.0,6.0,PLAYER_WIN,BET_4X
259,3609631887854626781,raw,stake_scaled_net_profit,-6.0,6.0,DEALER_WIN,BET_4X
260,5698338630153832060,raw,stake_scaled_net_profit,6.0,6.0,PLAYER_WIN,BET_4X
261,3559105149835941744,raw,stake_scaled_net_profit,5.0,6.0,PLAYER_WIN,BET_4X
262,351829026103476516,raw,stake_scaled_net_profit,-6.0,6.0,DEALER_WIN,BET_4X
263,2107164881514668761,raw,stake_scaled_net_profit,-6.0,6.0,DEALER_WIN,BET_4X
264,6989594130531546912,raw,stake_scaled_net_profit,-6.0,6.0,DEALER_WIN,BET_4X
265,477323117151096337,raw,stake_scaled_net_profit,4.0,6.0,PLAYER_WIN,BET_4X
266,5427647393489702713,raw,stake_scaled_net_profit,5.0,6.0,PLAYER_WIN,BET_4X
267,673806825868914089,raw,stake_scaled_net_profit,0.0,6.0,PUSH,BET_4X
268,2277683107665827752,raw,stake_scaled_net_profit,5.0,6.0,PLAYER_WIN,BET_4X
269,1286564176499040596,raw,stake_scaled_net_profit,5.0,6.0,PLAYER_WIN,BET_4X
270,3390602342499223345,raw,stake_scaled_net_profit,4.0,6.0,PLAYER_WIN,BET_4X
271,2184292267620929134,raw,stake_scaled_net_profit,-6.0,6.0,DEALER_WIN,BET_4X
272,2400839929366976845,raw,stake_scaled_net_profit,-6.0,6.0,DEALER_WIN,BET_4X
273,7099363791732008589,raw,stake_scaled_net_profit,-6.0,6.0,DEALER_WIN,BET_4X
274,7298649988942962473,raw,stake_scaled_net_profit,-6.0,6.0,DEALER_WIN,BET_4X
275,6116569858919202824,raw,stake_scaled_net_profit,-6.0,6.0,DEALER_WIN,BET_4X
276,5657156539417868424,raw,stake_scaled_net_profit,5.5,6.0,PLAYER_WIN,BET_4X
277,2909963714610012848,raw,stake_scaled_net_profit,-6.0,6.0,DEALER_WIN,BET_4X
278,8842534907094839826,raw,stake_scaled_net_profit,-6.0,6.0,DEALER_WIN,BET_4X
279,1929820099870563754,raw,stake_scaled_net_profit,5.0,6.0,PLAYER_WIN,BET_4X
280,2275857421354943444,raw,stake_scaled_net_profit,5.0,6.0,PLAYER_WIN,BET_4X
281,2450247646130307371,raw,stake_scaled_net_profit,5.0,6.0,PLAYER_WIN,BET_4X
282,5436571418616758817,raw,stake_scaled_net_profit,4.0,6.0,PLAYER_WIN,BET_4X
283,6423307474855632554,raw,stake_scaled_net_profit,5.0,6.0,PLAYER_WIN,BET_4X
284,53336841608746950,raw,stake_scaled_net_profit,5.0,6.0,PLAYER_WIN,BET_4X
285,636997439105160726,raw,stake_scaled_net_profit,6.0,6.0,PLAYER_WIN,BET_4X
286,1443741153445400323,raw,stake_scaled_net_profit,5.0,6.0,PLAYER_WIN,BET_4X
287,1724208036164981583,raw,stake_scaled_net_profit,5.0,6.0,PLAYER_WIN,BET_4X
288,1451431174848639120,raw,stake_scaled_net_profit,4.0,6.0,PLAYER_WIN,BET_4X
289,3071645897280903590,raw,stake_scaled_net_profit,-6.0,6.0,DEALER_WIN,BET_4X
290,4035927011327309283,raw,stake_scaled_net_profit,6.5,6.0,PLAYER_WIN,BET_4X
291,4582459076364867022,raw,stake_scaled_net_profit,5.0,6.0,PLAYER_WIN,BET_4X
292,5063108030770880756,raw,stake_scaled_net_profit,-6.0,6.0,DEALER_WIN,BET_4X
293,3521074766916916396,raw,stake_scaled_net_profit,5.0,6.0,PLAYER_WIN,BET_4X
294,2098739520062542735,raw,stake_scaled_net_profit,4.0,6.0,PLAYER_WIN,BET_4X
295,1920321905174655088,raw,stake_scaled_net_profit,5.0,6.0,PLAYER_WIN,BET_4X
296,3111219435804652977,raw,stake_scaled_net_profit,-6.0,6.0,DEALER_WIN,BET_4X
297,7596979449436064433,raw,stake_scaled_net_profit,-6.0,6.0,DEALER_WIN,BET_4X
298,9200930107847698921,raw,stake_scaled_net_profit,-6.0,6.0,DEALER_WIN,BET_4X
299,2130161503912020020,raw,stake_scaled_net_profit,-6.0,6.0,DEALER_WIN,BET_4X
300,773199989780435132,raw,stake_scaled_net_profit,5.0,6.0,PLAYER_WIN,BET_4X
301,790609520540673511,raw,stake_scaled_net_profit,-6.0,6.0,DEALER_WIN,BET_4X
302,940256883321144102,raw,stake_scaled_net_profit,5.0,6.0,PLAYER_WIN,BET_4X
303,7521885374094830706,raw,stake_scaled_net_profit,5.0,6.0,PLAYER_WIN,BET_4X
304,1290666818709030736,raw,stake_scaled_net_profit,-6.0,6.0,DEALER_WIN,BET_4X
305,7278560434425519433,raw,stake_scaled_net_profit,8.0,6.0,PLAYER_WIN,BET_4X
306,6765727779339517793,raw,stake_scaled_net_profit,-6.0,6.0,DEALER_WIN,BET_4X
307,2562702621120485377,raw,stake_scaled_net_profit,5.0,6.0,PLAYER_WIN,BET_4X
308,5732270001053102957,raw,stake_scaled_net_profit,5.0,6.0,PLAYER_WIN,BET_4X
309,5319966283482639267,raw,stake_scaled_net_profit,4.0,6.0,PLAYER_WIN,BET_4X
310,5482854480484691906,raw,stake_scaled_net_profit,-6.0,6.0,DEALER_WIN,BET_4X
311,6737730215036343388,raw,stake_scaled_net_profit,-6.0,6.0,DEALER_WIN,BET_4X
312,1750394772184139807,raw,stake_scaled_net_profit,6.5,6.0,PLAYER_WIN,BET_4X
313,4092024285208974386,raw,stake_scaled_net_profit,-6.0,6.0,DEALER_WIN,BET_4X
314,2479779619273314584,raw,stake_scaled_net_profit,-6.0,6.0,DEALER_WIN,BET_4X
315,8550716504167259590,raw,stake_scaled_net_profit,4.0,6.0,PLAYER_WIN,BET_4X
316,5968184737561155573,raw,stake_scaled_net_profit,4.0,6.0,PLAYER_WIN,BET_4X
317,4251216972758833193,raw,stake_scaled_net_profit,-6.0,6.0,DEALER_WIN,BET_4X
318,6586578875242233007,raw,stake_scaled_net_profit,0.0,6.0,PUSH,BET_4X
319,7196449143880713678,raw,stake_scaled_net_profit,5.0,6.0,PLAYER_WIN,BET_4X
320,1494370748545103871,raw,stake_scaled_net_profit,4.0,6.0,PLAYER_WIN,BET_4X
321,4038012604501675599,raw,stake_scaled_net_profit,-6.0,6.0,DEALER_WIN,BET_4X
322,7098046348583829158,raw,stake_scaled_net_profit,-6.0,6.0,DEALER_WIN,BET_4X
323,7024276765378325067,raw,stake_scaled_net_profit,5.0,6.0,PLAYER_WIN,BET_4X
324,6154590985343039709,raw,stake_scaled_net_profit,-6.0,6.0,DEALER_WIN,BET_4X
325,4727068190975620816,raw,stake_scaled_net_profit,5.0,6.0,PLAYER_WIN,BET_4X
326,2507349376491984346,raw,stake_scaled_net_profit,5.0,6.0,PLAYER_WIN,BET_4X
327,3395974611405996149,raw,stake_scaled_net_profit,6.0,6.0,PLAYER_WIN,BET_4X
328,2359856206601181180,raw,stake_scaled_net_profit,-6.0,6.0,DEALER_WIN,BET_4X
329,7744368251180168964,raw,stake_scaled_net_profit,-6.0,6.0,DEALER_WIN,BET_4X
330,4723146808085613614,raw,stake_scaled_net_profit,5.0,6.0,PLAYER_WIN,BET_4X
331,4524896174569570928,raw,stake_scaled_net_profit,-6.0,6.0,DEALER_WIN,BET_4X
332,3829554533382905876,raw,stake_scaled_net_profit,-6.0,6.0,DEALER_WIN,BET_4X
333,8850372262869207536,raw,stake_scaled_net_profit,4.0,6.0,PLAYER_WIN,BET_4X
334,2522900541139666584,raw,stake_scaled_net_profit,4.0,6.0,PLAYER_WIN,BET_4X
335,6829168510832181399,raw,stake_scaled_net_profit,4.0,6.0,PLAYER_WIN,BET_4X
336,1300757615968728974,raw,stake_scaled_net_profit,-6.0,6.0,DEALER_WIN,BET_4X
337,8977613446332408452,raw,stake_scaled_net_profit,5.0,6.0,PLAYER_WIN,BET_4X
338,5124143102279955980,raw,stake_scaled_net_profit,5.0,6.0,PLAYER_WIN,BET_4X
339,1698982236944184098,raw,stake_scaled_net_profit,4.0,6.0,PLAYER_WIN,BET_4X
340,2537635093826938346,raw,stake_scaled_net_profit,-6.0,6.0,DEALER_WIN,BET_4X
341,3042645679642465706,raw,stake_scaled_net_profit,4.0,6.0,PLAYER_WIN,BET_4X
342,8379030542639646354,raw,stake_scaled_net_profit,-6.0,6.0,DEALER_WIN,BET_4X
343,4252752355513259897,raw,stake_scaled_net_profit,-6.0,6.0,DEALER_WIN,BET_4X
344,7644703980693510810,raw,stake_scaled_net_profit,0.0,6.0,PUSH,BET_4X
345,6091992489211428610,raw,stake_scaled_net_profit,-6.0,6.0,DEALER_WIN,BET_4X
346,4377905856225961112,raw,stake_scaled_net_profit,-5.0,6.0,DEALER_WIN,BET_4X
347,4233738309113298639,raw,stake_scaled_net_profit,0.0,6.0,PUSH,BET_4X
348,722959606086166209,raw,stake_scaled_net_profit,-6.0,6.0,DEALER_WIN,BET_4X
349,8965898040700419188,raw,stake_scaled_net_profit,-6.0,6.0,DEALER_WIN,BET_4X
350,3068374000097644594,raw,stake_scaled_net_profit,5.0,6.0,PLAYER_WIN,BET_4X
351,8421993321631063289,raw,stake_scaled_net_profit,8.0,6.0,PLAYER_WIN,BET_4X
352,2565339746751315385,raw,stake_scaled_net_profit,5.0,6.0,PLAYER_WIN,BET_4X
353,3521059145737245006,raw,stake_scaled_net_profit,-6.0,6.0,DEALER_WIN,BET_4X
354,1225146693247821464,raw,stake_scaled_net_profit,-6.0,6.0,DEALER_WIN,BET_4X
355,2223163389797223573,raw,stake_scaled_net_profit,-6.0,6.0,DEALER_WIN,BET_4X
356,6100450240085238662,raw,stake_scaled_net_profit,-6.0,6.0,DEALER_WIN,BET_4X
357,2252262110976378070,raw,stake_scaled_net_profit,4.0,6.0,PLAYER_WIN,BET_4X
358,2409777369572172664,raw,stake_scaled_net_profit,-6.0,6.0,DEALER_WIN,BET_4X
359,3272692093067702644,raw,stake_scaled_net_profit,-6.0,6.0,DEALER_WIN,BET_4X
360,5263078641338965980,raw,stake_scaled_net_profit,5.0,6.0,PLAYER_WIN,BET_4X
361,2013549331616727494,raw,stake_scaled_net_profit,5.0,6.0,PLAYER_WIN,BET_4X
362,7796690638519713880,raw,stake_scaled_net_profit,-6.0,6.0,DEALER_WIN,BET_4X
363,1112853597645051873,raw,stake_scaled_net_profit,-6.0,6.0,DEALER_WIN,BET_4X
364,3480513157201779262,raw,stake_scaled_net_profit,5.0,6.0,PLAYER_WIN,BET_4X
365,3067634367452865023,raw,stake_scaled_net_profit,4.0,6.0,PLAYER_WIN,BET_4X
366,7503054615718173894,raw,stake_scaled_net_profit,5.0,6.0,PLAYER_WIN,BET_4X
367,4634938742369367851,raw,stake_scaled_net_profit,-6.0,6.0,DEALER_WIN,BET_4X
368,5033243759305225170,raw,stake_scaled_net_profit,4.0,6.0,PLAYER_WIN,BET_4X
369,5123096749338927418,raw,stake_scaled_net_profit,4.0,6.0,PLAYER_WIN,BET_4X
370,5250256626675980973,raw,stake_scaled_net_profit,6.5,6.0,PLAYER_WIN,BET_4X
371,3188560541386030410,raw,stake_scaled_net_profit,5.0,6.0,PLAYER_WIN,BET_4X
372,725958004730219154,raw,stake_scaled_net_profit,-6.0,6.0,DEALER_WIN,BET_4X
373,1086518526799508046,raw,stake_scaled_net_profit,-6.0,6.0,DEALER_WIN,BET_4X
374,4830178015972021400,raw,stake_scaled_net_profit,5.0,6.0,PLAYER_WIN,BET_4X
375,2483794333879786541,raw,stake_scaled_net_profit,-6.0,6.0,DEALER_WIN,BET_4X
376,5968788491557416029,raw,stake_scaled_net_profit,6.0,6.0,PLAYER_WIN,BET_4X
377,4909058599847734388,raw,stake_scaled_net_profit,-5.0,6.0,DEALER_WIN,BET_4X
378,8269389959809120026,raw,stake_scaled_net_profit,5.0,6.0,PLAYER_WIN,BET_4X
379,5751227521769691756,raw,stake_scaled_net_profit,-6.0,6.0,DEALER_WIN,BET_4X
380,5254734106473222559,raw,stake_scaled_net_profit,-6.0,6.0,DEALER_WIN,BET_4X
381,1484617088297884918,raw,stake_scaled_net_profit,4.0,6.0,PLAYER_WIN,BET_4X
382,3733062852738192744,raw,stake_scaled_net_profit,15.0,6.0,PLAYER_WIN,BET_4X
383,4031387593778505327,raw,stake_scaled_net_profit,-6.0,6.0,DEALER_WIN,BET_4X
384,2686551691759380802,raw,stake_scaled_net_profit,5.0,6.0,PLAYER_WIN,BET_4X
385,7200141093538924119,raw,stake_scaled_net_profit,8.0,6.0,PLAYER_WIN,BET_4X
386,1267122011524698938,raw,stake_scaled_net_profit,0.0,6.0,PUSH,BET_4X
387,2953387294424337859,raw,stake_scaled_net_profit,4.0,6.0,PLAYER_WIN,BET_4X
388,2123690835654171057,raw,stake_scaled_net_profit,-6.0,6.0,DEALER_WIN,BET_4X
389,3842281555931477400,raw,stake_scaled_net_profit,-6.0,6.0,DEALER_WIN,BET_4X
390,1446228320186105644,raw,stake_scaled_net_profit,-6.0,6.0,DEALER_WIN,BET_4X
391,388341251164335986,raw,stake_scaled_net_profit,-6.0,6.0,DEALER_WIN,BET_4X
392,3766716693521451175,raw,stake_scaled_net_profit,5.0,6.0,PLAYER_WIN,BET_4X
393,308677102571691178,raw,stake_scaled_net_profit,-6.0,6.0,DEALER_WIN,BET_4X
394,7025784524817768587,raw,stake_scaled_net_profit,5.0,6.0,PLAYER_WIN,BET_4X
395,660872375021651183,raw,stake_scaled_net_profit,-6.0,6.0,DEALER_WIN,BET_4X
396,5018159035523172139,raw,stake_scaled_net_profit,5.0,6.0,PLAYER_WIN,BET_4X
397,8521796670501639537,raw,stake_scaled_net_profit,-6.0,6.0,DEALER_WIN,BET_4X
398,8259530846865156621,raw,stake_scaled_net_profit,5.0,6.0,PLAYER_WIN,BET_4X
399,1293390679611208357,raw,stake_scaled_net_profit,5.0,6.0,PLAYER_WIN,BET_4X
400,5535416213156246062,raw,stake_scaled_net_profit,5.0,6.0,PLAYER_WIN,BET_4X
401,8592143109048140185,raw,stake_scaled_net_profit,-6.0,6.0,DEALER_WIN,BET_4X
402,4165022053239471889,raw,stake_scaled_net_profit,-6.0,6.0,DEALER_WIN,BET_4X
403,3421517331959741789,raw,stake_scaled_net_profit,-6.0,6.0,DEALER_WIN,BET_4X
404,3676174173399259099,raw,stake_scaled_net_profit,6.0,6.0,PLAYER_WIN,BET_4X
405,5532878257321113407,raw,stake_scaled_net_profit,-6.0,6.0,DEALER_WIN,BET_4X
406,1385261999608165744,raw,stake_scaled_net_profit,4.0,6.0,PLAYER_WIN,BET_4X
407,1725780601959358525,raw,stake_scaled_net_profit,-6.0,6.0,DEALER_WIN,BET_4X
408,844024523636171957,raw,stake_scaled_net_profit,-6.0,6.0,DEALER_WIN,BET_4X
409,7076351326394923686,raw,stake_scaled_net_profit,-6.0,6.0,DEALER_WIN,BET_4X
410,3328496822210650014,raw,stake_scaled_net_profit,-6.0,6.0,DEALER_WIN,BET_4X
411,6673265249638135424,raw,stake_scaled_net_profit,-6.0,6.0,DEALER_WIN,BET_4X
412,5186064815748076363,raw,stake_scaled_net_profit,4.0,6.0,PLAYER_WIN,BET_4X
413,8820925307334779230,raw,stake_scaled_net_profit,5.0,6.0,PLAYER_WIN,BET_4X
414,7130104864293323688,raw,stake_scaled_net_profit,-6.0,6.0,DEALER_WIN,BET_4X
415,3955741204990501015,raw,stake_scaled_net_profit,5.0,6.0,PLAYER_WIN,BET_4X
416,5816117043921882507,raw,stake_scaled_net_profit,5.0,6.0,PLAYER_WIN,BET_4X
417,5870108828468812702,raw,stake_scaled_net_profit,6.5,6.0,PLAYER_WIN,BET_4X
418,3452472625769591428,raw,stake_scaled_net_profit,-6.0,6.0,DEALER_WIN,BET_4X
419,2951271027818976081,raw,stake_scaled_net_profit,5.0,6.0,PLAYER_WIN,BET_4X
420,8743407801131281417,raw,stake_scaled_net_profit,-6.0,6.0,DEALER_WIN,BET_4X
421,1395602105126210203,raw,stake_scaled_net_profit,-6.0,6.0,DEALER_WIN,BET_4X
422,3217208186673493107,raw,stake_scaled_net_profit,-6.0,6.0,DEALER_WIN,BET_4X
423,3740685319419975092,raw,stake_scaled_net_profit,4.0,6.0,PLAYER_WIN,BET_4X
424,1827962242563392027,raw,stake_scaled_net_profit,-6.0,6.0,DEALER_WIN,BET_4X
425,4967620523564462662,raw,stake_scaled_net_profit,-6.0,6.0,DEALER_WIN,BET_4X
426,8346212796288530295,raw,stake_scaled_net_profit,5.0,6.0,PLAYER_WIN,BET_4X
427,1878513055434871565,raw,stake_scaled_net_profit,-6.0,6.0,DEALER_WIN,BET_4X
428,7456929651071579732,raw,stake_scaled_net_profit,-6.0,6.0,DEALER_WIN,BET_4X
429,8547785305093473824,raw,stake_scaled_net_profit,5.0,6.0,PLAYER_WIN,BET_4X
430,1339518746148212065,raw,stake_scaled_net_profit,-6.0,6.0,DEALER_WIN,BET_4X
431,5986486522782583560,raw,stake_scaled_net_profit,-6.0,6.0,DEALER_WIN,BET_4X
432,9149670476414652663,raw,stake_scaled_net_profit,8.0,6.0,PLAYER_WIN,BET_4X
433,6047923126693314179,raw,stake_scaled_net_profit,-6.0,6.0,DEALER_WIN,BET_4X
434,4507716234393071812,raw,stake_scaled_net_profit,4.0,6.0,PLAYER_WIN,BET_4X
435,6696212316559221669,raw,stake_scaled_net_profit,-6.0,6.0,DEALER_WIN,BET_4X
436,4709208856752884907,raw,stake_scaled_net_profit,-6.0,6.0,DEALER_WIN,BET_4X
437,8180799737624703497,raw,stake_scaled_net_profit,-6.0,6.0,DEALER_WIN,BET_4X
438,5100472982167930350,raw,stake_scaled_net_profit,0.0,6.0,PUSH,BET_4X
439,8638100613132331462,raw,stake_scaled_net_profit,4.0,6.0,PLAYER_WIN,BET_4X
440,831321693197061714,raw,stake_scaled_net_profit,-6.0,6.0,DEALER_WIN,BET_4X
441,1549030611600974587,raw,stake_scaled_net_profit,-6.0,6.0,DEALER_WIN,BET_4X
442,1500434365829296761,raw,stake_scaled_net_profit,5.0,6.0,PLAYER_WIN,BET_4X
443,5799093032386592618,raw,stake_scaled_net_profit,-6.0,6.0,DEALER_WIN,BET_4X
444,1398620022658892871,raw,stake_scaled_net_profit,-6.0,6.0,DEALER_WIN,BET_4X
445,7723618636455993013,raw,stake_scaled_net_profit,-6.0,6.0,DEALER_WIN,BET_4X
446,4017416666956074224,raw,stake_scaled_net_profit,6.0,6.0,PLAYER_WIN,BET_4X
447,6685408889241086991,raw,stake_scaled_net_profit,4.0,6.0,PLAYER_WIN,BET_4X
448,1046437852623580516,raw,stake_scaled_net_profit,-6.0,6.0,DEALER_WIN,BET_4X
449,6495900327912917789,raw,stake_scaled_net_profit,4.0,6.0,PLAYER_WIN,BET_4X
450,7268012643080620112,raw,stake_scaled_net_profit,5.0,6.0,PLAYER_WIN,BET_4X
451,8596356162955893865,raw,stake_scaled_net_profit,-6.0,6.0,DEALER_WIN,BET_4X
452,5023991350838989493,raw,stake_scaled_net_profit,4.0,6.0,PLAYER_WIN,BET_4X
453,3096425923440701499,raw,stake_scaled_net_profit,-6.0,6.0,DEALER_WIN,BET_4X
454,9155977984722206226,raw,stake_scaled_net_profit,6.5,6.0,PLAYER_WIN,BET_4X
455,5589389613960447355,raw,stake_scaled_net_profit,-6.0,6.0,DEALER_WIN,BET_4X
456,1593016035029406547,raw,stake_scaled_net_profit,-6.0,6.0,DEALER_WIN,BET_4X
457,2384837664647274378,raw,stake_scaled_net_profit,5.0,6.0,PLAYER_WIN,BET_4X
458,8988294948997256362,raw,stake_scaled_net_profit,4.0,6.0,PLAYER_WIN,BET_4X
459,6618121475846054406,raw,stake_scaled_net_profit,5.0,6.0,PLAYER_WIN,BET_4X
460,837303075718077153,raw,stake_scaled_net_profit,5.0,6.0,PLAYER_WIN,BET_4X
461,6163462163336804620,raw,stake_scaled_net_profit,-6.0,6.0,DEALER_WIN,BET_4X
462,8595134223538175693,raw,stake_scaled_net_profit,4.0,6.0,PLAYER_WIN,BET_4X
463,4943130807978259282,raw,stake_scaled_net_profit,-6.0,6.0,DEALER_WIN,BET_4X
464,546517709026249506,raw,stake_scaled_net_profit,-6.0,6.0,DEALER_WIN,BET_4X
465,6219571001966642767,raw,stake_scaled_net_profit,-6.0,6.0,DEALER_WIN,BET_4X
466,1909309805318875446,raw,stake_scaled_net_profit,-6.0,6.0,DEALER_WIN,BET_4X
467,7939831167678121436,raw,stake_scaled_net_profit,-6.0,6.0,DEALER_WIN,BET_4X
468,4909903955276585547,raw,stake_scaled_net_profit,5.0,6.0,PLAYER_WIN,BET_4X
469,7330409857486934143,raw,stake_scaled_net_profit,-6.0,6.0,DEALER_WIN,BET_4X
470,6483027437849028188,raw,stake_scaled_net_profit,-6.0,6.0,DEALER_WIN,BET_4X
471,4171686185131703792,raw,stake_scaled_net_profit,4.0,6.0,PLAYER_WIN,BET_4X
472,1771421303201843669,raw,stake_scaled_net_profit,-6.0,6.0,DEALER_WIN,BET_4X
473,1401440516887092641,raw,stake_scaled_net_profit,6.5,6.0,PLAYER_WIN,BET_4X
474,4646815077684961866,raw,stake_scaled_net_profit,-6.0,6.0,DEALER_WIN,BET_4X
475,6049936887681308982,raw,stake_scaled_net_profit,-6.0,6.0,DEALER_WIN,BET_4X
476,8360178397633295329,raw,stake_scaled_net_profit,5.0,6.0,PLAYER_WIN,BET_4X
477,6562508349195654128,raw,stake_scaled_net_profit,4.0,6.0,PLAYER_WIN,BET_4X
478,5072545829675726431,raw,stake_scaled_net_profit,4.0,6.0,PLAYER_WIN,BET_4X
479,5882282875364312602,raw,stake_scaled_net_profit,-6.0,6.0,DEALER_WIN,BET_4X
480,3555826633250398759,raw,stake_scaled_net_profit,-6.0,6.0,DEALER_WIN,BET_4X
481,3371639317207562188,raw,stake_scaled_net_profit,5.0,6.0,PLAYER_WIN,BET_4X
482,634659690983456182,raw,stake_scaled_net_profit,5.0,6.0,PLAYER_WIN,BET_4X
483,3499328612933342146,raw,stake_scaled_net_profit,-6.0,6.0,DEALER_WIN,BET_4X
484,4380056808609724650,raw,stake_scaled_net_profit,5.0,6.0,PLAYER_WIN,BET_4X
485,5874661895553636168,raw,stake_scaled_net_profit,-6.0,6.0,DEALER_WIN,BET_4X
486,2076044537292985049,raw,stake_scaled_net_profit,-6.0,6.0,DEALER_WIN,BET_4X
487,8450411627594332084,raw,stake_scaled_net_profit,-6.0,6.0,DEALER_WIN,BET_4X
488,9147965826968071048,raw,stake_scaled_net_profit,5.0,6.0,PLAYER_WIN,BET_4X
489,8168966239570680708,raw,stake_scaled_net_profit,-6.0,6.0,DEALER_WIN,BET_4X
490,134795331270240176,raw,stake_scaled_net_profit,-6.0,6.0,DEALER_WIN,BET_4X
491,7462719447577611777,raw,stake_scaled_net_profit,0.0,6.0,PUSH,BET_4X
492,5696554759936696187,raw,stake_scaled_net_profit,-5.0,6.0,DEALER_WIN,BET_4X
493,3871126435156101295,raw,stake_scaled_net_profit,5.0,6.0,PLAYER_WIN,BET_4X
494,4734305113232378208,raw,stake_scaled_net_profit,5.0,6.0,PLAYER_WIN,BET_4X
495,1533196912554071243,raw,stake_scaled_net_profit,-6.0,6.0,DEALER_WIN,BET_4X
496,7185425100901320547,raw,stake_scaled_net_profit,-6.0,6.0,DEALER_WIN,BET_4X
497,1016415187660217936,raw,stake_scaled_net_profit,5.0,6.0,PLAYER_WIN,BET_4X
498,3032432862746814437,raw,stake_scaled_net_profit,0.0,6.0,PUSH,BET_4X
499,7556047480622226250,raw,stake_scaled_net_profit,-6.0,6.0,DEALER_WIN,BET_4X
500,933273137727069284,raw,stake_scaled_net_profit,6.0,6.0,PLAYER_WIN,BET_4X
501,3879876683520054383,raw,stake_scaled_net_profit,5.0,6.0,PLAYER_WIN,BET_4X
502,8113703303996985530,raw,stake_scaled_net_profit,-6.0,6.0,DEALER_WIN,BET_4X
503,5899338366333003748,raw,stake_scaled_net_profit,5.0,6.0,PLAYER_WIN,BET_4X
504,6660829024713536591,raw,stake_scaled_net_profit,-6.0,6.0,DEALER_WIN,BET_4X
505,2430701078192901027,raw,stake_scaled_net_profit,-6.0,6.0,DEALER_WIN,BET_4X
506,2371382632108689353,raw,stake_scaled_net_profit,6.0,6.0,PLAYER_WIN,BET_4X
507,246667548129881299,raw,stake_scaled_net_profit,-6.0,6.0,DEALER_WIN,BET_4X
508,7450745378874970545,raw,stake_scaled_net_profit,5.0,6.0,PLAYER_WIN,BET_4X
509,6813944942081327534,raw,stake_scaled_net_profit,-6.0,6.0,DEALER_WIN,BET_4X
510,3064318827073999408,raw,stake_scaled_net_profit,-6.0,6.0,DEALER_WIN,BET_4X
511,1729929361642299057,raw,stake_scaled_net_profit,-6.0,6.0,DEALER_WIN,BET_4X
512,1750367160842858343,raw,stake_scaled_net_profit,-6.0,6.0,DEALER_WIN,BET_4X
513,1655862358167904288,raw,stake_scaled_net_profit,4.0,6.0,PLAYER_WIN,BET_4X
514,6729873934378771455,raw,stake_scaled_net_profit,4.0,6.0,PLAYER_WIN,BET_4X
515,2478789940023055784,raw,stake_scaled_net_profit,-6.0,6.0,DEALER_WIN,BET_4X
516,5199963878046074067,raw,stake_scaled_net_profit,5.0,6.0,PLAYER_WIN,BET_4X
517,4184452219226610205,raw,stake_scaled_net_profit,-6.0,6.0,DEALER_WIN,BET_4X
518,297273912410190346,raw,stake_scaled_net_profit,-6.0,6.0,DEALER_WIN,BET_4X
519,2113491391996110604,raw,stake_scaled_net_profit,5.0,6.0,PLAYER_WIN,BET_4X
520,3358623548603057980,raw,stake_scaled_net_profit,4.0,6.0,PLAYER_WIN,BET_4X
521,2984375983780907536,raw,stake_scaled_net_profit,8.0,6.0,PLAYER_WIN,BET_4X
522,6155124837629848762,raw,stake_scaled_net_profit,-6.0,6.0,DEALER_WIN,BET_4X
523,9155788216945980485,raw,stake_scaled_net_profit,8.0,6.0,PLAYER_WIN,BET_4X
524,484089416690689347,raw,stake_scaled_net_profit,-6.0,6.0,DEALER_WIN,BET_4X
525,6890240746200920038,raw,stake_scaled_net_profit,-6.0,6.0,DEALER_WIN,BET_4X
526,848415623601917956,raw,stake_scaled_net_profit,4.0,6.0,PLAYER_WIN,BET_4X
527,5697582676430470657,raw,stake_scaled_net_profit,4.0,6.0,PLAYER_WIN,BET_4X
528,359508157000888435,raw,stake_scaled_net_profit,6.5,6.0,PLAYER_WIN,BET_4X
529,2528447974443560258,raw,stake_scaled_net_profit,4.0,6.0,PLAYER_WIN,BET_4X
530,2481724772232744877,raw,stake_scaled_net_profit,-6.0,6.0,DEALER_WIN,BET_4X
531,2557147748168003997,raw,stake_scaled_net_profit,-6.0,6.0,DEALER_WIN,BET_4X
532,4090650863040944024,raw,stake_scaled_net_profit,4.0,6.0,PLAYER_WIN,BET_4X
533,4405475568781568221,raw,stake_scaled_net_profit,5.0,6.0,PLAYER_WIN,BET_4X
534,4259539607776468581,raw,stake_scaled_net_profit,-6.0,6.0,DEALER_WIN,BET_4X
535,981165044324680834,raw,stake_scaled_net_profit,5.0,6.0,PLAYER_WIN,BET_4X
536,9159758127584802493,raw,stake_scaled_net_profit,8.0,6.0,PLAYER_WIN,BET_4X
537,1145815434563858860,raw,stake_scaled_net_profit,-6.0,6.0,DEALER_WIN,BET_4X
538,5625821292115160786,raw,stake_scaled_net_profit,-5.0,6.0,DEALER_WIN,BET_4X
539,7396381863233446780,raw,stake_scaled_net_profit,5.0,6.0,PLAYER_WIN,BET_4X
540,3104561799204508880,raw,stake_scaled_net_profit,-6.0,6.0,DEALER_WIN,BET_4X
541,7645317434179827457,raw,stake_scaled_net_profit,5.0,6.0,PLAYER_WIN,BET_4X
542,3544608483713153382,raw,stake_scaled_net_profit,6.5,6.0,PLAYER_WIN,BET_4X
543,1099295062059935422,raw,stake_scaled_net_profit,-6.0,6.0,DEALER_WIN,BET_4X
544,7879483455171379622,raw,stake_scaled_net_profit,0.0,6.0,PUSH,BET_4X
545,1297256499332689757,raw,stake_scaled_net_profit,-6.0,6.0,DEALER_WIN,BET_4X
546,3003963359444437689,raw,stake_scaled_net_profit,-6.0,6.0,DEALER_WIN,BET_4X
547,573166493607208300,raw,stake_scaled_net_profit,-6.0,6.0,DEALER_WIN,BET_4X
548,8455128871003021946,raw,stake_scaled_net_profit,-6.0,6.0,DEALER_WIN,BET_4X
549,1425741552801209926,raw,stake_scaled_net_profit,5.0,6.0,PLAYER_WIN,BET_4X
550,8303153092489139911,raw,stake_scaled_net_profit,-6.0,6.0,DEALER_WIN,BET_4X
551,2793477496906391028,raw,stake_scaled_net_profit,-6.0,6.0,DEALER_WIN,BET_4X
552,5712715111134235692,raw,stake_scaled_net_profit,-6.0,6.0,DEALER_WIN,BET_4X
553,2926274969862089094,raw,stake_scaled_net_profit,5.0,6.0,PLAYER_WIN,BET_4X
554,823733441214896673,raw,stake_scaled_net_profit,5.0,6.0,PLAYER_WIN,BET_4X
555,7369401390712889669,raw,stake_scaled_net_profit,-6.0,6.0,DEALER_WIN,BET_4X
556,6158278200009177876,raw,stake_scaled_net_profit,-6.0,6.0,DEALER_WIN,BET_4X
557,4129819625458657093,raw,stake_scaled_net_profit,-6.0,6.0,DEALER_WIN,BET_4X
558,3200102139840850891,raw,stake_scaled_net_profit,-6.0,6.0,DEALER_WIN,BET_4X
559,6528817013581433997,raw,stake_scaled_net_profit,6.0,6.0,PLAYER_WIN,BET_4X
560,323206193462982577,raw,stake_scaled_net_profit,4.0,6.0,PLAYER_WIN,BET_4X
561,3846463113594573617,raw,stake_scaled_net_profit,6.5,6.0,PLAYER_WIN,BET_4X
562,5834249726791626290,raw,stake_scaled_net_profit,-6.0,6.0,DEALER_WIN,BET_4X
563,6354593441793038467,raw,stake_scaled_net_profit,-6.0,6.0,DEALER_WIN,BET_4X
564,5216928402810834690,raw,stake_scaled_net_profit,0.0,6.0,PUSH,BET_4X
565,4105524393456875921,raw,stake_scaled_net_profit,-6.0,6.0,DEALER_WIN,BET_4X
566,5918484381741871370,raw,stake_scaled_net_profit,-6.0,6.0,DEALER_WIN,BET_4X
567,7961345467747678079,raw,stake_scaled_net_profit,55.0,6.0,PLAYER_WIN,BET_4X
568,3502691951959519534,raw,stake_scaled_net_profit,0.0,6.0,PUSH,BET_4X
569,1439741073307356558,raw,stake_scaled_net_profit,5.0,6.0,PLAYER_WIN,BET_4X
570,544131049984664886,raw,stake_scaled_net_profit,-6.0,6.0,DEALER_WIN,BET_4X
571,246947816434295116,raw,stake_scaled_net_profit,4.0,6.0,PLAYER_WIN,BET_4X
572,2063089475304557004,raw,stake_scaled_net_profit,5.0,6.0,PLAYER_WIN,BET_4X
573,5273149804366250382,raw,stake_scaled_net_profit,0.0,6.0,PUSH,BET_4X
574,6242342755829404068,raw,stake_scaled_net_profit,-6.0,6.0,DEALER_WIN,BET_4X
575,8618665321335369686,raw,stake_scaled_net_profit,6.5,6.0,PLAYER_WIN,BET_4X
576,6750005175329128321,raw,stake_scaled_net_profit,-5.0,6.0,DEALER_WIN,BET_4X
577,5197167423289159588,raw,stake_scaled_net_profit,5.0,6.0,PLAYER_WIN,BET_4X
578,4666010133671844040,raw,stake_scaled_net_profit,4.0,6.0,PLAYER_WIN,BET_4X
579,1442456485344440399,raw,stake_scaled_net_profit,-6.0,6.0,DEALER_WIN,BET_4X
580,390135374547149414,raw,stake_scaled_net_profit,5.0,6.0,PLAYER_WIN,BET_4X
581,4956326142923645395,raw,stake_scaled_net_profit,-6.0,6.0,DEALER_WIN,BET_4X
582,5662448064102940663,raw,stake_scaled_net_profit,5.0,6.0,PLAYER_WIN,BET_4X
583,897826991936553188,raw,stake_scaled_net_profit,5.0,6.0,PLAYER_WIN,BET_4X
584,5874719679115508367,raw,stake_scaled_net_profit,5.0,6.0,PLAYER_WIN,BET_4X
585,2191003211561714580,raw,stake_scaled_net_profit,-6.0,6.0,DEALER_WIN,BET_4X
586,6224078302528447464,raw,stake_scaled_net_profit,-6.0,6.0,DEALER_WIN,BET_4X
587,4039350524009383788,raw,stake_scaled_net_profit,-5.0,6.0,DEALER_WIN,BET_4X
588,7631894069810744516,raw,stake_scaled_net_profit,5.0,6.0,PLAYER_WIN,BET_4X
589,8593845884501394786,raw,stake_scaled_net_profit,5.0,6.0,PLAYER_WIN,BET_4X
590,6737629062876345069,raw,stake_scaled_net_profit,-6.0,6.0,DEALER_WIN,BET_4X
591,3255393978102523606,raw,stake_scaled_net_profit,-6.0,6.0,DEALER_WIN,BET_4X
592,198709292125499363,raw,stake_scaled_net_profit,-6.0,6.0,DEALER_WIN,BET_4X
593,362442798080678038,raw,stake_scaled_net_profit,-6.0,6.0,DEALER_WIN,BET_4X
594,2227676051658773521,raw,stake_scaled_net_profit,-6.0,6.0,DEALER_WIN,BET_4X
595,607509481610750028,raw,stake_scaled_net_profit,-5.0,6.0,DEALER_WIN,BET_4X
596,1865292475587268350,raw,stake_scaled_net_profit,-6.0,6.0,DEALER_WIN,BET_4X
597,6949976030699473288,raw,stake_scaled_net_profit,-6.0,6.0,DEALER_WIN,BET_4X
598,4459315521145107372,raw,stake_scaled_net_profit,-6.0,6.0,DEALER_WIN,BET_4X
599,1145713084574462523,raw,stake_scaled_net_profit,-6.0,6.0,DEALER_WIN,BET_4X
600,5364678511275994282,raw,stake_scaled_net_profit,5.0,6.0,PLAYER_WIN,BET_4X
601,7977261233109712867,raw,stake_scaled_net_profit,-5.0,6.0,DEALER_WIN,BET_4X
602,1109045300105273858,raw,stake_scaled_net_profit,-6.0,6.0,DEALER_WIN,BET_4X
603,5094414376663216303,raw,stake_scaled_net_profit,5.0,6.0,PLAYER_WIN,BET_4X
604,6588261728594172511,raw,stake_scaled_net_profit,4.0,6.0,PLAYER_WIN,BET_4X
605,5004693701050377048,raw,stake_scaled_net_profit,5.0,6.0,PLAYER_WIN,BET_4X
606,4763294994615129107,raw,stake_scaled_net_profit,5.0,6.0,PLAYER_WIN,BET_4X
607,3182772327497698639,raw,stake_scaled_net_profit,-6.0,6.0,DEALER_WIN,BET_4X
608,4087002424773716515,raw,stake_scaled_net_profit,5.0,6.0,PLAYER_WIN,BET_4X
609,539561618950212653,raw,stake_scaled_net_profit,8.0,6.0,PLAYER_WIN,BET_4X
610,1855740634297441060,raw,stake_scaled_net_profit,5.0,6.0,PLAYER_WIN,BET_4X
611,4327372972246936408,raw,stake_scaled_net_profit,-6.0,6.0,DEALER_WIN,BET_4X
612,4417704787161512011,raw,stake_scaled_net_profit,-6.0,6.0,DEALER_WIN,BET_4X
613,4482547955415017981,raw,stake_scaled_net_profit,6.0,6.0,PLAYER_WIN,BET_4X
614,3708223111936701398,raw,stake_scaled_net_profit,-6.0,6.0,DEALER_WIN,BET_4X
615,5051080929375122379,raw,stake_scaled_net_profit,-5.0,6.0,DEALER_WIN,BET_4X
616,2238896655472938320,raw,stake_scaled_net_profit,-6.0,6.0,DEALER_WIN,BET_4X
617,3666707995881161748,raw,stake_scaled_net_profit,5.0,6.0,PLAYER_WIN,BET_4X
618,8193857167794976862,raw,stake_scaled_net_profit,-5.0,6.0,DEALER_WIN,BET_4X
619,7415631678329972594,raw,stake_scaled_net_profit,5.0,6.0,PLAYER_WIN,BET_4X
620,4485095354519770943,raw,stake_scaled_net_profit,-6.0,6.0,DEALER_WIN,BET_4X
621,1362342763945640017,raw,stake_scaled_net_profit,6.0,6.0,PLAYER_WIN,BET_4X
622,6896254223672954102,raw,stake_scaled_net_profit,-6.0,6.0,DEALER_WIN,BET_4X
623,2349148079688415107,raw,stake_scaled_net_profit,6.5,6.0,PLAYER_WIN,BET_4X
624,7312843380985255752,raw,stake_scaled_net_profit,-6.0,6.0,DEALER_WIN,BET_4X
625,7739534756363291274,raw,stake_scaled_net_profit,-6.0,6.0,DEALER_WIN,BET_4X
626,5051510087587882740,raw,stake_scaled_net_profit,-6.0,6.0,DEALER_WIN,BET_4X
627,2036533204713207061,raw,stake_scaled_net_profit,-6.0,6.0,DEALER_WIN,BET_4X
628,3293246269581192357,raw,stake_scaled_net_profit,-6.0,6.0,DEALER_WIN,BET_4X
629,4946893613460409154,raw,stake_scaled_net_profit,0.0,6.0,PUSH,BET_4X
630,5568990569851663937,raw,stake_scaled_net_profit,-6.0,6.0,DEALER_WIN,BET_4X
631,3386961734347319225,raw,stake_scaled_net_profit,-6.0,6.0,DEALER_WIN,BET_4X
632,387255859813238135,raw,stake_scaled_net_profit,-6.0,6.0,DEALER_WIN,BET_4X
633,3326839505235851742,raw,stake_scaled_net_profit,0.0,6.0,PUSH,BET_4X
634,4764771648565082859,raw,stake_scaled_net_profit,-6.0,6.0,DEALER_WIN,BET_4X
635,1424651422730215757,raw,stake_scaled_net_profit,5.0,6.0,PLAYER_WIN,BET_4X
636,9129162172219445909,raw,stake_scaled_net_profit,-6.0,6.0,DEALER_WIN,BET_4X
637,2924744086167810835,raw,stake_scaled_net_profit,-6.0,6.0,DEALER_WIN,BET_4X
638,5115335217387366862,raw,stake_scaled_net_profit,5.0,6.0,PLAYER_WIN,BET_4X
639,2979725892074722370,raw,stake_scaled_net_profit,4.0,6.0,PLAYER_WIN,BET_4X
640,8949846663045447991,raw,stake_scaled_net_profit,-6.0,6.0,DEALER_WIN,BET_4X
641,7814254347316004140,raw,stake_scaled_net_profit,-6.0,6.0,DEALER_WIN,BET_4X
642,8877953876944742464,raw,stake_scaled_net_profit,5.0,6.0,PLAYER_WIN,BET_4X
643,6364753017554159593,raw,stake_scaled_net_profit,5.0,6.0,PLAYER_WIN,BET_4X
644,1561791165518680554,raw,stake_scaled_net_profit,5.0,6.0,PLAYER_WIN,BET_4X
645,5858302453665071460,raw,stake_scaled_net_profit,5.0,6.0,PLAYER_WIN,BET_4X
646,2809070238210132989,raw,stake_scaled_net_profit,5.0,6.0,PLAYER_WIN,BET_4X
647,511918455818425498,raw,stake_scaled_net_profit,5.0,6.0,PLAYER_WIN,BET_4X
648,6872981964697916122,raw,stake_scaled_net_profit,0.0,6.0,PUSH,BET_4X
649,5070202235789712910,raw,stake_scaled_net_profit,5.0,6.0,PLAYER_WIN,BET_4X
650,7486933000724942694,raw,stake_scaled_net_profit,4.0,6.0,PLAYER_WIN,BET_4X
651,1020678720733639459,raw,stake_scaled_net_profit,-6.0,6.0,DEALER_WIN,BET_4X
652,8087736216931757857,raw,stake_scaled_net_profit,-6.0,6.0,DEALER_WIN,BET_4X
653,6841457034238659902,raw,stake_scaled_net_profit,5.0,6.0,PLAYER_WIN,BET_4X
654,3738827354340780431,raw,stake_scaled_net_profit,6.0,6.0,PLAYER_WIN,BET_4X
655,7385426609675951050,raw,stake_scaled_net_profit,-6.0,6.0,DEALER_WIN,BET_4X
656,703995009982960950,raw,stake_scaled_net_profit,-6.0,6.0,DEALER_WIN,BET_4X
657,5461475060951986202,raw,stake_scaled_net_profit,-6.0,6.0,DEALER_WIN,BET_4X
658,9189178732871060101,raw,stake_scaled_net_profit,4.0,6.0,PLAYER_WIN,BET_4X
659,5270182711606655115,raw,stake_scaled_net_profit,-6.0,6.0,DEALER_WIN,BET_4X
660,995272215872796994,raw,stake_scaled_net_profit,-6.0,6.0,DEALER_WIN,BET_4X
661,4115543658081972104,raw,stake_scaled_net_profit,5.0,6.0,PLAYER_WIN,BET_4X
662,6308791910329069424,raw,stake_scaled_net_profit,-6.0,6.0,DEALER_WIN,BET_4X
663,262178830108226521,raw,stake_scaled_net_profit,-6.0,6.0,DEALER_WIN,BET_4X
664,8715535919053117818,raw,stake_scaled_net_profit,-6.0,6.0,DEALER_WIN,BET_4X
665,1074161713649549330,raw,stake_scaled_net_profit,-6.0,6.0,DEALER_WIN,BET_4X
666,9146853197134550520,raw,stake_scaled_net_profit,-6.0,6.0,DEALER_WIN,BET_4X
667,4259530131647775294,raw,stake_scaled_net_profit,8.0,6.0,PLAYER_WIN,BET_4X
668,8632724887048430612,raw,stake_scaled_net_profit,-6.0,6.0,DEALER_WIN,BET_4X
669,8984827625571841048,raw,stake_scaled_net_profit,4.0,6.0,PLAYER_WIN,BET_4X
670,3787635517161110318,raw,stake_scaled_net_profit,6.0,6.0,PLAYER_WIN,BET_4X
671,6250412317658506430,raw,stake_scaled_net_profit,5.0,6.0,PLAYER_WIN,BET_4X
672,4028348371238775025,raw,stake_scaled_net_profit,5.0,6.0,PLAYER_WIN,BET_4X
673,1224446155191425164,raw,stake_scaled_net_profit,5.0,6.0,PLAYER_WIN,BET_4X
674,7034095573322870727,raw,stake_scaled_net_profit,6.5,6.0,PLAYER_WIN,BET_4X
675,8917619009297062880,raw,stake_scaled_net_profit,4.0,6.0,PLAYER_WIN,BET_4X
676,2341808232167357979,raw,stake_scaled_net_profit,4.0,6.0,PLAYER_WIN,BET_4X
677,5968997697260615798,raw,stake_scaled_net_profit,4.0,6.0,PLAYER_WIN,BET_4X
678,3109458140913498276,raw,stake_scaled_net_profit,-6.0,6.0,DEALER_WIN,BET_4X
679,2380661802238085987,raw,stake_scaled_net_profit,-6.0,6.0,DEALER_WIN,BET_4X
680,5107257234773222466,raw,stake_scaled_net_profit,5.0,6.0,PLAYER_WIN,BET_4X
681,5340022129935467914,raw,stake_scaled_net_profit,-6.0,6.0,DEALER_WIN,BET_4X
682,7330209935356459802,raw,stake_scaled_net_profit,5.0,6.0,PLAYER_WIN,BET_4X
683,6571978331713919577,raw,stake_scaled_net_profit,-6.0,6.0,DEALER_WIN,BET_4X
684,4077817167535627223,raw,stake_scaled_net_profit,5.0,6.0,PLAYER_WIN,BET_4X
685,574055775674715148,raw,stake_scaled_net_profit,-6.0,6.0,DEALER_WIN,BET_4X
686,3129825279326320821,raw,stake_scaled_net_profit,5.0,6.0,PLAYER_WIN,BET_4X
687,9145133532142058274,raw,stake_scaled_net_profit,-6.0,6.0,DEALER_WIN,BET_4X
688,4952389357285075756,raw,stake_scaled_net_profit,-6.0,6.0,DEALER_WIN,BET_4X
689,102483096617052733,raw,stake_scaled_net_profit,-6.0,6.0,DEALER_WIN,BET_4X
690,3134059635822685969,raw,stake_scaled_net_profit,5.0,6.0,PLAYER_WIN,BET_4X
691,2635229102209661718,raw,stake_scaled_net_profit,4.0,6.0,PLAYER_WIN,BET_4X
692,6154497158911889908,raw,stake_scaled_net_profit,-6.0,6.0,DEALER_WIN,BET_4X
693,4109426309780194567,raw,stake_scaled_net_profit,5.0,6.0,PLAYER_WIN,BET_4X
694,6007721973601224450,raw,stake_scaled_net_profit,6.0,6.0,PLAYER_WIN,BET_4X
695,5096254929412724371,raw,stake_scaled_net_profit,-6.0,6.0,DEALER_WIN,BET_4X
696,6137441599310733111,raw,stake_scaled_net_profit,-5.0,6.0,DEALER_WIN,BET_4X
697,7040299059637528744,raw,stake_scaled_net_profit,-6.0,6.0,DEALER_WIN,BET_4X
698,9153928416697678800,raw,stake_scaled_net_profit,-6.0,6.0,DEALER_WIN,BET_4X
699,2821679170469909562,raw,stake_scaled_net_profit,-6.0,6.0,DEALER_WIN,BET_4X
700,6282894241880686252,raw,stake_scaled_net_profit,5.0,6.0,PLAYER_WIN,BET_4X
701,5921256049601506760,raw,stake_scaled_net_profit,5.0,6.0,PLAYER_WIN,BET_4X
702,3198193180578766760,raw,stake_scaled_net_profit,-6.0,6.0,DEALER_WIN,BET_4X
703,5229002250640449575,raw,stake_scaled_net_profit,-6.0,6.0,DEALER_WIN,BET_4X
704,8155539455373336355,raw,stake_scaled_net_profit,5.0,6.0,PLAYER_WIN,BET_4X
705,6913411762429534141,raw,stake_scaled_net_profit,4.0,6.0,PLAYER_WIN,BET_4X
706,7830646034954919046,raw,stake_scaled_net_profit,-6.0,6.0,DEALER_WIN,BET_4X
707,1797895635698068919,raw,stake_scaled_net_profit,-6.0,6.0,DEALER_WIN,BET_4X
708,7021988498275846876,raw,stake_scaled_net_profit,5.0,6.0,PLAYER_WIN,BET_4X
709,4532589347465082267,raw,stake_scaled_net_profit,5.0,6.0,PLAYER_WIN,BET_4X
710,6069399624224738960,raw,stake_scaled_net_profit,5.0,6.0,PLAYER_WIN,BET_4X
711,9190177288612735707,raw,stake_scaled_net_profit,5.0,6.0,PLAYER_WIN,BET_4X
712,1880947107541573505,raw,stake_scaled_net_profit,-6.0,6.0,DEALER_WIN,BET_4X
713,32358633534495652,raw,stake_scaled_net_profit,-6.0,6.0,DEALER_WIN,BET_4X
714,8038921049572351849,raw,stake_scaled_net_profit,5.0,6.0,PLAYER_WIN,BET_4X
715,6733462548773967756,raw,stake_scaled_net_profit,-6.0,6.0,DEALER_WIN,BET_4X
716,3085622056398182933,raw,stake_scaled_net_profit,5.0,6.0,PLAYER_WIN,BET_4X
717,6730337966446324996,raw,stake_scaled_net_profit,4.0,6.0,PLAYER_WIN,BET_4X
718,8754630901530058520,raw,stake_scaled_net_profit,-6.0,6.0,DEALER_WIN,BET_4X
719,8758666738479464406,raw,stake_scaled_net_profit,0.0,6.0,PUSH,BET_4X
720,5944239004119966799,raw,stake_scaled_net_profit,-6.0,6.0,DEALER_WIN,BET_4X
721,7361091914614190364,raw,stake_scaled_net_profit,5.0,6.0,PLAYER_WIN,BET_4X
722,383985964421832251,raw,stake_scaled_net_profit,4.0,6.0,PLAYER_WIN,BET_4X
723,3008939244157671837,raw,stake_scaled_net_profit,-6.0,6.0,DEALER_WIN,BET_4X
724,2405627607478945867,raw,stake_scaled_net_profit,5.0,6.0,PLAYER_WIN,BET_4X
725,8491308968872851045,raw,stake_scaled_net_profit,0.0,6.0,PUSH,BET_4X
726,366272157424115552,raw,stake_scaled_net_profit,5.0,6.0,PLAYER_WIN,BET_4X
727,213747912672725094,raw,stake_scaled_net_profit,-6.0,6.0,DEALER_WIN,BET_4X
728,5928767958845283290,raw,stake_scaled_net_profit,-6.0,6.0,DEALER_WIN,BET_4X
729,1964945943827410620,raw,stake_scaled_net_profit,0.0,6.0,PUSH,BET_4X
730,8872956532401097529,raw,stake_scaled_net_profit,5.0,6.0,PLAYER_WIN,BET_4X
731,8685827489375879560,raw,stake_scaled_net_profit,-6.0,6.0,DEALER_WIN,BET_4X
732,2341011603571271474,raw,stake_scaled_net_profit,5.0,6.0,PLAYER_WIN,BET_4X
733,5050665677538988181,raw,stake_scaled_net_profit,4.0,6.0,PLAYER_WIN,BET_4X
734,1326233662207376596,raw,stake_scaled_net_profit,5.0,6.0,PLAYER_WIN,BET_4X
735,660626737144654993,raw,stake_scaled_net_profit,6.0,6.0,PLAYER_WIN,BET_4X
736,2353149440824344457,raw,stake_scaled_net_profit,5.0,6.0,PLAYER_WIN,BET_4X
737,7835807662919020137,raw,stake_scaled_net_profit,5.0,6.0,PLAYER_WIN,BET_4X
738,5203253113522948858,raw,stake_scaled_net_profit,5.0,6.0,PLAYER_WIN,BET_4X
739,8338498724170721120,raw,stake_scaled_net_profit,-6.0,6.0,DEALER_WIN,BET_4X
740,4197752679247706923,raw,stake_scaled_net_profit,-5.0,6.0,DEALER_WIN,BET_4X
741,1744607937556253434,raw,stake_scaled_net_profit,-6.0,6.0,DEALER_WIN,BET_4X
742,8833702701121435054,raw,stake_scaled_net_profit,-6.0,6.0,DEALER_WIN,BET_4X
743,3138710179848083047,raw,stake_scaled_net_profit,6.5,6.0,PLAYER_WIN,BET_4X
744,3423382614203030561,raw,stake_scaled_net_profit,4.0,6.0,PLAYER_WIN,BET_4X
745,1035935844332274897,raw,stake_scaled_net_profit,5.0,6.0,PLAYER_WIN,BET_4X
746,8485008373631042581,raw,stake_scaled_net_profit,-6.0,6.0,DEALER_WIN,BET_4X
747,1628925881363820406,raw,stake_scaled_net_profit,4.0,6.0,PLAYER_WIN,BET_4X
748,1423502096513327071,raw,stake_scaled_net_profit,4.0,6.0,PLAYER_WIN,BET_4X
749,2606033530206950517,raw,stake_scaled_net_profit,-6.0,6.0,DEALER_WIN,BET_4X
750,8891745184744242739,raw,stake_scaled_net_profit,-6.0,6.0,DEALER_WIN,BET_4X
751,4349733817946268618,raw,stake_scaled_net_profit,-6.0,6.0,DEALER_WIN,BET_4X
752,5254421393334268038,raw,stake_scaled_net_profit,-5.0,6.0,DEALER_WIN,BET_4X
753,6840055785632992875,raw,stake_scaled_net_profit,-6.0,6.0,DEALER_WIN,BET_4X
754,7982410704164472244,raw,stake_scaled_net_profit,-6.0,6.0,DEALER_WIN,BET_4X
755,6693675192358727311,raw,stake_scaled_net_profit,-6.0,6.0,DEALER_WIN,BET_4X
756,6605379131251913860,raw,stake_scaled_net_profit,-6.0,6.0,DEALER_WIN,BET_4X
757,892081036765549697,raw,stake_scaled_net_profit,-6.0,6.0,DEALER_WIN,BET_4X
758,5602195332780780720,raw,stake_scaled_net_profit,5.0,6.0,PLAYER_WIN,BET_4X
759,234647539052164240,raw,stake_scaled_net_profit,-6.0,6.0,DEALER_WIN,BET_4X
760,8844222341508033551,raw,stake_scaled_net_profit,6.5,6.0,PLAYER_WIN,BET_4X
761,3307884265302153160,raw,stake_scaled_net_profit,0.0,6.0,PUSH,BET_4X
762,942198137406941029,raw,stake_scaled_net_profit,4.0,6.0,PLAYER_WIN,BET_4X
763,8301671827282477041,raw,stake_scaled_net_profit,55.0,6.0,PLAYER_WIN,BET_4X
764,3439425111092591258,raw,stake_scaled_net_profit,-6.0,6.0,DEALER_WIN,BET_4X
765,4377531835645680627,raw,stake_scaled_net_profit,0.0,6.0,PUSH,BET_4X
766,9200758139760597555,raw,stake_scaled_net_profit,-6.0,6.0,DEALER_WIN,BET_4X
767,5617070801550230046,raw,stake_scaled_net_profit,-6.0,6.0,DEALER_WIN,BET_4X
768,6938159555269921082,raw,stake_scaled_net_profit,5.0,6.0,PLAYER_WIN,BET_4X
769,5335750799886962086,raw,stake_scaled_net_profit,5.0,6.0,PLAYER_WIN,BET_4X
770,6374090341423598179,raw,stake_scaled_net_profit,-6.0,6.0,DEALER_WIN,BET_4X
771,1963944617526694260,raw,stake_scaled_net_profit,-6.0,6.0,DEALER_WIN,BET_4X
772,6522720586431748156,raw,stake_scaled_net_profit,-6.0,6.0,DEALER_WIN,BET_4X
773,1330355307832143876,raw,stake_scaled_net_profit,4.0,6.0,PLAYER_WIN,BET_4X
774,5983011755687316046,raw,stake_scaled_net_profit,4.0,6.0,PLAYER_WIN,BET_4X
775,8591094464458443612,raw,stake_scaled_net_profit,5.0,6.0,PLAYER_WIN,BET_4X
776,1296456955431562480,raw,stake_scaled_net_profit,-6.0,6.0,DEALER_WIN,BET_4X
777,2509099610270703497,raw,stake_scaled_net_profit,5.0,6.0,PLAYER_WIN,BET_4X
778,6782569744802698731,raw,stake_scaled_net_profit,0.0,6.0,PUSH,BET_4X
779,4451312059996109126,raw,stake_scaled_net_profit,4.0,6.0,PLAYER_WIN,BET_4X
780,6152868851158721320,raw,stake_scaled_net_profit,-6.0,6.0,DEALER_WIN,BET_4X
781,855894771769911285,raw,stake_scaled_net_profit,-6.0,6.0,DEALER_WIN,BET_4X
782,5284390587287780465,raw,stake_scaled_net_profit,5.0,6.0,PLAYER_WIN,BET_4X
783,8357626144270119050,raw,stake_scaled_net_profit,-6.0,6.0,DEALER_WIN,BET_4X
784,5321896415443383563,raw,stake_scaled_net_profit,8.0,6.0,PLAYER_WIN,BET_4X
785,572137703996601448,raw,stake_scaled_net_profit,-6.0,6.0,DEALER_WIN,BET_4X
786,4322250791635420728,raw,stake_scaled_net_profit,5.0,6.0,PLAYER_WIN,BET_4X
787,4733305523585329265,raw,stake_scaled_net_profit,6.5,6.0,PLAYER_WIN,BET_4X
788,6602959837345385652,raw,stake_scaled_net_profit,5.0,6.0,PLAYER_WIN,BET_4X
789,8893623152788576908,raw,stake_scaled_net_profit,5.0,6.0,PLAYER_WIN,BET_4X
790,7298563162624099648,raw,stake_scaled_net_profit,5.0,6.0,PLAYER_WIN,BET_4X
791,816477772269779993,raw,stake_scaled_net_profit,-6.0,6.0,DEALER_WIN,BET_4X
792,7450623816783554506,raw,stake_scaled_net_profit,5.0,6.0,PLAYER_WIN,BET_4X
793,2517526430051774272,raw,stake_scaled_net_profit,4.0,6.0,PLAYER_WIN,BET_4X
794,8082389372476937752,raw,stake_scaled_net_profit,-6.0,6.0,DEALER_WIN,BET_4X
795,5356998425265086863,raw,stake_scaled_net_profit,4.0,6.0,PLAYER_WIN,BET_4X
796,2823704471800661630,raw,stake_scaled_net_profit,4.0,6.0,PLAYER_WIN,BET_4X
797,2996114439437861656,raw,stake_scaled_net_profit,4.0,6.0,PLAYER_WIN,BET_4X
798,1589796408341853653,raw,stake_scaled_net_profit,4.0,6.0,PLAYER_WIN,BET_4X
799,8692612212343289883,raw,stake_scaled_net_profit,4.0,6.0,PLAYER_WIN,BET_4X
800,2865112770288944020,raw,stake_scaled_net_profit,4.0,6.0,PLAYER_WIN,BET_4X
801,2588614114394872664,raw,stake_scaled_net_profit,-6.0,6.0,DEALER_WIN,BET_4X
802,391402358626954894,raw,stake_scaled_net_profit,-6.0,6.0,DEALER_WIN,BET_4X
803,6974138047108413806,raw,stake_scaled_net_profit,5.0,6.0,PLAYER_WIN,BET_4X
804,8103494599045629364,raw,stake_scaled_net_profit,-6.0,6.0,DEALER_WIN,BET_4X
805,4521886418281638296,raw,stake_scaled_net_profit,0.0,6.0,PUSH,BET_4X
806,6926092079385226430,raw,stake_scaled_net_profit,5.0,6.0,PLAYER_WIN,BET_4X
807,399410038773582393,raw,stake_scaled_net_profit,5.0,6.0,PLAYER_WIN,BET_4X
808,7816184915859985655,raw,stake_scaled_net_profit,0.0,6.0,PUSH,BET_4X
809,1811507042459602477,raw,stake_scaled_net_profit,-6.0,6.0,DEALER_WIN,BET_4X
810,7155162561719348386,raw,stake_scaled_net_profit,-6.0,6.0,DEALER_WIN,BET_4X
811,5221316911601811929,raw,stake_scaled_net_profit,-6.0,6.0,DEALER_WIN,BET_4X
812,5786078196510004005,raw,stake_scaled_net_profit,-6.0,6.0,DEALER_WIN,BET_4X
813,2150600214888303666,raw,stake_scaled_net_profit,15.0,6.0,PLAYER_WIN,BET_4X
814,9127269439933071303,raw,stake_scaled_net_profit,5.0,6.0,PLAYER_WIN,BET_4X
815,5858720364892314798,raw,stake_scaled_net_profit,5.0,6.0,PLAYER_WIN,BET_4X
816,5561857550089392329,raw,stake_scaled_net_profit,5.0,6.0,PLAYER_WIN,BET_4X
817,9197438650652126628,raw,stake_scaled_net_profit,4.0,6.0,PLAYER_WIN,BET_4X
818,3190221245840147584,raw,stake_scaled_net_profit,-6.0,6.0,DEALER_WIN,BET_4X
819,1492021973157879948,raw,stake_scaled_net_profit,-6.0,6.0,DEALER_WIN,BET_4X
820,2454158531370605416,raw,stake_scaled_net_profit,8.0,6.0,PLAYER_WIN,BET_4X
821,7490744745870296315,raw,stake_scaled_net_profit,6.5,6.0,PLAYER_WIN,BET_4X
822,504402753593363757,raw,stake_scaled_net_profit,-6.0,6.0,DEALER_WIN,BET_4X
823,6287229522859744387,raw,stake_scaled_net_profit,-6.0,6.0,DEALER_WIN,BET_4X
824,8001955688236301403,raw,stake_scaled_net_profit,-6.0,6.0,DEALER_WIN,BET_4X
825,4113795457952430685,raw,stake_scaled_net_profit,5.0,6.0,PLAYER_WIN,BET_4X
826,3872378312547710653,raw,stake_scaled_net_profit,4.0,6.0,PLAYER_WIN,BET_4X
827,7094278843628921023,raw,stake_scaled_net_profit,-6.0,6.0,DEALER_WIN,BET_4X
828,4308291024512919663,raw,stake_scaled_net_profit,-6.0,6.0,DEALER_WIN,BET_4X
829,7918220540080912843,raw,stake_scaled_net_profit,5.0,6.0,PLAYER_WIN,BET_4X
830,6128221877019916765,raw,stake_scaled_net_profit,-6.0,6.0,DEALER_WIN,BET_4X
831,6066210623814935019,raw,stake_scaled_net_profit,-6.0,6.0,DEALER_WIN,BET_4X
832,6450606409424229553,raw,stake_scaled_net_profit,4.0,6.0,PLAYER_WIN,BET_4X
833,4738223993765118570,raw,stake_scaled_net_profit,-6.0,6.0,DEALER_WIN,BET_4X
834,7542629264374245077,raw,stake_scaled_net_profit,-6.0,6.0,DEALER_WIN,BET_4X
835,648792241505860544,raw,stake_scaled_net_profit,5.0,6.0,PLAYER_WIN,BET_4X
836,3668301820801884950,raw,stake_scaled_net_profit,-6.0,6.0,DEALER_WIN,BET_4X
837,6973360368783161827,raw,stake_scaled_net_profit,5.0,6.0,PLAYER_WIN,BET_4X
838,7804227059686843434,raw,stake_scaled_net_profit,5.0,6.0,PLAYER_WIN,BET_4X
839,2586674943014479133,raw,stake_scaled_net_profit,-6.0,6.0,DEALER_WIN,BET_4X
840,5885249092404367238,raw,stake_scaled_net_profit,5.0,6.0,PLAYER_WIN,BET_4X
841,2176216425678787963,raw,stake_scaled_net_profit,5.0,6.0,PLAYER_WIN,BET_4X
842,2545438978102878392,raw,stake_scaled_net_profit,0.0,6.0,PUSH,BET_4X
843,934286637515439568,raw,stake_scaled_net_profit,-6.0,6.0,DEALER_WIN,BET_4X
844,3473361730074366817,raw,stake_scaled_net_profit,-6.0,6.0,DEALER_WIN,BET_4X
845,5391966176575468410,raw,stake_scaled_net_profit,-6.0,6.0,DEALER_WIN,BET_4X
846,8455482550846235949,raw,stake_scaled_net_profit,-6.0,6.0,DEALER_WIN,BET_4X
847,6558736197806588132,raw,stake_scaled_net_profit,-6.0,6.0,DEALER_WIN,BET_4X
848,6490135126463740347,raw,stake_scaled_net_profit,-6.0,6.0,DEALER_WIN,BET_4X
849,7025617078872927477,raw,stake_scaled_net_profit,0.0,6.0,PUSH,BET_4X
850,3797580000717386988,raw,stake_scaled_net_profit,5.0,6.0,PLAYER_WIN,BET_4X
851,4385762958698973989,raw,stake_scaled_net_profit,4.0,6.0,PLAYER_WIN,BET_4X
852,9187598606230828225,raw,stake_scaled_net_profit,0.0,6.0,PUSH,BET_4X
853,2603514101501729812,raw,stake_scaled_net_profit,-6.0,6.0,DEALER_WIN,BET_4X
854,3937089881727732329,raw,stake_scaled_net_profit,-6.0,6.0,DEALER_WIN,BET_4X
855,5312261140862388508,raw,stake_scaled_net_profit,-6.0,6.0,DEALER_WIN,BET_4X
856,68036660207701346,raw,stake_scaled_net_profit,5.0,6.0,PLAYER_WIN,BET_4X
857,1367366548604912951,raw,stake_scaled_net_profit,4.0,6.0,PLAYER_WIN,BET_4X
858,5209792003892702448,raw,stake_scaled_net_profit,-6.0,6.0,DEALER_WIN,BET_4X
859,8063648826357337364,raw,stake_scaled_net_profit,-6.0,6.0,DEALER_WIN,BET_4X
860,1208696830025235388,raw,stake_scaled_net_profit,-6.0,6.0,DEALER_WIN,BET_4X
861,5714999927659219998,raw,stake_scaled_net_profit,-6.0,6.0,DEALER_WIN,BET_4X
862,8976662802576300771,raw,stake_scaled_net_profit,-6.0,6.0,DEALER_WIN,BET_4X
863,4961821894175115378,raw,stake_scaled_net_profit,5.5,6.0,PLAYER_WIN,BET_4X
864,7215809704103090551,raw,stake_scaled_net_profit,0.0,6.0,PUSH,BET_4X
865,2060591590617517718,raw,stake_scaled_net_profit,-6.0,6.0,DEALER_WIN,BET_4X
866,928356027062617736,raw,stake_scaled_net_profit,-6.0,6.0,DEALER_WIN,BET_4X
867,8413340986417166781,raw,stake_scaled_net_profit,5.0,6.0,PLAYER_WIN,BET_4X
868,5930591393154515738,raw,stake_scaled_net_profit,5.0,6.0,PLAYER_WIN,BET_4X
869,4233839963611024177,raw,stake_scaled_net_profit,-6.0,6.0,DEALER_WIN,BET_4X
870,848796307874807545,raw,stake_scaled_net_profit,5.0,6.0,PLAYER_WIN,BET_4X
871,2358423720130380249,raw,stake_scaled_net_profit,-6.0,6.0,DEALER_WIN,BET_4X
872,6493091030325948639,raw,stake_scaled_net_profit,4.0,6.0,PLAYER_WIN,BET_4X
873,1709540495146703070,raw,stake_scaled_net_profit,-5.0,6.0,DEALER_WIN,BET_4X
874,7449251301142148641,raw,stake_scaled_net_profit,5.0,6.0,PLAYER_WIN,BET_4X
875,2742257531541009090,raw,stake_scaled_net_profit,-6.0,6.0,DEALER_WIN,BET_4X
876,9196910202698297015,raw,stake_scaled_net_profit,4.0,6.0,PLAYER_WIN,BET_4X
877,4305811086344026433,raw,stake_scaled_net_profit,-6.0,6.0,DEALER_WIN,BET_4X
878,7107340919977260493,raw,stake_scaled_net_profit,5.0,6.0,PLAYER_WIN,BET_4X
879,8150525360834787425,raw,stake_scaled_net_profit,-6.0,6.0,DEALER_WIN,BET_4X
880,4425715677023834498,raw,stake_scaled_net_profit,5.0,6.0,PLAYER_WIN,BET_4X
881,3537650987625326791,raw,stake_scaled_net_profit,-6.0,6.0,DEALER_WIN,BET_4X
882,4087690710807876257,raw,stake_scaled_net_profit,5.0,6.0,PLAYER_WIN,BET_4X
883,5257924754252734001,raw,stake_scaled_net_profit,8.0,6.0,PLAYER_WIN,BET_4X
884,6789665988396467474,raw,stake_scaled_net_profit,5.0,6.0,PLAYER_WIN,BET_4X
885,7886179736980485432,raw,stake_scaled_net_profit,-6.0,6.0,DEALER_WIN,BET_4X
886,2965730113557742065,raw,stake_scaled_net_profit,8.0,6.0,PLAYER_WIN,BET_4X
887,184652567242912971,raw,stake_scaled_net_profit,-6.0,6.0,DEALER_WIN,BET_4X
888,6496609591253632361,raw,stake_scaled_net_profit,-6.0,6.0,DEALER_WIN,BET_4X
889,4503552269061885790,raw,stake_scaled_net_profit,-5.0,6.0,DEALER_WIN,BET_4X
890,1280963365413052833,raw,stake_scaled_net_profit,-6.0,6.0,DEALER_WIN,BET_4X
891,4436089506716444639,raw,stake_scaled_net_profit,5.0,6.0,PLAYER_WIN,BET_4X
892,8875855770455701461,raw,stake_scaled_net_profit,-6.0,6.0,DEALER_WIN,BET_4X
893,3378267438940947744,raw,stake_scaled_net_profit,15.0,6.0,PLAYER_WIN,BET_4X
894,7166303236197922417,raw,stake_scaled_net_profit,-5.0,6.0,DEALER_WIN,BET_4X
895,5269851530556570738,raw,stake_scaled_net_profit,-6.0,6.0,DEALER_WIN,BET_4X
896,3526315359624049420,raw,stake_scaled_net_profit,0.0,6.0,PUSH,BET_4X
897,4901175616737731419,raw,stake_scaled_net_profit,-6.0,6.0,DEALER_WIN,BET_4X
898,8785736668409649164,raw,stake_scaled_net_profit,5.0,6.0,PLAYER_WIN,BET_4X
899,7506359778085990393,raw,stake_scaled_net_profit,-6.0,6.0,DEALER_WIN,BET_4X
900,1496115386973010045,raw,stake_scaled_net_profit,-6.0,6.0,DEALER_WIN,BET_4X
901,1017432619925451249,raw,stake_scaled_net_profit,5.0,6.0,PLAYER_WIN,BET_4X
902,2553088848673288804,raw,stake_scaled_net_profit,5.0,6.0,PLAYER_WIN,BET_4X
903,4243188911284567263,raw,stake_scaled_net_profit,5.0,6.0,PLAYER_WIN,BET_4X
904,8533697980404008640,raw,stake_scaled_net_profit,5.0,6.0,PLAYER_WIN,BET_4X
905,8596619761623189548,raw,stake_scaled_net_profit,8.0,6.0,PLAYER_WIN,BET_4X
906,1780163165846335477,raw,stake_scaled_net_profit,5.0,6.0,PLAYER_WIN,BET_4X
907,3202923046283772937,raw,stake_scaled_net_profit,-6.0,6.0,DEALER_WIN,BET_4X
908,2431773336275870739,raw,stake_scaled_net_profit,-6.0,6.0,DEALER_WIN,BET_4X
909,5912848263586599734,raw,stake_scaled_net_profit,-6.0,6.0,DEALER_WIN,BET_4X
910,3665122230014414762,raw,stake_scaled_net_profit,6.5,6.0,PLAYER_WIN,BET_4X
911,4196610391551779872,raw,stake_scaled_net_profit,-5.0,6.0,DEALER_WIN,BET_4X
912,1846009206966446069,raw,stake_scaled_net_profit,4.0,6.0,PLAYER_WIN,BET_4X
913,1139317953991756950,raw,stake_scaled_net_profit,-6.0,6.0,DEALER_WIN,BET_4X
914,759300728567022805,raw,stake_scaled_net_profit,-6.0,6.0,DEALER_WIN,BET_4X
915,3359526252250337514,raw,stake_scaled_net_profit,-6.0,6.0,DEALER_WIN,BET_4X
916,8247062179117749191,raw,stake_scaled_net_profit,5.0,6.0,PLAYER_WIN,BET_4X
917,5007778806102941885,raw,stake_scaled_net_profit,-6.0,6.0,DEALER_WIN,BET_4X
918,5874694371750287935,raw,stake_scaled_net_profit,5.0,6.0,PLAYER_WIN,BET_4X
919,2758811019845300818,raw,stake_scaled_net_profit,5.0,6.0,PLAYER_WIN,BET_4X
920,1696957889974288787,raw,stake_scaled_net_profit,5.0,6.0,PLAYER_WIN,BET_4X
921,1279369727445998511,raw,stake_scaled_net_profit,-6.0,6.0,DEALER_WIN,BET_4X
922,4933656103475301167,raw,stake_scaled_net_profit,-6.0,6.0,DEALER_WIN,BET_4X
923,1977708770176024356,raw,stake_scaled_net_profit,4.0,6.0,PLAYER_WIN,BET_4X
924,3676563871467550842,raw,stake_scaled_net_profit,-6.0,6.0,DEALER_WIN,BET_4X
925,313986350650062069,raw,stake_scaled_net_profit,5.0,6.0,PLAYER_WIN,BET_4X
926,5605509591254216611,raw,stake_scaled_net_profit,-6.0,6.0,DEALER_WIN,BET_4X
927,6554434833215501229,raw,stake_scaled_net_profit,-6.0,6.0,DEALER_WIN,BET_4X
928,5934761758109136755,raw,stake_scaled_net_profit,-6.0,6.0,DEALER_WIN,BET_4X
929,6209569154496390677,raw,stake_scaled_net_profit,5.0,6.0,PLAYER_WIN,BET_4X
930,7669784488589629093,raw,stake_scaled_net_profit,-6.0,6.0,DEALER_WIN,BET_4X
931,44506653502813096,raw,stake_scaled_net_profit,-6.0,6.0,DEALER_WIN,BET_4X
932,2657400832634123777,raw,stake_scaled_net_profit,-6.0,6.0,DEALER_WIN,BET_4X
933,1133951859619300870,raw,stake_scaled_net_profit,-6.0,6.0,DEALER_WIN,BET_4X
934,1799581098669479158,raw,stake_scaled_net_profit,5.0,6.0,PLAYER_WIN,BET_4X
935,2139329695582084880,raw,stake_scaled_net_profit,5.0,6.0,PLAYER_WIN,BET_4X
936,8860369560069707461,raw,stake_scaled_net_profit,4.0,6.0,PLAYER_WIN,BET_4X
937,7661855163003880925,raw,stake_scaled_net_profit,5.0,6.0,PLAYER_WIN,BET_4X
938,6085059550904925577,raw,stake_scaled_net_profit,6.0,6.0,PLAYER_WIN,BET_4X
939,9164012506059593361,raw,stake_scaled_net_profit,6.5,6.0,PLAYER_WIN,BET_4X
940,7665006468564569625,raw,stake_scaled_net_profit,-6.0,6.0,DEALER_WIN,BET_4X
941,2099185351975460510,raw,stake_scaled_net_profit,-6.0,6.0,DEALER_WIN,BET_4X
942,6002108165729345372,raw,stake_scaled_net_profit,-6.0,6.0,DEALER_WIN,BET_4X
943,6653133323993130250,raw,stake_scaled_net_profit,5.0,6.0,PLAYER_WIN,BET_4X
944,3836288765699926146,raw,stake_scaled_net_profit,-6.0,6.0,DEALER_WIN,BET_4X
945,6613963692876605349,raw,stake_scaled_net_profit,5.0,6.0,PLAYER_WIN,BET_4X
946,7133256950777550731,raw,stake_scaled_net_profit,-6.0,6.0,DEALER_WIN,BET_4X
947,789679130699457407,raw,stake_scaled_net_profit,4.0,6.0,PLAYER_WIN,BET_4X
948,5576479899433778960,raw,stake_scaled_net_profit,5.0,6.0,PLAYER_WIN,BET_4X
949,2825948418189624227,raw,stake_scaled_net_profit,5.0,6.0,PLAYER_WIN,BET_4X
950,6790023590347945068,raw,stake_scaled_net_profit,5.0,6.0,PLAYER_WIN,BET_4X
951,8943341316138986721,raw,stake_scaled_net_profit,-6.0,6.0,DEALER_WIN,BET_4X
952,8245346301821498278,raw,stake_scaled_net_profit,-5.0,6.0,DEALER_WIN,BET_4X
953,3788851380147507600,raw,stake_scaled_net_profit,-6.0,6.0,DEALER_WIN,BET_4X
954,2073465275864282834,raw,stake_scaled_net_profit,-6.0,6.0,DEALER_WIN,BET_4X
955,5716898055826252055,raw,stake_scaled_net_profit,4.0,6.0,PLAYER_WIN,BET_4X
956,5021771099362251061,raw,stake_scaled_net_profit,-6.0,6.0,DEALER_WIN,BET_4X
957,4032980320576966044,raw,stake_scaled_net_profit,-6.0,6.0,DEALER_WIN,BET_4X
958,8640802843881888399,raw,stake_scaled_net_profit,5.0,6.0,PLAYER_WIN,BET_4X
959,4438461843044748758,raw,stake_scaled_net_profit,-6.0,6.0,DEALER_WIN,BET_4X
960,3526415879819004230,raw,stake_scaled_net_profit,5.0,6.0,PLAYER_WIN,BET_4X
961,7170873072363361219,raw,stake_scaled_net_profit,-6.0,6.0,DEALER_WIN,BET_4X
962,3706941299072706180,raw,stake_scaled_net_profit,-6.0,6.0,DEALER_WIN,BET_4X
963,2503051818227189648,raw,stake_scaled_net_profit,-6.0,6.0,DEALER_WIN,BET_4X
964,1870249987412135061,raw,stake_scaled_net_profit,-6.0,6.0,DEALER_WIN,BET_4X
965,6398480109143271582,raw,stake_scaled_net_profit,5.0,6.0,PLAYER_WIN,BET_4X
966,8188631678452761724,raw,stake_scaled_net_profit,5.0,6.0,PLAYER_WIN,BET_4X
967,932138166279793317,raw,stake_scaled_net_profit,5.0,6.0,PLAYER_WIN,BET_4X
968,8235832765702793235,raw,stake_scaled_net_profit,8.0,6.0,PLAYER_WIN,BET_4X
969,6311589512804706572,raw,stake_scaled_net_profit,-6.0,6.0,DEALER_WIN,BET_4X
970,3046092975624902147,raw,stake_scaled_net_profit,4.0,6.0,PLAYER_WIN,BET_4X
971,3275058079140619266,raw,stake_scaled_net_profit,5.0,6.0,PLAYER_WIN,BET_4X
972,7312201884761964202,raw,stake_scaled_net_profit,5.0,6.0,PLAYER_WIN,BET_4X
973,8570641409114586430,raw,stake_scaled_net_profit,-6.0,6.0,DEALER_WIN,BET_4X
974,7399820484162878442,raw,stake_scaled_net_profit,5.0,6.0,PLAYER_WIN,BET_4X
975,213031287346651292,raw,stake_scaled_net_profit,-6.0,6.0,DEALER_WIN,BET_4X
976,2078134138085094791,raw,stake_scaled_net_profit,6.0,6.0,PLAYER_WIN,BET_4X
977,7923503127766216331,raw,stake_scaled_net_profit,-5.0,6.0,DEALER_WIN,BET_4X
978,7400501462850298807,raw,stake_scaled_net_profit,-6.0,6.0,DEALER_WIN,BET_4X
979,2888194561945505198,raw,stake_scaled_net_profit,-6.0,6.0,DEALER_WIN,BET_4X
980,6582586430172692385,raw,stake_scaled_net_profit,5.0,6.0,PLAYER_WIN,BET_4X
981,2100544420744911826,raw,stake_scaled_net_profit,4.0,6.0,PLAYER_WIN,BET_4X
982,1505814497099785306,raw,stake_scaled_net_profit,-6.0,6.0,DEALER_WIN,BET_4X
983,6779817700332210863,raw,stake_scaled_net_profit,5.0,6.0,PLAYER_WIN,BET_4X
984,2441626631363003142,raw,stake_scaled_net_profit,-6.0,6.0,DEALER_WIN,BET_4X
985,7720014795438668177,raw,stake_scaled_net_profit,-6.0,6.0,DEALER_WIN,BET_4X
986,6418041143867584197,raw,stake_scaled_net_profit,0.0,6.0,PUSH,BET_4X
987,6036835089643027616,raw,stake_scaled_net_profit,4.0,6.0,PLAYER_WIN,BET_4X
988,7560127908502572947,raw,stake_scaled_net_profit,-6.0,6.0,DEALER_WIN,BET_4X
989,5371810975964591019,raw,stake_scaled_net_profit,0.0,6.0,PUSH,BET_4X
990,2005137746570972309,raw,stake_scaled_net_profit,0.0,6.0,PUSH,BET_4X
991,8720219825755745226,raw,stake_scaled_net_profit,-5.0,6.0,DEALER_WIN,BET_4X
992,2427351460284825668,raw,stake_scaled_net_profit,4.0,6.0,PLAYER_WIN,BET_4X
993,3598973533223013293,raw,stake_scaled_net_profit,-5.0,6.0,DEALER_WIN,BET_4X
994,3306106732614624872,raw,stake_scaled_net_profit,-6.0,6.0,DEALER_WIN,BET_4X
995,696646835999175665,raw,stake_scaled_net_profit,-6.0,6.0,DEALER_WIN,BET_4X
996,8727802249919895072,raw,stake_scaled_net_profit,4.0,6.0,PLAYER_WIN,BET_4X
997,6831522042568476323,raw,stake_scaled_net_profit,0.0,6.0,PUSH,BET_4X
998,3967449350180322190,raw,stake_scaled_net_profit,5.0,6.0,PLAYER_WIN,BET_4X
999,89011339428964285,raw,stake_scaled_net_profit,4.0,6.0,PLAYER_WIN,BET_4X
1000,2173141134868989908,raw,stake_scaled_net_profit,4.0,6.0,PLAYER_WIN,BET_4X
1001,4751001889901686380,raw,stake_scaled_net_profit,-6.0,6.0,DEALER_WIN,BET_4X
1002,2652373102794938904,raw,stake_scaled_net_profit,0.0,6.0,PUSH,BET_4X
1003,8025630605935624314,raw,stake_scaled_net_profit,5.0,6.0,PLAYER_WIN,BET_4X
1004,1758695306512911745,raw,stake_scaled_net_profit,-6.0,6.0,DEALER_WIN,BET_4X
1005,1475933262447653026,raw,stake_scaled_net_profit,-6.0,6.0,DEALER_WIN,BET_4X
1006,33538703499895562,raw,stake_scaled_net_profit,-6.0,6.0,DEALER_WIN,BET_4X
1007,6251637598155278728,raw,stake_scaled_net_profit,4.0,6.0,PLAYER_WIN,BET_4X
1008,7867692757445221850,raw,stake_scaled_net_profit,-6.0,6.0,DEALER_WIN,BET_4X
1009,2948658382926712518,raw,stake_scaled_net_profit,-6.0,6.0,DEALER_WIN,BET_4X
1010,8722809822822666613,raw,stake_scaled_net_profit,4.0,6.0,PLAYER_WIN,BET_4X
1011,1883637137265330064,raw,stake_scaled_net_profit,6.0,6.0,PLAYER_WIN,BET_4X
1012,230070794810797290,raw,stake_scaled_net_profit,0.0,6.0,PUSH,BET_4X
1013,2501522539531868577,raw,stake_scaled_net_profit,5.0,6.0,PLAYER_WIN,BET_4X
1014,9132791921339055375,raw,stake_scaled_net_profit,4.0,6.0,PLAYER_WIN,BET_4X
1015,4603444303841781025,raw,stake_scaled_net_profit,4.0,6.0,PLAYER_WIN,BET_4X
1016,2575299420825447994,raw,stake_scaled_net_profit,4.0,6.0,PLAYER_WIN,BET_4X
1017,1724361629891719601,raw,stake_scaled_net_profit,-6.0,6.0,DEALER_WIN,BET_4X
1018,8984503480712597555,raw,stake_scaled_net_profit,-6.0,6.0,DEALER_WIN,BET_4X
1019,1482633104850592482,raw,stake_scaled_net_profit,4.0,6.0,PLAYER_WIN,BET_4X
1020,287424359979157026,raw,stake_scaled_net_profit,-6.0,6.0,DEALER_WIN,BET_4X
1021,8032210412126726251,raw,stake_scaled_net_profit,-6.0,6.0,DEALER_WIN,BET_4X
1022,7428655951983590495,raw,stake_scaled_net_profit,-6.0,6.0,DEALER_WIN,BET_4X
1023,5306479600957145860,raw,stake_scaled_net_profit,5.0,6.0,PLAYER_WIN,BET_4X
1024,3529492875022518276,raw,stake_scaled_net_profit,5.0,6.0,PLAYER_WIN,BET_4X
1025,7790423061479456009,raw,stake_scaled_net_profit,4.0,6.0,PLAYER_WIN,BET_4X
1026,8300152246436168966,raw,stake_scaled_net_profit,-6.0,6.0,DEALER_WIN,BET_4X
1027,2442946475760941305,raw,stake_scaled_net_profit,4.0,6.0,PLAYER_WIN,BET_4X
1028,7878641414443596103,raw,stake_scaled_net_profit,-6.0,6.0,DEALER_WIN,BET_4X
1029,8525536469749626700,raw,stake_scaled_net_profit,6.0,6.0,PLAYER_WIN,BET_4X
1030,900241131420938008,raw,stake_scaled_net_profit,5.0,6.0,PLAYER_WIN,BET_4X
1031,2973814816799653046,raw,stake_scaled_net_profit,-6.0,6.0,DEALER_WIN,BET_4X
1032,5965536042900179340,raw,stake_scaled_net_profit,-6.0,6.0,DEALER_WIN,BET_4X
1033,6510704941295024038,raw,stake_scaled_net_profit,4.0,6.0,PLAYER_WIN,BET_4X
1034,4205197615084907735,raw,stake_scaled_net_profit,4.0,6.0,PLAYER_WIN,BET_4X
1035,531272726709690614,raw,stake_scaled_net_profit,-6.0,6.0,DEALER_WIN,BET_4X
1036,1054375091832971760,raw,stake_scaled_net_profit,5.0,6.0,PLAYER_WIN,BET_4X
1037,7450003271065202270,raw,stake_scaled_net_profit,-6.0,6.0,DEALER_WIN,BET_4X
1038,8400965488113898102,raw,stake_scaled_net_profit,8.0,6.0,PLAYER_WIN,BET_4X
1039,32340385308052114,raw,stake_scaled_net_profit,-6.0,6.0,DEALER_WIN,BET_4X
1040,792603988276021195,raw,stake_scaled_net_profit,-6.0,6.0,DEALER_WIN,BET_4X
1041,6641385167087138356,raw,stake_scaled_net_profit,-6.0,6.0,DEALER_WIN,BET_4X
1042,8312150043458276566,raw,stake_scaled_net_profit,-6.0,6.0,DEALER_WIN,BET_4X
1043,1725591131878008158,raw,stake_scaled_net_profit,-6.0,6.0,DEALER_WIN,BET_4X
1044,5463800433945976264,raw,stake_scaled_net_profit,4.0,6.0,PLAYER_WIN,BET_4X
1045,597541467802536572,raw,stake_scaled_net_profit,5.0,6.0,PLAYER_WIN,BET_4X
1046,4622386347176628389,raw,stake_scaled_net_profit,5.0,6.0,PLAYER_WIN,BET_4X
1047,4998704094659130862,raw,stake_scaled_net_profit,-6.0,6.0,DEALER_WIN,BET_4X
1048,5613031554883876389,raw,stake_scaled_net_profit,5.0,6.0,PLAYER_WIN,BET_4X
1049,1760505772636099464,raw,stake_scaled_net_profit,5.0,6.0,PLAYER_WIN,BET_4X
1050,3773031085955081085,raw,stake_scaled_net_profit,4.0,6.0,PLAYER_WIN,BET_4X
1051,7926150578342851502,raw,stake_scaled_net_profit,4.0,6.0,PLAYER_WIN,BET_4X
1052,2188889684332944230,raw,stake_scaled_net_profit,5.0,6.0,PLAYER_WIN,BET_4X
1053,9093314295729719335,raw,stake_scaled_net_profit,5.0,6.0,PLAYER_WIN,BET_4X
1054,1036798936398211949,raw,stake_scaled_net_profit,5.0,6.0,PLAYER_WIN,BET_4X
1055,2255872217419425696,raw,stake_scaled_net_profit,0.0,6.0,PUSH,BET_4X
1056,6150765378863393544,raw,stake_scaled_net_profit,-6.0,6.0,DEALER_WIN,BET_4X
1057,3334158893204803805,raw,stake_scaled_net_profit,6.0,6.0,PLAYER_WIN,BET_4X
1058,7725938513764513742,raw,stake_scaled_net_profit,5.0,6.0,PLAYER_WIN,BET_4X
1059,313150713141875991,raw,stake_scaled_net_profit,6.0,6.0,PLAYER_WIN,BET_4X
1060,3851653475958805838,raw,stake_scaled_net_profit,-6.0,6.0,DEALER_WIN,BET_4X
1061,4205795062316123117,raw,stake_scaled_net_profit,-6.0,6.0,DEALER_WIN,BET_4X
1062,4346592031018967368,raw,stake_scaled_net_profit,-6.0,6.0,DEALER_WIN,BET_4X
1063,993007821772399121,raw,stake_scaled_net_profit,0.0,6.0,PUSH,BET_4X
1064,2630196962217389289,raw,stake_scaled_net_profit,-6.0,6.0,DEALER_WIN,BET_4X
1065,8989613826598699267,raw,stake_scaled_net_profit,4.0,6.0,PLAYER_WIN,BET_4X
1066,4527903879929474735,raw,stake_scaled_net_profit,5.0,6.0,PLAYER_WIN,BET_4X
1067,7264005826120718261,raw,stake_scaled_net_profit,-6.0,6.0,DEALER_WIN,BET_4X
1068,8835217961623195179,raw,stake_scaled_net_profit,5.0,6.0,PLAYER_WIN,BET_4X
1069,1667172766141264948,raw,stake_scaled_net_profit,-6.0,6.0,DEALER_WIN,BET_4X
1070,2942420325870842103,raw,stake_scaled_net_profit,4.0,6.0,PLAYER_WIN,BET_4X
1071,1274681520518962489,raw,stake_scaled_net_profit,5.0,6.0,PLAYER_WIN,BET_4X
1072,251645140747078058,raw,stake_scaled_net_profit,-6.0,6.0,DEALER_WIN,BET_4X
1073,452574880743947789,raw,stake_scaled_net_profit,-6.0,6.0,DEALER_WIN,BET_4X
1074,3258250222591482533,raw,stake_scaled_net_profit,5.5,6.0,PLAYER_WIN,BET_4X
1075,430758384329055321,raw,stake_scaled_net_profit,8.0,6.0,PLAYER_WIN,BET_4X
1076,20079771407358070,raw,stake_scaled_net_profit,-6.0,6.0,DEALER_WIN,BET_4X
1077,7991993845048913297,raw,stake_scaled_net_profit,5.0,6.0,PLAYER_WIN,BET_4X
1078,7711583253720293448,raw,stake_scaled_net_profit,4.0,6.0,PLAYER_WIN,BET_4X
1079,6244317047086301352,raw,stake_scaled_net_profit,-6.0,6.0,DEALER_WIN,BET_4X
1080,8368483404186204608,raw,stake_scaled_net_profit,-6.0,6.0,DEALER_WIN,BET_4X
1081,3367288395825935492,raw,stake_scaled_net_profit,-6.0,6.0,DEALER_WIN,BET_4X
1082,3158736191929733843,raw,stake_scaled_net_profit,5.5,6.0,PLAYER_WIN,BET_4X
1083,1925072958576109371,raw,stake_scaled_net_profit,-6.0,6.0,DEALER_WIN,BET_4X
1084,4788502063511539582,raw,stake_scaled_net_profit,5.0,6.0,PLAYER_WIN,BET_4X
1085,5774323927864460446,raw,stake_scaled_net_profit,4.0,6.0,PLAYER_WIN,BET_4X
1086,4110353397394623869,raw,stake_scaled_net_profit,5.0,6.0,PLAYER_WIN,BET_4X
1087,1231700399586321655,raw,stake_scaled_net_profit,-6.0,6.0,DEALER_WIN,BET_4X
1088,2539152011170060280,raw,stake_scaled_net_profit,5.0,6.0,PLAYER_WIN,BET_4X
1089,8283813039041037150,raw,stake_scaled_net_profit,5.0,6.0,PLAYER_WIN,BET_4X
1090,7844249940230915280,raw,stake_scaled_net_profit,4.0,6.0,PLAYER_WIN,BET_4X
1091,9079589198462605552,raw,stake_scaled_net_profit,4.0,6.0,PLAYER_WIN,BET_4X
1092,8028926828789343751,raw,stake_scaled_net_profit,-6.0,6.0,DEALER_WIN,BET_4X
1093,6083993522733687520,raw,stake_scaled_net_profit,-6.0,6.0,DEALER_WIN,BET_4X
1094,7044349970595460227,raw,stake_scaled_net_profit,-6.0,6.0,DEALER_WIN,BET_4X
1095,367243461377194050,raw,stake_scaled_net_profit,-6.0,6.0,DEALER_WIN,BET_4X
1096,5840557789930459443,raw,stake_scaled_net_profit,4.0,6.0,PLAYER_WIN,BET_4X
1097,1977959691244489894,raw,stake_scaled_net_profit,-6.0,6.0,DEALER_WIN,BET_4X
1098,3179232394445059164,raw,stake_scaled_net_profit,5.0,6.0,PLAYER_WIN,BET_4X
1099,258006308160869315,raw,stake_scaled_net_profit,-6.0,6.0,DEALER_WIN,BET_4X
1100,5041519687702194785,raw,stake_scaled_net_profit,4.0,6.0,PLAYER_WIN,BET_4X
1101,2091359411370048772,raw,stake_scaled_net_profit,-6.0,6.0,DEALER_WIN,BET_4X
1102,3413796138228252299,raw,stake_scaled_net_profit,-6.0,6.0,DEALER_WIN,BET_4X
1103,4424945820301786306,raw,stake_scaled_net_profit,5.0,6.0,PLAYER_WIN,BET_4X
1104,846819341435776975,raw,stake_scaled_net_profit,5.0,6.0,PLAYER_WIN,BET_4X
1105,1588242764290055132,raw,stake_scaled_net_profit,-6.0,6.0,DEALER_WIN,BET_4X
1106,8202940437554987855,raw,stake_scaled_net_profit,5.0,6.0,PLAYER_WIN,BET_4X
1107,5934402203434804987,raw,stake_scaled_net_profit,-6.0,6.0,DEALER_WIN,BET_4X
1108,5341269380382185457,raw,stake_scaled_net_profit,-6.0,6.0,DEALER_WIN,BET_4X
1109,271066303418839237,raw,stake_scaled_net_profit,5.0,6.0,PLAYER_WIN,BET_4X
1110,8544157015252053180,raw,stake_scaled_net_profit,0.0,6.0,PUSH,BET_4X
1111,2072160116079405979,raw,stake_scaled_net_profit,-6.0,6.0,DEALER_WIN,BET_4X
1112,4683866129183041490,raw,stake_scaled_net_profit,-6.0,6.0,DEALER_WIN,BET_4X
1113,7413950995111140777,raw,stake_scaled_net_profit,0.0,6.0,PUSH,BET_4X
1114,5524583277462005416,raw,stake_scaled_net_profit,5.0,6.0,PLAYER_WIN,BET_4X
1115,1355421567714243879,raw,stake_scaled_net_profit,4.0,6.0,PLAYER_WIN,BET_4X
1116,7810828962647091327,raw,stake_scaled_net_profit,-6.0,6.0,DEALER_WIN,BET_4X
1117,3045806173086116964,raw,stake_scaled_net_profit,-6.0,6.0,DEALER_WIN,BET_4X
1118,1137229878242916343,raw,stake_scaled_net_profit,5.0,6.0,PLAYER_WIN,BET_4X
1119,6038697407520629741,raw,stake_scaled_net_profit,5.0,6.0,PLAYER_WIN,BET_4X
1120,709462434103717100,raw,stake_scaled_net_profit,0.0,6.0,PUSH,BET_4X
1121,8179539522019027873,raw,stake_scaled_net_profit,-6.0,6.0,DEALER_WIN,BET_4X
1122,2258979581545413386,raw,stake_scaled_net_profit,-6.0,6.0,DEALER_WIN,BET_4X
1123,4705388366183090509,raw,stake_scaled_net_profit,5.0,6.0,PLAYER_WIN,BET_4X
1124,2247207438981736902,raw,stake_scaled_net_profit,-6.0,6.0,DEALER_WIN,BET_4X
1125,1601666378984515152,raw,stake_scaled_net_profit,4.0,6.0,PLAYER_WIN,BET_4X
1126,2304894912099371084,raw,stake_scaled_net_profit,-6.0,6.0,DEALER_WIN,BET_4X
1127,8484700075572541019,raw,stake_scaled_net_profit,5.0,6.0,PLAYER_WIN,BET_4X
1128,6199260667204120039,raw,stake_scaled_net_profit,6.5,6.0,PLAYER_WIN,BET_4X
1129,2309607322452848285,raw,stake_scaled_net_profit,-6.0,6.0,DEALER_WIN,BET_4X
1130,9173723994529567572,raw,stake_scaled_net_profit,6.5,6.0,PLAYER_WIN,BET_4X
1131,5904920283159011043,raw,stake_scaled_net_profit,0.0,6.0,PUSH,BET_4X
1132,8259432101237617085,raw,stake_scaled_net_profit,-6.0,6.0,DEALER_WIN,BET_4X
1133,8229542592796346512,raw,stake_scaled_net_profit,-6.0,6.0,DEALER_WIN,BET_4X
1134,4049345122276298426,raw,stake_scaled_net_profit,4.0,6.0,PLAYER_WIN,BET_4X
1135,6464001223035647955,raw,stake_scaled_net_profit,-6.0,6.0,DEALER_WIN,BET_4X
1136,788882454444367572,raw,stake_scaled_net_profit,-6.0,6.0,DEALER_WIN,BET_4X
1137,2102889432502108308,raw,stake_scaled_net_profit,5.0,6.0,PLAYER_WIN,BET_4X
1138,7315941879040282648,raw,stake_scaled_net_profit,5.0,6.0,PLAYER_WIN,BET_4X
1139,7954972670476287171,raw,stake_scaled_net_profit,-6.0,6.0,DEALER_WIN,BET_4X
1140,2644742355192589223,raw,stake_scaled_net_profit,5.5,6.0,PLAYER_WIN,BET_4X
1141,9063220196491571107,raw,stake_scaled_net_profit,-6.0,6.0,DEALER_WIN,BET_4X
1142,6188109670991404909,raw,stake_scaled_net_profit,-6.0,6.0,DEALER_WIN,BET_4X
1143,3781338508286422147,raw,stake_scaled_net_profit,-6.0,6.0,DEALER_WIN,BET_4X
1144,7594849174189326934,raw,stake_scaled_net_profit,5.0,6.0,PLAYER_WIN,BET_4X
1145,5680106254961420219,raw,stake_scaled_net_profit,4.0,6.0,PLAYER_WIN,BET_4X
1146,178756719457684243,raw,stake_scaled_net_profit,5.0,6.0,PLAYER_WIN,BET_4X
1147,7183678278855594243,raw,stake_scaled_net_profit,5.0,6.0,PLAYER_WIN,BET_4X
1148,9196820080190845334,raw,stake_scaled_net_profit,5.0,6.0,PLAYER_WIN,BET_4X
1149,7485958447908941904,raw,stake_scaled_net_profit,5.0,6.0,PLAYER_WIN,BET_4X
1150,3849711014337913949,raw,stake_scaled_net_profit,4.0,6.0,PLAYER_WIN,BET_4X
1151,126422477543669833,raw,stake_scaled_net_profit,-6.0,6.0,DEALER_WIN,BET_4X
1152,8439256671460699901,raw,stake_scaled_net_profit,5.0,6.0,PLAYER_WIN,BET_4X
1153,2070919742667742440,raw,stake_scaled_net_profit,4.0,6.0,PLAYER_WIN,BET_4X
1154,3281238657941389593,raw,stake_scaled_net_profit,-6.0,6.0,DEALER_WIN,BET_4X
1155,7706526017662479405,raw,stake_scaled_net_profit,-6.0,6.0,DEALER_WIN,BET_4X
1156,8399437375896520563,raw,stake_scaled_net_profit,-6.0,6.0,DEALER_WIN,BET_4X
1157,688149317929792956,raw,stake_scaled_net_profit,-6.0,6.0,DEALER_WIN,BET_4X
1158,8617381456869387032,raw,stake_scaled_net_profit,-6.0,6.0,DEALER_WIN,BET_4X
1159,4029046777360316120,raw,stake_scaled_net_profit,4.0,6.0,PLAYER_WIN,BET_4X
1160,7598158589057077289,raw,stake_scaled_net_profit,-6.0,6.0,DEALER_WIN,BET_4X
1161,8168452929101724196,raw,stake_scaled_net_profit,-6.0,6.0,DEALER_WIN,BET_4X
1162,1904042482205448728,raw,stake_scaled_net_profit,-6.0,6.0,DEALER_WIN,BET_4X
1163,1869840184886249037,raw,stake_scaled_net_profit,4.0,6.0,PLAYER_WIN,BET_4X
1164,117440542707706698,raw,stake_scaled_net_profit,-6.0,6.0,DEALER_WIN,BET_4X
1165,8656168309159298444,raw,stake_scaled_net_profit,4.0,6.0,PLAYER_WIN,BET_4X
1166,4610124743560593564,raw,stake_scaled_net_profit,5.0,6.0,PLAYER_WIN,BET_4X
1167,4101915951706015951,raw,stake_scaled_net_profit,4.0,6.0,PLAYER_WIN,BET_4X
1168,3058853781946773314,raw,stake_scaled_net_profit,5.0,6.0,PLAYER_WIN,BET_4X
1169,7681395457164577079,raw,stake_scaled_net_profit,8.0,6.0,PLAYER_WIN,BET_4X
1170,5313005715464136509,raw,stake_scaled_net_profit,-6.0,6.0,DEALER_WIN,BET_4X
1171,5236890620274248003,raw,stake_scaled_net_profit,-6.0,6.0,DEALER_WIN,BET_4X
1172,8768643180507022176,raw,stake_scaled_net_profit,-6.0,6.0,DEALER_WIN,BET_4X
1173,7916391916998395536,raw,stake_scaled_net_profit,5.0,6.0,PLAYER_WIN,BET_4X
1174,8437645874988898780,raw,stake_scaled_net_profit,5.0,6.0,PLAYER_WIN,BET_4X
1175,8584360370691938061,raw,stake_scaled_net_profit,5.0,6.0,PLAYER_WIN,BET_4X
1176,5303615337387894620,raw,stake_scaled_net_profit,5.0,6.0,PLAYER_WIN,BET_4X
1177,2849071702876537470,raw,stake_scaled_net_profit,0.0,6.0,PUSH,BET_4X
1178,8670368587893582194,raw,stake_scaled_net_profit,-6.0,6.0,DEALER_WIN,BET_4X
1179,2805328380139458044,raw,stake_scaled_net_profit,-6.0,6.0,DEALER_WIN,BET_4X
1180,7621338380995611573,raw,stake_scaled_net_profit,5.0,6.0,PLAYER_WIN,BET_4X
1181,451848925542012985,raw,stake_scaled_net_profit,-6.0,6.0,DEALER_WIN,BET_4X
1182,2665870194005600409,raw,stake_scaled_net_profit,-5.0,6.0,DEALER_WIN,BET_4X
1183,7555483241960411731,raw,stake_scaled_net_profit,5.0,6.0,PLAYER_WIN,BET_4X
1184,3133750649096830118,raw,stake_scaled_net_profit,-6.0,6.0,DEALER_WIN,BET_4X
1185,2690133363967143610,raw,stake_scaled_net_profit,-6.0,6.0,DEALER_WIN,BET_4X
1186,3432019153043194679,raw,stake_scaled_net_profit,4.0,6.0,PLAYER_WIN,BET_4X
1187,5838198993723319552,raw,stake_scaled_net_profit,-6.0,6.0,DEALER_WIN,BET_4X
1188,996717753644075032,raw,stake_scaled_net_profit,-6.0,6.0,DEALER_WIN,BET_4X
1189,6452474206588063607,raw,stake_scaled_net_profit,-6.0,6.0,DEALER_WIN,BET_4X
1190,7958143781201186417,raw,stake_scaled_net_profit,5.0,6.0,PLAYER_WIN,BET_4X
1191,1702606594388638012,raw,stake_scaled_net_profit,6.0,6.0,PLAYER_WIN,BET_4X
1192,5419345240095192344,raw,stake_scaled_net_profit,-6.0,6.0,DEALER_WIN,BET_4X
1193,435600082272539387,raw,stake_scaled_net_profit,0.0,6.0,PUSH,BET_4X
1194,8238102941490205168,raw,stake_scaled_net_profit,6.0,6.0,PLAYER_WIN,BET_4X
1195,1003516892640466504,raw,stake_scaled_net_profit,5.0,6.0,PLAYER_WIN,BET_4X
1196,937645075273741815,raw,stake_scaled_net_profit,5.0,6.0,PLAYER_WIN,BET_4X
1197,4505534735364751232,raw,stake_scaled_net_profit,-6.0,6.0,DEALER_WIN,BET_4X
1198,3100400014420850595,raw,stake_scaled_net_profit,4.0,6.0,PLAYER_WIN,BET_4X
1199,8794783993859203820,raw,stake_scaled_net_profit,5.0,6.0,PLAYER_WIN,BET_4X
1200,3242942222038322093,raw,stake_scaled_net_profit,5.0,6.0,PLAYER_WIN,BET_4X
1201,9207374481365474802,raw,stake_scaled_net_profit,5.5,6.0,PLAYER_WIN,BET_4X
1202,7122527531194325857,raw,stake_scaled_net_profit,-6.0,6.0,DEALER_WIN,BET_4X
1203,6211306604598752210,raw,stake_scaled_net_profit,4.0,6.0,PLAYER_WIN,BET_4X
1204,7713907947241534837,raw,stake_scaled_net_profit,4.0,6.0,PLAYER_WIN,BET_4X
1205,3864091370818423935,raw,stake_scaled_net_profit,5.0,6.0,PLAYER_WIN,BET_4X
1206,4130200441987910996,raw,stake_scaled_net_profit,5.0,6.0,PLAYER_WIN,BET_4X
1207,9019873977802955621,raw,stake_scaled_net_profit,-6.0,6.0,DEALER_WIN,BET_4X
1208,3676738203513974504,raw,stake_scaled_net_profit,-5.0,6.0,DEALER_WIN,BET_4X
1209,9163157027825047643,raw,stake_scaled_net_profit,-6.0,6.0,DEALER_WIN,BET_4X
1210,4444242640211464360,raw,stake_scaled_net_profit,-6.0,6.0,DEALER_WIN,BET_4X
1211,5172709708095674152,raw,stake_scaled_net_profit,-6.0,6.0,DEALER_WIN,BET_4X
1212,2398202004147632652,raw,stake_scaled_net_profit,6.0,6.0,PLAYER_WIN,BET_4X
1213,1036529366679787055,raw,stake_scaled_net_profit,0.0,6.0,PUSH,BET_4X
1214,8398745624299287746,raw,stake_scaled_net_profit,-6.0,6.0,DEALER_WIN,BET_4X
1215,8235235931199816152,raw,stake_scaled_net_profit,8.0,6.0,PLAYER_WIN,BET_4X
1216,4890810902163418353,raw,stake_scaled_net_profit,8.0,6.0,PLAYER_WIN,BET_4X
1217,8535412610929711479,raw,stake_scaled_net_profit,-6.0,6.0,DEALER_WIN,BET_4X
1218,1497719996370247987,raw,stake_scaled_net_profit,-6.0,6.0,DEALER_WIN,BET_4X
1219,6754351777149055790,raw,stake_scaled_net_profit,5.0,6.0,PLAYER_WIN,BET_4X
1220,7778863005045596107,raw,stake_scaled_net_profit,-6.0,6.0,DEALER_WIN,BET_4X
1221,4940370849459250769,raw,stake_scaled_net_profit,5.0,6.0,PLAYER_WIN,BET_4X
1222,7046226132112028496,raw,stake_scaled_net_profit,-6.0,6.0,DEALER_WIN,BET_4X
1223,2842920370552004896,raw,stake_scaled_net_profit,-6.0,6.0,DEALER_WIN,BET_4X
1224,3663393488914618925,raw,stake_scaled_net_profit,5.0,6.0,PLAYER_WIN,BET_4X
1225,8678686844415298619,raw,stake_scaled_net_profit,5.0,6.0,PLAYER_WIN,BET_4X
1226,5231245564173899422,raw,stake_scaled_net_profit,4.0,6.0,PLAYER_WIN,BET_4X
1227,1831597771075202516,raw,stake_scaled_net_profit,5.0,6.0,PLAYER_WIN,BET_4X
1228,5540544524791661239,raw,stake_scaled_net_profit,-6.0,6.0,DEALER_WIN,BET_4X
1229,8818380085946213574,raw,stake_scaled_net_profit,5.0,6.0,PLAYER_WIN,BET_4X
1230,4519264526446591327,raw,stake_scaled_net_profit,-6.0,6.0,DEALER_WIN,BET_4X
1231,4216423136028798513,raw,stake_scaled_net_profit,4.0,6.0,PLAYER_WIN,BET_4X
1232,2673062959002083335,raw,stake_scaled_net_profit,6.0,6.0,PLAYER_WIN,BET_4X
1233,3783230975175882388,raw,stake_scaled_net_profit,-6.0,6.0,DEALER_WIN,BET_4X
1234,4353438901396957064,raw,stake_scaled_net_profit,5.0,6.0,PLAYER_WIN,BET_4X
1235,416131994738167116,raw,stake_scaled_net_profit,4.0,6.0,PLAYER_WIN,BET_4X
1236,3240574660116131917,raw,stake_scaled_net_profit,-6.0,6.0,DEALER_WIN,BET_4X
1237,2972801423901133142,raw,stake_scaled_net_profit,-6.0,6.0,DEALER_WIN,BET_4X
1238,6241514599407970791,raw,stake_scaled_net_profit,5.0,6.0,PLAYER_WIN,BET_4X
1239,5711830038072438118,raw,stake_scaled_net_profit,5.0,6.0,PLAYER_WIN,BET_4X
1240,6094235562683760191,raw,stake_scaled_net_profit,0.0,6.0,PUSH,BET_4X
1241,6868484284919711003,raw,stake_scaled_net_profit,-6.0,6.0,DEALER_WIN,BET_4X
1242,3893311204462670582,raw,stake_scaled_net_profit,5.0,6.0,PLAYER_WIN,BET_4X
1243,9055446677944015632,raw,stake_scaled_net_profit,4.0,6.0,PLAYER_WIN,BET_4X
1244,5849120375706136133,raw,stake_scaled_net_profit,5.0,6.0,PLAYER_WIN,BET_4X
1245,7783926178224201212,raw,stake_scaled_net_profit,-6.0,6.0,DEALER_WIN,BET_4X
1246,7069098995419626227,raw,stake_scaled_net_profit,0.0,6.0,PUSH,BET_4X
1247,2372265450924986217,raw,stake_scaled_net_profit,-6.0,6.0,DEALER_WIN,BET_4X
1248,7085809462655679676,raw,stake_scaled_net_profit,5.0,6.0,PLAYER_WIN,BET_4X
1249,7463432095667777201,raw,stake_scaled_net_profit,-6.0,6.0,DEALER_WIN,BET_4X
1250,8744001807053495855,raw,stake_scaled_net_profit,-6.0,6.0,DEALER_WIN,BET_4X
1251,2386716227254559637,raw,stake_scaled_net_profit,-6.0,6.0,DEALER_WIN,BET_4X
1252,8877752226299224326,raw,stake_scaled_net_profit,5.0,6.0,PLAYER_WIN,BET_4X
1253,322269569271919782,raw,stake_scaled_net_profit,-6.0,6.0,DEALER_WIN,BET_4X
1254,8033107763064980849,raw,stake_scaled_net_profit,4.0,6.0,PLAYER_WIN,BET_4X
1255,4164181791667910314,raw,stake_scaled_net_profit,4.0,6.0,PLAYER_WIN,BET_4X
1256,8412995898832579709,raw,stake_scaled_net_profit,6.0,6.0,PLAYER_WIN,BET_4X
1257,4012093103752195505,raw,stake_scaled_net_profit,6.0,6.0,PLAYER_WIN,BET_4X
1258,5706831875124843813,raw,stake_scaled_net_profit,5.0,6.0,PLAYER_WIN,BET_4X
1259,7799682895343920340,raw,stake_scaled_net_profit,-6.0,6.0,DEALER_WIN,BET_4X
1260,5487141231862623281,raw,stake_scaled_net_profit,-5.0,6.0,DEALER_WIN,BET_4X
1261,1200608231203502457,raw,stake_scaled_net_profit,6.5,6.0,PLAYER_WIN,BET_4X
1262,5547734820279428501,raw,stake_scaled_net_profit,-6.0,6.0,DEALER_WIN,BET_4X
1263,5007003666517487573,raw,stake_scaled_net_profit,5.0,6.0,PLAYER_WIN,BET_4X
1264,2617294112713165719,raw,stake_scaled_net_profit,-6.0,6.0,DEALER_WIN,BET_4X
1265,6127645422416111555,raw,stake_scaled_net_profit,-6.0,6.0,DEALER_WIN,BET_4X
1266,1431839606688997870,raw,stake_scaled_net_profit,0.0,6.0,PUSH,BET_4X
1267,4783030670272833982,raw,stake_scaled_net_profit,5.0,6.0,PLAYER_WIN,BET_4X
1268,7859663660613786495,raw,stake_scaled_net_profit,5.0,6.0,PLAYER_WIN,BET_4X
1269,1041842318151669327,raw,stake_scaled_net_profit,-6.0,6.0,DEALER_WIN,BET_4X
1270,2807938010828474670,raw,stake_scaled_net_profit,-6.0,6.0,DEALER_WIN,BET_4X
1271,2639159310204443175,raw,stake_scaled_net_profit,-6.0,6.0,DEALER_WIN,BET_4X
1272,1091657476148484848,raw,stake_scaled_net_profit,-6.0,6.0,DEALER_WIN,BET_4X
1273,2500482958959159555,raw,stake_scaled_net_profit,-6.0,6.0,DEALER_WIN,BET_4X
1274,640857778365657897,raw,stake_scaled_net_profit,-6.0,6.0,DEALER_WIN,BET_4X
1275,1415289226242712879,raw,stake_scaled_net_profit,4.0,6.0,PLAYER_WIN,BET_4X
1276,621838624144925470,raw,stake_scaled_net_profit,5.0,6.0,PLAYER_WIN,BET_4X
1277,563200965238475958,raw,stake_scaled_net_profit,4.0,6.0,PLAYER_WIN,BET_4X
1278,2359981439400428916,raw,stake_scaled_net_profit,0.0,6.0,PUSH,BET_4X
1279,8687129613864601333,raw,stake_scaled_net_profit,-5.0,6.0,DEALER_WIN,BET_4X
1280,5654267061038162037,raw,stake_scaled_net_profit,-6.0,6.0,DEALER_WIN,BET_4X
1281,7608515545172607046,raw,stake_scaled_net_profit,-6.0,6.0,DEALER_WIN,BET_4X
1282,5483622470330475584,raw,stake_scaled_net_profit,-6.0,6.0,DEALER_WIN,BET_4X
1283,7871289473318603083,raw,stake_scaled_net_profit,-5.0,6.0,DEALER_WIN,BET_4X
1284,3448480799270461269,raw,stake_scaled_net_profit,-6.0,6.0,DEALER_WIN,BET_4X
1285,7291277836198626816,raw,stake_scaled_net_profit,5.0,6.0,PLAYER_WIN,BET_4X
1286,4447723471224222442,raw,stake_scaled_net_profit,-6.0,6.0,DEALER_WIN,BET_4X
1287,1739206862123126843,raw,stake_scaled_net_profit,6.5,6.0,PLAYER_WIN,BET_4X
1288,3062401210676432428,raw,stake_scaled_net_profit,-6.0,6.0,DEALER_WIN,BET_4X
1289,5722106987181351194,raw,stake_scaled_net_profit,5.0,6.0,PLAYER_WIN,BET_4X
1290,4302291847419754638,raw,stake_scaled_net_profit,0.0,6.0,PUSH,BET_4X
1291,8560677405178744195,raw,stake_scaled_net_profit,-6.0,6.0,DEALER_WIN,BET_4X
1292,617616614726906064,raw,stake_scaled_net_profit,-6.0,6.0,DEALER_WIN,BET_4X
1293,9033256196396176952,raw,stake_scaled_net_profit,-6.0,6.0,DEALER_WIN,BET_4X
1294,4209436049901453403,raw,stake_scaled_net_profit,-6.0,6.0,DEALER_WIN,BET_4X
1295,2151735676729618689,raw,stake_scaled_net_profit,6.0,6.0,PLAYER_WIN,BET_4X
1296,5212156105356581307,raw,stake_scaled_net_profit,-6.0,6.0,DEALER_WIN,BET_4X
1297,6922358518899554287,raw,stake_scaled_net_profit,-5.0,6.0,DEALER_WIN,BET_4X
1298,8745579999531707415,raw,stake_scaled_net_profit,5.0,6.0,PLAYER_WIN,BET_4X
1299,3597070998506864895,raw,stake_scaled_net_profit,-6.0,6.0,DEALER_WIN,BET_4X
1300,4384708403930269102,raw,stake_scaled_net_profit,-6.0,6.0,DEALER_WIN,BET_4X
1301,8639057858820145644,raw,stake_scaled_net_profit,5.0,6.0,PLAYER_WIN,BET_4X
1302,5423026297444360655,raw,stake_scaled_net_profit,-6.0,6.0,DEALER_WIN,BET_4X
1303,6035859061974806878,raw,stake_scaled_net_profit,6.0,6.0,PLAYER_WIN,BET_4X
1304,4140762081061262816,raw,stake_scaled_net_profit,-6.0,6.0,DEALER_WIN,BET_4X
1305,2039169072664694698,raw,stake_scaled_net_profit,5.0,6.0,PLAYER_WIN,BET_4X
1306,7261693007822852979,raw,stake_scaled_net_profit,5.0,6.0,PLAYER_WIN,BET_4X
1307,2361100303713412770,raw,stake_scaled_net_profit,-6.0,6.0,DEALER_WIN,BET_4X
1308,4417216828810072443,raw,stake_scaled_net_profit,5.0,6.0,PLAYER_WIN,BET_4X
1309,6910938802935714139,raw,stake_scaled_net_profit,4.0,6.0,PLAYER_WIN,BET_4X
1310,5327104533333288434,raw,stake_scaled_net_profit,-6.0,6.0,DEALER_WIN,BET_4X
1311,9074673193288097870,raw,stake_scaled_net_profit,-6.0,6.0,DEALER_WIN,BET_4X
1312,8661245229263981737,raw,stake_scaled_net_profit,-6.0,6.0,DEALER_WIN,BET_4X
1313,2371209142237566163,raw,stake_scaled_net_profit,5.0,6.0,PLAYER_WIN,BET_4X
1314,8426050124395478013,raw,stake_scaled_net_profit,4.0,6.0,PLAYER_WIN,BET_4X
1315,6531547158114890916,raw,stake_scaled_net_profit,-6.0,6.0,DEALER_WIN,BET_4X
1316,4719327623297257569,raw,stake_scaled_net_profit,-6.0,6.0,DEALER_WIN,BET_4X
1317,6202511469712217742,raw,stake_scaled_net_profit,5.0,6.0,PLAYER_WIN,BET_4X
1318,3718866476893235667,raw,stake_scaled_net_profit,0.0,6.0,PUSH,BET_4X
1319,933973746023529726,raw,stake_scaled_net_profit,5.0,6.0,PLAYER_WIN,BET_4X
1320,1829330533167928196,raw,stake_scaled_net_profit,5.0,6.0,PLAYER_WIN,BET_4X
1321,7127681761821759605,raw,stake_scaled_net_profit,-6.0,6.0,DEALER_WIN,BET_4X
1322,7165588210701594658,raw,stake_scaled_net_profit,-6.0,6.0,DEALER_WIN,BET_4X
1323,5093479324997716792,raw,stake_scaled_net_profit,-6.0,6.0,DEALER_WIN,BET_4X
1324,5697763341748783926,raw,stake_scaled_net_profit,-6.0,6.0,DEALER_WIN,BET_4X
1325,9196175419848776843,raw,stake_scaled_net_profit,-6.0,6.0,DEALER_WIN,BET_4X
1326,3412273809541398043,raw,stake_scaled_net_profit,4.0,6.0,PLAYER_WIN,BET_4X
1327,3372313035402629886,raw,stake_scaled_net_profit,-6.0,6.0,DEALER_WIN,BET_4X
1328,4908617180526232430,raw,stake_scaled_net_profit,4.0,6.0,PLAYER_WIN,BET_4X
1329,8191431634909406045,raw,stake_scaled_net_profit,-6.0,6.0,DEALER_WIN,BET_4X
1330,6143667873170257595,raw,stake_scaled_net_profit,6.0,6.0,PLAYER_WIN,BET_4X
1331,5945825047048673740,raw,stake_scaled_net_profit,5.0,6.0,PLAYER_WIN,BET_4X
1332,4935998475300175992,raw,stake_scaled_net_profit,6.5,6.0,PLAYER_WIN,BET_4X
1333,1894466286647268915,raw,stake_scaled_net_profit,5.0,6.0,PLAYER_WIN,BET_4X
1334,7517589447612466095,raw,stake_scaled_net_profit,-6.0,6.0,DEALER_WIN,BET_4X
1335,7718559627162238441,raw,stake_scaled_net_profit,-6.0,6.0,DEALER_WIN,BET_4X
1336,3046220738195633989,raw,stake_scaled_net_profit,-6.0,6.0,DEALER_WIN,BET_4X
1337,2851437806605892026,raw,stake_scaled_net_profit,-6.0,6.0,DEALER_WIN,BET_4X
1338,5105740036110257985,raw,stake_scaled_net_profit,5.0,6.0,PLAYER_WIN,BET_4X
1339,972753767659694481,raw,stake_scaled_net_profit,-6.0,6.0,DEALER_WIN,BET_4X
1340,3818985952824772781,raw,stake_scaled_net_profit,5.0,6.0,PLAYER_WIN,BET_4X
1341,6984248494470594510,raw,stake_scaled_net_profit,-6.0,6.0,DEALER_WIN,BET_4X
1342,1706834233308464919,raw,stake_scaled_net_profit,-6.0,6.0,DEALER_WIN,BET_4X
1343,3738610918600394290,raw,stake_scaled_net_profit,6.0,6.0,PLAYER_WIN,BET_4X
1344,8693581685970958596,raw,stake_scaled_net_profit,-6.0,6.0,DEALER_WIN,BET_4X
1345,6898479698877100365,raw,stake_scaled_net_profit,-6.0,6.0,DEALER_WIN,BET_4X
1346,6467017529299915674,raw,stake_scaled_net_profit,-6.0,6.0,DEALER_WIN,BET_4X
1347,9098379982712861676,raw,stake_scaled_net_profit,-6.0,6.0,DEALER_WIN,BET_4X
1348,2899543734473463456,raw,stake_scaled_net_profit,-6.0,6.0,DEALER_WIN,BET_4X
1349,7707419387808675928,raw,stake_scaled_net_profit,-6.0,6.0,DEALER_WIN,BET_4X
1350,7649804663698897479,raw,stake_scaled_net_profit,-6.0,6.0,DEALER_WIN,BET_4X
1351,8925557195151259406,raw,stake_scaled_net_profit,15.0,6.0,PLAYER_WIN,BET_4X
1352,6734187378102762012,raw,stake_scaled_net_profit,4.0,6.0,PLAYER_WIN,BET_4X
1353,5175046303819216187,raw,stake_scaled_net_profit,-5.0,6.0,DEALER_WIN,BET_4X
1354,147091365715262956,raw,stake_scaled_net_profit,6.5,6.0,PLAYER_WIN,BET_4X
1355,6691159194168538952,raw,stake_scaled_net_profit,5.0,6.0,PLAYER_WIN,BET_4X
1356,2050926938726983849,raw,stake_scaled_net_profit,-6.0,6.0,DEALER_WIN,BET_4X
1357,4967635575186951080,raw,stake_scaled_net_profit,-6.0,6.0,DEALER_WIN,BET_4X
1358,3066966942440628611,raw,stake_scaled_net_profit,4.0,6.0,PLAYER_WIN,BET_4X
1359,1287949472356671444,raw,stake_scaled_net_profit,-6.0,6.0,DEALER_WIN,BET_4X
1360,3184005751675782129,raw,stake_scaled_net_profit,0.0,6.0,PUSH,BET_4X
1361,873212744385808736,raw,stake_scaled_net_profit,8.0,6.0,PLAYER_WIN,BET_4X
1362,7073541531208686988,raw,stake_scaled_net_profit,-6.0,6.0,DEALER_WIN,BET_4X
1363,2100888445096372866,raw,stake_scaled_net_profit,-6.0,6.0,DEALER_WIN,BET_4X
1364,6324335274389368275,raw,stake_scaled_net_profit,5.0,6.0,PLAYER_WIN,BET_4X
1365,1124115596723799020,raw,stake_scaled_net_profit,5.0,6.0,PLAYER_WIN,BET_4X
1366,4018782336612168715,raw,stake_scaled_net_profit,5.0,6.0,PLAYER_WIN,BET_4X
1367,3256661997488352551,raw,stake_scaled_net_profit,5.0,6.0,PLAYER_WIN,BET_4X
1368,5760690551031542593,raw,stake_scaled_net_profit,-5.0,6.0,DEALER_WIN,BET_4X
1369,9149421735694500915,raw,stake_scaled_net_profit,5.0,6.0,PLAYER_WIN,BET_4X
1370,3370419085872373448,raw,stake_scaled_net_profit,-6.0,6.0,DEALER_WIN,BET_4X
1371,7606557875223620020,raw,stake_scaled_net_profit,5.0,6.0,PLAYER_WIN,BET_4X
1372,5608549038169476809,raw,stake_scaled_net_profit,4.0,6.0,PLAYER_WIN,BET_4X
1373,5288448926716375676,raw,stake_scaled_net_profit,4.0,6.0,PLAYER_WIN,BET_4X
1374,5509828904883306380,raw,stake_scaled_net_profit,-6.0,6.0,DEALER_WIN,BET_4X
1375,143279103677173635,raw,stake_scaled_net_profit,5.0,6.0,PLAYER_WIN,BET_4X
1376,3794372287911141599,raw,stake_scaled_net_profit,-6.0,6.0,DEALER_WIN,BET_4X
1377,5691759518580562763,raw,stake_scaled_net_profit,-6.0,6.0,DEALER_WIN,BET_4X
1378,5366342177281116041,raw,stake_scaled_net_profit,-6.0,6.0,DEALER_WIN,BET_4X
1379,4486346172882605694,raw,stake_scaled_net_profit,-6.0,6.0,DEALER_WIN,BET_4X
1380,7465999684905714817,raw,stake_scaled_net_profit,5.0,6.0,PLAYER_WIN,BET_4X
1381,3131543343730496541,raw,stake_scaled_net_profit,-6.0,6.0,DEALER_WIN,BET_4X
1382,439495856479884802,raw,stake_scaled_net_profit,5.0,6.0,PLAYER_WIN,BET_4X
1383,6476586417654793528,raw,stake_scaled_net_profit,-6.0,6.0,DEALER_WIN,BET_4X
1384,5576205330831016449,raw,stake_scaled_net_profit,-6.0,6.0,DEALER_WIN,BET_4X
1385,2694052393289655288,raw,stake_scaled_net_profit,-6.0,6.0,DEALER_WIN,BET_4X
1386,101536616190254274,raw,stake_scaled_net_profit,5.0,6.0,PLAYER_WIN,BET_4X
1387,1151933629421364550,raw,stake_scaled_net_profit,5.0,6.0,PLAYER_WIN,BET_4X
1388,3022294716807514476,raw,stake_scaled_net_profit,-6.0,6.0,DEALER_WIN,BET_4X
1389,31611237461456647,raw,stake_scaled_net_profit,4.0,6.0,PLAYER_WIN,BET_4X
1390,8838287183588697087,raw,stake_scaled_net_profit,4.0,6.0,PLAYER_WIN,BET_4X
1391,1415939015069862703,raw,stake_scaled_net_profit,-6.0,6.0,DEALER_WIN,BET_4X
1392,6226387113619986834,raw,stake_scaled_net_profit,-6.0,6.0,DEALER_WIN,BET_4X
1393,7351695464058841775,raw,stake_scaled_net_profit,-6.0,6.0,DEALER_WIN,BET_4X
1394,4597172830246536566,raw,stake_scaled_net_profit,-6.0,6.0,DEALER_WIN,BET_4X
1395,9201196837241931896,raw,stake_scaled_net_profit,-6.0,6.0,DEALER_WIN,BET_4X
1396,3299920387742176295,raw,stake_scaled_net_profit,-6.0,6.0,DEALER_WIN,BET_4X
1397,9060578767944649805,raw,stake_scaled_net_profit,-6.0,6.0,DEALER_WIN,BET_4X
1398,7131322578067629968,raw,stake_scaled_net_profit,4.0,6.0,PLAYER_WIN,BET_4X
1399,7717802304377847088,raw,stake_scaled_net_profit,-6.0,6.0,DEALER_WIN,BET_4X
1400,5409786661685916121,raw,stake_scaled_net_profit,0.0,6.0,PUSH,BET_4X
1401,5890335611682318501,raw,stake_scaled_net_profit,-6.0,6.0,DEALER_WIN,BET_4X
1402,5654876338733341092,raw,stake_scaled_net_profit,-6.0,6.0,DEALER_WIN,BET_4X
1403,8403304506001235112,raw,stake_scaled_net_profit,-6.0,6.0,DEALER_WIN,BET_4X
1404,4265414195365498051,raw,stake_scaled_net_profit,5.0,6.0,PLAYER_WIN,BET_4X
1405,8142698358966480385,raw,stake_scaled_net_profit,-6.0,6.0,DEALER_WIN,BET_4X
1406,7723198225422701589,raw,stake_scaled_net_profit,-6.0,6.0,DEALER_WIN,BET_4X
1407,7966622045962767308,raw,stake_scaled_net_profit,-6.0,6.0,DEALER_WIN,BET_4X
1408,2916964207296855590,raw,stake_scaled_net_profit,5.0,6.0,PLAYER_WIN,BET_4X
1409,4268660796429824950,raw,stake_scaled_net_profit,4.0,6.0,PLAYER_WIN,BET_4X
1410,7178735634601175653,raw,stake_scaled_net_profit,5.0,6.0,PLAYER_WIN,BET_4X
1411,5896145547259953579,raw,stake_scaled_net_profit,5.0,6.0,PLAYER_WIN,BET_4X
1412,3522298123158160973,raw,stake_scaled_net_profit,4.0,6.0,PLAYER_WIN,BET_4X
1413,5485542604874358604,raw,stake_scaled_net_profit,4.0,6.0,PLAYER_WIN,BET_4X
1414,7484089243420771897,raw,stake_scaled_net_profit,-6.0,6.0,DEALER_WIN,BET_4X
1415,3302638184796077007,raw,stake_scaled_net_profit,-6.0,6.0,DEALER_WIN,BET_4X
1416,8781073197511765731,raw,stake_scaled_net_profit,4.0,6.0,PLAYER_WIN,BET_4X
1417,1619158679380131579,raw,stake_scaled_net_profit,-6.0,6.0,DEALER_WIN,BET_4X
1418,551522053752283631,raw,stake_scaled_net_profit,6.0,6.0,PLAYER_WIN,BET_4X
1419,7456515853306383515,raw,stake_scaled_net_profit,5.0,6.0,PLAYER_WIN,BET_4X
1420,5937448518837851628,raw,stake_scaled_net_profit,5.0,6.0,PLAYER_WIN,BET_4X
1421,6559512130621921797,raw,stake_scaled_net_profit,-6.0,6.0,DEALER_WIN,BET_4X
1422,1273232838605333899,raw,stake_scaled_net_profit,-6.0,6.0,DEALER_WIN,BET_4X
1423,6448139503695210024,raw,stake_scaled_net_profit,5.0,6.0,PLAYER_WIN,BET_4X
1424,4173987724441870253,raw,stake_scaled_net_profit,-6.0,6.0,DEALER_WIN,BET_4X
1425,2813857178189012385,raw,stake_scaled_net_profit,5.0,6.0,PLAYER_WIN,BET_4X
1426,4868029907348731359,raw,stake_scaled_net_profit,-6.0,6.0,DEALER_WIN,BET_4X
1427,3558666007166698340,raw,stake_scaled_net_profit,5.0,6.0,PLAYER_WIN,BET_4X
1428,6768479108251100407,raw,stake_scaled_net_profit,0.0,6.0,PUSH,BET_4X
1429,3330350905021995663,raw,stake_scaled_net_profit,8.0,6.0,PLAYER_WIN,BET_4X
1430,3197766818826974933,raw,stake_scaled_net_profit,-6.0,6.0,DEALER_WIN,BET_4X
1431,5858867470136378168,raw,stake_scaled_net_profit,5.0,6.0,PLAYER_WIN,BET_4X
1432,699216507031950642,raw,stake_scaled_net_profit,-5.0,6.0,DEALER_WIN,BET_4X
1433,5928238444213262809,raw,stake_scaled_net_profit,-6.0,6.0,DEALER_WIN,BET_4X
1434,1475149981248865584,raw,stake_scaled_net_profit,-6.0,6.0,DEALER_WIN,BET_4X
1435,169973454147600091,raw,stake_scaled_net_profit,-6.0,6.0,DEALER_WIN,BET_4X
1436,418902612952652254,raw,stake_scaled_net_profit,4.0,6.0,PLAYER_WIN,BET_4X
1437,9039252565900231118,raw,stake_scaled_net_profit,-6.0,6.0,DEALER_WIN,BET_4X
1438,1871675442833820573,raw,stake_scaled_net_profit,-6.0,6.0,DEALER_WIN,BET_4X
1439,4776873675951770246,raw,stake_scaled_net_profit,5.0,6.0,PLAYER_WIN,BET_4X
1440,1819530981497078222,raw,stake_scaled_net_profit,4.0,6.0,PLAYER_WIN,BET_4X
1441,1835109343740906356,raw,stake_scaled_net_profit,-6.0,6.0,DEALER_WIN,BET_4X
1442,7133746391913214796,raw,stake_scaled_net_profit,5.0,6.0,PLAYER_WIN,BET_4X
1443,4982450519690919940,raw,stake_scaled_net_profit,-6.0,6.0,DEALER_WIN,BET_4X
1444,2488986202173658666,raw,stake_scaled_net_profit,4.0,6.0,PLAYER_WIN,BET_4X
1445,5788174618084765656,raw,stake_scaled_net_profit,8.0,6.0,PLAYER_WIN,BET_4X
1446,5800617968527134068,raw,stake_scaled_net_profit,4.0,6.0,PLAYER_WIN,BET_4X
1447,7721195635161957124,raw,stake_scaled_net_profit,-6.0,6.0,DEALER_WIN,BET_4X
1448,3592440755616966525,raw,stake_scaled_net_profit,-6.0,6.0,DEALER_WIN,BET_4X
1449,2365546622226802361,raw,stake_scaled_net_profit,-6.0,6.0,DEALER_WIN,BET_4X
1450,6774604120511477155,raw,stake_scaled_net_profit,5.0,6.0,PLAYER_WIN,BET_4X
1451,2922366730585668790,raw,stake_scaled_net_profit,5.0,6.0,PLAYER_WIN,BET_4X
1452,2396466598083144208,raw,stake_scaled_net_profit,0.0,6.0,PUSH,BET_4X
1453,8393387890001164703,raw,stake_scaled_net_profit,6.0,6.0,PLAYER_WIN,BET_4X
1454,3443355909739465496,raw,stake_scaled_net_profit,-6.0,6.0,DEALER_WIN,BET_4X
1455,7561716517118275253,raw,stake_scaled_net_profit,5.0,6.0,PLAYER_WIN,BET_4X
1456,876754955072802546,raw,stake_scaled_net_profit,-6.0,6.0,DEALER_WIN,BET_4X
1457,3424766123155747260,raw,stake_scaled_net_profit,-6.0,6.0,DEALER_WIN,BET_4X
1458,8733389037366209553,raw,stake_scaled_net_profit,5.0,6.0,PLAYER_WIN,BET_4X
1459,6453553815253117406,raw,stake_scaled_net_profit,4.0,6.0,PLAYER_WIN,BET_4X
1460,3884330589064543446,raw,stake_scaled_net_profit,-6.0,6.0,DEALER_WIN,BET_4X
1461,8171743067686064912,raw,stake_scaled_net_profit,5.0,6.0,PLAYER_WIN,BET_4X
1462,5761890851045367837,raw,stake_scaled_net_profit,4.0,6.0,PLAYER_WIN,BET_4X
1463,564635081583819976,raw,stake_scaled_net_profit,4.0,6.0,PLAYER_WIN,BET_4X
1464,260466161095494257,raw,stake_scaled_net_profit,-6.0,6.0,DEALER_WIN,BET_4X
1465,7848398658229901033,raw,stake_scaled_net_profit,-6.0,6.0,DEALER_WIN,BET_4X
1466,4641500459469168729,raw,stake_scaled_net_profit,-6.0,6.0,DEALER_WIN,BET_4X
1467,6200760992432924399,raw,stake_scaled_net_profit,5.0,6.0,PLAYER_WIN,BET_4X
1468,6194261259568973548,raw,stake_scaled_net_profit,5.0,6.0,PLAYER_WIN,BET_4X
1469,8469389738362291926,raw,stake_scaled_net_profit,-6.0,6.0,DEALER_WIN,BET_4X
1470,3719868207292654331,raw,stake_scaled_net_profit,5.0,6.0,PLAYER_WIN,BET_4X
1471,7349472207006283012,raw,stake_scaled_net_profit,-6.0,6.0,DEALER_WIN,BET_4X
1472,424873595786848100,raw,stake_scaled_net_profit,-6.0,6.0,DEALER_WIN,BET_4X
1473,8578120617849113854,raw,stake_scaled_net_profit,5.0,6.0,PLAYER_WIN,BET_4X
1474,4833801962936471970,raw,stake_scaled_net_profit,4.0,6.0,PLAYER_WIN,BET_4X
1475,3438309928117593341,raw,stake_scaled_net_profit,-6.0,6.0,DEALER_WIN,BET_4X
1476,6819331020464731208,raw,stake_scaled_net_profit,-6.0,6.0,DEALER_WIN,BET_4X
1477,7625113511287351913,raw,stake_scaled_net_profit,-6.0,6.0,DEALER_WIN,BET_4X
1478,2381212050311927077,raw,stake_scaled_net_profit,5.0,6.0,PLAYER_WIN,BET_4X
1479,5046833515792174370,raw,stake_scaled_net_profit,-6.0,6.0,DEALER_WIN,BET_4X
1480,2671604049758484187,raw,stake_scaled_net_profit,-6.0,6.0,DEALER_WIN,BET_4X
1481,8183715585270656349,raw,stake_scaled_net_profit,-6.0,6.0,DEALER_WIN,BET_4X
1482,5412214817194035191,raw,stake_scaled_net_profit,-6.0,6.0,DEALER_WIN,BET_4X
1483,1262944060904524333,raw,stake_scaled_net_profit,6.5,6.0,PLAYER_WIN,BET_4X
1484,457224622361503052,raw,stake_scaled_net_profit,-6.0,6.0,DEALER_WIN,BET_4X
1485,4952540412123803404,raw,stake_scaled_net_profit,4.0,6.0,PLAYER_WIN,BET_4X
1486,825436514699075462,raw,stake_scaled_net_profit,5.0,6.0,PLAYER_WIN,BET_4X
1487,831308192827051495,raw,stake_scaled_net_profit,-6.0,6.0,DEALER_WIN,BET_4X
1488,7593489495622851940,raw,stake_scaled_net_profit,5.0,6.0,PLAYER_WIN,BET_4X
1489,5732243077598426429,raw,stake_scaled_net_profit,5.0,6.0,PLAYER_WIN,BET_4X
1490,5708273517641788869,raw,stake_scaled_net_profit,5.0,6.0,PLAYER_WIN,BET_4X
1491,1579560838912517655,raw,stake_scaled_net_profit,-6.0,6.0,DEALER_WIN,BET_4X
1492,5044808264212287479,raw,stake_scaled_net_profit,-6.0,6.0,DEALER_WIN,BET_4X
1493,1005514173953636587,raw,stake_scaled_net_profit,-6.0,6.0,DEALER_WIN,BET_4X
1494,816438790312902701,raw,stake_scaled_net_profit,-6.0,6.0,DEALER_WIN,BET_4X
1495,2406811608160478523,raw,stake_scaled_net_profit,-6.0,6.0,DEALER_WIN,BET_4X
1496,8047582112756186471,raw,stake_scaled_net_profit,-6.0,6.0,DEALER_WIN,BET_4X
1497,1721154304414877100,raw,stake_scaled_net_profit,-6.0,6.0,DEALER_WIN,BET_4X
1498,1830985799809498775,raw,stake_scaled_net_profit,5.0,6.0,PLAYER_WIN,BET_4X
1499,56088238221497325,raw,stake_scaled_net_profit,5.0,6.0,PLAYER_WIN,BET_4X
1500,2622356040036265215,raw,stake_scaled_net_profit,5.0,6.0,PLAYER_WIN,BET_4X
1501,7545092499412162989,raw,stake_scaled_net_profit,5.0,6.0,PLAYER_WIN,BET_4X
1502,7482362222628142724,raw,stake_scaled_net_profit,5.0,6.0,PLAYER_WIN,BET_4X
1503,6404117473370075514,raw,stake_scaled_net_profit,-6.0,6.0,DEALER_WIN,BET_4X
1504,7517001996571946313,raw,stake_scaled_net_profit,5.0,6.0,PLAYER_WIN,BET_4X
1505,8336013511917664794,raw,stake_scaled_net_profit,-6.0,6.0,DEALER_WIN,BET_4X
1506,3810960079573190973,raw,stake_scaled_net_profit,5.0,6.0,PLAYER_WIN,BET_4X
1507,6597906007613689311,raw,stake_scaled_net_profit,6.0,6.0,PLAYER_WIN,BET_4X
1508,1692622722791316369,raw,stake_scaled_net_profit,5.0,6.0,PLAYER_WIN,BET_4X
1509,7961424869871106660,raw,stake_scaled_net_profit,4.0,6.0,PLAYER_WIN,BET_4X
1510,4676808141435491466,raw,stake_scaled_net_profit,5.0,6.0,PLAYER_WIN,BET_4X
1511,4129123305836494312,raw,stake_scaled_net_profit,-6.0,6.0,DEALER_WIN,BET_4X
1512,7270936826081411644,raw,stake_scaled_net_profit,-6.0,6.0,DEALER_WIN,BET_4X
1513,5103300024024310754,raw,stake_scaled_net_profit,5.0,6.0,PLAYER_WIN,BET_4X
1514,17559126255995556,raw,stake_scaled_net_profit,-6.0,6.0,DEALER_WIN,BET_4X
1515,1639205711089686269,raw,stake_scaled_net_profit,-6.0,6.0,DEALER_WIN,BET_4X
1516,2800698661641540343,raw,stake_scaled_net_profit,-6.0,6.0,DEALER_WIN,BET_4X
1517,6289570358999343073,raw,stake_scaled_net_profit,-6.0,6.0,DEALER_WIN,BET_4X
1518,4891525273349908392,raw,stake_scaled_net_profit,5.0,6.0,PLAYER_WIN,BET_4X
1519,3338303441290144510,raw,stake_scaled_net_profit,4.0,6.0,PLAYER_WIN,BET_4X
1520,2495366085019695119,raw,stake_scaled_net_profit,5.0,6.0,PLAYER_WIN,BET_4X
1521,9145223143956890515,raw,stake_scaled_net_profit,-6.0,6.0,DEALER_WIN,BET_4X
1522,7957693143520949711,raw,stake_scaled_net_profit,5.0,6.0,PLAYER_WIN,BET_4X
1523,3655838423870851133,raw,stake_scaled_net_profit,5.0,6.0,PLAYER_WIN,BET_4X
1524,9190276953180016300,raw,stake_scaled_net_profit,4.0,6.0,PLAYER_WIN,BET_4X
1525,339390872411178383,raw,stake_scaled_net_profit,4.0,6.0,PLAYER_WIN,BET_4X
1526,5963531400629739867,raw,stake_scaled_net_profit,4.0,6.0,PLAYER_WIN,BET_4X
1527,884398810105111139,raw,stake_scaled_net_profit,5.0,6.0,PLAYER_WIN,BET_4X
1528,1719493635660046287,raw,stake_scaled_net_profit,-6.0,6.0,DEALER_WIN,BET_4X
1529,9160690472856631252,raw,stake_scaled_net_profit,-6.0,6.0,DEALER_WIN,BET_4X
1530,5660897947113719167,raw,stake_scaled_net_profit,-6.0,6.0,DEALER_WIN,BET_4X
1531,7230935076108275801,raw,stake_scaled_net_profit,4.0,6.0,PLAYER_WIN,BET_4X
1532,238053671912262185,raw,stake_scaled_net_profit,-6.0,6.0,DEALER_WIN,BET_4X
1533,7579720061232290296,raw,stake_scaled_net_profit,-6.0,6.0,DEALER_WIN,BET_4X
1534,1760029153393106936,raw,stake_scaled_net_profit,5.0,6.0,PLAYER_WIN,BET_4X
1535,7173002023297395439,raw,stake_scaled_net_profit,-6.0,6.0,DEALER_WIN,BET_4X
1536,5691352830855680888,raw,stake_scaled_net_profit,6.5,6.0,PLAYER_WIN,BET_4X
1537,4508408073772492436,raw,stake_scaled_net_profit,-6.0,6.0,DEALER_WIN,BET_4X
1538,2056826796612970329,raw,stake_scaled_net_profit,-6.0,6.0,DEALER_WIN,BET_4X
1539,7155470893802494823,raw,stake_scaled_net_profit,5.0,6.0,PLAYER_WIN,BET_4X
1540,8331427976208843630,raw,stake_scaled_net_profit,5.0,6.0,PLAYER_WIN,BET_4X
1541,2270980649911722214,raw,stake_scaled_net_profit,0.0,6.0,PUSH,BET_4X
1542,6400715697137180536,raw,stake_scaled_net_profit,-6.0,6.0,DEALER_WIN,BET_4X
1543,4684962292112301031,raw,stake_scaled_net_profit,5.0,6.0,PLAYER_WIN,BET_4X
1544,4798537037850643059,raw,stake_scaled_net_profit,-6.0,6.0,DEALER_WIN,BET_4X
1545,3125162848762976800,raw,stake_scaled_net_profit,-6.0,6.0,DEALER_WIN,BET_4X
1546,45890830658177291,raw,stake_scaled_net_profit,-6.0,6.0,DEALER_WIN,BET_4X
1547,6289231266594512451,raw,stake_scaled_net_profit,5.0,6.0,PLAYER_WIN,BET_4X
1548,665914765801645060,raw,stake_scaled_net_profit,5.0,6.0,PLAYER_WIN,BET_4X
1549,3236621102429633615,raw,stake_scaled_net_profit,-6.0,6.0,DEALER_WIN,BET_4X
1550,4097314923651362328,raw,stake_scaled_net_profit,-6.0,6.0,DEALER_WIN,BET_4X
1551,8310522814916585562,raw,stake_scaled_net_profit,-6.0,6.0,DEALER_WIN,BET_4X
1552,6984891316485384853,raw,stake_scaled_net_profit,5.0,6.0,PLAYER_WIN,BET_4X
1553,5396264635245645061,raw,stake_scaled_net_profit,-6.0,6.0,DEALER_WIN,BET_4X
1554,5341556228677524188,raw,stake_scaled_net_profit,5.0,6.0,PLAYER_WIN,BET_4X
1555,6127342614878497113,raw,stake_scaled_net_profit,4.0,6.0,PLAYER_WIN,BET_4X
1556,4114134835275691725,raw,stake_scaled_net_profit,-6.0,6.0,DEALER_WIN,BET_4X
1557,159381828436554385,raw,stake_scaled_net_profit,-6.0,6.0,DEALER_WIN,BET_4X
1558,9200974797828504672,raw,stake_scaled_net_profit,5.0,6.0,PLAYER_WIN,BET_4X
1559,6414546809091471563,raw,stake_scaled_net_profit,-6.0,6.0,DEALER_WIN,BET_4X
1560,7111100081624946933,raw,stake_scaled_net_profit,-6.0,6.0,DEALER_WIN,BET_4X
1561,8008294676357578490,raw,stake_scaled_net_profit,-6.0,6.0,DEALER_WIN,BET_4X
1562,1066379434075110324,raw,stake_scaled_net_profit,-6.0,6.0,DEALER_WIN,BET_4X
1563,2105462678881888637,raw,stake_scaled_net_profit,4.0,6.0,PLAYER_WIN,BET_4X
1564,3130649560562240034,raw,stake_scaled_net_profit,-6.0,6.0,DEALER_WIN,BET_4X
1565,5131833880612071166,raw,stake_scaled_net_profit,-6.0,6.0,DEALER_WIN,BET_4X
1566,5134627405320588626,raw,stake_scaled_net_profit,5.0,6.0,PLAYER_WIN,BET_4X
1567,2046156408191496417,raw,stake_scaled_net_profit,-5.0,6.0,DEALER_WIN,BET_4X
1568,4656738165991451388,raw,stake_scaled_net_profit,4.0,6.0,PLAYER_WIN,BET_4X
1569,5079919991779327644,raw,stake_scaled_net_profit,-6.0,6.0,DEALER_WIN,BET_4X
1570,3125867999499890767,raw,stake_scaled_net_profit,-6.0,6.0,DEALER_WIN,BET_4X
1571,5722740422321992144,raw,stake_scaled_net_profit,-6.0,6.0,DEALER_WIN,BET_4X
1572,7629811187508177418,raw,stake_scaled_net_profit,-6.0,6.0,DEALER_WIN,BET_4X
1573,6290561643439436111,raw,stake_scaled_net_profit,-6.0,6.0,DEALER_WIN,BET_4X
1574,3966136097587293549,raw,stake_scaled_net_profit,5.0,6.0,PLAYER_WIN,BET_4X
1575,6321854508776565299,raw,stake_scaled_net_profit,-6.0,6.0,DEALER_WIN,BET_4X
1576,5870737129509423974,raw,stake_scaled_net_profit,-6.0,6.0,DEALER_WIN,BET_4X
1577,6277500868411651561,raw,stake_scaled_net_profit,-6.0,6.0,DEALER_WIN,BET_4X
1578,5181095302608492108,raw,stake_scaled_net_profit,-6.0,6.0,DEALER_WIN,BET_4X
1579,850691464675135181,raw,stake_scaled_net_profit,5.0,6.0,PLAYER_WIN,BET_4X
1580,825500587077348620,raw,stake_scaled_net_profit,5.0,6.0,PLAYER_WIN,BET_4X
1581,3613763963496423835,raw,stake_scaled_net_profit,6.0,6.0,PLAYER_WIN,BET_4X
1582,8954605459746064157,raw,stake_scaled_net_profit,-6.0,6.0,DEALER_WIN,BET_4X
1583,4884046220442419454,raw,stake_scaled_net_profit,5.0,6.0,PLAYER_WIN,BET_4X
1584,7132003203495568575,raw,stake_scaled_net_profit,4.0,6.0,PLAYER_WIN,BET_4X
1585,2117437423970090613,raw,stake_scaled_net_profit,5.0,6.0,PLAYER_WIN,BET_4X
1586,4659858079280162644,raw,stake_scaled_net_profit,-5.0,6.0,DEALER_WIN,BET_4X
1587,7164089397490172099,raw,stake_scaled_net_profit,5.0,6.0,PLAYER_WIN,BET_4X
1588,7345451428539242804,raw,stake_scaled_net_profit,4.0,6.0,PLAYER_WIN,BET_4X
1589,4271563384167149504,raw,stake_scaled_net_profit,5.0,6.0,PLAYER_WIN,BET_4X
1590,1464256407270818613,raw,stake_scaled_net_profit,-6.0,6.0,DEALER_WIN,BET_4X
1591,1043005145386624094,raw,stake_scaled_net_profit,-6.0,6.0,DEALER_WIN,BET_4X
1592,3347082249759835255,raw,stake_scaled_net_profit,5.0,6.0,PLAYER_WIN,BET_4X
1593,4536294331599055352,raw,stake_scaled_net_profit,4.0,6.0,PLAYER_WIN,BET_4X
1594,1939903450338036562,raw,stake_scaled_net_profit,5.0,6.0,PLAYER_WIN,BET_4X
1595,7995396897258635820,raw,stake_scaled_net_profit,4.0,6.0,PLAYER_WIN,BET_4X
1596,6595604153583021632,raw,stake_scaled_net_profit,-6.0,6.0,DEALER_WIN,BET_4X
1597,8550055218936699766,raw,stake_scaled_net_profit,5.0,6.0,PLAYER_WIN,BET_4X
1598,6430147766024284818,raw,stake_scaled_net_profit,5.0,6.0,PLAYER_WIN,BET_4X
1599,76605198978984826,raw,stake_scaled_net_profit,4.0,6.0,PLAYER_WIN,BET_4X
1600,6889417707833407211,raw,stake_scaled_net_profit,5.0,6.0,PLAYER_WIN,BET_4X
1601,9020754365034195218,raw,stake_scaled_net_profit,-6.0,6.0,DEALER_WIN,BET_4X
1602,7771212825689204446,raw,stake_scaled_net_profit,4.0,6.0,PLAYER_WIN,BET_4X
1603,869439289117528846,raw,stake_scaled_net_profit,4.0,6.0,PLAYER_WIN,BET_4X
1604,1645933926339081400,raw,stake_scaled_net_profit,-6.0,6.0,DEALER_WIN,BET_4X
1605,5377328169872371861,raw,stake_scaled_net_profit,-6.0,6.0,DEALER_WIN,BET_4X
1606,943504496141288395,raw,stake_scaled_net_profit,-6.0,6.0,DEALER_WIN,BET_4X
1607,2602837657315065742,raw,stake_scaled_net_profit,-6.0,6.0,DEALER_WIN,BET_4X
1608,4496877783429775363,raw,stake_scaled_net_profit,5.0,6.0,PLAYER_WIN,BET_4X
1609,6279967474064797436,raw,stake_scaled_net_profit,-6.0,6.0,DEALER_WIN,BET_4X
1610,3557672089810139431,raw,stake_scaled_net_profit,5.0,6.0,PLAYER_WIN,BET_4X
1611,6615083223048598316,raw,stake_scaled_net_profit,-6.0,6.0,DEALER_WIN,BET_4X
1612,6116845063680851579,raw,stake_scaled_net_profit,8.0,6.0,PLAYER_WIN,BET_4X
1613,8319780339277839065,raw,stake_scaled_net_profit,0.0,6.0,PUSH,BET_4X
1614,8432631624344375204,raw,stake_scaled_net_profit,-6.0,6.0,DEALER_WIN,BET_4X
1615,6223343881748895892,raw,stake_scaled_net_profit,4.0,6.0,PLAYER_WIN,BET_4X
1616,2521223427273414475,raw,stake_scaled_net_profit,-6.0,6.0,DEALER_WIN,BET_4X
1617,3573006506772960903,raw,stake_scaled_net_profit,-6.0,6.0,DEALER_WIN,BET_4X
1618,6971658524141092107,raw,stake_scaled_net_profit,-6.0,6.0,DEALER_WIN,BET_4X
1619,3107187642206538218,raw,stake_scaled_net_profit,-6.0,6.0,DEALER_WIN,BET_4X
1620,8461013382673503658,raw,stake_scaled_net_profit,-6.0,6.0,DEALER_WIN,BET_4X
1621,1121945687055848465,raw,stake_scaled_net_profit,-6.0,6.0,DEALER_WIN,BET_4X
1622,1568138097563777115,raw,stake_scaled_net_profit,-6.0,6.0,DEALER_WIN,BET_4X
1623,6688396781068500889,raw,stake_scaled_net_profit,-6.0,6.0,DEALER_WIN,BET_4X
1624,3192494827897340516,raw,stake_scaled_net_profit,-5.0,6.0,DEALER_WIN,BET_4X
1625,7566400174868077485,raw,stake_scaled_net_profit,-6.0,6.0,DEALER_WIN,BET_4X
1626,991052469506479903,raw,stake_scaled_net_profit,5.0,6.0,PLAYER_WIN,BET_4X
1627,3629856138679709658,raw,stake_scaled_net_profit,0.0,6.0,PUSH,BET_4X
1628,4784630121160751487,raw,stake_scaled_net_profit,4.0,6.0,PLAYER_WIN,BET_4X
1629,1977487415976879573,raw,stake_scaled_net_profit,-5.0,6.0,DEALER_WIN,BET_4X
1630,8128920446855703853,raw,stake_scaled_net_profit,-6.0,6.0,DEALER_WIN,BET_4X
1631,4609829305713559919,raw,stake_scaled_net_profit,5.0,6.0,PLAYER_WIN,BET_4X
1632,7576440968127746320,raw,stake_scaled_net_profit,5.0,6.0,PLAYER_WIN,BET_4X
1633,322423866266123897,raw,stake_scaled_net_profit,-6.0,6.0,DEALER_WIN,BET_4X
1634,369313414757038504,raw,stake_scaled_net_profit,6.0,6.0,PLAYER_WIN,BET_4X
1635,2834382413777094821,raw,stake_scaled_net_profit,-5.0,6.0,DEALER_WIN,BET_4X
1636,6067727555660043485,raw,stake_scaled_net_profit,5.0,6.0,PLAYER_WIN,BET_4X
1637,4547653392692230064,raw,stake_scaled_net_profit,5.0,6.0,PLAYER_WIN,BET_4X
1638,241204426356571531,raw,stake_scaled_net_profit,0.0,6.0,PUSH,BET_4X
1639,8927253463402110372,raw,stake_scaled_net_profit,-6.0,6.0,DEALER_WIN,BET_4X
1640,7746837110916999506,raw,stake_scaled_net_profit,5.0,6.0,PLAYER_WIN,BET_4X
1641,4523148247195149922,raw,stake_scaled_net_profit,6.0,6.0,PLAYER_WIN,BET_4X
1642,253402496519031081,raw,stake_scaled_net_profit,6.0,6.0,PLAYER_WIN,BET_4X
1643,7274194317945799331,raw,stake_scaled_net_profit,5.0,6.0,PLAYER_WIN,BET_4X
1644,5762381940215648667,raw,stake_scaled_net_profit,-6.0,6.0,DEALER_WIN,BET_4X
1645,1777090677009411783,raw,stake_scaled_net_profit,4.0,6.0,PLAYER_WIN,BET_4X
1646,4652783805182845379,raw,stake_scaled_net_profit,-5.0,6.0,DEALER_WIN,BET_4X
1647,6257176825355660721,raw,stake_scaled_net_profit,0.0,6.0,PUSH,BET_4X
1648,727556582245305846,raw,stake_scaled_net_profit,0.0,6.0,PUSH,BET_4X
1649,5870439496324904424,raw,stake_scaled_net_profit,-6.0,6.0,DEALER_WIN,BET_4X
1650,524661648082571378,raw,stake_scaled_net_profit,8.0,6.0,PLAYER_WIN,BET_4X
1651,1445818986628318310,raw,stake_scaled_net_profit,4.0,6.0,PLAYER_WIN,BET_4X
1652,3418452502841016634,raw,stake_scaled_net_profit,-6.0,6.0,DEALER_WIN,BET_4X
1653,7100741647921403493,raw,stake_scaled_net_profit,8.0,6.0,PLAYER_WIN,BET_4X
1654,5096126858472422861,raw,stake_scaled_net_profit,-6.0,6.0,DEALER_WIN,BET_4X
1655,8925331460570708847,raw,stake_scaled_net_profit,5.0,6.0,PLAYER_WIN,BET_4X
1656,5998818770424753395,raw,stake_scaled_net_profit,6.5,6.0,PLAYER_WIN,BET_4X
1657,5347731676811241542,raw,stake_scaled_net_profit,5.0,6.0,PLAYER_WIN,BET_4X
1658,7550871708590263242,raw,stake_scaled_net_profit,5.0,6.0,PLAYER_WIN,BET_4X
1659,4952265095657630921,raw,stake_scaled_net_profit,-6.0,6.0,DEALER_WIN,BET_4X
1660,3686061030127865561,raw,stake_scaled_net_profit,4.0,6.0,PLAYER_WIN,BET_4X
1661,1023831131985916097,raw,stake_scaled_net_profit,8.0,6.0,PLAYER_WIN,BET_4X
1662,8043561430930307925,raw,stake_scaled_net_profit,6.5,6.0,PLAYER_WIN,BET_4X
1663,7426922474868982270,raw,stake_scaled_net_profit,5.0,6.0,PLAYER_WIN,BET_4X
1664,7912174154725992692,raw,stake_scaled_net_profit,-6.0,6.0,DEALER_WIN,BET_4X
1665,1815772174988154587,raw,stake_scaled_net_profit,-6.0,6.0,DEALER_WIN,BET_4X
1666,8764694432503231530,raw,stake_scaled_net_profit,5.0,6.0,PLAYER_WIN,BET_4X
1667,5922705194077632509,raw,stake_scaled_net_profit,-6.0,6.0,DEALER_WIN,BET_4X
1668,1620883200640329251,raw,stake_scaled_net_profit,-6.0,6.0,DEALER_WIN,BET_4X
1669,852332354783152799,raw,stake_scaled_net_profit,-6.0,6.0,DEALER_WIN,BET_4X
1670,1187928676033378106,raw,stake_scaled_net_profit,5.0,6.0,PLAYER_WIN,BET_4X
1671,4976975556840445983,raw,stake_scaled_net_profit,5.0,6.0,PLAYER_WIN,BET_4X
1672,5518984867943300423,raw,stake_scaled_net_profit,-6.0,6.0,DEALER_WIN,BET_4X
1673,3643424003496123613,raw,stake_scaled_net_profit,4.0,6.0,PLAYER_WIN,BET_4X
1674,1185636054630081826,raw,stake_scaled_net_profit,0.0,6.0,PUSH,BET_4X
1675,4421604784898578387,raw,stake_scaled_net_profit,-6.0,6.0,DEALER_WIN,BET_4X
1676,2793852399072453875,raw,stake_scaled_net_profit,-6.0,6.0,DEALER_WIN,BET_4X
1677,4517876068322056503,raw,stake_scaled_net_profit,5.0,6.0,PLAYER_WIN,BET_4X
1678,2034822891736691813,raw,stake_scaled_net_profit,4.0,6.0,PLAYER_WIN,BET_4X
1679,6574609249319015770,raw,stake_scaled_net_profit,-6.0,6.0,DEALER_WIN,BET_4X
1680,436404940569345404,raw,stake_scaled_net_profit,4.0,6.0,PLAYER_WIN,BET_4X
1681,1437001175354283707,raw,stake_scaled_net_profit,8.0,6.0,PLAYER_WIN,BET_4X
1682,3183217844023355489,raw,stake_scaled_net_profit,-6.0,6.0,DEALER_WIN,BET_4X
1683,6555761398884000836,raw,stake_scaled_net_profit,5.0,6.0,PLAYER_WIN,BET_4X
1684,8970852128352269533,raw,stake_scaled_net_profit,5.0,6.0,PLAYER_WIN,BET_4X
1685,5214557494089097166,raw,stake_scaled_net_profit,-6.0,6.0,DEALER_WIN,BET_4X
1686,7432999957918986357,raw,stake_scaled_net_profit,-6.0,6.0,DEALER_WIN,BET_4X
1687,4905243375814619884,raw,stake_scaled_net_profit,5.0,6.0,PLAYER_WIN,BET_4X
1688,299215130061655222,raw,stake_scaled_net_profit,4.0,6.0,PLAYER_WIN,BET_4X
1689,1181380229605035599,raw,stake_scaled_net_profit,5.0,6.0,PLAYER_WIN,BET_4X
1690,8303319659733638513,raw,stake_scaled_net_profit,-6.0,6.0,DEALER_WIN,BET_4X
1691,8247485982940576201,raw,stake_scaled_net_profit,-6.0,6.0,DEALER_WIN,BET_4X
1692,1746259479859161963,raw,stake_scaled_net_profit,-6.0,6.0,DEALER_WIN,BET_4X
1693,1703900831266735717,raw,stake_scaled_net_profit,5.0,6.0,PLAYER_WIN,BET_4X
1694,5733133556769263694,raw,stake_scaled_net_profit,0.0,6.0,PUSH,BET_4X
1695,522928319078590043,raw,stake_scaled_net_profit,-6.0,6.0,DEALER_WIN,BET_4X
1696,417635987926860877,raw,stake_scaled_net_profit,0.0,6.0,PUSH,BET_4X
1697,2551330849482594617,raw,stake_scaled_net_profit,-6.0,6.0,DEALER_WIN,BET_4X
1698,2446994094874473971,raw,stake_scaled_net_profit,5.0,6.0,PLAYER_WIN,BET_4X
1699,2037421977289213770,raw,stake_scaled_net_profit,55.0,6.0,PLAYER_WIN,BET_4X
1700,2535584045853513881,raw,stake_scaled_net_profit,5.0,6.0,PLAYER_WIN,BET_4X
1701,3053908424998881586,raw,stake_scaled_net_profit,6.5,6.0,PLAYER_WIN,BET_4X
1702,2619551471872454830,raw,stake_scaled_net_profit,-6.0,6.0,DEALER_WIN,BET_4X
1703,7764720134016559698,raw,stake_scaled_net_profit,-6.0,6.0,DEALER_WIN,BET_4X
1704,4751386705041478118,raw,stake_scaled_net_profit,5.0,6.0,PLAYER_WIN,BET_4X
1705,7136579802102096769,raw,stake_scaled_net_profit,5.0,6.0,PLAYER_WIN,BET_4X
1706,2794206102848701586,raw,stake_scaled_net_profit,-6.0,6.0,DEALER_WIN,BET_4X
1707,4994851861172092917,raw,stake_scaled_net_profit,0.0,6.0,PUSH,BET_4X
1708,7850126793838016347,raw,stake_scaled_net_profit,-6.0,6.0,DEALER_WIN,BET_4X
1709,1147859291149749954,raw,stake_scaled_net_profit,5.0,6.0,PLAYER_WIN,BET_4X
1710,1554397968917507139,raw,stake_scaled_net_profit,5.0,6.0,PLAYER_WIN,BET_4X
1711,5310318823861481041,raw,stake_scaled_net_profit,-6.0,6.0,DEALER_WIN,BET_4X
1712,5485452227051320706,raw,stake_scaled_net_profit,5.0,6.0,PLAYER_WIN,BET_4X
1713,8117354240050804332,raw,stake_scaled_net_profit,-6.0,6.0,DEALER_WIN,BET_4X
1714,562860153591760397,raw,stake_scaled_net_profit,0.0,6.0,PUSH,BET_4X
1715,5584149555203117802,raw,stake_scaled_net_profit,-6.0,6.0,DEALER_WIN,BET_4X
1716,4119942973419802719,raw,stake_scaled_net_profit,5.0,6.0,PLAYER_WIN,BET_4X
1717,7292805358339217583,raw,stake_scaled_net_profit,5.0,6.0,PLAYER_WIN,BET_4X
1718,6744221769964297056,raw,stake_scaled_net_profit,-6.0,6.0,DEALER_WIN,BET_4X
1719,5106722949689564320,raw,stake_scaled_net_profit,-5.0,6.0,DEALER_WIN,BET_4X
1720,7688090517207109122,raw,stake_scaled_net_profit,5.0,6.0,PLAYER_WIN,BET_4X
1721,5433269544770497344,raw,stake_scaled_net_profit,5.0,6.0,PLAYER_WIN,BET_4X
1722,331153249774752663,raw,stake_scaled_net_profit,4.0,6.0,PLAYER_WIN,BET_4X
1723,5727842913963837324,raw,stake_scaled_net_profit,5.0,6.0,PLAYER_WIN,BET_4X
1724,4638831911617591188,raw,stake_scaled_net_profit,-6.0,6.0,DEALER_WIN,BET_4X
1725,2703940543310797052,raw,stake_scaled_net_profit,-6.0,6.0,DEALER_WIN,BET_4X
1726,768297400045784050,raw,stake_scaled_net_profit,-6.0,6.0,DEALER_WIN,BET_4X
1727,7458806439316012306,raw,stake_scaled_net_profit,8.0,6.0,PLAYER_WIN,BET_4X
1728,6748576821219524207,raw,stake_scaled_net_profit,5.0,6.0,PLAYER_WIN,BET_4X
1729,6615884702697868377,raw,stake_scaled_net_profit,5.0,6.0,PLAYER_WIN,BET_4X
1730,4944417683935702726,raw,stake_scaled_net_profit,5.0,6.0,PLAYER_WIN,BET_4X
1731,2637555306604110312,raw,stake_scaled_net_profit,5.0,6.0,PLAYER_WIN,BET_4X
1732,9000287255736005084,raw,stake_scaled_net_profit,-6.0,6.0,DEALER_WIN,BET_4X
1733,3573601659911146198,raw,stake_scaled_net_profit,-6.0,6.0,DEALER_WIN,BET_4X
1734,6596579220316555672,raw,stake_scaled_net_profit,-6.0,6.0,DEALER_WIN,BET_4X
1735,3477191454824345933,raw,stake_scaled_net_profit,-6.0,6.0,DEALER_WIN,BET_4X
1736,1369437627165048633,raw,stake_scaled_net_profit,-6.0,6.0,DEALER_WIN,BET_4X
1737,1261314454712451200,raw,stake_scaled_net_profit,4.0,6.0,PLAYER_WIN,BET_4X
1738,4524816652790789625,raw,stake_scaled_net_profit,-6.0,6.0,DEALER_WIN,BET_4X
1739,670990407417587704,raw,stake_scaled_net_profit,-6.0,6.0,DEALER_WIN,BET_4X
1740,3202851520769171504,raw,stake_scaled_net_profit,-6.0,6.0,DEALER_WIN,BET_4X
1741,7610112569687383564,raw,stake_scaled_net_profit,-6.0,6.0,DEALER_WIN,BET_4X
1742,3761275288367334793,raw,stake_scaled_net_profit,-6.0,6.0,DEALER_WIN,BET_4X
1743,5764097116272902139,raw,stake_scaled_net_profit,4.0,6.0,PLAYER_WIN,BET_4X
1744,242199748055065648,raw,stake_scaled_net_profit,-5.0,6.0,DEALER_WIN,BET_4X
1745,1341090070919130949,raw,stake_scaled_net_profit,-6.0,6.0,DEALER_WIN,BET_4X
1746,5253455800463575986,raw,stake_scaled_net_profit,4.0,6.0,PLAYER_WIN,BET_4X
1747,7510146885751016906,raw,stake_scaled_net_profit,4.0,6.0,PLAYER_WIN,BET_4X
1748,9090487300784495988,raw,stake_scaled_net_profit,5.0,6.0,PLAYER_WIN,BET_4X
1749,965561579345765079,raw,stake_scaled_net_profit,-6.0,6.0,DEALER_WIN,BET_4X
1750,158543209520442274,raw,stake_scaled_net_profit,4.0,6.0,PLAYER_WIN,BET_4X
1751,6452758236488833245,raw,stake_scaled_net_profit,5.0,6.0,PLAYER_WIN,BET_4X
1752,4825747812297596185,raw,stake_scaled_net_profit,6.5,6.0,PLAYER_WIN,BET_4X
1753,2431714474647848909,raw,stake_scaled_net_profit,-6.0,6.0,DEALER_WIN,BET_4X
1754,8247513225155793463,raw,stake_scaled_net_profit,5.0,6.0,PLAYER_WIN,BET_4X
1755,3461444611005234603,raw,stake_scaled_net_profit,5.0,6.0,PLAYER_WIN,BET_4X
1756,3907220580635524526,raw,stake_scaled_net_profit,-6.0,6.0,DEALER_WIN,BET_4X
1757,362522712565860021,raw,stake_scaled_net_profit,4.0,6.0,PLAYER_WIN,BET_4X
1758,8320880195042016798,raw,stake_scaled_net_profit,5.0,6.0,PLAYER_WIN,BET_4X
1759,4535954285864039832,raw,stake_scaled_net_profit,5.0,6.0,PLAYER_WIN,BET_4X
1760,4260400053947826813,raw,stake_scaled_net_profit,4.0,6.0,PLAYER_WIN,BET_4X
1761,5415595190392400247,raw,stake_scaled_net_profit,-6.0,6.0,DEALER_WIN,BET_4X
1762,4060136398969345018,raw,stake_scaled_net_profit,4.0,6.0,PLAYER_WIN,BET_4X
1763,3326192948153924140,raw,stake_scaled_net_profit,-6.0,6.0,DEALER_WIN,BET_4X
1764,8824215502991155447,raw,stake_scaled_net_profit,-6.0,6.0,DEALER_WIN,BET_4X
1765,3637556070400858655,raw,stake_scaled_net_profit,-6.0,6.0,DEALER_WIN,BET_4X
1766,7521980401628336639,raw,stake_scaled_net_profit,-6.0,6.0,DEALER_WIN,BET_4X
1767,7570015431170821360,raw,stake_scaled_net_profit,-6.0,6.0,DEALER_WIN,BET_4X
1768,8313416081121845816,raw,stake_scaled_net_profit,6.0,6.0,PLAYER_WIN,BET_4X
1769,323503506186522374,raw,stake_scaled_net_profit,6.5,6.0,PLAYER_WIN,BET_4X
1770,577420534511304206,raw,stake_scaled_net_profit,-6.0,6.0,DEALER_WIN,BET_4X
1771,7547953878533766011,raw,stake_scaled_net_profit,4.0,6.0,PLAYER_WIN,BET_4X
1772,3249015996583560080,raw,stake_scaled_net_profit,-6.0,6.0,DEALER_WIN,BET_4X
1773,2256791632895092106,raw,stake_scaled_net_profit,5.0,6.0,PLAYER_WIN,BET_4X
1774,4840660007225902825,raw,stake_scaled_net_profit,5.0,6.0,PLAYER_WIN,BET_4X
1775,1656962618113311278,raw,stake_scaled_net_profit,5.5,6.0,PLAYER_WIN,BET_4X
1776,3544316279031562608,raw,stake_scaled_net_profit,-6.0,6.0,DEALER_WIN,BET_4X
1777,6038090315198504972,raw,stake_scaled_net_profit,-6.0,6.0,DEALER_WIN,BET_4X
1778,5169405228563001527,raw,stake_scaled_net_profit,5.0,6.0,PLAYER_WIN,BET_4X
1779,5074965907969752759,raw,stake_scaled_net_profit,5.0,6.0,PLAYER_WIN,BET_4X
1780,8446711641493283379,raw,stake_scaled_net_profit,-6.0,6.0,DEALER_WIN,BET_4X
1781,4074756906574746371,raw,stake_scaled_net_profit,-6.0,6.0,DEALER_WIN,BET_4X
1782,880150389346662867,raw,stake_scaled_net_profit,-6.0,6.0,DEALER_WIN,BET_4X
1783,4070794471689186362,raw,stake_scaled_net_profit,5.0,6.0,PLAYER_WIN,BET_4X
1784,4281817644357636377,raw,stake_scaled_net_profit,-6.0,6.0,DEALER_WIN,BET_4X
1785,4256278015274351592,raw,stake_scaled_net_profit,5.0,6.0,PLAYER_WIN,BET_4X
1786,5767005906791889420,raw,stake_scaled_net_profit,-6.0,6.0,DEALER_WIN,BET_4X
1787,2904120798561526318,raw,stake_scaled_net_profit,8.0,6.0,PLAYER_WIN,BET_4X
1788,4458079727759386499,raw,stake_scaled_net_profit,4.0,6.0,PLAYER_WIN,BET_4X
1789,8816611882112237375,raw,stake_scaled_net_profit,4.0,6.0,PLAYER_WIN,BET_4X
1790,4986069558403801780,raw,stake_scaled_net_profit,0.0,6.0,PUSH,BET_4X
1791,2071134742339722877,raw,stake_scaled_net_profit,-6.0,6.0,DEALER_WIN,BET_4X
1792,424408178066949811,raw,stake_scaled_net_profit,-6.0,6.0,DEALER_WIN,BET_4X
1793,5866556911466339239,raw,stake_scaled_net_profit,5.0,6.0,PLAYER_WIN,BET_4X
1794,1112828659564214217,raw,stake_scaled_net_profit,0.0,6.0,PUSH,BET_4X
1795,878594727757529655,raw,stake_scaled_net_profit,4.0,6.0,PLAYER_WIN,BET_4X
1796,8689185256123783717,raw,stake_scaled_net_profit,-6.0,6.0,DEALER_WIN,BET_4X
1797,6666153732916265338,raw,stake_scaled_net_profit,4.0,6.0,PLAYER_WIN,BET_4X
1798,2766880499534942361,raw,stake_scaled_net_profit,-6.0,6.0,DEALER_WIN,BET_4X
1799,1397127262601365733,raw,stake_scaled_net_profit,-6.0,6.0,DEALER_WIN,BET_4X
1800,8187874777446692440,raw,stake_scaled_net_profit,4.0,6.0,PLAYER_WIN,BET_4X
1801,1140455744912767370,raw,stake_scaled_net_profit,4.0,6.0,PLAYER_WIN,BET_4X
1802,2461087181288498241,raw,stake_scaled_net_profit,-6.0,6.0,DEALER_WIN,BET_4X
1803,4691507796948579503,raw,stake_scaled_net_profit,-6.0,6.0,DEALER_WIN,BET_4X
1804,7998065104089441826,raw,stake_scaled_net_profit,5.0,6.0,PLAYER_WIN,BET_4X
1805,21971058000916050,raw,stake_scaled_net_profit,5.0,6.0,PLAYER_WIN,BET_4X
1806,3229429718296249340,raw,stake_scaled_net_profit,5.0,6.0,PLAYER_WIN,BET_4X
1807,4461155982276520879,raw,stake_scaled_net_profit,0.0,6.0,PUSH,BET_4X
1808,2143346857935827060,raw,stake_scaled_net_profit,0.0,6.0,PUSH,BET_4X
1809,2730462189855882820,raw,stake_scaled_net_profit,-6.0,6.0,DEALER_WIN,BET_4X
1810,7741666116955785671,raw,stake_scaled_net_profit,-6.0,6.0,DEALER_WIN,BET_4X
1811,8862477382953420096,raw,stake_scaled_net_profit,4.0,6.0,PLAYER_WIN,BET_4X
1812,5097484030510554729,raw,stake_scaled_net_profit,-6.0,6.0,DEALER_WIN,BET_4X
1813,4092289871986959929,raw,stake_scaled_net_profit,-5.0,6.0,DEALER_WIN,BET_4X
1814,4384347303765533594,raw,stake_scaled_net_profit,4.0,6.0,PLAYER_WIN,BET_4X
1815,8508525806933371038,raw,stake_scaled_net_profit,8.0,6.0,PLAYER_WIN,BET_4X
1816,1364774926336590458,raw,stake_scaled_net_profit,5.0,6.0,PLAYER_WIN,BET_4X
1817,671310802068788021,raw,stake_scaled_net_profit,-6.0,6.0,DEALER_WIN,BET_4X
1818,4397963852699009808,raw,stake_scaled_net_profit,-6.0,6.0,DEALER_WIN,BET_4X
1819,7350479692975250631,raw,stake_scaled_net_profit,5.0,6.0,PLAYER_WIN,BET_4X
1820,2146979384724618495,raw,stake_scaled_net_profit,5.0,6.0,PLAYER_WIN,BET_4X
1821,8018214792573017566,raw,stake_scaled_net_profit,5.0,6.0,PLAYER_WIN,BET_4X
1822,8484325751538590414,raw,stake_scaled_net_profit,-5.0,6.0,DEALER_WIN,BET_4X
1823,5353636378030170821,raw,stake_scaled_net_profit,5.0,6.0,PLAYER_WIN,BET_4X
1824,4288687281663731209,raw,stake_scaled_net_profit,5.0,6.0,PLAYER_WIN,BET_4X
1825,6306879261598210919,raw,stake_scaled_net_profit,5.0,6.0,PLAYER_WIN,BET_4X
1826,809728009571820996,raw,stake_scaled_net_profit,-6.0,6.0,DEALER_WIN,BET_4X
1827,5102176547650531726,raw,stake_scaled_net_profit,-6.0,6.0,DEALER_WIN,BET_4X
1828,8471097331211143041,raw,stake_scaled_net_profit,-6.0,6.0,DEALER_WIN,BET_4X
1829,4036072342293238674,raw,stake_scaled_net_profit,-6.0,6.0,DEALER_WIN,BET_4X
1830,6334846690409861495,raw,stake_scaled_net_profit,6.5,6.0,PLAYER_WIN,BET_4X
1831,2500727587673946106,raw,stake_scaled_net_profit,-6.0,6.0,DEALER_WIN,BET_4X
1832,4451578178643647875,raw,stake_scaled_net_profit,6.0,6.0,PLAYER_WIN,BET_4X
1833,2534826932736029625,raw,stake_scaled_net_profit,6.5,6.0,PLAYER_WIN,BET_4X
1834,5735823554652183986,raw,stake_scaled_net_profit,5.0,6.0,PLAYER_WIN,BET_4X
1835,1847936620880157949,raw,stake_scaled_net_profit,-6.0,6.0,DEALER_WIN,BET_4X
1836,479574177169462260,raw,stake_scaled_net_profit,5.0,6.0,PLAYER_WIN,BET_4X
1837,2093393859449312420,raw,stake_scaled_net_profit,5.0,6.0,PLAYER_WIN,BET_4X
1838,421987683046181899,raw,stake_scaled_net_profit,5.0,6.0,PLAYER_WIN,BET_4X
1839,6219943174330429292,raw,stake_scaled_net_profit,0.0,6.0,PUSH,BET_4X
1840,733594518319966023,raw,stake_scaled_net_profit,-5.0,6.0,DEALER_WIN,BET_4X
1841,5198636048322793326,raw,stake_scaled_net_profit,-6.0,6.0,DEALER_WIN,BET_4X
1842,2936286362599741655,raw,stake_scaled_net_profit,4.0,6.0,PLAYER_WIN,BET_4X
1843,9045288193188556533,raw,stake_scaled_net_profit,5.0,6.0,PLAYER_WIN,BET_4X
1844,1021244787754701050,raw,stake_scaled_net_profit,4.0,6.0,PLAYER_WIN,BET_4X
1845,886358452798203838,raw,stake_scaled_net_profit,5.0,6.0,PLAYER_WIN,BET_4X
1846,9044536977014461897,raw,stake_scaled_net_profit,-6.0,6.0,DEALER_WIN,BET_4X
1847,4803570052109558230,raw,stake_scaled_net_profit,-6.0,6.0,DEALER_WIN,BET_4X
1848,162274803220320130,raw,stake_scaled_net_profit,-6.0,6.0,DEALER_WIN,BET_4X
1849,7713278865093983416,raw,stake_scaled_net_profit,8.0,6.0,PLAYER_WIN,BET_4X
1850,6155503817148650205,raw,stake_scaled_net_profit,-6.0,6.0,DEALER_WIN,BET_4X
1851,739209650565518393,raw,stake_scaled_net_profit,-6.0,6.0,DEALER_WIN,BET_4X
1852,7127765244594760647,raw,stake_scaled_net_profit,6.0,6.0,PLAYER_WIN,BET_4X
1853,6791109756893176571,raw,stake_scaled_net_profit,-6.0,6.0,DEALER_WIN,BET_4X
1854,2219484899882386496,raw,stake_scaled_net_profit,5.0,6.0,PLAYER_WIN,BET_4X
1855,1499019125778323035,raw,stake_scaled_net_profit,-6.0,6.0,DEALER_WIN,BET_4X
1856,5876541947019924449,raw,stake_scaled_net_profit,6.0,6.0,PLAYER_WIN,BET_4X
1857,2813283109732756401,raw,stake_scaled_net_profit,4.0,6.0,PLAYER_WIN,BET_4X
1858,8425848739161627278,raw,stake_scaled_net_profit,-6.0,6.0,DEALER_WIN,BET_4X
1859,4326872944236041641,raw,stake_scaled_net_profit,5.0,6.0,PLAYER_WIN,BET_4X
1860,2352141606222279349,raw,stake_scaled_net_profit,-6.0,6.0,DEALER_WIN,BET_4X
1861,3872618266914948034,raw,stake_scaled_net_profit,-6.0,6.0,DEALER_WIN,BET_4X
1862,7300581089915212572,raw,stake_scaled_net_profit,-6.0,6.0,DEALER_WIN,BET_4X
1863,5705921236592345154,raw,stake_scaled_net_profit,5.0,6.0,PLAYER_WIN,BET_4X
1864,4260107957082750731,raw,stake_scaled_net_profit,6.0,6.0,PLAYER_WIN,BET_4X
1865,7866778125081944297,raw,stake_scaled_net_profit,5.0,6.0,PLAYER_WIN,BET_4X
1866,3185164799735981588,raw,stake_scaled_net_profit,-6.0,6.0,DEALER_WIN,BET_4X
1867,3623807959845986266,raw,stake_scaled_net_profit,-5.0,6.0,DEALER_WIN,BET_4X
1868,6756316751339392615,raw,stake_scaled_net_profit,5.0,6.0,PLAYER_WIN,BET_4X
1869,2938311494181266354,raw,stake_scaled_net_profit,4.0,6.0,PLAYER_WIN,BET_4X
1870,7427016410753022026,raw,stake_scaled_net_profit,4.0,6.0,PLAYER_WIN,BET_4X
1871,2268758358478306679,raw,stake_scaled_net_profit,-6.0,6.0,DEALER_WIN,BET_4X
1872,7781395712963892436,raw,stake_scaled_net_profit,0.0,6.0,PUSH,BET_4X
1873,4827037218226252247,raw,stake_scaled_net_profit,5.0,6.0,PLAYER_WIN,BET_4X
1874,5791529816626621325,raw,stake_scaled_net_profit,6.0,6.0,PLAYER_WIN,BET_4X
1875,3760240295548952685,raw,stake_scaled_net_profit,4.0,6.0,PLAYER_WIN,BET_4X
1876,5530009684226146982,raw,stake_scaled_net_profit,-6.0,6.0,DEALER_WIN,BET_4X
1877,8374158521133422247,raw,stake_scaled_net_profit,-6.0,6.0,DEALER_WIN,BET_4X
1878,5651246515438125696,raw,stake_scaled_net_profit,5.0,6.0,PLAYER_WIN,BET_4X
1879,5605202080173720893,raw,stake_scaled_net_profit,-6.0,6.0,DEALER_WIN,BET_4X
1880,574823934125364607,raw,stake_scaled_net_profit,5.0,6.0,PLAYER_WIN,BET_4X
1881,6477889235735090447,raw,stake_scaled_net_profit,4.0,6.0,PLAYER_WIN,BET_4X
1882,1023468444737760844,raw,stake_scaled_net_profit,5.0,6.0,PLAYER_WIN,BET_4X
1883,8656719974427674618,raw,stake_scaled_net_profit,-6.0,6.0,DEALER_WIN,BET_4X
1884,5915775816355820955,raw,stake_scaled_net_profit,-6.0,6.0,DEALER_WIN,BET_4X
1885,8136904796338340892,raw,stake_scaled_net_profit,5.0,6.0,PLAYER_WIN,BET_4X
1886,3464448992832401000,raw,stake_scaled_net_profit,-6.0,6.0,DEALER_WIN,BET_4X
1887,8631763427280249726,raw,stake_scaled_net_profit,5.0,6.0,PLAYER_WIN,BET_4X
1888,6070797455437785910,raw,stake_scaled_net_profit,-6.0,6.0,DEALER_WIN,BET_4X
1889,3341529652956578549,raw,stake_scaled_net_profit,4.0,6.0,PLAYER_WIN,BET_4X
1890,232046607720238211,raw,stake_scaled_net_profit,5.0,6.0,PLAYER_WIN,BET_4X
1891,7230688846617243597,raw,stake_scaled_net_profit,-6.0,6.0,DEALER_WIN,BET_4X
1892,8550729628055215519,raw,stake_scaled_net_profit,-6.0,6.0,DEALER_WIN,BET_4X
1893,2597826074685939167,raw,stake_scaled_net_profit,5.0,6.0,PLAYER_WIN,BET_4X
1894,4947494041917880821,raw,stake_scaled_net_profit,-6.0,6.0,DEALER_WIN,BET_4X
1895,1329640335909250828,raw,stake_scaled_net_profit,5.0,6.0,PLAYER_WIN,BET_4X
1896,3429629011043844382,raw,stake_scaled_net_profit,-6.0,6.0,DEALER_WIN,BET_4X
1897,7550974467631543741,raw,stake_scaled_net_profit,-6.0,6.0,DEALER_WIN,BET_4X
1898,8766060904575478753,raw,stake_scaled_net_profit,-6.0,6.0,DEALER_WIN,BET_4X
1899,4132976710456062460,raw,stake_scaled_net_profit,5.0,6.0,PLAYER_WIN,BET_4X
1900,5442156400911746022,raw,stake_scaled_net_profit,0.0,6.0,PUSH,BET_4X
1901,949713193608089134,raw,stake_scaled_net_profit,-6.0,6.0,DEALER_WIN,BET_4X
1902,1250488838855237473,raw,stake_scaled_net_profit,-6.0,6.0,DEALER_WIN,BET_4X
1903,4038945388684460773,raw,stake_scaled_net_profit,-6.0,6.0,DEALER_WIN,BET_4X
1904,2301907314121491050,raw,stake_scaled_net_profit,-6.0,6.0,DEALER_WIN,BET_4X
1905,2611983433249294757,raw,stake_scaled_net_profit,-6.0,6.0,DEALER_WIN,BET_4X
1906,1510665508745160156,raw,stake_scaled_net_profit,-6.0,6.0,DEALER_WIN,BET_4X
1907,2370122096204935208,raw,stake_scaled_net_profit,-6.0,6.0,DEALER_WIN,BET_4X
1908,1861974616553827527,raw,stake_scaled_net_profit,-6.0,6.0,DEALER_WIN,BET_4X
1909,5081367680910086751,raw,stake_scaled_net_profit,-6.0,6.0,DEALER_WIN,BET_4X
1910,713073939637198877,raw,stake_scaled_net_profit,-6.0,6.0,DEALER_WIN,BET_4X
1911,5837280338940398834,raw,stake_scaled_net_profit,5.0,6.0,PLAYER_WIN,BET_4X
1912,686951367408736299,raw,stake_scaled_net_profit,-6.0,6.0,DEALER_WIN,BET_4X
1913,2169248127010393759,raw,stake_scaled_net_profit,-6.0,6.0,DEALER_WIN,BET_4X
1914,3505615530284917400,raw,stake_scaled_net_profit,5.0,6.0,PLAYER_WIN,BET_4X
1915,6211998453311574609,raw,stake_scaled_net_profit,5.0,6.0,PLAYER_WIN,BET_4X
1916,537466656319354210,raw,stake_scaled_net_profit,4.0,6.0,PLAYER_WIN,BET_4X
1917,4512108824397720358,raw,stake_scaled_net_profit,6.5,6.0,PLAYER_WIN,BET_4X
1918,7519871283675949377,raw,stake_scaled_net_profit,5.0,6.0,PLAYER_WIN,BET_4X
1919,7958973094710161140,raw,stake_scaled_net_profit,-6.0,6.0,DEALER_WIN,BET_4X
1920,6447723218132758252,raw,stake_scaled_net_profit,5.5,6.0,PLAYER_WIN,BET_4X
1921,317917568670565753,raw,stake_scaled_net_profit,5.0,6.0,PLAYER_WIN,BET_4X
1922,5216007832960995009,raw,stake_scaled_net_profit,5.0,6.0,PLAYER_WIN,BET_4X
1923,3170596740908521432,raw,stake_scaled_net_profit,-6.0,6.0,DEALER_WIN,BET_4X
1924,3835807500168548191,raw,stake_scaled_net_profit,-5.0,6.0,DEALER_WIN,BET_4X
1925,8684730695841800734,raw,stake_scaled_net_profit,5.0,6.0,PLAYER_WIN,BET_4X
1926,963045978522463604,raw,stake_scaled_net_profit,-6.0,6.0,DEALER_WIN,BET_4X
1927,1354176344234649351,raw,stake_scaled_net_profit,-6.0,6.0,DEALER_WIN,BET_4X
1928,4817121853237029119,raw,stake_scaled_net_profit,6.0,6.0,PLAYER_WIN,BET_4X
1929,9135726485709954213,raw,stake_scaled_net_profit,-6.0,6.0,DEALER_WIN,BET_4X
1930,1020377507569271368,raw,stake_scaled_net_profit,5.0,6.0,PLAYER_WIN,BET_4X
1931,1541181853856752499,raw,stake_scaled_net_profit,-6.0,6.0,DEALER_WIN,BET_4X
1932,5128928860924984327,raw,stake_scaled_net_profit,-6.0,6.0,DEALER_WIN,BET_4X
1933,437275355808639136,raw,stake_scaled_net_profit,-6.0,6.0,DEALER_WIN,BET_4X
1934,5856654482066713324,raw,stake_scaled_net_profit,-6.0,6.0,DEALER_WIN,BET_4X
1935,702776539384647463,raw,stake_scaled_net_profit,-6.0,6.0,DEALER_WIN,BET_4X
1936,3031634593815592005,raw,stake_scaled_net_profit,6.0,6.0,PLAYER_WIN,BET_4X
1937,4501918866690277960,raw,stake_scaled_net_profit,-6.0,6.0,DEALER_WIN,BET_4X
1938,720259266894215905,raw,stake_scaled_net_profit,-6.0,6.0,DEALER_WIN,BET_4X
1939,2761713578038277868,raw,stake_scaled_net_profit,-6.0,6.0,DEALER_WIN,BET_4X
1940,2663591501253174886,raw,stake_scaled_net_profit,-6.0,6.0,DEALER_WIN,BET_4X
1941,988083366623656063,raw,stake_scaled_net_profit,-6.0,6.0,DEALER_WIN,BET_4X
1942,6849171924901910968,raw,stake_scaled_net_profit,-6.0,6.0,DEALER_WIN,BET_4X
1943,2442206106250521839,raw,stake_scaled_net_profit,-5.0,6.0,DEALER_WIN,BET_4X
1944,8740042673132162596,raw,stake_scaled_net_profit,0.0,6.0,PUSH,BET_4X
1945,7457749584527261975,raw,stake_scaled_net_profit,5.0,6.0,PLAYER_WIN,BET_4X
1946,1293070750652679476,raw,stake_scaled_net_profit,4.0,6.0,PLAYER_WIN,BET_4X
1947,2326013119446426495,raw,stake_scaled_net_profit,6.0,6.0,PLAYER_WIN,BET_4X
1948,3651524664773804878,raw,stake_scaled_net_profit,5.0,6.0,PLAYER_WIN,BET_4X
1949,4706282155882901653,raw,stake_scaled_net_profit,5.0,6.0,PLAYER_WIN,BET_4X
1950,258504715730150150,raw,stake_scaled_net_profit,5.0,6.0,PLAYER_WIN,BET_4X
1951,2424361813843622002,raw,stake_scaled_net_profit,-6.0,6.0,DEALER_WIN,BET_4X
1952,2674504897417099888,raw,stake_scaled_net_profit,-6.0,6.0,DEALER_WIN,BET_4X
1953,7429098219401409863,raw,stake_scaled_net_profit,4.0,6.0,PLAYER_WIN,BET_4X
1954,2900468331846860643,raw,stake_scaled_net_profit,-6.0,6.0,DEALER_WIN,BET_4X
1955,551680219022729248,raw,stake_scaled_net_profit,5.0,6.0,PLAYER_WIN,BET_4X
1956,339195126960835253,raw,stake_scaled_net_profit,4.0,6.0,PLAYER_WIN,BET_4X
1957,4778748060321206253,raw,stake_scaled_net_profit,-6.0,6.0,DEALER_WIN,BET_4X
1958,2795484353847727840,raw,stake_scaled_net_profit,5.0,6.0,PLAYER_WIN,BET_4X
1959,4313568539478933606,raw,stake_scaled_net_profit,5.0,6.0,PLAYER_WIN,BET_4X
1960,4130051883690068260,raw,stake_scaled_net_profit,-6.0,6.0,DEALER_WIN,BET_4X
1961,4876906636207573865,raw,stake_scaled_net_profit,5.0,6.0,PLAYER_WIN,BET_4X
1962,5078965849939585758,raw,stake_scaled_net_profit,5.0,6.0,PLAYER_WIN,BET_4X
1963,5703031358063304737,raw,stake_scaled_net_profit,5.0,6.0,PLAYER_WIN,BET_4X
1964,4958405740229156554,raw,stake_scaled_net_profit,5.0,6.0,PLAYER_WIN,BET_4X
1965,5929850726800009071,raw,stake_scaled_net_profit,4.0,6.0,PLAYER_WIN,BET_4X
1966,7716672995343483475,raw,stake_scaled_net_profit,5.0,6.0,PLAYER_WIN,BET_4X
1967,6391474540707994964,raw,stake_scaled_net_profit,-6.0,6.0,DEALER_WIN,BET_4X
1968,1793109754908470385,raw,stake_scaled_net_profit,-6.0,6.0,DEALER_WIN,BET_4X
1969,671331816465230232,raw,stake_scaled_net_profit,5.0,6.0,PLAYER_WIN,BET_4X
1970,3688414718817334896,raw,stake_scaled_net_profit,5.0,6.0,PLAYER_WIN,BET_4X
1971,1989812014345806829,raw,stake_scaled_net_profit,5.0,6.0,PLAYER_WIN,BET_4X
1972,8392085805671911924,raw,stake_scaled_net_profit,-6.0,6.0,DEALER_WIN,BET_4X
1973,81054189800982230,raw,stake_scaled_net_profit,-6.0,6.0,DEALER_WIN,BET_4X
1974,2915490225585879184,raw,stake_scaled_net_profit,-6.0,6.0,DEALER_WIN,BET_4X
1975,489892755218961247,raw,stake_scaled_net_profit,5.0,6.0,PLAYER_WIN,BET_4X
1976,4618963308193961426,raw,stake_scaled_net_profit,4.0,6.0,PLAYER_WIN,BET_4X
1977,5202981339090378414,raw,stake_scaled_net_profit,5.0,6.0,PLAYER_WIN,BET_4X
1978,6000930048118311857,raw,stake_scaled_net_profit,-6.0,6.0,DEALER_WIN,BET_4X
1979,3544938246356091608,raw,stake_scaled_net_profit,-6.0,6.0,DEALER_WIN,BET_4X
1980,6656457393269072825,raw,stake_scaled_net_profit,-6.0,6.0,DEALER_WIN,BET_4X
1981,3304759813800743161,raw,stake_scaled_net_profit,-6.0,6.0,DEALER_WIN,BET_4X
1982,7757377930957246457,raw,stake_scaled_net_profit,-6.0,6.0,DEALER_WIN,BET_4X
1983,319621133813457691,raw,stake_scaled_net_profit,-5.0,6.0,DEALER_WIN,BET_4X
1984,818369662036446676,raw,stake_scaled_net_profit,-6.0,6.0,DEALER_WIN,BET_4X
1985,501234438443401486,raw,stake_scaled_net_profit,-6.0,6.0,DEALER_WIN,BET_4X
1986,3416380604522924673,raw,stake_scaled_net_profit,6.5,6.0,PLAYER_WIN,BET_4X
1987,4529091745409558815,raw,stake_scaled_net_profit,0.0,6.0,PUSH,BET_4X
1988,3870235052335087386,raw,stake_scaled_net_profit,-6.0,6.0,DEALER_WIN,BET_4X
1989,3702809807818248343,raw,stake_scaled_net_profit,-6.0,6.0,DEALER_WIN,BET_4X
1990,4362915147875587116,raw,stake_scaled_net_profit,-6.0,6.0,DEALER_WIN,BET_4X
1991,9113683621609462547,raw,stake_scaled_net_profit,4.0,6.0,PLAYER_WIN,BET_4X
1992,6280469048853582201,raw,stake_scaled_net_profit,4.0,6.0,PLAYER_WIN,BET_4X
1993,8577489664880155436,raw,stake_scaled_net_profit,-6.0,6.0,DEALER_WIN,BET_4X
1994,7931652820883160140,raw,stake_scaled_net_profit,5.0,6.0,PLAYER_WIN,BET_4X
1995,3775069868891913347,raw,stake_scaled_net_profit,5.0,6.0,PLAYER_WIN,BET_4X
1996,4770577948842312637,raw,stake_scaled_net_profit,-6.0,6.0,DEALER_WIN,BET_4X
1997,9015022920569683755,raw,stake_scaled_net_profit,-6.0,6.0,DEALER_WIN,BET_4X
1998,3955014467548945188,raw,stake_scaled_net_profit,-5.0,6.0,DEALER_WIN,BET_4X
1999,7743610568187360453,raw,stake_scaled_net_profit,6.0,6.0,PLAYER_WIN,BET_4X
0,267394175915169762,features,net_profit,4.0,5.0,PLAYER_WIN,BET_3X
1,6622360792181816869,features,net_profit,-5.0,5.0,DEALER_WIN,BET_3X
2,5083925994220845409,features,net_profit,-5.0,5.0,DEALER_WIN,BET_3X
3,2631705061766673078,features,net_profit,-5.0,5.0,DEALER_WIN,BET_3X
4,625965266448287964,features,net_profit,3.0,5.0,PLAYER_WIN,BET_3X
5,6311158103698143620,features,net_profit,3.0,5.0,PLAYER_WIN,BET_3X
6,7407552866206651633,features,net_profit,-5.0,5.0,DEALER_WIN,BET_3X
7,2437971242654443246,features,net_profit,4.0,5.0,PLAYER_WIN,BET_3X
8,6230786063140708833,features,net_profit,-5.0,5.0,DEALER_WIN,BET_3X
9,396351950967499822,features,net_profit,-5.0,5.0,DEALER_WIN,BET_3X
10,6763783393082919964,features,net_profit,3.0,5.0,PLAYER_WIN,BET_3X
11,5039510986400131059,features,net_profit,7.0,5.0,PLAYER_WIN,BET_3X
12,725188967062615805,features,net_profit,-5.0,5.0,DEALER_WIN,BET_3X
13,3827537874160256406,features,net_profit,3.0,5.0,PLAYER_WIN,BET_3X
14,1434815846468701060,features,net_profit,-5.0,5.0,DEALER_WIN,BET_3X
15,4925880466225565852,features,net_profit,4.0,5.0,PLAYER_WIN,BET_3X
16,3734128259314183662,features,net_profit,0.0,5.0,PUSH,BET_3X
17,7320354147458773515,features,net_profit,4.0,5.0,PLAYER_WIN,BET_3X
18,5915736786919146606,features,net_profit,-5.0,5.0,DEALER_WIN,BET_3X
19,3997453163934551053,features,net_profit,4.0,5.0,PLAYER_WIN,BET_3X
20,420188367349169023,features,net_profit,0.0,5.0,PUSH,BET_3X
21,7068775808500662676,features,net_profit,-5.0,5.0,DEALER_WIN,BET_3X
22,8318159693860326176,features,net_profit,3.0,5.0,PLAYER_WIN,BET_3X
23,2596170250901314419,features,net_profit,-4.0,5.0,DEALER_WIN,BET_3X
24,5635062402773559101,features,net_profit,3.0,5.0,PLAYER_WIN,BET_3X
25,131182803603194358,features,net_profit,0.0,5.0,PUSH,BET_3X
26,1924289002081382615,features,net_profit,-5.0,5.0,DEALER_WIN,BET_3X
27,307982257814125829,features,net_profit,4.0,5.0,PLAYER_WIN,BET_3X
28,4222916004322640072,features,net_profit,3.0,5.0,PLAYER_WIN,BET_3X
29,2834474257502486015,features,net_profit,-5.0,5.0,DEALER_WIN,BET_3X
30,4403704085525171104,features,net_profit,0.0,5.0,PUSH,BET_3X
31,214959778791577876,features,net_profit,4.0,5.0,PLAYER_WIN,BET_3X
32,7002668879736515590,features,net_profit,4.0,5.0,PLAYER_WIN,BET_3X
33,7127345010982089692,features,net_profit,3.0,5.0,PLAYER_WIN,BET_3X
34,6478835866566956284,features,net_profit,-5.0,5.0,DEALER_WIN,BET_3X
35,8290752171674008488,features,net_profit,-4.0,5.0,DEALER_WIN,BET_3X
36,7964180502557777114,features,net_profit,-5.0,5.0,DEALER_WIN,BET_3X
37,8699503143805950637,features,net_profit,4.0,5.0,PLAYER_WIN,BET_3X
38,6120799081068664541,features,net_profit,-5.0,5.0,DEALER_WIN,BET_3X
39,843197789447036710,features,net_profit,3.0,5.0,PLAYER_WIN,BET_3X
40,3495163096702654544,features,net_profit,-5.0,5.0,DEALER_WIN,BET_3X
41,3915207286768580801,features,net_profit,4.0,5.0,PLAYER_WIN,BET_3X
42,7003009373040439219,features,net_profit,5.0,5.0,PLAYER_WIN,BET_3X
43,913880539547589353,features,net_profit,3.0,5.0,PLAYER_WIN,BET_3X
44,6935620010562411592,features,net_profit,-5.0,5.0,DEALER_WIN,BET_3X
45,184401729985881041,features,net_profit,0.0,5.0,PUSH,BET_3X
46,6935467213799320374,features,net_profit,3.0,5.0,PLAYER_WIN,BET_3X
47,5612594235566473111,features,net_profit,0.0,5.0,PUSH,BET_3X
48,4347199078740518746,features,net_profit,3.0,5.0,PLAYER_WIN,BET_3X
49,7120907196351153496,features,net_profit,4.0,5.0,PLAYER_WIN,BET_3X
50,2947780868488058973,features,net_profit,4.0,5.0,PLAYER_WIN,BET_3X
51,8045624103170174348,features,net_profit,-5.0,5.0,DEALER_WIN,BET_3X
52,1982945791593776379,features,net_profit,4.0,5.0,PLAYER_WIN,BET_3X
53,8559655568166875089,features,net_profit,5.0,5.0,PLAYER_WIN,BET_3X
54,2952535908593232311,features,net_profit,-5.0,5.0,DEALER_WIN,BET_3X
55,653375118264160073,features,net_profit,7.0,5.0,PLAYER_WIN,BET_3X
56,8628126910685404171,features,net_profit,3.0,5.0,PLAYER_WIN,BET_3X
57,3411837048486933660,features,net_profit,4.0,5.0,PLAYER_WIN,BET_3X
58,321785957422954919,features,net_profit,-5.0,5.0,DEALER_WIN,BET_3X
59,9142095367098964630,features,net_profit,-5.0,5.0,DEALER_WIN,BET_3X
60,5093202747382685980,features,net_profit,-5.0,5.0,DEALER_WIN,BET_3X
61,9083423553673625243,features,net_profit,4.0,5.0,PLAYER_WIN,BET_3X
62,3682897969972699063,features,net_profit,-5.0,5.0,DEALER_WIN,BET_3X
63,279528981849538115,features,net_profit,5.5,5.0,PLAYER_WIN,BET_3X
64,3459612578739540929,features,net_profit,-5.0,5.0,DEALER_WIN,BET_3X
65,184650307201550344,features,net_profit,-5.0,5.0,DEALER_WIN,BET_3X
66,4161485920553640688,features,net_profit,-5.0,5.0,DEALER_WIN,BET_3X
67,4482320182470164616,features,net_profit,0.0,5.0,PUSH,BET_3X
68,7233795208446614844,features,net_profit,-5.0,5.0,DEALER_WIN,BET_3X
69,3969300439698209838,features,net_profit,-4.0,5.0,DEALER_WIN,BET_3X
70,1158855182147307506,features,net_profit,4.0,5.0,PLAYER_WIN,BET_3X
71,3931001972823372616,features,net_profit,-5.0,5.0,DEALER_WIN,BET_3X
72,1780890636995138936,features,net_profit,0.0,5.0,PUSH,BET_3X
73,7097014509562748812,features,net_profit,7.0,5.0,PLAYER_WIN,BET_3X
74,6057414869709403377,features,net_profit,4.0,5.0,PLAYER_WIN,BET_3X
75,186292945416596316,features,net_profit,-5.0,5.0,DEALER_WIN,BET_3X
76,4863763103200250714,features,net_profit,-5.0,5.0,DEALER_WIN,BET_3X
77,5937767851265253806,features,net_profit,-4.0,5.0,DEALER_WIN,BET_3X
78,5609422332832284170,features,net_profit,-5.0,5.0,DEALER_WIN,BET_3X
79,6095102712162836664,features,net_profit,-5.0,5.0,DEALER_WIN,BET_3X
80,8149946325868012093,features,net_profit,-5.0,5.0,DEALER_WIN,BET_3X
81,8439535158505976963,features,net_profit,4.0,5.0,PLAYER_WIN,BET_3X
82,7402197783176339677,features,net_profit,-5.0,5.0,DEALER_WIN,BET_3X
83,2544212450148784085,features,net_profit,-5.0,5.0,DEALER_WIN,BET_3X
84,6160174665740052963,features,net_profit,-5.0,5.0,DEALER_WIN,BET_3X
85,7868993352247292045,features,net_profit,-5.0,5.0,DEALER_WIN,BET_3X
86,7502994246661721652,features,net_profit,-5.0,5.0,DEALER_WIN,BET_3X
87,7918727964138148126,features,net_profit,-5.0,5.0,DEALER_WIN,BET_3X
88,2715194295495663360,features,net_profit,-5.0,5.0,DEALER_WIN,BET_3X
89,4520336279544116302,features,net_profit,4.0,5.0,PLAYER_WIN,BET_3X
90,424471546312261032,features,net_profit,-4.0,5.0,DEALER_WIN,BET_3X
91,1534172332767836760,features,net_profit,4.0,5.0,PLAYER_WIN,BET_3X
92,7701219332749073684,features,net_profit,-5.0,5.0,DEALER_WIN,BET_3X
93,3725290053046867031,features,net_profit,-5.0,5.0,DEALER_WIN,BET_3X
94,552266544574701979,features,net_profit,-5.0,5.0,DEALER_WIN,BET_3X
95,5180620136443654224,features,net_profit,0.0,5.0,PUSH,BET_3X
96,6610426576810839465,features,net_profit,-5.0,5.0,DEALER_WIN,BET_3X
97,6638801627304522570,features,net_profit,3.0,5.0,PLAYER_WIN,BET_3X
98,1483928051219635714,features,net_profit,-5.0,5.0,DEALER_WIN,BET_3X
99,372089592655043401,features,net_profit,-5.0,5.0,DEALER_WIN,BET_3X
100,7970796395776112439,features,net_profit,3.0,5.0,PLAYER_WIN,BET_3X
101,2735515580542308199,features,net_profit,-5.0,5.0,DEALER_WIN,BET_3X
102,1458449103975526807,features,net_profit,-5.0,5.0,DEALER_WIN,BET_3X
103,2626090741428851345,features,net_profit,-4.0,5.0,DEALER_WIN,BET_3X
104,5901468342895068338,features,net_profit,-5.0,5.0,DEALER_WIN,BET_3X
105,7650295898208821260,features,net_profit,3.0,5.0,PLAYER_WIN,BET_3X
106,8348235252657919766,features,net_profit,4.0,5.0,PLAYER_WIN,BET_3X
107,8774396524321946093,features,net_profit,-5.0,5.0,DEALER_WIN,BET_3X
108,5325703479959263360,features,net_profit,5.0,5.0,PLAYER_WIN,BET_3X
109,308510130372227839,features,net_profit,3.0,5.0,PLAYER_WIN,BET_3X
110,691814333712790024,features,net_profit,-5.0,5.0,DEALER_WIN,BET_3X
111,1791066817329466814,features,net_profit,7.0,5.0,PLAYER_WIN,BET_3X
112,7844726160720761024,features,net_profit,5.0,5.0,PLAYER_WIN,BET_3X
113,4413470094465881225,features,net_profit,-5.0,5.0,DEALER_WIN,BET_3X
114,8032393553405997973,features,net_profit,-5.0,5.0,DEALER_WIN,BET_3X
115,3288361484238926392,features,net_profit,-5.0,5.0,DEALER_WIN,BET_3X
116,7927308640864165358,features,net_profit,5.5,5.0,PLAYER_WIN,BET_3X
117,6977676637930912843,features,net_profit,3.0,5.0,PLAYER_WIN,BET_3X
118,5987063494519245971,features,net_profit,-5.0,5.0,DEALER_WIN,BET_3X
119,3382827485827260001,features,net_profit,-5.0,5.0,DEALER_WIN,BET_3X
120,5271023846392711046,features,net_profit,4.0,5.0,PLAYER_WIN,BET_3X
121,8700421098190037714,features,net_profit,-5.0,5.0,DEALER_WIN,BET_3X
122,7591578118582873594,features,net_profit,3.0,5.0,PLAYER_WIN,BET_3X
123,799898052841868756,features,net_profit,3.0,5.0,PLAYER_WIN,BET_3X
124,3442607995740778689,features,net_profit,5.5,5.0,PLAYER_WIN,BET_3X
125,8766728029030194891,features,net_profit,-5.0,5.0,DEALER_WIN,BET_3X
126,5571430924103278169,features,net_profit,-5.0,5.0,DEALER_WIN,BET_3X
127,7935445132631357346,features,net_profit,-4.0,5.0,DEALER_WIN,BET_3X
128,4214140957653203178,features,net_profit,7.0,5.0,PLAYER_WIN,BET_3X
129,5840276869739178336,features,net_profit,4.0,5.0,PLAYER_WIN,BET_3X
130,7969240649651844771,features,net_profit,-4.0,5.0,DEALER_WIN,BET_3X
131,5518284507728999214,features,net_profit,5.0,5.0,PLAYER_WIN,BET_3X
132,1588903062808819614,features,net_profit,4.0,5.0,PLAYER_WIN,BET_3X
133,1990496361436516063,features,net_profit,-5.0,5.0,DEALER_WIN,BET_3X
134,8103897967099303267,features,net_profit,3.0,5.0,PLAYER_WIN,BET_3X
135,6310362229869583997,features,net_profit,-5.0,5.0,DEALER_WIN,BET_3X
136,2835302575974469345,features,net_profit,-5.0,5.0,DEALER_WIN,BET_3X
137,2374950339168920177,features,net_profit,-5.0,5.0,DEALER_WIN,BET_3X
138,4874135423890386130,features,net_profit,3.0,5.0,PLAYER_WIN,BET_3X
139,4485301215758767598,features,net_profit,4.0,5.0,PLAYER_WIN,BET_3X
140,3270891218652982714,features,net_profit,-5.0,5.0,DEALER_WIN,BET_3X
141,8404482487714797519,features,net_profit,5.5,5.0,PLAYER_WIN,BET_3X
142,7043678516278956663,features,net_profit,4.0,5.0,PLAYER_WIN,BET_3X
143,1271700207996566968,features,net_profit,4.0,5.0,PLAYER_WIN,BET_3X
144,3835225369374540061,features,net_profit,-5.0,5.0,DEALER_WIN,BET_3X
145,666463364949798282,features,net_profit,-5.0,5.0,DEALER_WIN,BET_3X
146,1803315010592774109,features,net_profit,-5.0,5.0,DEALER_WIN,BET_3X
147,5889978965453416515,features,net_profit,4.0,5.0,PLAYER_WIN,BET_3X
148,246447490973930156,features,net_profit,4.0,5.0,PLAYER_WIN,BET_3X
149,229693647205603385,features,net_profit,-4.0,5.0,DEALER_WIN,BET_3X
150,2574826990457786488,features,net_profit,-5.0,5.0,DEALER_WIN,BET_3X
151,1328371695420260066,features,net_profit,-5.0,5.0,DEALER_WIN,BET_3X
152,9214358393218296886,features,net_profit,0.0,5.0,PUSH,BET_3X
153,7600319498121963319,features,net_profit,5.5,5.0,PLAYER_WIN,BET_3X
154,8548777183537499732,features,net_profit,3.0,5.0,PLAYER_WIN,BET_3X
155,222054042808413628,features,net_profit,0.0,5.0,PUSH,BET_3X
156,7943095732984079155,features,net_profit,4.0,5.0,PLAYER_WIN,BET_3X
157,5048594911983637929,features,net_profit,4.0,5.0,PLAYER_WIN,BET_3X
158,3838800578014759175,features,net_profit,-5.0,5.0,DEALER_WIN,BET_3X
159,2095954482773485702,features,net_profit,-5.0,5.0,DEALER_WIN,BET_3X
160,5111132195666445508,features,net_profit,-5.0,5.0,DEALER_WIN,BET_3X
161,4484047144931754103,features,net_profit,3.0,5.0,PLAYER_WIN,BET_3X
162,8421490695099539308,features,net_profit,3.0,5.0,PLAYER_WIN,BET_3X
163,238989329143121490,features,net_profit,4.0,5.0,PLAYER_WIN,BET_3X
164,5227476580216639085,features,net_profit,-5.0,5.0,DEALER_WIN,BET_3X
165,8365562426258253711,features,net_profit,-4.0,5.0,DEALER_WIN,BET_3X
166,1574377984351324256,features,net_profit,0.0,5.0,PUSH,BET_3X
167,329282032523654539,features,net_profit,4.0,5.0,PLAYER_WIN,BET_3X
168,6996536489796581451,features,net_profit,4.0,5.0,PLAYER_WIN,BET_3X
169,602603839492438883,features,net_profit,-4.0,5.0,DEALER_WIN,BET_3X
170,3250551443412039705,features,net_profit,-5.0,5.0,DEALER_WIN,BET_3X
171,3664981025071144934,features,net_profit,-4.0,5.0,DEALER_WIN,BET_3X
172,3939944893045527535,features,net_profit,-5.0,5.0,DEALER_WIN,BET_3X
173,6901356006866102650,features,net_profit,-5.0,5.0,DEALER_WIN,BET_3X
174,2651174666133198247,features,net_profit,4.5,5.0,PLAYER_WIN,BET_3X
175,3253471355897663978,features,net_profit,-5.0,5.0,DEALER_WIN,BET_3X
176,1667879780665572545,features,net_profit,0.0,5.0,PUSH,BET_3X
177,612522476431562973,features,net_profit,0.0,5.0,PUSH,BET_3X
178,5266698071290254250,features,net_profit,4.0,5.0,PLAYER_WIN,BET_3X
179,1036649300983052059,features,net_profit,-5.0,5.0,DEALER_WIN,BET_3X
180,5943975099518342777,features,net_profit,-5.0,5.0,DEALER_WIN,BET_3X
181,8022205843499842905,features,net_profit,-5.0,5.0,DEALER_WIN,BET_3X
182,4296098361744109626,features,net_profit,3.0,5.0,PLAYER_WIN,BET_3X
183,2895089901790712587,features,net_profit,-5.0,5.0,DEALER_WIN,BET_3X
184,2692959954578496460,features,net_profit,3.0,5.0,PLAYER_WIN,BET_3X
185,6957117910194745014,features,net_profit,4.0,5.0,PLAYER_WIN,BET_3X
186,8299659691135489491,features,net_profit,-5.0,5.0,DEALER_WIN,BET_3X
187,521672325287713316,features,net_profit,-5.0,5.0,DEALER_WIN,BET_3X
188,7068868565519734221,features,net_profit,0.0,5.0,PUSH,BET_3X
189,8647696901315248288,features,net_profit,4.0,5.0,PLAYER_WIN,BET_3X
190,5829996289168956440,features,net_profit,-4.0,5.0,DEALER_WIN,BET_3X
191,6510986746521403714,features,net_profit,0.0,5.0,PUSH,BET_3X
192,3343632454807131533,features,net_profit,4.0,5.0,PLAYER_WIN,BET_3X
193,3635347933053571141,features,net_profit,-5.0,5.0,DEALER_WIN,BET_3X
194,2872360651756260152,features,net_profit,-5.0,5.0,DEALER_WIN,BET_3X
195,4575677044837556587,features,net_profit,4.0,5.0,PLAYER_WIN,BET_3X
196,8109627705770787446,features,net_profit,4.0,5.0,PLAYER_WIN,BET_3X
197,7876385408815645013,features,net_profit,3.0,5.0,PLAYER_WIN,BET_3X
198,6045585644649517634,features,net_profit,4.0,5.0,PLAYER_WIN,BET_3X
199,8171468275729887274,features,net_profit,4.0,5.0,PLAYER_WIN,BET_3X
200,1522019156218505182,features,net_profit,5.0,5.0,PLAYER_WIN,BET_3X
201,3414494131441129021,features,net_profit,-5.0,5.0,DEALER_WIN,BET_3X
202,8150147558741906037,features,net_profit,4.0,5.0,PLAYER_WIN,BET_3X
203,3635744785230929795,features,net_profit,-5.0,5.0,DEALER_WIN,BET_3X
204,741661198935559693,features,net_profit,3.0,5.0,PLAYER_WIN,BET_3X
205,5504871625796891831,features,net_profit,4.0,5.0,PLAYER_WIN,BET_3X
206,5019130878861949901,features,net_profit,5.0,5.0,PLAYER_WIN,BET_3X
207,1370223978642297613,features,net_profit,-5.0,5.0,DEALER_WIN,BET_3X
208,6812516088013608262,features,net_profit,3.0,5.0,PLAYER_WIN,BET_3X
209,9179447981108907171,features,net_profit,-5.0,5.0,DEALER_WIN,BET_3X
210,3886441791378742981,features,net_profit,-5.0,5.0,DEALER_WIN,BET_3X
211,3869216972724575561,features,net_profit,3.0,5.0,PLAYER_WIN,BET_3X
212,7298397267651016110,features,net_profit,7.0,5.0,PLAYER_WIN,BET_3X
213,9106911739118468803,features,net_profit,3.0,5.0,PLAYER_WIN,BET_3X
214,2309837682468512169,features,net_profit,-5.0,5.0,DEALER_WIN,BET_3X
215,2843991017257676316,features,net_profit,3.0,5.0,PLAYER_WIN,BET_3X
216,7985478897452358890,features,net_profit,7.0,5.0,PLAYER_WIN,BET_3X
217,4763526213045217682,features,net_profit,3.0,5.0,PLAYER_WIN,BET_3X
218,6548874376641643944,features,net_profit,-5.0,5.0,DEALER_WIN,BET_3X
219,275857527687551367,features,net_profit,0.0,5.0,PUSH,BET_3X
220,2715413790037767564,features,net_profit,-5.0,5.0,DEALER_WIN,BET_3X
221,2506515837130634695,features,net_profit,3.0,5.0,PLAYER_WIN,BET_3X
222,5588620273884141006,features,net_profit,-5.0,5.0,DEALER_WIN,BET_3X
223,1783686779819737837,features,net_profit,4.0,5.0,PLAYER_WIN,BET_3X
224,4789398362050358956,features,net_profit,-5.0,5.0,DEALER_WIN,BET_3X
225,6053861788805800196,features,net_profit,3.0,5.0,PLAYER_WIN,BET_3X
226,4607239473637602089,features,net_profit,4.0,5.0,PLAYER_WIN,BET_3X
227,546209324434964652,features,net_profit,4.0,5.0,PLAYER_WIN,BET_3X
228,5018557025698303746,features,net_profit,-4.0,5.0,DEALER_WIN,BET_3X
229,3080843083321466271,features,net_profit,4.0,5.0,PLAYER_WIN,BET_3X
230,3716321932880570721,features,net_profit,4.0,5.0,PLAYER_WIN,BET_3X
231,92064684869300405,features,net_profit,4.0,5.0,PLAYER_WIN,BET_3X
232,1140910975008277839,features,net_profit,-5.0,5.0,DEALER_WIN,BET_3X
233,6856591104020712021,features,net_profit,-5.0,5.0,DEALER_WIN,BET_3X
234,9039473785572614898,features,net_profit,3.0,5.0,PLAYER_WIN,BET_3X
235,3325308716516527238,features,net_profit,-5.0,5.0,DEALER_WIN,BET_3X
236,1259064680821498276,features,net_profit,4.0,5.0,PLAYER_WIN,BET_3X
237,1016171186944723331,features,net_profit,-5.0,5.0,DEALER_WIN,BET_3X
238,1966099807976542267,features,net_profit,-5.0,5.0,DEALER_WIN,BET_3X
239,8772870922485700553,features,net_profit,4.0,5.0,PLAYER_WIN,BET_3X
240,6322227503818577595,features,net_profit,4.0,5.0,PLAYER_WIN,BET_3X
241,8857602524819317742,features,net_profit,4.0,5.0,PLAYER_WIN,BET_3X
242,6936526574501988479,features,net_profit,-5.0,5.0,DEALER_WIN,BET_3X
243,7995004442754902422,features,net_profit,-4.0,5.0,DEALER_WIN,BET_3X
244,2689793819086796747,features,net_profit,-5.0,5.0,DEALER_WIN,BET_3X
245,6931580245738144909,features,net_profit,4.0,5.0,PLAYER_WIN,BET_3X
246,7137720517950527935,features,net_profit,4.0,5.0,PLAYER_WIN,BET_3X
247,4739568660344075039,features,net_profit,4.0,5.0,PLAYER_WIN,BET_3X
248,9114813623973426675,features,net_profit,4.0,5.0,PLAYER_WIN,BET_3X
249,7004975275309143372,features,net_profit,7.0,5.0,PLAYER_WIN,BET_3X
250,8010624436975705395,features,net_profit,3.0,5.0,PLAYER_WIN,BET_3X
251,8824986349627595397,features,net_profit,4.0,5.0,PLAYER_WIN,BET_3X
252,4214192239115773782,features,net_profit,-5.0,5.0,DEALER_WIN,BET_3X
253,2064659323962257712,features,net_profit,4.0,5.0,PLAYER_WIN,BET_3X
254,3662871525063954504,features,net_profit,4.0,5.0,PLAYER_WIN,BET_3X
255,3081643373842585213,features,net_profit,-5.0,5.0,DEALER_WIN,BET_3X
256,2964190760393150071,features,net_profit,-5.0,5.0,DEALER_WIN,BET_3X
257,4432433309750216898,features,net_profit,4.0,5.0,PLAYER_WIN,BET_3X
258,6297679402363790244,features,net_profit,4.0,5.0,PLAYER_WIN,BET_3X
259,3609631887854626781,features,net_profit,-5.0,5.0,DEALER_WIN,BET_3X
260,5698338630153832060,features,net_profit,5.0,5.0,PLAYER_WIN,BET_3X
261,3559105149835941744,features,net_profit,4.0,5.0,PLAYER_WIN,BET_3X
262,351829026103476516,features,net_profit,-5.0,5.0,DEALER_WIN,BET_3X
263,2107164881514668761,features,net_profit,-5.0,5.0,DEALER_WIN,BET_3X
264,6989594130531546912,features,net_profit,-5.0,5.0,DEALER_WIN,BET_3X
265,477323117151096337,features,net_profit,3.0,5.0,PLAYER_WIN,BET_3X
266,5427647393489702713,features,net_profit,4.0,5.0,PLAYER_WIN,BET_3X
267,673806825868914089,features,net_profit,0.0,5.0,PUSH,BET_3X
268,2277683107665827752,features,net_profit,4.0,5.0,PLAYER_WIN,BET_3X
269,1286564176499040596,features,net_profit,4.0,5.0,PLAYER_WIN,BET_3X
270,3390602342499223345,features,net_profit,3.0,5.0,PLAYER_WIN,BET_3X
271,2184292267620929134,features,net_profit,-5.0,5.0,DEALER_WIN,BET_3X
272,2400839929366976845,features,net_profit,-5.0,5.0,DEALER_WIN,BET_3X
273,7099363791732008589,features,net_profit,-5.0,5.0,DEALER_WIN,BET_3X
274,7298649988942962473,features,net_profit,-5.0,5.0,DEALER_WIN,BET_3X
275,6116569858919202824,features,net_profit,-5.0,5.0,DEALER_WIN,BET_3X
276,5657156539417868424,features,net_profit,4.5,5.0,PLAYER_WIN,BET_3X
277,2909963714610012848,features,net_profit,-5.0,5.0,DEALER_WIN,BET_3X
278,8842534907094839826,features,net_profit,-5.0,5.0,DEALER_WIN,BET_3X
279,1929820099870563754,features,net_profit,4.0,5.0,PLAYER_WIN,BET_3X
280,2275857421354943444,features,net_profit,4.0,5.0,PLAYER_WIN,BET_3X
281,2450247646130307371,features,net_profit,4.0,5.0,PLAYER_WIN,BET_3X
282,5436571418616758817,features,net_profit,3.0,5.0,PLAYER_WIN,BET_3X
283,6423307474855632554,features,net_profit,4.0,5.0,PLAYER_WIN,BET_3X
284,53336841608746950,features,net_profit,4.0,5.0,PLAYER_WIN,BET_3X
285,636997439105160726,features,net_profit,5.0,5.0,PLAYER_WIN,BET_3X
286,1443741153445400323,features,net_profit,4.0,5.0,PLAYER_WIN,BET_3X
287,1724208036164981583,features,net_profit,4.0,5.0,PLAYER_WIN,BET_3X
288,1451431174848639120,features,net_profit,3.0,5.0,PLAYER_WIN,BET_3X
289,3071645897280903590,features,net_profit,-5.0,5.0,DEALER_WIN,BET_3X
290,4035927011327309283,features,net_profit,5.5,5.0,PLAYER_WIN,BET_3X
291,4582459076364867022,features,net_profit,4.0,5.0,PLAYER_WIN,BET_3X
292,5063108030770880756,features,net_profit,-5.0,5.0,DEALER_WIN,BET_3X
293,3521074766916916396,features,net_profit,4.0,5.0,PLAYER_WIN,BET_3X
294,2098739520062542735,features,net_profit,3.0,5.0,PLAYER_WIN,BET_3X
295,1920321905174655088,features,net_profit,4.0,5.0,PLAYER_WIN,BET_3X
296,3111219435804652977,features,net_profit,-5.0,5.0,DEALER_WIN,BET_3X
297,7596979449436064433,features,net_profit,-5.0,5.0,DEALER_WIN,BET_3X
298,9200930107847698921,features,net_profit,-5.0,5.0,DEALER_WIN,BET_3X
299,2130161503912020020,features,net_profit,-5.0,5.0,DEALER_WIN,BET_3X
300,773199989780435132,features,net_profit,4.0,5.0,PLAYER_WIN,BET_3X
301,790609520540673511,features,net_profit,-5.0,5.0,DEALER_WIN,BET_3X
302,940256883321144102,features,net_profit,4.0,5.0,PLAYER_WIN,BET_3X
303,7521885374094830706,features,net_profit,4.0,5.0,PLAYER_WIN,BET_3X
304,1290666818709030736,features,net_profit,-5.0,5.0,DEALER_WIN,BET_3X
305,7278560434425519433,features,net_profit,7.0,5.0,PLAYER_WIN,BET_3X
306,6765727779339517793,features,net_profit,-5.0,5.0,DEALER_WIN,BET_3X
307,2562702621120485377,features,net_profit,4.0,5.0,PLAYER_WIN,BET_3X
308,5732270001053102957,features,net_profit,4.0,5.0,PLAYER_WIN,BET_3X
309,5319966283482639267,features,net_profit,3.0,5.0,PLAYER_WIN,BET_3X
310,5482854480484691906,features,net_profit,-5.0,5.0,DEALER_WIN,BET_3X
311,6737730215036343388,features,net_profit,-5.0,5.0,DEALER_WIN,BET_3X
312,1750394772184139807,features,net_profit,5.5,5.0,PLAYER_WIN,BET_3X
313,4092024285208974386,features,net_profit,-5.0,5.0,DEALER_WIN,BET_3X
314,2479779619273314584,features,net_profit,-5.0,5.0,DEALER_WIN,BET_3X
315,8550716504167259590,features,net_profit,3.0,5.0,PLAYER_WIN,BET_3X
316,5968184737561155573,features,net_profit,3.0,5.0,PLAYER_WIN,BET_3X
317,4251216972758833193,features,net_profit,-5.0,5.0,DEALER_WIN,BET_3X
318,6586578875242233007,features,net_profit,0.0,5.0,PUSH,BET_3X
319,7196449143880713678,features,net_profit,4.0,5.0,PLAYER_WIN,BET_3X
320,1494370748545103871,features,net_profit,3.0,5.0,PLAYER_WIN,BET_3X
321,4038012604501675599,features,net_profit,-5.0,5.0,DEALER_WIN,BET_3X
322,7098046348583829158,features,net_profit,-5.0,5.0,DEALER_WIN,BET_3X
323,7024276765378325067,features,net_profit,4.0,5.0,PLAYER_WIN,BET_3X
324,6154590985343039709,features,net_profit,-5.0,5.0,DEALER_WIN,BET_3X
325,4727068190975620816,features,net_profit,4.0,5.0,PLAYER_WIN,BET_3X
326,2507349376491984346,features,net_profit,4.0,5.0,PLAYER_WIN,BET_3X
327,3395974611405996149,features,net_profit,5.0,5.0,PLAYER_WIN,BET_3X
328,2359856206601181180,features,net_profit,-5.0,5.0,DEALER_WIN,BET_3X
329,7744368251180168964,features,net_profit,-5.0,5.0,DEALER_WIN,BET_3X
330,4723146808085613614,features,net_profit,4.0,5.0,PLAYER_WIN,BET_3X
331,4524896174569570928,features,net_profit,-5.0,5.0,DEALER_WIN,BET_3X
332,3829554533382905876,features,net_profit,-5.0,5.0,DEALER_WIN,BET_3X
333,8850372262869207536,features,net_profit,3.0,5.0,PLAYER_WIN,BET_3X
334,2522900541139666584,features,net_profit,3.0,5.0,PLAYER_WIN,BET_3X
335,6829168510832181399,features,net_profit,3.0,5.0,PLAYER_WIN,BET_3X
336,1300757615968728974,features,net_profit,-5.0,5.0,DEALER_WIN,BET_3X
337,8977613446332408452,features,net_profit,4.0,5.0,PLAYER_WIN,BET_3X
338,5124143102279955980,features,net_profit,4.0,5.0,PLAYER_WIN,BET_3X
339,1698982236944184098,features,net_profit,3.0,5.0,PLAYER_WIN,BET_3X
340,2537635093826938346,features,net_profit,-5.0,5.0,DEALER_WIN,BET_3X
341,3042645679642465706,features,net_profit,3.0,5.0,PLAYER_WIN,BET_3X
342,8379030542639646354,features,net_profit,-5.0,5.0,DEALER_WIN,BET_3X
343,4252752355513259897,features,net_profit,-5.0,5.0,DEALER_WIN,BET_3X
344,7644703980693510810,features,net_profit,0.0,5.0,PUSH,BET_3X
345,6091992489211428610,features,net_profit,-5.0,5.0,DEALER_WIN,BET_3X
346,4377905856225961112,features,net_profit,-4.0,5.0,DEALER_WIN,BET_3X
347,4233738309113298639,features,net_profit,0.0,5.0,PUSH,BET_3X
348,722959606086166209,features,net_profit,-5.0,5.0,DEALER_WIN,BET_3X
349,8965898040700419188,features,net_profit,-5.0,5.0,DEALER_WIN,BET_3X
350,3068374000097644594,features,net_profit,4.0,5.0,PLAYER_WIN,BET_3X
351,8421993321631063289,features,net_profit,7.0,5.0,PLAYER_WIN,BET_3X
352,2565339746751315385,features,net_profit,4.0,5.0,PLAYER_WIN,BET_3X
353,3521059145737245006,features,net_profit,-5.0,5.0,DEALER_WIN,BET_3X
354,1225146693247821464,features,net_profit,-5.0,5.0,DEALER_WIN,BET_3X
355,2223163389797223573,features,net_profit,-5.0,5.0,DEALER_WIN,BET_3X
356,6100450240085238662,features,net_profit,-5.0,5.0,DEALER_WIN,BET_3X
357,2252262110976378070,features,net_profit,3.0,5.0,PLAYER_WIN,BET_3X
358,2409777369572172664,features,net_profit,-5.0,5.0,DEALER_WIN,BET_3X
359,3272692093067702644,features,net_profit,-5.0,5.0,DEALER_WIN,BET_3X
360,5263078641338965980,features,net_profit,4.0,5.0,PLAYER_WIN,BET_3X
361,2013549331616727494,features,net_profit,4.0,5.0,PLAYER_WIN,BET_3X
362,7796690638519713880,features,net_profit,-5.0,5.0,DEALER_WIN,BET_3X
363,1112853597645051873,features,net_profit,-5.0,5.0,DEALER_WIN,BET_3X
364,3480513157201779262,features,net_profit,4.0,5.0,PLAYER_WIN,BET_3X
365,3067634367452865023,features,net_profit,3.0,5.0,PLAYER_WIN,BET_3X
366,7503054615718173894,features,net_profit,4.0,5.0,PLAYER_WIN,BET_3X
367,4634938742369367851,features,net_profit,-5.0,5.0,DEALER_WIN,BET_3X
368,5033243759305225170,features,net_profit,3.0,5.0,PLAYER_WIN,BET_3X
369,5123096749338927418,features,net_profit,3.0,5.0,PLAYER_WIN,BET_3X
370,5250256626675980973,features,net_profit,5.5,5.0,PLAYER_WIN,BET_3X
371,3188560541386030410,features,net_profit,4.0,5.0,PLAYER_WIN,BET_3X
372,725958004730219154,features,net_profit,-5.0,5.0,DEALER_WIN,BET_3X
373,1086518526799508046,features,net_profit,-5.0,5.0,DEALER_WIN,BET_3X
374,4830178015972021400,features,net_profit,4.0,5.0,PLAYER_WIN,BET_3X
375,2483794333879786541,features,net_profit,-5.0,5.0,DEALER_WIN,BET_3X
376,5968788491557416029,features,net_profit,5.0,5.0,PLAYER_WIN,BET_3X
377,4909058599847734388,features,net_profit,-4.0,5.0,DEALER_WIN,BET_3X
378,8269389959809120026,features,net_profit,4.0,5.0,PLAYER_WIN,BET_3X
379,5751227521769691756,features,net_profit,-5.0,5.0,DEALER_WIN,BET_3X
380,5254734106473222559,features,net_profit,-5.0,5.0,DEALER_WIN,BET_3X
381,1484617088297884918,features,net_profit,3.0,5.0,PLAYER_WIN,BET_3X
382,3733062852738192744,features,net_profit,14.0,5.0,PLAYER_WIN,BET_3X
383,4031387593778505327,features,net_profit,-5.0,5.0,DEALER_WIN,BET_3X
384,2686551691759380802,features,net_profit,4.0,5.0,PLAYER_WIN,BET_3X
385,7200141093538924119,features,net_profit,7.0,5.0,PLAYER_WIN,BET_3X
386,1267122011524698938,features,net_profit,0.0,5.0,PUSH,BET_3X
387,2953387294424337859,features,net_profit,3.0,5.0,PLAYER_WIN,BET_3X
388,2123690835654171057,features,net_profit,-5.0,5.0,DEALER_WIN,BET_3X
389,3842281555931477400,features,net_profit,-5.0,5.0,DEALER_WIN,BET_3X
390,1446228320186105644,features,net_profit,-5.0,5.0,DEALER_WIN,BET_3X
391,388341251164335986,features,net_profit,-5.0,5.0,DEALER_WIN,BET_3X
392,3766716693521451175,features,net_profit,4.0,5.0,PLAYER_WIN,BET_3X
393,308677102571691178,features,net_profit,-5.0,5.0,DEALER_WIN,BET_3X
394,7025784524817768587,features,net_profit,4.0,5.0,PLAYER_WIN,BET_3X
395,660872375021651183,features,net_profit,-5.0,5.0,DEALER_WIN,BET_3X
396,5018159035523172139,features,net_profit,4.0,5.0,PLAYER_WIN,BET_3X
397,8521796670501639537,features,net_profit,-5.0,5.0,DEALER_WIN,BET_3X
398,8259530846865156621,features,net_profit,4.0,5.0,PLAYER_WIN,BET_3X
399,1293390679611208357,features,net_profit,4.0,5.0,PLAYER_WIN,BET_3X
400,5535416213156246062,features,net_profit,4.0,5.0,PLAYER_WIN,BET_3X
401,8592143109048140185,features,net_profit,-5.0,5.0,DEALER_WIN,BET_3X
402,4165022053239471889,features,net_profit,-5.0,5.0,DEALER_WIN,BET_3X
403,3421517331959741789,features,net_profit,-5.0,5.0,DEALER_WIN,BET_3X
404,3676174173399259099,features,net_profit,5.0,5.0,PLAYER_WIN,BET_3X
405,5532878257321113407,features,net_profit,-5.0,5.0,DEALER_WIN,BET_3X
406,1385261999608165744,features,net_profit,3.0,5.0,PLAYER_WIN,BET_3X
407,1725780601959358525,features,net_profit,-5.0,5.0,DEALER_WIN,BET_3X
408,844024523636171957,features,net_profit,-5.0,5.0,DEALER_WIN,BET_3X
409,7076351326394923686,features,net_profit,-5.0,5.0,DEALER_WIN,BET_3X
410,3328496822210650014,features,net_profit,-5.0,5.0,DEALER_WIN,BET_3X
411,6673265249638135424,features,net_profit,-5.0,5.0,DEALER_WIN,BET_3X
412,5186064815748076363,features,net_profit,3.0,5.0,PLAYER_WIN,BET_3X
413,8820925307334779230,features,net_profit,4.0,5.0,PLAYER_WIN,BET_3X
414,7130104864293323688,features,net_profit,-5.0,5.0,DEALER_WIN,BET_3X
415,3955741204990501015,features,net_profit,4.0,5.0,PLAYER_WIN,BET_3X
416,5816117043921882507,features,net_profit,4.0,5.0,PLAYER_WIN,BET_3X
417,5870108828468812702,features,net_profit,5.5,5.0,PLAYER_WIN,BET_3X
418,3452472625769591428,features,net_profit,-5.0,5.0,DEALER_WIN,BET_3X
419,2951271027818976081,features,net_profit,4.0,5.0,PLAYER_WIN,BET_3X
420,8743407801131281417,features,net_profit,-5.0,5.0,DEALER_WIN,BET_3X
421,1395602105126210203,features,net_profit,-5.0,5.0,DEALER_WIN,BET_3X
422,3217208186673493107,features,net_profit,-5.0,5.0,DEALER_WIN,BET_3X
423,3740685319419975092,features,net_profit,3.0,5.0,PLAYER_WIN,BET_3X
424,1827962242563392027,features,net_profit,-5.0,5.0,DEALER_WIN,BET_3X
425,4967620523564462662,features,net_profit,-5.0,5.0,DEALER_WIN,BET_3X
426,8346212796288530295,features,net_profit,4.0,5.0,PLAYER_WIN,BET_3X
427,1878513055434871565,features,net_profit,-5.0,5.0,DEALER_WIN,BET_3X
428,7456929651071579732,features,net_profit,-5.0,5.0,DEALER_WIN,BET_3X
429,8547785305093473824,features,net_profit,4.0,5.0,PLAYER_WIN,BET_3X
430,1339518746148212065,features,net_profit,-5.0,5.0,DEALER_WIN,BET_3X
431,5986486522782583560,features,net_profit,-5.0,5.0,DEALER_WIN,BET_3X
432,9149670476414652663,features,net_profit,7.0,5.0,PLAYER_WIN,BET_3X
433,6047923126693314179,features,net_profit,-5.0,5.0,DEALER_WIN,BET_3X
434,4507716234393071812,features,net_profit,3.0,5.0,PLAYER_WIN,BET_3X
435,6696212316559221669,features,net_profit,-5.0,5.0,DEALER_WIN,BET_3X
436,4709208856752884907,features,net_profit,-5.0,5.0,DEALER_WIN,BET_3X
437,8180799737624703497,features,net_profit,-5.0,5.0,DEALER_WIN,BET_3X
438,5100472982167930350,features,net_profit,0.0,5.0,PUSH,BET_3X
439,8638100613132331462,features,net_profit,3.0,5.0,PLAYER_WIN,BET_3X
440,831321693197061714,features,net_profit,-5.0,5.0,DEALER_WIN,BET_3X
441,1549030611600974587,features,net_profit,-5.0,5.0,DEALER_WIN,BET_3X
442,1500434365829296761,features,net_profit,4.0,5.0,PLAYER_WIN,BET_3X
443,5799093032386592618,features,net_profit,-5.0,5.0,DEALER_WIN,BET_3X
444,1398620022658892871,features,net_profit,-5.0,5.0,DEALER_WIN,BET_3X
445,7723618636455993013,features,net_profit,-5.0,5.0,DEALER_WIN,BET_3X
446,4017416666956074224,features,net_profit,5.0,5.0,PLAYER_WIN,BET_3X
447,6685408889241086991,features,net_profit,3.0,5.0,PLAYER_WIN,BET_3X
448,1046437852623580516,features,net_profit,-5.0,5.0,DEALER_WIN,BET_3X
449,6495900327912917789,features,net_profit,3.0,5.0,PLAYER_WIN,BET_3X
450,7268012643080620112,features,net_profit,4.0,5.0,PLAYER_WIN,BET_3X
451,8596356162955893865,features,net_profit,-5.0,5.0,DEALER_WIN,BET_3X
452,5023991350838989493,features,net_profit,3.0,5.0,PLAYER_WIN,BET_3X
453,3096425923440701499,features,net_profit,-5.0,5.0,DEALER_WIN,BET_3X
454,9155977984722206226,features,net_profit,5.5,5.0,PLAYER_WIN,BET_3X
455,5589389613960447355,features,net_profit,-5.0,5.0,DEALER_WIN,BET_3X
456,1593016035029406547,features,net_profit,-5.0,5.0,DEALER_WIN,BET_3X
457,2384837664647274378,features,net_profit,4.0,5.0,PLAYER_WIN,BET_3X
458,8988294948997256362,features,net_profit,3.0,5.0,PLAYER_WIN,BET_3X
459,6618121475846054406,features,net_profit,4.0,5.0,PLAYER_WIN,BET_3X
460,837303075718077153,features,net_profit,4.0,5.0,PLAYER_WIN,BET_3X
461,6163462163336804620,features,net_profit,-5.0,5.0,DEALER_WIN,BET_3X
462,8595134223538175693,features,net_profit,3.0,5.0,PLAYER_WIN,BET_3X
463,4943130807978259282,features,net_profit,-5.0,5.0,DEALER_WIN,BET_3X
464,546517709026249506,features,net_profit,-5.0,5.0,DEALER_WIN,BET_3X
465,6219571001966642767,features,net_profit,-5.0,5.0,DEALER_WIN,BET_3X
466,1909309805318875446,features,net_profit,-5.0,5.0,DEALER_WIN,BET_3X
467,7939831167678121436,features,net_profit,-5.0,5.0,DEALER_WIN,BET_3X
468,4909903955276585547,features,net_profit,4.0,5.0,PLAYER_WIN,BET_3X
469,7330409857486934143,features,net_profit,-5.0,5.0,DEALER_WIN,BET_3X
470,6483027437849028188,features,net_profit,-5.0,5.0,DEALER_WIN,BET_3X
471,4171686185131703792,features,net_profit,3.0,5.0,PLAYER_WIN,BET_3X
472,1771421303201843669,features,net_profit,-5.0,5.0,DEALER_WIN,BET_3X
473,1401440516887092641,features,net_profit,5.5,5.0,PLAYER_WIN,BET_3X
474,4646815077684961866,features,net_profit,-5.0,5.0,DEALER_WIN,BET_3X
475,6049936887681308982,features,net_profit,-5.0,5.0,DEALER_WIN,BET_3X
476,8360178397633295329,features,net_profit,4.0,5.0,PLAYER_WIN,BET_3X
477,6562508349195654128,features,net_profit,3.0,5.0,PLAYER_WIN,BET_3X
478,5072545829675726431,features,net_profit,3.0,5.0,PLAYER_WIN,BET_3X
479,5882282875364312602,features,net_profit,-5.0,5.0,DEALER_WIN,BET_3X
480,3555826633250398759,features,net_profit,-5.0,5.0,DEALER_WIN,BET_3X
481,3371639317207562188,features,net_profit,4.0,5.0,PLAYER_WIN,BET_3X
482,634659690983456182,features,net_profit,4.0,5.0,PLAYER_WIN,BET_3X
483,3499328612933342146,features,net_profit,-5.0,5.0,DEALER_WIN,BET_3X
484,4380056808609724650,features,net_profit,4.0,5.0,PLAYER_WIN,BET_3X
485,5874661895553636168,features,net_profit,-5.0,5.0,DEALER_WIN,BET_3X
486,2076044537292985049,features,net_profit,-5.0,5.0,DEALER_WIN,BET_3X
487,8450411627594332084,features,net_profit,-5.0,5.0,DEALER_WIN,BET_3X
488,9147965826968071048,features,net_profit,4.0,5.0,PLAYER_WIN,BET_3X
489,8168966239570680708,features,net_profit,-5.0,5.0,DEALER_WIN,BET_3X
490,134795331270240176,features,net_profit,-5.0,5.0,DEALER_WIN,BET_3X
491,7462719447577611777,features,net_profit,0.0,5.0,PUSH,BET_3X
492,5696554759936696187,features,net_profit,-4.0,5.0,DEALER_WIN,BET_3X
493,3871126435156101295,features,net_profit,4.0,5.0,PLAYER_WIN,BET_3X
494,4734305113232378208,features,net_profit,4.0,5.0,PLAYER_WIN,BET_3X
495,1533196912554071243,features,net_profit,-5.0,5.0,DEALER_WIN,BET_3X
496,7185425100901320547,features,net_profit,-5.0,5.0,DEALER_WIN,BET_3X
497,1016415187660217936,features,net_profit,4.0,5.0,PLAYER_WIN,BET_3X
498,3032432862746814437,features,net_profit,0.0,5.0,PUSH,BET_3X
499,7556047480622226250,features,net_profit,-5.0,5.0,DEALER_WIN,BET_3X
500,933273137727069284,features,net_profit,5.0,5.0,PLAYER_WIN,BET_3X
501,3879876683520054383,features,net_profit,4.0,5.0,PLAYER_WIN,BET_3X
502,8113703303996985530,features,net_profit,-5.0,5.0,DEALER_WIN,BET_3X
503,5899338366333003748,features,net_profit,4.0,5.0,PLAYER_WIN,BET_3X
504,6660829024713536591,features,net_profit,-5.0,5.0,DEALER_WIN,BET_3X
505,2430701078192901027,features,net_profit,-5.0,5.0,DEALER_WIN,BET_3X
506,2371382632108689353,features,net_profit,5.0,5.0,PLAYER_WIN,BET_3X
507,246667548129881299,features,net_profit,-5.0,5.0,DEALER_WIN,BET_3X
508,7450745378874970545,features,net_profit,4.0,5.0,PLAYER_WIN,BET_3X
509,6813944942081327534,features,net_profit,-5.0,5.0,DEALER_WIN,BET_3X
510,3064318827073999408,features,net_profit,-5.0,5.0,DEALER_WIN,BET_3X
511,1729929361642299057,features,net_profit,-5.0,5.0,DEALER_WIN,BET_3X
512,1750367160842858343,features,net_profit,-5.0,5.0,DEALER_WIN,BET_3X
513,1655862358167904288,features,net_profit,3.0,5.0,PLAYER_WIN,BET_3X
514,6729873934378771455,features,net_profit,3.0,5.0,PLAYER_WIN,BET_3X
515,2478789940023055784,features,net_profit,-5.0,5.0,DEALER_WIN,BET_3X
516,5199963878046074067,features,net_profit,4.0,5.0,PLAYER_WIN,BET_3X
517,4184452219226610205,features,net_profit,-5.0,5.0,DEALER_WIN,BET_3X
518,297273912410190346,features,net_profit,-5.0,5.0,DEALER_WIN,BET_3X
519,2113491391996110604,features,net_profit,4.0,5.0,PLAYER_WIN,BET_3X
520,3358623548603057980,features,net_profit,3.0,5.0,PLAYER_WIN,BET_3X
521,2984375983780907536,features,net_profit,7.0,5.0,PLAYER_WIN,BET_3X
522,6155124837629848762,features,net_profit,-5.0,5.0,DEALER_WIN,BET_3X
523,9155788216945980485,features,net_profit,7.0,5.0,PLAYER_WIN,BET_3X
524,484089416690689347,features,net_profit,-5.0,5.0,DEALER_WIN,BET_3X
525,6890240746200920038,features,net_profit,-5.0,5.0,DEALER_WIN,BET_3X
526,848415623601917956,features,net_profit,3.0,5.0,PLAYER_WIN,BET_3X
527,5697582676430470657,features,net_profit,3.0,5.0,PLAYER_WIN,BET_3X
528,359508157000888435,features,net_profit,5.5,5.0,PLAYER_WIN,BET_3X
529,2528447974443560258,features,net_profit,3.0,5.0,PLAYER_WIN,BET_3X
530,2481724772232744877,features,net_profit,-5.0,5.0,DEALER_WIN,BET_3X
531,2557147748168003997,features,net_profit,-5.0,5.0,DEALER_WIN,BET_3X
532,4090650863040944024,features,net_profit,3.0,5.0,PLAYER_WIN,BET_3X
533,4405475568781568221,features,net_profit,4.0,5.0,PLAYER_WIN,BET_3X
534,4259539607776468581,features,net_profit,-5.0,5.0,DEALER_WIN,BET_3X
535,981165044324680834,features,net_profit,4.0,5.0,PLAYER_WIN,BET_3X
536,9159758127584802493,features,net_profit,7.0,5.0,PLAYER_WIN,BET_3X
537,1145815434563858860,features,net_profit,-5.0,5.0,DEALER_WIN,BET_3X
538,5625821292115160786,features,net_profit,-4.0,5.0,DEALER_WIN,BET_3X
539,7396381863233446780,features,net_profit,4.0,5.0,PLAYER_WIN,BET_3X
540,3104561799204508880,features,net_profit,-5.0,5.0,DEALER_WIN,BET_3X
541,7645317434179827457,features,net_profit,4.0,5.0,PLAYER_WIN,BET_3X
542,3544608483713153382,features,net_profit,5.5,5.0,PLAYER_WIN,BET_3X
543,1099295062059935422,features,net_profit,-5.0,5.0,DEALER_WIN,BET_3X
544,7879483455171379622,features,net_profit,0.0,5.0,PUSH,BET_3X
545,1297256499332689757,features,net_profit,-5.0,5.0,DEALER_WIN,BET_3X
546,3003963359444437689,features,net_profit,-5.0,5.0,DEALER_WIN,BET_3X
547,573166493607208300,features,net_profit,-5.0,5.0,DEALER_WIN,BET_3X
548,8455128871003021946,features,net_profit,-5.0,5.0,DEALER_WIN,BET_3X
549,1425741552801209926,features,net_profit,4.0,5.0,PLAYER_WIN,BET_3X
550,8303153092489139911,features,net_profit,-5.0,5.0,DEALER_WIN,BET_3X
551,2793477496906391028,features,net_profit,-5.0,5.0,DEALER_WIN,BET_3X
552,5712715111134235692,features,net_profit,-5.0,5.0,DEALER_WIN,BET_3X
553,2926274969862089094,features,net_profit,4.0,5.0,PLAYER_WIN,BET_3X
554,823733441214896673,features,net_profit,4.0,5.0,PLAYER_WIN,BET_3X
555,7369401390712889669,features,net_profit,-5.0,5.0,DEALER_WIN,BET_3X
556,6158278200009177876,features,net_profit,-5.0,5.0,DEALER_WIN,BET_3X
557,4129819625458657093,features,net_profit,-5.0,5.0,DEALER_WIN,BET_3X
558,3200102139840850891,features,net_profit,-5.0,5.0,DEALER_WIN,BET_3X
559,6528817013581433997,features,net_profit,5.0,5.0,PLAYER_WIN,BET_3X
560,323206193462982577,features,net_profit,3.0,5.0,PLAYER_WIN,BET_3X
561,3846463113594573617,features,net_profit,5.5,5.0,PLAYER_WIN,BET_3X
562,5834249726791626290,features,net_profit,-5.0,5.0,DEALER_WIN,BET_3X
563,6354593441793038467,features,net_profit,-5.0,5.0,DEALER_WIN,BET_3X
564,5216928402810834690,features,net_profit,0.0,5.0,PUSH,BET_3X
565,4105524393456875921,features,net_profit,-5.0,5.0,DEALER_WIN,BET_3X
566,5918484381741871370,features,net_profit,-5.0,5.0,DEALER_WIN,BET_3X
567,7961345467747678079,features,net_profit,54.0,5.0,PLAYER_WIN,BET_3X
568,3502691951959519534,features,net_profit,0.0,5.0,PUSH,BET_3X
569,1439741073307356558,features,net_profit,4.0,5.0,PLAYER_WIN,BET_3X
570,544131049984664886,features,net_profit,-5.0,5.0,DEALER_WIN,BET_3X
571,246947816434295116,features,net_profit,3.0,5.0,PLAYER_WIN,BET_3X
572,2063089475304557004,features,net_profit,4.0,5.0,PLAYER_WIN,BET_3X
573,5273149804366250382,features,net_profit,0.0,5.0,PUSH,BET_3X
574,6242342755829404068,features,net_profit,-5.0,5.0,DEALER_WIN,BET_3X
575,8618665321335369686,features,net_profit,5.5,5.0,PLAYER_WIN,BET_3X
576,6750005175329128321,features,net_profit,-4.0,5.0,DEALER_WIN,BET_3X
577,5197167423289159588,features,net_profit,4.0,5.0,PLAYER_WIN,BET_3X
578,4666010133671844040,features,net_profit,3.0,5.0,PLAYER_WIN,BET_3X
579,1442456485344440399,features,net_profit,-5.0,5.0,DEALER_WIN,BET_3X
580,390135374547149414,features,net_profit,4.0,5.0,PLAYER_WIN,BET_3X
581,4956326142923645395,features,net_profit,-5.0,5.0,DEALER_WIN,BET_3X
582,5662448064102940663,features,net_profit,4.0,5.0,PLAYER_WIN,BET_3X
583,897826991936553188,features,net_profit,4.0,5.0,PLAYER_WIN,BET_3X
584,5874719679115508367,features,net_profit,4.0,5.0,PLAYER_WIN,BET_3X
585,2191003211561714580,features,net_profit,-5.0,5.0,DEALER_WIN,BET_3X
586,6224078302528447464,features,net_profit,-5.0,5.0,DEALER_WIN,BET_3X
587,4039350524009383788,features,net_profit,-4.0,5.0,DEALER_WIN,BET_3X
588,7631894069810744516,features,net_profit,4.0,5.0,PLAYER_WIN,BET_3X
589,8593845884501394786,features,net_profit,4.0,5.0,PLAYER_WIN,BET_3X
590,6737629062876345069,features,net_profit,-5.0,5.0,DEALER_WIN,BET_3X
591,3255393978102523606,features,net_profit,-5.0,5.0,DEALER_WIN,BET_3X
592,198709292125499363,features,net_profit,-5.0,5.0,DEALER_WIN,BET_3X
593,362442798080678038,features,net_profit,-5.0,5.0,DEALER_WIN,BET_3X
594,2227676051658773521,features,net_profit,-5.0,5.0,DEALER_WIN,BET_3X
595,607509481610750028,features,net_profit,-4.0,5.0,DEALER_WIN,BET_3X
596,1865292475587268350,features,net_profit,-5.0,5.0,DEALER_WIN,BET_3X
597,6949976030699473288,features,net_profit,-5.0,5.0,DEALER_WIN,BET_3X
598,4459315521145107372,features,net_profit,-5.0,5.0,DEALER_WIN,BET_3X
599,1145713084574462523,features,net_profit,-5.0,5.0,DEALER_WIN,BET_3X
600,5364678511275994282,features,net_profit,4.0,5.0,PLAYER_WIN,BET_3X
601,7977261233109712867,features,net_profit,-4.0,5.0,DEALER_WIN,BET_3X
602,1109045300105273858,features,net_profit,-5.0,5.0,DEALER_WIN,BET_3X
603,5094414376663216303,features,net_profit,4.0,5.0,PLAYER_WIN,BET_3X
604,6588261728594172511,features,net_profit,3.0,5.0,PLAYER_WIN,BET_3X
605,5004693701050377048,features,net_profit,4.0,5.0,PLAYER_WIN,BET_3X
606,4763294994615129107,features,net_profit,4.0,5.0,PLAYER_WIN,BET_3X
607,3182772327497698639,features,net_profit,-5.0,5.0,DEALER_WIN,BET_3X
608,4087002424773716515,features,net_profit,4.0,5.0,PLAYER_WIN,BET_3X
609,539561618950212653,features,net_profit,7.0,5.0,PLAYER_WIN,BET_3X
610,1855740634297441060,features,net_profit,4.0,5.0,PLAYER_WIN,BET_3X
611,4327372972246936408,features,net_profit,-5.0,5.0,DEALER_WIN,BET_3X
612,4417704787161512011,features,net_profit,-5.0,5.0,DEALER_WIN,BET_3X
613,4482547955415017981,features,net_profit,5.0,5.0,PLAYER_WIN,BET_3X
614,3708223111936701398,features,net_profit,-5.0,5.0,DEALER_WIN,BET_3X
615,5051080929375122379,features,net_profit,-4.0,5.0,DEALER_WIN,BET_3X
616,2238896655472938320,features,net_profit,-5.0,5.0,DEALER_WIN,BET_3X
617,3666707995881161748,features,net_profit,4.0,5.0,PLAYER_WIN,BET_3X
618,8193857167794976862,features,net_profit,-4.0,5.0,DEALER_WIN,BET_3X
619,7415631678329972594,features,net_profit,4.0,5.0,PLAYER_WIN,BET_3X
620,4485095354519770943,features,net_profit,-5.0,5.0,DEALER_WIN,BET_3X
621,1362342763945640017,features,net_profit,5.0,5.0,PLAYER_WIN,BET_3X
622,6896254223672954102,features,net_profit,-5.0,5.0,DEALER_WIN,BET_3X
623,2349148079688415107,features,net_profit,5.5,5.0,PLAYER_WIN,BET_3X
624,7312843380985255752,features,net_profit,-5.0,5.0,DEALER_WIN,BET_3X
625,7739534756363291274,features,net_profit,-5.0,5.0,DEALER_WIN,BET_3X
626,5051510087587882740,features,net_profit,-5.0,5.0,DEALER_WIN,BET_3X
627,2036533204713207061,features,net_profit,-5.0,5.0,DEALER_WIN,BET_3X
628,3293246269581192357,features,net_profit,-5.0,5.0,DEALER_WIN,BET_3X
629,4946893613460409154,features,net_profit,0.0,5.0,PUSH,BET_3X
630,5568990569851663937,features,net_profit,-5.0,5.0,DEALER_WIN,BET_3X
631,3386961734347319225,features,net_profit,-5.0,5.0,DEALER_WIN,BET_3X
632,387255859813238135,features,net_profit,-5.0,5.0,DEALER_WIN,BET_3X
633,3326839505235851742,features,net_profit,0.0,5.0,PUSH,BET_3X
634,4764771648565082859,features,net_profit,-5.0,5.0,DEALER_WIN,BET_3X
635,1424651422730215757,features,net_profit,4.0,5.0,PLAYER_WIN,BET_3X
636,9129162172219445909,features,net_profit,-5.0,5.0,DEALER_WIN,BET_3X
637,2924744086167810835,features,net_profit,-5.0,5.0,DEALER_WIN,BET_3X
638,5115335217387366862,features,net_profit,4.0,5.0,PLAYER_WIN,BET_3X
639,2979725892074722370,features,net_profit,3.0,5.0,PLAYER_WIN,BET_3X
640,8949846663045447991,features,net_profit,-5.0,5.0,DEALER_WIN,BET_3X
641,7814254347316004140,features,net_profit,-5.0,5.0,DEALER_WIN,BET_3X
642,8877953876944742464,features,net_profit,4.0,5.0,PLAYER_WIN,BET_3X
643,6364753017554159593,features,net_profit,4.0,5.0,PLAYER_WIN,BET_3X
644,1561791165518680554,features,net_profit,4.0,5.0,PLAYER_WIN,BET_3X
645,5858302453665071460,features,net_profit,4.0,5.0,PLAYER_WIN,BET_3X
646,2809070238210132989,features,net_profit,4.0,5.0,PLAYER_WIN,BET_3X
647,511918455818425498,features,net_profit,4.0,5.0,PLAYER_WIN,BET_3X
648,6872981964697916122,features,net_profit,0.0,5.0,PUSH,BET_3X
649,5070202235789712910,features,net_profit,4.0,5.0,PLAYER_WIN,BET_3X
650,7486933000724942694,features,net_profit,3.0,5.0,PLAYER_WIN,BET_3X
651,1020678720733639459,features,net_profit,-5.0,5.0,DEALER_WIN,BET_3X
652,8087736216931757857,features,net_profit,-5.0,5.0,DEALER_WIN,BET_3X
653,6841457034238659902,features,net_profit,4.0,5.0,PLAYER_WIN,BET_3X
654,3738827354340780431,features,net_profit,5.0,5.0,PLAYER_WIN,BET_3X
655,7385426609675951050,features,net_profit,-5.0,5.0,DEALER_WIN,BET_3X
656,703995009982960950,features,net_profit,-5.0,5.0,DEALER_WIN,BET_3X
657,5461475060951986202,features,net_profit,-5.0,5.0,DEALER_WIN,BET_3X
658,9189178732871060101,features,net_profit,3.0,5.0,PLAYER_WIN,BET_3X
659,5270182711606655115,features,net_profit,-5.0,5.0,DEALER_WIN,BET_3X
660,995272215872796994,features,net_profit,-5.0,5.0,DEALER_WIN,BET_3X
661,4115543658081972104,features,net_profit,4.0,5.0,PLAYER_WIN,BET_3X
662,6308791910329069424,features,net_profit,-5.0,5.0,DEALER_WIN,BET_3X
663,262178830108226521,features,net_profit,-5.0,5.0,DEALER_WIN,BET_3X
664,8715535919053117818,features,net_profit,-5.0,5.0,DEALER_WIN,BET_3X
665,1074161713649549330,features,net_profit,-5.0,5.0,DEALER_WIN,BET_3X
666,9146853197134550520,features,net_profit,-5.0,5.0,DEALER_WIN,BET_3X
667,4259530131647775294,features,net_profit,7.0,5.0,PLAYER_WIN,BET_3X
668,8632724887048430612,features,net_profit,-5.0,5.0,DEALER_WIN,BET_3X
669,8984827625571841048,features,net_profit,3.0,5.0,PLAYER_WIN,BET_3X
670,3787635517161110318,features,net_profit,5.0,5.0,PLAYER_WIN,BET_3X
671,6250412317658506430,features,net_profit,4.0,5.0,PLAYER_WIN,BET_3X
672,4028348371238775025,features,net_profit,4.0,5.0,PLAYER_WIN,BET_3X
673,1224446155191425164,features,net_profit,4.0,5.0,PLAYER_WIN,BET_3X
674,7034095573322870727,features,net_profit,5.5,5.0,PLAYER_WIN,BET_3X
675,8917619009297062880,features,net_profit,3.0,5.0,PLAYER_WIN,BET_3X
676,2341808232167357979,features,net_profit,3.0,5.0,PLAYER_WIN,BET_3X
677,5968997697260615798,features,net_profit,3.0,5.0,PLAYER_WIN,BET_3X
678,3109458140913498276,features,net_profit,-5.0,5.0,DEALER_WIN,BET_3X
679,2380661802238085987,features,net_profit,-5.0,5.0,DEALER_WIN,BET_3X
680,5107257234773222466,features,net_profit,4.0,5.0,PLAYER_WIN,BET_3X
681,5340022129935467914,features,net_profit,-5.0,5.0,DEALER_WIN,BET_3X
682,7330209935356459802,features,net_profit,4.0,5.0,PLAYER_WIN,BET_3X
683,6571978331713919577,features,net_profit,-5.0,5.0,DEALER_WIN,BET_3X
684,4077817167535627223,features,net_profit,4.0,5.0,PLAYER_WIN,BET_3X
685,574055775674715148,features,net_profit,-5.0,5.0,DEALER_WIN,BET_3X
686,3129825279326320821,features,net_profit,4.0,5.0,PLAYER_WIN,BET_3X
687,9145133532142058274,features,net_profit,-5.0,5.0,DEALER_WIN,BET_3X
688,4952389357285075756,features,net_profit,-5.0,5.0,DEALER_WIN,BET_3X
689,102483096617052733,features,net_profit,-5.0,5.0,DEALER_WIN,BET_3X
690,3134059635822685969,features,net_profit,4.0,5.0,PLAYER_WIN,BET_3X
691,2635229102209661718,features,net_profit,3.0,5.0,PLAYER_WIN,BET_3X
692,6154497158911889908,features,net_profit,-5.0,5.0,DEALER_WIN,BET_3X
693,4109426309780194567,features,net_profit,4.0,5.0,PLAYER_WIN,BET_3X
694,6007721973601224450,features,net_profit,5.0,5.0,PLAYER_WIN,BET_3X
695,5096254929412724371,features,net_profit,-5.0,5.0,DEALER_WIN,BET_3X
696,6137441599310733111,features,net_profit,-4.0,5.0,DEALER_WIN,BET_3X
697,7040299059637528744,features,net_profit,-5.0,5.0,DEALER_WIN,BET_3X
698,9153928416697678800,features,net_profit,-5.0,5.0,DEALER_WIN,BET_3X
699,2821679170469909562,features,net_profit,-5.0,5.0,DEALER_WIN,BET_3X
700,6282894241880686252,features,net_profit,4.0,5.0,PLAYER_WIN,BET_3X
701,5921256049601506760,features,net_profit,4.0,5.0,PLAYER_WIN,BET_3X
702,3198193180578766760,features,net_profit,-5.0,5.0,DEALER_WIN,BET_3X
703,5229002250640449575,features,net_profit,-5.0,5.0,DEALER_WIN,BET_3X
704,8155539455373336355,features,net_profit,4.0,5.0,PLAYER_WIN,BET_3X
705,6913411762429534141,features,net_profit,3.0,5.0,PLAYER_WIN,BET_3X
706,7830646034954919046,features,net_profit,-5.0,5.0,DEALER_WIN,BET_3X
707,1797895635698068919,features,net_profit,-5.0,5.0,DEALER_WIN,BET_3X
708,7021988498275846876,features,net_profit,4.0,5.0,PLAYER_WIN,BET_3X
709,4532589347465082267,features,net_profit,4.0,5.0,PLAYER_WIN,BET_3X
710,6069399624224738960,features,net_profit,4.0,5.0,PLAYER_WIN,BET_3X
711,9190177288612735707,features,net_profit,4.0,5.0,PLAYER_WIN,BET_3X
712,1880947107541573505,features,net_profit,-5.0,5.0,DEALER_WIN,BET_3X
713,32358633534495652,features,net_profit,-5.0,5.0,DEALER_WIN,BET_3X
714,8038921049572351849,features,net_profit,4.0,5.0,PLAYER_WIN,BET_3X
715,6733462548773967756,features,net_profit,-5.0,5.0,DEALER_WIN,BET_3X
716,3085622056398182933,features,net_profit,4.0,5.0,PLAYER_WIN,BET_3X
717,6730337966446324996,features,net_profit,3.0,5.0,PLAYER_WIN,BET_3X
718,8754630901530058520,features,net_profit,-5.0,5.0,DEALER_WIN,BET_3X
719,8758666738479464406,features,net_profit,0.0,5.0,PUSH,BET_3X
720,5944239004119966799,features,net_profit,-5.0,5.0,DEALER_WIN,BET_3X
721,7361091914614190364,features,net_profit,4.0,5.0,PLAYER_WIN,BET_3X
722,383985964421832251,features,net_profit,3.0,5.0,PLAYER_WIN,BET_3X
723,3008939244157671837,features,net_profit,-5.0,5.0,DEALER_WIN,BET_3X
724,2405627607478945867,features,net_profit,4.0,5.0,PLAYER_WIN,BET_3X
725,8491308968872851045,features,net_profit,0.0,5.0,PUSH,BET_3X
726,366272157424115552,features,net_profit,4.0,5.0,PLAYER_WIN,BET_3X
727,213747912672725094,features,net_profit,-5.0,5.0,DEALER_WIN,BET_3X
728,5928767958845283290,features,net_profit,-5.0,5.0,DEALER_WIN,BET_3X
729,1964945943827410620,features,net_profit,0.0,5.0,PUSH,BET_3X
730,8872956532401097529,features,net_profit,4.0,5.0,PLAYER_WIN,BET_3X
731,8685827489375879560,features,net_profit,-5.0,5.0,DEALER_WIN,BET_3X
732,2341011603571271474,features,net_profit,4.0,5.0,PLAYER_WIN,BET_3X
733,5050665677538988181,features,net_profit,3.0,5.0,PLAYER_WIN,BET_3X
734,1326233662207376596,features,net_profit,4.0,5.0,PLAYER_WIN,BET_3X
735,660626737144654993,features,net_profit,5.0,5.0,PLAYER_WIN,BET_3X
736,2353149440824344457,features,net_profit,4.0,5.0,PLAYER_WIN,BET_3X
737,7835807662919020137,features,net_profit,4.0,5.0,PLAYER_WIN,BET_3X
738,5203253113522948858,features,net_profit,4.0,5.0,PLAYER_WIN,BET_3X
739,8338498724170721120,features,net_profit,-5.0,5.0,DEALER_WIN,BET_3X
740,4197752679247706923,features,net_profit,-4.0,5.0,DEALER_WIN,BET_3X
741,1744607937556253434,features,net_profit,-5.0,5.0,DEALER_WIN,BET_3X
742,8833702701121435054,features,net_profit,-5.0,5.0,DEALER_WIN,BET_3X
743,3138710179848083047,features,net_profit,5.5,5.0,PLAYER_WIN,BET_3X
744,3423382614203030561,features,net_profit,3.0,5.0,PLAYER_WIN,BET_3X
745,1035935844332274897,features,net_profit,4.0,5.0,PLAYER_WIN,BET_3X
746,8485008373631042581,features,net_profit,-5.0,5.0,DEALER_WIN,BET_3X
747,1628925881363820406,features,net_profit,3.0,5.0,PLAYER_WIN,BET_3X
748,1423502096513327071,features,net_profit,3.0,5.0,PLAYER_WIN,BET_3X
749,2606033530206950517,features,net_profit,-5.0,5.0,DEALER_WIN,BET_3X
750,8891745184744242739,features,net_profit,-5.0,5.0,DEALER_WIN,BET_3X
751,4349733817946268618,features,net_profit,-5.0,5.0,DEALER_WIN,BET_3X
752,5254421393334268038,features,net_profit,-4.0,5.0,DEALER_WIN,BET_3X
753,6840055785632992875,features,net_profit,-5.0,5.0,DEALER_WIN,BET_3X
754,7982410704164472244,features,net_profit,-5.0,5.0,DEALER_WIN,BET_3X
755,6693675192358727311,features,net_profit,-5.0,5.0,DEALER_WIN,BET_3X
756,6605379131251913860,features,net_profit,-5.0,5.0,DEALER_WIN,BET_3X
757,892081036765549697,features,net_profit,-5.0,5.0,DEALER_WIN,BET_3X
758,5602195332780780720,features,net_profit,4.0,5.0,PLAYER_WIN,BET_3X
759,234647539052164240,features,net_profit,-5.0,5.0,DEALER_WIN,BET_3X
760,8844222341508033551,features,net_profit,5.5,5.0,PLAYER_WIN,BET_3X
761,3307884265302153160,features,net_profit,0.0,5.0,PUSH,BET_3X
762,942198137406941029,features,net_profit,3.0,5.0,PLAYER_WIN,BET_3X
763,8301671827282477041,features,net_profit,54.0,5.0,PLAYER_WIN,BET_3X
764,3439425111092591258,features,net_profit,-5.0,5.0,DEALER_WIN,BET_3X
765,4377531835645680627,features,net_profit,0.0,5.0,PUSH,BET_3X
766,9200758139760597555,features,net_profit,-5.0,5.0,DEALER_WIN,BET_3X
767,5617070801550230046,features,net_profit,-5.0,5.0,DEALER_WIN,BET_3X
768,6938159555269921082,features,net_profit,4.0,5.0,PLAYER_WIN,BET_3X
769,5335750799886962086,features,net_profit,4.0,5.0,PLAYER_WIN,BET_3X
770,6374090341423598179,features,net_profit,-5.0,5.0,DEALER_WIN,BET_3X
771,1963944617526694260,features,net_profit,-5.0,5.0,DEALER_WIN,BET_3X
772,6522720586431748156,features,net_profit,-5.0,5.0,DEALER_WIN,BET_3X
773,1330355307832143876,features,net_profit,3.0,5.0,PLAYER_WIN,BET_3X
774,5983011755687316046,features,net_profit,3.0,5.0,PLAYER_WIN,BET_3X
775,8591094464458443612,features,net_profit,4.0,5.0,PLAYER_WIN,BET_3X
776,1296456955431562480,features,net_profit,-5.0,5.0,DEALER_WIN,BET_3X
777,2509099610270703497,features,net_profit,4.0,5.0,PLAYER_WIN,BET_3X
778,6782569744802698731,features,net_profit,0.0,5.0,PUSH,BET_3X
779,4451312059996109126,features,net_profit,3.0,5.0,PLAYER_WIN,BET_3X
780,6152868851158721320,features,net_profit,-5.0,5.0,DEALER_WIN,BET_3X
781,855894771769911285,features,net_profit,-5.0,5.0,DEALER_WIN,BET_3X
782,5284390587287780465,features,net_profit,4.0,5.0,PLAYER_WIN,BET_3X
783,8357626144270119050,features,net_profit,-5.0,5.0,DEALER_WIN,BET_3X
784,5321896415443383563,features,net_profit,7.0,5.0,PLAYER_WIN,BET_3X
785,572137703996601448,features,net_profit,-5.0,5.0,DEALER_WIN,BET_3X
786,4322250791635420728,features,net_profit,4.0,5.0,PLAYER_WIN,BET_3X
787,4733305523585329265,features,net_profit,5.5,5.0,PLAYER_WIN,BET_3X
788,6602959837345385652,features,net_profit,4.0,5.0,PLAYER_WIN,BET_3X
789,8893623152788576908,features,net_profit,4.0,5.0,PLAYER_WIN,BET_3X
790,7298563162624099648,features,net_profit,4.0,5.0,PLAYER_WIN,BET_3X
791,816477772269779993,features,net_profit,-5.0,5.0,DEALER_WIN,BET_3X
792,7450623816783554506,features,net_profit,4.0,5.0,PLAYER_WIN,BET_3X
793,2517526430051774272,features,net_profit,3.0,5.0,PLAYER_WIN,BET_3X
794,8082389372476937752,features,net_profit,-5.0,5.0,DEALER_WIN,BET_3X
795,5356998425265086863,features,net_profit,3.0,5.0,PLAYER_WIN,BET_3X
796,2823704471800661630,features,net_profit,3.0,5.0,PLAYER_WIN,BET_3X
797,2996114439437861656,features,net_profit,3.0,5.0,PLAYER_WIN,BET_3X
798,1589796408341853653,features,net_profit,3.0,5.0,PLAYER_WIN,BET_3X
799,8692612212343289883,features,net_profit,3.0,5.0,PLAYER_WIN,BET_3X
800,2865112770288944020,features,net_profit,3.0,5.0,PLAYER_WIN,BET_3X
801,2588614114394872664,features,net_profit,-5.0,5.0,DEALER_WIN,BET_3X
802,391402358626954894,features,net_profit,-5.0,5.0,DEALER_WIN,BET_3X
803,6974138047108413806,features,net_profit,4.0,5.0,PLAYER_WIN,BET_3X
804,8103494599045629364,features,net_profit,-5.0,5.0,DEALER_WIN,BET_3X
805,4521886418281638296,features,net_profit,0.0,5.0,PUSH,BET_3X
806,6926092079385226430,features,net_profit,4.0,5.0,PLAYER_WIN,BET_3X
807,399410038773582393,features,net_profit,4.0,5.0,PLAYER_WIN,BET_3X
808,7816184915859985655,features,net_profit,0.0,5.0,PUSH,BET_3X
809,1811507042459602477,features,net_profit,-5.0,5.0,DEALER_WIN,BET_3X
810,7155162561719348386,features,net_profit,-5.0,5.0,DEALER_WIN,BET_3X
811,5221316911601811929,features,net_profit,-5.0,5.0,DEALER_WIN,BET_3X
812,5786078196510004005,features,net_profit,-5.0,5.0,DEALER_WIN,BET_3X
813,2150600214888303666,features,net_profit,14.0,5.0,PLAYER_WIN,BET_3X
814,9127269439933071303,features,net_profit,4.0,5.0,PLAYER_WIN,BET_3X
815,5858720364892314798,features,net_profit,4.0,5.0,PLAYER_WIN,BET_3X
816,5561857550089392329,features,net_profit,4.0,5.0,PLAYER_WIN,BET_3X
817,9197438650652126628,features,net_profit,3.0,5.0,PLAYER_WIN,BET_3X
818,3190221245840147584,features,net_profit,-5.0,5.0,DEALER_WIN,BET_3X
819,1492021973157879948,features,net_profit,-5.0,5.0,DEALER_WIN,BET_3X
820,2454158531370605416,features,net_profit,7.0,5.0,PLAYER_WIN,BET_3X
821,7490744745870296315,features,net_profit,5.5,5.0,PLAYER_WIN,BET_3X
822,504402753593363757,features,net_profit,-5.0,5.0,DEALER_WIN,BET_3X
823,6287229522859744387,features,net_profit,-5.0,5.0,DEALER_WIN,BET_3X
824,8001955688236301403,features,net_profit,-5.0,5.0,DEALER_WIN,BET_3X
825,4113795457952430685,features,net_profit,4.0,5.0,PLAYER_WIN,BET_3X
826,3872378312547710653,features,net_profit,3.0,5.0,PLAYER_WIN,BET_3X
827,7094278843628921023,features,net_profit,-5.0,5.0,DEALER_WIN,BET_3X
828,4308291024512919663,features,net_profit,-5.0,5.0,DEALER_WIN,BET_3X
829,7918220540080912843,features,net_profit,4.0,5.0,PLAYER_WIN,BET_3X
830,6128221877019916765,features,net_profit,-5.0,5.0,DEALER_WIN,BET_3X
831,6066210623814935019,features,net_profit,-5.0,5.0,DEALER_WIN,BET_3X
832,6450606409424229553,features,net_profit,3.0,5.0,PLAYER_WIN,BET_3X
833,4738223993765118570,features,net_profit,-5.0,5.0,DEALER_WIN,BET_3X
834,7542629264374245077,features,net_profit,-5.0,5.0,DEALER_WIN,BET_3X
835,648792241505860544,features,net_profit,4.0,5.0,PLAYER_WIN,BET_3X
836,3668301820801884950,features,net_profit,-5.0,5.0,DEALER_WIN,BET_3X
837,6973360368783161827,features,net_profit,4.0,5.0,PLAYER_WIN,BET_3X
838,7804227059686843434,features,net_profit,4.0,5.0,PLAYER_WIN,BET_3X
839,2586674943014479133,features,net_profit,-5.0,5.0,DEALER_WIN,BET_3X
840,5885249092404367238,features,net_profit,4.0,5.0,PLAYER_WIN,BET_3X
841,2176216425678787963,features,net_profit,4.0,5.0,PLAYER_WIN,BET_3X
842,2545438978102878392,features,net_profit,0.0,5.0,PUSH,BET_3X
843,934286637515439568,features,net_profit,-5.0,5.0,DEALER_WIN,BET_3X
844,3473361730074366817,features,net_profit,-5.0,5.0,DEALER_WIN,BET_3X
845,5391966176575468410,features,net_profit,-5.0,5.0,DEALER_WIN,BET_3X
846,8455482550846235949,features,net_profit,-5.0,5.0,DEALER_WIN,BET_3X
847,6558736197806588132,features,net_profit,-5.0,5.0,DEALER_WIN,BET_3X
848,6490135126463740347,features,net_profit,-5.0,5.0,DEALER_WIN,BET_3X
849,7025617078872927477,features,net_profit,0.0,5.0,PUSH,BET_3X
850,3797580000717386988,features,net_profit,4.0,5.0,PLAYER_WIN,BET_3X
851,4385762958698973989,features,net_profit,3.0,5.0,PLAYER_WIN,BET_3X
852,9187598606230828225,features,net_profit,0.0,5.0,PUSH,BET_3X
853,2603514101501729812,features,net_profit,-5.0,5.0,DEALER_WIN,BET_3X
854,3937089881727732329,features,net_profit,-5.0,5.0,DEALER_WIN,BET_3X
855,5312261140862388508,features,net_profit,-5.0,5.0,DEALER_WIN,BET_3X
856,68036660207701346,features,net_profit,4.0,5.0,PLAYER_WIN,BET_3X
857,1367366548604912951,features,net_profit,3.0,5.0,PLAYER_WIN,BET_3X
858,5209792003892702448,features,net_profit,-5.0,5.0,DEALER_WIN,BET_3X
859,8063648826357337364,features,net_profit,-5.0,5.0,DEALER_WIN,BET_3X
860,1208696830025235388,features,net_profit,-5.0,5.0,DEALER_WIN,BET_3X
861,5714999927659219998,features,net_profit,-5.0,5.0,DEALER_WIN,BET_3X
862,8976662802576300771,features,net_profit,-5.0,5.0,DEALER_WIN,BET_3X
863,4961821894175115378,features,net_profit,4.5,5.0,PLAYER_WIN,BET_3X
864,7215809704103090551,features,net_profit,0.0,5.0,PUSH,BET_3X
865,2060591590617517718,features,net_profit,-5.0,5.0,DEALER_WIN,BET_3X
866,928356027062617736,features,net_profit,-5.0,5.0,DEALER_WIN,BET_3X
867,8413340986417166781,features,net_profit,4.0,5.0,PLAYER_WIN,BET_3X
868,5930591393154515738,features,net_profit,4.0,5.0,PLAYER_WIN,BET_3X
869,4233839963611024177,features,net_profit,-5.0,5.0,DEALER_WIN,BET_3X
870,848796307874807545,features,net_profit,4.0,5.0,PLAYER_WIN,BET_3X
871,2358423720130380249,features,net_profit,-5.0,5.0,DEALER_WIN,BET_3X
872,6493091030325948639,features,net_profit,3.0,5.0,PLAYER_WIN,BET_3X
873,1709540495146703070,features,net_profit,-4.0,5.0,DEALER_WIN,BET_3X
874,7449251301142148641,features,net_profit,4.0,5.0,PLAYER_WIN,BET_3X
875,2742257531541009090,features,net_profit,-5.0,5.0,DEALER_WIN,BET_3X
876,9196910202698297015,features,net_profit,3.0,5.0,PLAYER_WIN,BET_3X
877,4305811086344026433,features,net_profit,-5.0,5.0,DEALER_WIN,BET_3X
878,7107340919977260493,features,net_profit,4.0,5.0,PLAYER_WIN,BET_3X
879,8150525360834787425,features,net_profit,-5.0,5.0,DEALER_WIN,BET_3X
880,4425715677023834498,features,net_profit,4.0,5.0,PLAYER_WIN,BET_3X
881,3537650987625326791,features,net_profit,-5.0,5.0,DEALER_WIN,BET_3X
882,4087690710807876257,features,net_profit,4.0,5.0,PLAYER_WIN,BET_3X
883,5257924754252734001,features,net_profit,7.0,5.0,PLAYER_WIN,BET_3X
884,6789665988396467474,features,net_profit,4.0,5.0,PLAYER_WIN,BET_3X
885,7886179736980485432,features,net_profit,-5.0,5.0,DEALER_WIN,BET_3X
886,2965730113557742065,features,net_profit,7.0,5.0,PLAYER_WIN,BET_3X
887,184652567242912971,features,net_profit,-5.0,5.0,DEALER_WIN,BET_3X
888,6496609591253632361,features,net_profit,-5.0,5.0,DEALER_WIN,BET_3X
889,4503552269061885790,features,net_profit,-4.0,5.0,DEALER_WIN,BET_3X
890,1280963365413052833,features,net_profit,-5.0,5.0,DEALER_WIN,BET_3X
891,4436089506716444639,features,net_profit,4.0,5.0,PLAYER_WIN,BET_3X
892,8875855770455701461,features,net_profit,-5.0,5.0,DEALER_WIN,BET_3X
893,3378267438940947744,features,net_profit,14.0,5.0,PLAYER_WIN,BET_3X
894,7166303236197922417,features,net_profit,-4.0,5.0,DEALER_WIN,BET_3X
895,5269851530556570738,features,net_profit,-5.0,5.0,DEALER_WIN,BET_3X
896,3526315359624049420,features,net_profit,0.0,5.0,PUSH,BET_3X
897,4901175616737731419,features,net_profit,-5.0,5.0,DEALER_WIN,BET_3X
898,8785736668409649164,features,net_profit,4.0,5.0,PLAYER_WIN,BET_3X
899,7506359778085990393,features,net_profit,-5.0,5.0,DEALER_WIN,BET_3X
900,1496115386973010045,features,net_profit,-5.0,5.0,DEALER_WIN,BET_3X
901,1017432619925451249,features,net_profit,4.0,5.0,PLAYER_WIN,BET_3X
902,2553088848673288804,features,net_profit,4.0,5.0,PLAYER_WIN,BET_3X
903,4243188911284567263,features,net_profit,4.0,5.0,PLAYER_WIN,BET_3X
904,8533697980404008640,features,net_profit,4.0,5.0,PLAYER_WIN,BET_3X
905,8596619761623189548,features,net_profit,7.0,5.0,PLAYER_WIN,BET_3X
906,1780163165846335477,features,net_profit,4.0,5.0,PLAYER_WIN,BET_3X
907,3202923046283772937,features,net_profit,-5.0,5.0,DEALER_WIN,BET_3X
908,2431773336275870739,features,net_profit,-5.0,5.0,DEALER_WIN,BET_3X
909,5912848263586599734,features,net_profit,-5.0,5.0,DEALER_WIN,BET_3X
910,3665122230014414762,features,net_profit,5.5,5.0,PLAYER_WIN,BET_3X
911,4196610391551779872,features,net_profit,-4.0,5.0,DEALER_WIN,BET_3X
912,1846009206966446069,features,net_profit,3.0,5.0,PLAYER_WIN,BET_3X
913,1139317953991756950,features,net_profit,-5.0,5.0,DEALER_WIN,BET_3X
914,759300728567022805,features,net_profit,-5.0,5.0,DEALER_WIN,BET_3X
915,3359526252250337514,features,net_profit,-5.0,5.0,DEALER_WIN,BET_3X
916,8247062179117749191,features,net_profit,4.0,5.0,PLAYER_WIN,BET_3X
917,5007778806102941885,features,net_profit,-5.0,5.0,DEALER_WIN,BET_3X
918,5874694371750287935,features,net_profit,4.0,5.0,PLAYER_WIN,BET_3X
919,2758811019845300818,features,net_profit,4.0,5.0,PLAYER_WIN,BET_3X
920,1696957889974288787,features,net_profit,4.0,5.0,PLAYER_WIN,BET_3X
921,1279369727445998511,features,net_profit,-5.0,5.0,DEALER_WIN,BET_3X
922,4933656103475301167,features,net_profit,-5.0,5.0,DEALER_WIN,BET_3X
923,1977708770176024356,features,net_profit,3.0,5.0,PLAYER_WIN,BET_3X
924,3676563871467550842,features,net_profit,-5.0,5.0,DEALER_WIN,BET_3X
925,313986350650062069,features,net_profit,4.0,5.0,PLAYER_WIN,BET_3X
926,5605509591254216611,features,net_profit,-5.0,5.0,DEALER_WIN,BET_3X
927,6554434833215501229,features,net_profit,-5.0,5.0,DEALER_WIN,BET_3X
928,5934761758109136755,features,net_profit,-5.0,5.0,DEALER_WIN,BET_3X
929,6209569154496390677,features,net_profit,4.0,5.0,PLAYER_WIN,BET_3X
930,7669784488589629093,features,net_profit,-5.0,5.0,DEALER_WIN,BET_3X
931,44506653502813096,features,net_profit,-5.0,5.0,DEALER_WIN,BET_3X
932,2657400832634123777,features,net_profit,-5.0,5.0,DEALER_WIN,BET_3X
933,1133951859619300870,features,net_profit,-5.0,5.0,DEALER_WIN,BET_3X
934,1799581098669479158,features,net_profit,4.0,5.0,PLAYER_WIN,BET_3X
935,2139329695582084880,features,net_profit,4.0,5.0,PLAYER_WIN,BET_3X
936,8860369560069707461,features,net_profit,3.0,5.0,PLAYER_WIN,BET_3X
937,7661855163003880925,features,net_profit,4.0,5.0,PLAYER_WIN,BET_3X
938,6085059550904925577,features,net_profit,5.0,5.0,PLAYER_WIN,BET_3X
939,9164012506059593361,features,net_profit,5.5,5.0,PLAYER_WIN,BET_3X
940,7665006468564569625,features,net_profit,-5.0,5.0,DEALER_WIN,BET_3X
941,2099185351975460510,features,net_profit,-5.0,5.0,DEALER_WIN,BET_3X
942,6002108165729345372,features,net_profit,-5.0,5.0,DEALER_WIN,BET_3X
943,6653133323993130250,features,net_profit,4.0,5.0,PLAYER_WIN,BET_3X
944,3836288765699926146,features,net_profit,-5.0,5.0,DEALER_WIN,BET_3X
945,6613963692876605349,features,net_profit,4.0,5.0,PLAYER_WIN,BET_3X
946,7133256950777550731,features,net_profit,-5.0,5.0,DEALER_WIN,BET_3X
947,789679130699457407,features,net_profit,3.0,5.0,PLAYER_WIN,BET_3X
948,5576479899433778960,features,net_profit,4.0,5.0,PLAYER_WIN,BET_3X
949,2825948418189624227,features,net_profit,4.0,5.0,PLAYER_WIN,BET_3X
950,6790023590347945068,features,net_profit,4.0,5.0,PLAYER_WIN,BET_3X
951,8943341316138986721,features,net_profit,-5.0,5.0,DEALER_WIN,BET_3X
952,8245346301821498278,features,net_profit,-4.0,5.0,DEALER_WIN,BET_3X
953,3788851380147507600,features,net_profit,-5.0,5.0,DEALER_WIN,BET_3X
954,2073465275864282834,features,net_profit,-5.0,5.0,DEALER_WIN,BET_3X
955,5716898055826252055,features,net_profit,3.0,5.0,PLAYER_WIN,BET_3X
956,5021771099362251061,features,net_profit,-5.0,5.0,DEALER_WIN,BET_3X
957,4032980320576966044,features,net_profit,-5.0,5.0,DEALER_WIN,BET_3X
958,8640802843881888399,features,net_profit,4.0,5.0,PLAYER_WIN,BET_3X
959,4438461843044748758,features,net_profit,-5.0,5.0,DEALER_WIN,BET_3X
960,3526415879819004230,features,net_profit,4.0,5.0,PLAYER_WIN,BET_3X
961,7170873072363361219,features,net_profit,-5.0,5.0,DEALER_WIN,BET_3X
962,3706941299072706180,features,net_profit,-5.0,5.0,DEALER_WIN,BET_3X
963,2503051818227189648,features,net_profit,-5.0,5.0,DEALER_WIN,BET_3X
964,1870249987412135061,features,net_profit,-5.0,5.0,DEALER_WIN,BET_3X
965,6398480109143271582,features,net_profit,4.0,5.0,PLAYER_WIN,BET_3X
966,8188631678452761724,features,net_profit,4.0,5.0,PLAYER_WIN,BET_3X
967,932138166279793317,features,net_profit,4.0,5.0,PLAYER_WIN,BET_3X
968,8235832765702793235,features,net_profit,7.0,5.0,PLAYER_WIN,BET_3X
969,6311589512804706572,features,net_profit,-5.0,5.0,DEALER_WIN,BET_3X
970,3046092975624902147,features,net_profit,3.0,5.0,PLAYER_WIN,BET_3X
971,3275058079140619266,features,net_profit,4.0,5.0,PLAYER_WIN,BET_3X
972,7312201884761964202,features,net_profit,4.0,5.0,PLAYER_WIN,BET_3X
973,8570641409114586430,features,net_profit,-5.0,5.0,DEALER_WIN,BET_3X
974,7399820484162878442,features,net_profit,4.0,5.0,PLAYER_WIN,BET_3X
975,213031287346651292,features,net_profit,-5.0,5.0,DEALER_WIN,BET_3X
976,2078134138085094791,features,net_profit,5.0,5.0,PLAYER_WIN,BET_3X
977,7923503127766216331,features,net_profit,-4.0,5.0,DEALER_WIN,BET_3X
978,7400501462850298807,features,net_profit,-5.0,5.0,DEALER_WIN,BET_3X
979,2888194561945505198,features,net_profit,-5.0,5.0,DEALER_WIN,BET_3X
980,6582586430172692385,features,net_profit,4.0,5.0,PLAYER_WIN,BET_3X
981,2100544420744911826,features,net_profit,3.0,5.0,PLAYER_WIN,BET_3X
982,1505814497099785306,features,net_profit,-5.0,5.0,DEALER_WIN,BET_3X
983,6779817700332210863,features,net_profit,4.0,5.0,PLAYER_WIN,BET_3X
984,2441626631363003142,features,net_profit,-5.0,5.0,DEALER_WIN,BET_3X
985,7720014795438668177,features,net_profit,-5.0,5.0,DEALER_WIN,BET_3X
986,6418041143867584197,features,net_profit,0.0,5.0,PUSH,BET_3X
987,6036835089643027616,features,net_profit,3.0,5.0,PLAYER_WIN,BET_3X
988,7560127908502572947,features,net_profit,-5.0,5.0,DEALER_WIN,BET_3X
989,5371810975964591019,features,net_profit,0.0,5.0,PUSH,BET_3X
990,2005137746570972309,features,net_profit,0.0,5.0,PUSH,BET_3X
991,8720219825755745226,features,net_profit,-4.0,5.0,DEALER_WIN,BET_3X
992,2427351460284825668,features,net_profit,3.0,5.0,PLAYER_WIN,BET_3X
993,3598973533223013293,features,net_profit,-4.0,5.0,DEALER_WIN,BET_3X
994,3306106732614624872,features,net_profit,-5.0,5.0,DEALER_WIN,BET_3X
995,696646835999175665,features,net_profit,-5.0,5.0,DEALER_WIN,BET_3X
996,8727802249919895072,features,net_profit,3.0,5.0,PLAYER_WIN,BET_3X
997,6831522042568476323,features,net_profit,0.0,5.0,PUSH,BET_3X
998,3967449350180322190,features,net_profit,4.0,5.0,PLAYER_WIN,BET_3X
999,89011339428964285,features,net_profit,3.0,5.0,PLAYER_WIN,BET_3X
1000,2173141134868989908,features,net_profit,3.0,5.0,PLAYER_WIN,BET_3X
1001,4751001889901686380,features,net_profit,-5.0,5.0,DEALER_WIN,BET_3X
1002,2652373102794938904,features,net_profit,0.0,5.0,PUSH,BET_3X
1003,8025630605935624314,features,net_profit,4.0,5.0,PLAYER_WIN,BET_3X
1004,1758695306512911745,features,net_profit,-5.0,5.0,DEALER_WIN,BET_3X
1005,1475933262447653026,features,net_profit,-5.0,5.0,DEALER_WIN,BET_3X
1006,33538703499895562,features,net_profit,-5.0,5.0,DEALER_WIN,BET_3X
1007,6251637598155278728,features,net_profit,3.0,5.0,PLAYER_WIN,BET_3X
1008,7867692757445221850,features,net_profit,-5.0,5.0,DEALER_WIN,BET_3X
1009,2948658382926712518,features,net_profit,-5.0,5.0,DEALER_WIN,BET_3X
1010,8722809822822666613,features,net_profit,3.0,5.0,PLAYER_WIN,BET_3X
1011,1883637137265330064,features,net_profit,5.0,5.0,PLAYER_WIN,BET_3X
1012,230070794810797290,features,net_profit,0.0,5.0,PUSH,BET_3X
1013,2501522539531868577,features,net_profit,4.0,5.0,PLAYER_WIN,BET_3X
1014,9132791921339055375,features,net_profit,3.0,5.0,PLAYER_WIN,BET_3X
1015,4603444303841781025,features,net_profit,3.0,5.0,PLAYER_WIN,BET_3X
1016,2575299420825447994,features,net_profit,3.0,5.0,PLAYER_WIN,BET_3X
1017,1724361629891719601,features,net_profit,-5.0,5.0,DEALER_WIN,BET_3X
1018,8984503480712597555,features,net_profit,-5.0,5.0,DEALER_WIN,BET_3X
1019,1482633104850592482,features,net_profit,3.0,5.0,PLAYER_WIN,BET_3X
1020,287424359979157026,features,net_profit,-5.0,5.0,DEALER_WIN,BET_3X
1021,8032210412126726251,features,net_profit,-5.0,5.0,DEALER_WIN,BET_3X
1022,7428655951983590495,features,net_profit,-5.0,5.0,DEALER_WIN,BET_3X
1023,5306479600957145860,features,net_profit,4.0,5.0,PLAYER_WIN,BET_3X
1024,3529492875022518276,features,net_profit,4.0,5.0,PLAYER_WIN,BET_3X
1025,7790423061479456009,features,net_profit,3.0,5.0,PLAYER_WIN,BET_3X
1026,8300152246436168966,features,net_profit,-5.0,5.0,DEALER_WIN,BET_3X
1027,2442946475760941305,features,net_profit,3.0,5.0,PLAYER_WIN,BET_3X
1028,7878641414443596103,features,net_profit,-5.0,5.0,DEALER_WIN,BET_3X
1029,8525536469749626700,features,net_profit,5.0,5.0,PLAYER_WIN,BET_3X
1030,900241131420938008,features,net_profit,4.0,5.0,PLAYER_WIN,BET_3X
1031,2973814816799653046,features,net_profit,-5.0,5.0,DEALER_WIN,BET_3X
1032,5965536042900179340,features,net_profit,-5.0,5.0,DEALER_WIN,BET_3X
1033,6510704941295024038,features,net_profit,3.0,5.0,PLAYER_WIN,BET_3X
1034,4205197615084907735,features,net_profit,3.0,5.0,PLAYER_WIN,BET_3X
1035,531272726709690614,features,net_profit,-5.0,5.0,DEALER_WIN,BET_3X
1036,1054375091832971760,features,net_profit,4.0,5.0,PLAYER_WIN,BET_3X
1037,7450003271065202270,features,net_profit,-5.0,5.0,DEALER_WIN,BET_3X
1038,8400965488113898102,features,net_profit,7.0,5.0,PLAYER_WIN,BET_3X
1039,32340385308052114,features,net_profit,-5.0,5.0,DEALER_WIN,BET_3X
1040,792603988276021195,features,net_profit,-5.0,5.0,DEALER_WIN,BET_3X
1041,6641385167087138356,features,net_profit,-5.0,5.0,DEALER_WIN,BET_3X
1042,8312150043458276566,features,net_profit,-5.0,5.0,DEALER_WIN,BET_3X
1043,1725591131878008158,features,net_profit,-5.0,5.0,DEALER_WIN,BET_3X
1044,5463800433945976264,features,net_profit,3.0,5.0,PLAYER_WIN,BET_3X
1045,597541467802536572,features,net_profit,4.0,5.0,PLAYER_WIN,BET_3X
1046,4622386347176628389,features,net_profit,4.0,5.0,PLAYER_WIN,BET_3X
1047,4998704094659130862,features,net_profit,-5.0,5.0,DEALER_WIN,BET_3X
1048,5613031554883876389,features,net_profit,4.0,5.0,PLAYER_WIN,BET_3X
1049,1760505772636099464,features,net_profit,4.0,5.0,PLAYER_WIN,BET_3X
1050,3773031085955081085,features,net_profit,3.0,5.0,PLAYER_WIN,BET_3X
1051,7926150578342851502,features,net_profit,3.0,5.0,PLAYER_WIN,BET_3X
1052,2188889684332944230,features,net_profit,4.0,5.0,PLAYER_WIN,BET_3X
1053,9093314295729719335,features,net_profit,4.0,5.0,PLAYER_WIN,BET_3X
1054,1036798936398211949,features,net_profit,4.0,5.0,PLAYER_WIN,BET_3X
1055,2255872217419425696,features,net_profit,0.0,5.0,PUSH,BET_3X
1056,6150765378863393544,features,net_profit,-5.0,5.0,DEALER_WIN,BET_3X
1057,3334158893204803805,features,net_profit,5.0,5.0,PLAYER_WIN,BET_3X
1058,7725938513764513742,features,net_profit,4.0,5.0,PLAYER_WIN,BET_3X
1059,313150713141875991,features,net_profit,5.0,5.0,PLAYER_WIN,BET_3X
1060,3851653475958805838,features,net_profit,-5.0,5.0,DEALER_WIN,BET_3X
1061,4205795062316123117,features,net_profit,-5.0,5.0,DEALER_WIN,BET_3X
1062,4346592031018967368,features,net_profit,-5.0,5.0,DEALER_WIN,BET_3X
1063,993007821772399121,features,net_profit,0.0,5.0,PUSH,BET_3X
1064,2630196962217389289,features,net_profit,-5.0,5.0,DEALER_WIN,BET_3X
1065,8989613826598699267,features,net_profit,3.0,5.0,PLAYER_WIN,BET_3X
1066,4527903879929474735,features,net_profit,4.0,5.0,PLAYER_WIN,BET_3X
1067,7264005826120718261,features,net_profit,-5.0,5.0,DEALER_WIN,BET_3X
1068,8835217961623195179,features,net_profit,4.0,5.0,PLAYER_WIN,BET_3X
1069,1667172766141264948,features,net_profit,-5.0,5.0,DEALER_WIN,BET_3X
1070,2942420325870842103,features,net_profit,3.0,5.0,PLAYER_WIN,BET_3X
1071,1274681520518962489,features,net_profit,4.0,5.0,PLAYER_WIN,BET_3X
1072,251645140747078058,features,net_profit,-5.0,5.0,DEALER_WIN,BET_3X
1073,452574880743947789,features,net_profit,-5.0,5.0,DEALER_WIN,BET_3X
1074,3258250222591482533,features,net_profit,4.5,5.0,PLAYER_WIN,BET_3X
1075,430758384329055321,features,net_profit,7.0,5.0,PLAYER_WIN,BET_3X
1076,20079771407358070,features,net_profit,-5.0,5.0,DEALER_WIN,BET_3X
1077,7991993845048913297,features,net_profit,4.0,5.0,PLAYER_WIN,BET_3X
1078,7711583253720293448,features,net_profit,3.0,5.0,PLAYER_WIN,BET_3X
1079,6244317047086301352,features,net_profit,-5.0,5.0,DEALER_WIN,BET_3X
1080,8368483404186204608,features,net_profit,-5.0,5.0,DEALER_WIN,BET_3X
1081,3367288395825935492,features,net_profit,-5.0,5.0,DEALER_WIN,BET_3X
1082,3158736191929733843,features,net_profit,4.5,5.0,PLAYER_WIN,BET_3X
1083,1925072958576109371,features,net_profit,-5.0,5.0,DEALER_WIN,BET_3X
1084,4788502063511539582,features,net_profit,4.0,5.0,PLAYER_WIN,BET_3X
1085,5774323927864460446,features,net_profit,3.0,5.0,PLAYER_WIN,BET_3X
1086,4110353397394623869,features,net_profit,4.0,5.0,PLAYER_WIN,BET_3X
1087,1231700399586321655,features,net_profit,-5.0,5.0,DEALER_WIN,BET_3X
1088,2539152011170060280,features,net_profit,4.0,5.0,PLAYER_WIN,BET_3X
1089,8283813039041037150,features,net_profit,4.0,5.0,PLAYER_WIN,BET_3X
1090,7844249940230915280,features,net_profit,3.0,5.0,PLAYER_WIN,BET_3X
1091,9079589198462605552,features,net_profit,3.0,5.0,PLAYER_WIN,BET_3X
1092,8028926828789343751,features,net_profit,-5.0,5.0,DEALER_WIN,BET_3X
1093,6083993522733687520,features,net_profit,-5.0,5.0,DEALER_WIN,BET_3X
1094,7044349970595460227,features,net_profit,-5.0,5.0,DEALER_WIN,BET_3X
1095,367243461377194050,features,net_profit,-5.0,5.0,DEALER_WIN,BET_3X
1096,5840557789930459443,features,net_profit,3.0,5.0,PLAYER_WIN,BET_3X
1097,1977959691244489894,features,net_profit,-5.0,5.0,DEALER_WIN,BET_3X
1098,3179232394445059164,features,net_profit,4.0,5.0,PLAYER_WIN,BET_3X
1099,258006308160869315,features,net_profit,-5.0,5.0,DEALER_WIN,BET_3X
1100,5041519687702194785,features,net_profit,3.0,5.0,PLAYER_WIN,BET_3X
1101,2091359411370048772,features,net_profit,-5.0,5.0,DEALER_WIN,BET_3X
1102,3413796138228252299,features,net_profit,-5.0,5.0,DEALER_WIN,BET_3X
1103,4424945820301786306,features,net_profit,4.0,5.0,PLAYER_WIN,BET_3X
1104,846819341435776975,features,net_profit,4.0,5.0,PLAYER_WIN,BET_3X
1105,1588242764290055132,features,net_profit,-5.0,5.0,DEALER_WIN,BET_3X
1106,8202940437554987855,features,net_profit,4.0,5.0,PLAYER_WIN,BET_3X
1107,5934402203434804987,features,net_profit,-5.0,5.0,DEALER_WIN,BET_3X
1108,5341269380382185457,features,net_profit,-5.0,5.0,DEALER_WIN,BET_3X
1109,271066303418839237,features,net_profit,4.0,5.0,PLAYER_WIN,BET_3X
1110,8544157015252053180,features,net_profit,0.0,5.0,PUSH,BET_3X
1111,2072160116079405979,features,net_profit,-5.0,5.0,DEALER_WIN,BET_3X
1112,4683866129183041490,features,net_profit,-5.0,5.0,DEALER_WIN,BET_3X
1113,7413950995111140777,features,net_profit,0.0,5.0,PUSH,BET_3X
1114,5524583277462005416,features,net_profit,4.0,5.0,PLAYER_WIN,BET_3X
1115,1355421567714243879,features,net_profit,3.0,5.0,PLAYER_WIN,BET_3X
1116,7810828962647091327,features,net_profit,-5.0,5.0,DEALER_WIN,BET_3X
1117,3045806173086116964,features,net_profit,-5.0,5.0,DEALER_WIN,BET_3X
1118,1137229878242916343,features,net_profit,4.0,5.0,PLAYER_WIN,BET_3X
1119,6038697407520629741,features,net_profit,4.0,5.0,PLAYER_WIN,BET_3X
1120,709462434103717100,features,net_profit,0.0,5.0,PUSH,BET_3X
1121,8179539522019027873,features,net_profit,-5.0,5.0,DEALER_WIN,BET_3X
1122,2258979581545413386,features,net_profit,-5.0,5.0,DEALER_WIN,BET_3X
1123,4705388366183090509,features,net_profit,4.0,5.0,PLAYER_WIN,BET_3X
1124,2247207438981736902,features,net_profit,-5.0,5.0,DEALER_WIN,BET_3X
1125,1601666378984515152,features,net_profit,3.0,5.0,PLAYER_WIN,BET_3X
1126,2304894912099371084,features,net_profit,-5.0,5.0,DEALER_WIN,BET_3X
1127,8484700075572541019,features,net_profit,4.0,5.0,PLAYER_WIN,BET_3X
1128,6199260667204120039,features,net_profit,5.5,5.0,PLAYER_WIN,BET_3X
1129,2309607322452848285,features,net_profit,-5.0,5.0,DEALER_WIN,BET_3X
1130,9173723994529567572,features,net_profit,5.5,5.0,PLAYER_WIN,BET_3X
1131,5904920283159011043,features,net_profit,0.0,5.0,PUSH,BET_3X
1132,8259432101237617085,features,net_profit,-5.0,5.0,DEALER_WIN,BET_3X
1133,8229542592796346512,features,net_profit,-5.0,5.0,DEALER_WIN,BET_3X
1134,4049345122276298426,features,net_profit,3.0,5.0,PLAYER_WIN,BET_3X
1135,6464001223035647955,features,net_profit,-5.0,5.0,DEALER_WIN,BET_3X
1136,788882454444367572,features,net_profit,-5.0,5.0,DEALER_WIN,BET_3X
1137,2102889432502108308,features,net_profit,4.0,5.0,PLAYER_WIN,BET_3X
1138,7315941879040282648,features,net_profit,4.0,5.0,PLAYER_WIN,BET_3X
1139,7954972670476287171,features,net_profit,-5.0,5.0,DEALER_WIN,BET_3X
1140,2644742355192589223,features,net_profit,4.5,5.0,PLAYER_WIN,BET_3X
1141,9063220196491571107,features,net_profit,-5.0,5.0,DEALER_WIN,BET_3X
1142,6188109670991404909,features,net_profit,-5.0,5.0,DEALER_WIN,BET_3X
1143,3781338508286422147,features,net_profit,-5.0,5.0,DEALER_WIN,BET_3X
1144,7594849174189326934,features,net_profit,4.0,5.0,PLAYER_WIN,BET_3X
1145,5680106254961420219,features,net_profit,3.0,5.0,PLAYER_WIN,BET_3X
1146,178756719457684243,features,net_profit,4.0,5.0,PLAYER_WIN,BET_3X
1147,7183678278855594243,features,net_profit,4.0,5.0,PLAYER_WIN,BET_3X
1148,9196820080190845334,features,net_profit,4.0,5.0,PLAYER_WIN,BET_3X
1149,7485958447908941904,features,net_profit,4.0,5.0,PLAYER_WIN,BET_3X
1150,3849711014337913949,features,net_profit,3.0,5.0,PLAYER_WIN,BET_3X
1151,126422477543669833,features,net_profit,-5.0,5.0,DEALER_WIN,BET_3X
1152,8439256671460699901,features,net_profit,4.0,5.0,PLAYER_WIN,BET_3X
1153,2070919742667742440,features,net_profit,3.0,5.0,PLAYER_WIN,BET_3X
1154,3281238657941389593,features,net_profit,-5.0,5.0,DEALER_WIN,BET_3X
1155,7706526017662479405,features,net_profit,-5.0,5.0,DEALER_WIN,BET_3X
1156,8399437375896520563,features,net_profit,-5.0,5.0,DEALER_WIN,BET_3X
1157,688149317929792956,features,net_profit,-5.0,5.0,DEALER_WIN,BET_3X
1158,8617381456869387032,features,net_profit,-5.0,5.0,DEALER_WIN,BET_3X
1159,4029046777360316120,features,net_profit,3.0,5.0,PLAYER_WIN,BET_3X
1160,7598158589057077289,features,net_profit,-5.0,5.0,DEALER_WIN,BET_3X
1161,8168452929101724196,features,net_profit,-5.0,5.0,DEALER_WIN,BET_3X
1162,1904042482205448728,features,net_profit,-5.0,5.0,DEALER_WIN,BET_3X
1163,1869840184886249037,features,net_profit,3.0,5.0,PLAYER_WIN,BET_3X
1164,117440542707706698,features,net_profit,-5.0,5.0,DEALER_WIN,BET_3X
1165,8656168309159298444,features,net_profit,3.0,5.0,PLAYER_WIN,BET_3X
1166,4610124743560593564,features,net_profit,4.0,5.0,PLAYER_WIN,BET_3X
1167,4101915951706015951,features,net_profit,3.0,5.0,PLAYER_WIN,BET_3X
1168,3058853781946773314,features,net_profit,4.0,5.0,PLAYER_WIN,BET_3X
1169,7681395457164577079,features,net_profit,7.0,5.0,PLAYER_WIN,BET_3X
1170,5313005715464136509,features,net_profit,-5.0,5.0,DEALER_WIN,BET_3X
1171,5236890620274248003,features,net_profit,-5.0,5.0,DEALER_WIN,BET_3X
1172,8768643180507022176,features,net_profit,-5.0,5.0,DEALER_WIN,BET_3X
1173,7916391916998395536,features,net_profit,4.0,5.0,PLAYER_WIN,BET_3X
1174,8437645874988898780,features,net_profit,4.0,5.0,PLAYER_WIN,BET_3X
1175,8584360370691938061,features,net_profit,4.0,5.0,PLAYER_WIN,BET_3X
1176,5303615337387894620,features,net_profit,4.0,5.0,PLAYER_WIN,BET_3X
1177,2849071702876537470,features,net_profit,0.0,5.0,PUSH,BET_3X
1178,8670368587893582194,features,net_profit,-5.0,5.0,DEALER_WIN,BET_3X
1179,2805328380139458044,features,net_profit,-5.0,5.0,DEALER_WIN,BET_3X
1180,7621338380995611573,features,net_profit,4.0,5.0,PLAYER_WIN,BET_3X
1181,451848925542012985,features,net_profit,-5.0,5.0,DEALER_WIN,BET_3X
1182,2665870194005600409,features,net_profit,-4.0,5.0,DEALER_WIN,BET_3X
1183,7555483241960411731,features,net_profit,4.0,5.0,PLAYER_WIN,BET_3X
1184,3133750649096830118,features,net_profit,-5.0,5.0,DEALER_WIN,BET_3X
1185,2690133363967143610,features,net_profit,-5.0,5.0,DEALER_WIN,BET_3X
1186,3432019153043194679,features,net_profit,3.0,5.0,PLAYER_WIN,BET_3X
1187,5838198993723319552,features,net_profit,-5.0,5.0,DEALER_WIN,BET_3X
1188,996717753644075032,features,net_profit,-5.0,5.0,DEALER_WIN,BET_3X
1189,6452474206588063607,features,net_profit,-5.0,5.0,DEALER_WIN,BET_3X
1190,7958143781201186417,features,net_profit,4.0,5.0,PLAYER_WIN,BET_3X
1191,1702606594388638012,features,net_profit,5.0,5.0,PLAYER_WIN,BET_3X
1192,5419345240095192344,features,net_profit,-5.0,5.0,DEALER_WIN,BET_3X
1193,435600082272539387,features,net_profit,0.0,5.0,PUSH,BET_3X
1194,8238102941490205168,features,net_profit,5.0,5.0,PLAYER_WIN,BET_3X
1195,1003516892640466504,features,net_profit,4.0,5.0,PLAYER_WIN,BET_3X
1196,937645075273741815,features,net_profit,4.0,5.0,PLAYER_WIN,BET_3X
1197,4505534735364751232,features,net_profit,-5.0,5.0,DEALER_WIN,BET_3X
1198,3100400014420850595,features,net_profit,3.0,5.0,PLAYER_WIN,BET_3X
1199,8794783993859203820,features,net_profit,4.0,5.0,PLAYER_WIN,BET_3X
1200,3242942222038322093,features,net_profit,4.0,5.0,PLAYER_WIN,BET_3X
1201,9207374481365474802,features,net_profit,4.5,5.0,PLAYER_WIN,BET_3X
1202,7122527531194325857,features,net_profit,-5.0,5.0,DEALER_WIN,BET_3X
1203,6211306604598752210,features,net_profit,3.0,5.0,PLAYER_WIN,BET_3X
1204,7713907947241534837,features,net_profit,3.0,5.0,PLAYER_WIN,BET_3X
1205,3864091370818423935,features,net_profit,4.0,5.0,PLAYER_WIN,BET_3X
1206,4130200441987910996,features,net_profit,4.0,5.0,PLAYER_WIN,BET_3X
1207,9019873977802955621,features,net_profit,-5.0,5.0,DEALER_WIN,BET_3X
1208,3676738203513974504,features,net_profit,-4.0,5.0,DEALER_WIN,BET_3X
1209,9163157027825047643,features,net_profit,-5.0,5.0,DEALER_WIN,BET_3X
1210,4444242640211464360,features,net_profit,-5.0,5.0,DEALER_WIN,BET_3X
1211,5172709708095674152,features,net_profit,-5.0,5.0,DEALER_WIN,BET_3X
1212,2398202004147632652,features,net_profit,5.0,5.0,PLAYER_WIN,BET_3X
1213,1036529366679787055,features,net_profit,0.0,5.0,PUSH,BET_3X
1214,8398745624299287746,features,net_profit,-5.0,5.0,DEALER_WIN,BET_3X
1215,8235235931199816152,features,net_profit,7.0,5.0,PLAYER_WIN,BET_3X
1216,4890810902163418353,features,net_profit,7.0,5.0,PLAYER_WIN,BET_3X
1217,8535412610929711479,features,net_profit,-5.0,5.0,DEALER_WIN,BET_3X
1218,1497719996370247987,features,net_profit,-5.0,5.0,DEALER_WIN,BET_3X
1219,6754351777149055790,features,net_profit,4.0,5.0,PLAYER_WIN,BET_3X
1220,7778863005045596107,features,net_profit,-5.0,5.0,DEALER_WIN,BET_3X
1221,4940370849459250769,features,net_profit,4.0,5.0,PLAYER_WIN,BET_3X
1222,7046226132112028496,features,net_profit,-5.0,5.0,DEALER_WIN,BET_3X
1223,2842920370552004896,features,net_profit,-5.0,5.0,DEALER_WIN,BET_3X
1224,3663393488914618925,features,net_profit,4.0,5.0,PLAYER_WIN,BET_3X
1225,8678686844415298619,features,net_profit,4.0,5.0,PLAYER_WIN,BET_3X
1226,5231245564173899422,features,net_profit,3.0,5.0,PLAYER_WIN,BET_3X
1227,1831597771075202516,features,net_profit,4.0,5.0,PLAYER_WIN,BET_3X
1228,5540544524791661239,features,net_profit,-5.0,5.0,DEALER_WIN,BET_3X
1229,8818380085946213574,features,net_profit,4.0,5.0,PLAYER_WIN,BET_3X
1230,4519264526446591327,features,net_profit,-5.0,5.0,DEALER_WIN,BET_3X
1231,4216423136028798513,features,net_profit,3.0,5.0,PLAYER_WIN,BET_3X
1232,2673062959002083335,features,net_profit,5.0,5.0,PLAYER_WIN,BET_3X
1233,3783230975175882388,features,net_profit,-5.0,5.0,DEALER_WIN,BET_3X
1234,4353438901396957064,features,net_profit,4.0,5.0,PLAYER_WIN,BET_3X
1235,416131994738167116,features,net_profit,3.0,5.0,PLAYER_WIN,BET_3X
1236,3240574660116131917,features,net_profit,-5.0,5.0,DEALER_WIN,BET_3X
1237,2972801423901133142,features,net_profit,-5.0,5.0,DEALER_WIN,BET_3X
1238,6241514599407970791,features,net_profit,4.0,5.0,PLAYER_WIN,BET_3X
1239,5711830038072438118,features,net_profit,4.0,5.0,PLAYER_WIN,BET_3X
1240,6094235562683760191,features,net_profit,0.0,5.0,PUSH,BET_3X
1241,6868484284919711003,features,net_profit,-5.0,5.0,DEALER_WIN,BET_3X
1242,3893311204462670582,features,net_profit,4.0,5.0,PLAYER_WIN,BET_3X
1243,9055446677944015632,features,net_profit,3.0,5.0,PLAYER_WIN,BET_3X
1244,5849120375706136133,features,net_profit,4.0,5.0,PLAYER_WIN,BET_3X
1245,7783926178224201212,features,net_profit,-5.0,5.0,DEALER_WIN,BET_3X
1246,7069098995419626227,features,net_profit,0.0,5.0,PUSH,BET_3X
1247,2372265450924986217,features,net_profit,-5.0,5.0,DEALER_WIN,BET_3X
1248,7085809462655679676,features,net_profit,4.0,5.0,PLAYER_WIN,BET_3X
1249,7463432095667777201,features,net_profit,-5.0,5.0,DEALER_WIN,BET_3X
1250,8744001807053495855,features,net_profit,-5.0,5.0,DEALER_WIN,BET_3X
1251,2386716227254559637,features,net_profit,-5.0,5.0,DEALER_WIN,BET_3X
1252,8877752226299224326,features,net_profit,4.0,5.0,PLAYER_WIN,BET_3X
1253,322269569271919782,features,net_profit,-5.0,5.0,DEALER_WIN,BET_3X
1254,8033107763064980849,features,net_profit,3.0,5.0,PLAYER_WIN,BET_3X
1255,4164181791667910314,features,net_profit,3.0,5.0,PLAYER_WIN,BET_3X
1256,8412995898832579709,features,net_profit,5.0,5.0,PLAYER_WIN,BET_3X
1257,4012093103752195505,features,net_profit,5.0,5.0,PLAYER_WIN,BET_3X
1258,5706831875124843813,features,net_profit,4.0,5.0,PLAYER_WIN,BET_3X
1259,7799682895343920340,features,net_profit,-5.0,5.0,DEALER_WIN,BET_3X
1260,5487141231862623281,features,net_profit,-4.0,5.0,DEALER_WIN,BET_3X
1261,1200608231203502457,features,net_profit,5.5,5.0,PLAYER_WIN,BET_3X
1262,5547734820279428501,features,net_profit,-5.0,5.0,DEALER_WIN,BET_3X
1263,5007003666517487573,features,net_profit,4.0,5.0,PLAYER_WIN,BET_3X
1264,2617294112713165719,features,net_profit,-5.0,5.0,DEALER_WIN,BET_3X
1265,6127645422416111555,features,net_profit,-5.0,5.0,DEALER_WIN,BET_3X
1266,1431839606688997870,features,net_profit,0.0,5.0,PUSH,BET_3X
1267,4783030670272833982,features,net_profit,4.0,5.0,PLAYER_WIN,BET_3X
1268,7859663660613786495,features,net_profit,4.0,5.0,PLAYER_WIN,BET_3X
1269,1041842318151669327,features,net_profit,-5.0,5.0,DEALER_WIN,BET_3X
1270,2807938010828474670,features,net_profit,-5.0,5.0,DEALER_WIN,BET_3X
1271,2639159310204443175,features,net_profit,-5.0,5.0,DEALER_WIN,BET_3X
1272,1091657476148484848,features,net_profit,-5.0,5.0,DEALER_WIN,BET_3X
1273,2500482958959159555,features,net_profit,-5.0,5.0,DEALER_WIN,BET_3X
1274,640857778365657897,features,net_profit,-5.0,5.0,DEALER_WIN,BET_3X
1275,1415289226242712879,features,net_profit,3.0,5.0,PLAYER_WIN,BET_3X
1276,621838624144925470,features,net_profit,4.0,5.0,PLAYER_WIN,BET_3X
1277,563200965238475958,features,net_profit,3.0,5.0,PLAYER_WIN,BET_3X
1278,2359981439400428916,features,net_profit,0.0,5.0,PUSH,BET_3X
1279,8687129613864601333,features,net_profit,-4.0,5.0,DEALER_WIN,BET_3X
1280,5654267061038162037,features,net_profit,-5.0,5.0,DEALER_WIN,BET_3X
1281,7608515545172607046,features,net_profit,-5.0,5.0,DEALER_WIN,BET_3X
1282,5483622470330475584,features,net_profit,-5.0,5.0,DEALER_WIN,BET_3X
1283,7871289473318603083,features,net_profit,-4.0,5.0,DEALER_WIN,BET_3X
1284,3448480799270461269,features,net_profit,-5.0,5.0,DEALER_WIN,BET_3X
1285,7291277836198626816,features,net_profit,4.0,5.0,PLAYER_WIN,BET_3X
1286,4447723471224222442,features,net_profit,-5.0,5.0,DEALER_WIN,BET_3X
1287,1739206862123126843,features,net_profit,5.5,5.0,PLAYER_WIN,BET_3X
1288,3062401210676432428,features,net_profit,-5.0,5.0,DEALER_WIN,BET_3X
1289,5722106987181351194,features,net_profit,4.0,5.0,PLAYER_WIN,BET_3X
1290,4302291847419754638,features,net_profit,0.0,5.0,PUSH,BET_3X
1291,8560677405178744195,features,net_profit,-5.0,5.0,DEALER_WIN,BET_3X
1292,617616614726906064,features,net_profit,-5.0,5.0,DEALER_WIN,BET_3X
1293,9033256196396176952,features,net_profit,-5.0,5.0,DEALER_WIN,BET_3X
1294,4209436049901453403,features,net_profit,-5.0,5.0,DEALER_WIN,BET_3X
1295,2151735676729618689,features,net_profit,5.0,5.0,PLAYER_WIN,BET_3X
1296,5212156105356581307,features,net_profit,-5.0,5.0,DEALER_WIN,BET_3X
1297,6922358518899554287,features,net_profit,-4.0,5.0,DEALER_WIN,BET_3X
1298,8745579999531707415,features,net_profit,4.0,5.0,PLAYER_WIN,BET_3X
1299,3597070998506864895,features,net_profit,-5.0,5.0,DEALER_WIN,BET_3X
1300,4384708403930269102,features,net_profit,-5.0,5.0,DEALER_WIN,BET_3X
1301,8639057858820145644,features,net_profit,4.0,5.0,PLAYER_WIN,BET_3X
1302,5423026297444360655,features,net_profit,-5.0,5.0,DEALER_WIN,BET_3X
1303,6035859061974806878,features,net_profit,5.0,5.0,PLAYER_WIN,BET_3X
1304,4140762081061262816,features,net_profit,-5.0,5.0,DEALER_WIN,BET_3X
1305,2039169072664694698,features,net_profit,4.0,5.0,PLAYER_WIN,BET_3X
1306,7261693007822852979,features,net_profit,4.0,5.0,PLAYER_WIN,BET_3X
1307,2361100303713412770,features,net_profit,-5.0,5.0,DEALER_WIN,BET_3X
1308,4417216828810072443,features,net_profit,4.0,5.0,PLAYER_WIN,BET_3X
1309,6910938802935714139,features,net_profit,3.0,5.0,PLAYER_WIN,BET_3X
1310,5327104533333288434,features,net_profit,-5.0,5.0,DEALER_WIN,BET_3X
1311,9074673193288097870,features,net_profit,-5.0,5.0,DEALER_WIN,BET_3X
1312,8661245229263981737,features,net_profit,-5.0,5.0,DEALER_WIN,BET_3X
1313,2371209142237566163,features,net_profit,4.0,5.0,PLAYER_WIN,BET_3X
1314,8426050124395478013,features,net_profit,3.0,5.0,PLAYER_WIN,BET_3X
1315,6531547158114890916,features,net_profit,-5.0,5.0,DEALER_WIN,BET_3X
1316,4719327623297257569,features,net_profit,-5.0,5.0,DEALER_WIN,BET_3X
1317,6202511469712217742,features,net_profit,4.0,5.0,PLAYER_WIN,BET_3X
1318,3718866476893235667,features,net_profit,0.0,5.0,PUSH,BET_3X
1319,933973746023529726,features,net_profit,4.0,5.0,PLAYER_WIN,BET_3X
1320,1829330533167928196,features,net_profit,4.0,5.0,PLAYER_WIN,BET_3X
1321,7127681761821759605,features,net_profit,-5.0,5.0,DEALER_WIN,BET_3X
1322,7165588210701594658,features,net_profit,-5.0,5.0,DEALER_WIN,BET_3X
1323,5093479324997716792,features,net_profit,-5.0,5.0,DEALER_WIN,BET_3X
1324,5697763341748783926,features,net_profit,-5.0,5.0,DEALER_WIN,BET_3X
1325,9196175419848776843,features,net_profit,-5.0,5.0,DEALER_WIN,BET_3X
1326,3412273809541398043,features,net_profit,3.0,5.0,PLAYER_WIN,BET_3X
1327,3372313035402629886,features,net_profit,-5.0,5.0,DEALER_WIN,BET_3X
1328,4908617180526232430,features,net_profit,3.0,5.0,PLAYER_WIN,BET_3X
1329,8191431634909406045,features,net_profit,-5.0,5.0,DEALER_WIN,BET_3X
1330,6143667873170257595,features,net_profit,5.0,5.0,PLAYER_WIN,BET_3X
1331,5945825047048673740,features,net_profit,4.0,5.0,PLAYER_WIN,BET_3X
1332,4935998475300175992,features,net_profit,5.5,5.0,PLAYER_WIN,BET_3X
1333,1894466286647268915,features,net_profit,4.0,5.0,PLAYER_WIN,BET_3X
1334,7517589447612466095,features,net_profit,-5.0,5.0,DEALER_WIN,BET_3X
1335,7718559627162238441,features,net_profit,-5.0,5.0,DEALER_WIN,BET_3X
1336,3046220738195633989,features,net_profit,-5.0,5.0,DEALER_WIN,BET_3X
1337,2851437806605892026,features,net_profit,-5.0,5.0,DEALER_WIN,BET_3X
1338,5105740036110257985,features,net_profit,4.0,5.0,PLAYER_WIN,BET_3X
1339,972753767659694481,features,net_profit,-5.0,5.0,DEALER_WIN,BET_3X
1340,3818985952824772781,features,net_profit,4.0,5.0,PLAYER_WIN,BET_3X
1341,6984248494470594510,features,net_profit,-5.0,5.0,DEALER_WIN,BET_3X
1342,1706834233308464919,features,net_profit,-5.0,5.0,DEALER_WIN,BET_3X
1343,3738610918600394290,features,net_profit,5.0,5.0,PLAYER_WIN,BET_3X
1344,8693581685970958596,features,net_profit,-5.0,5.0,DEALER_WIN,BET_3X
1345,6898479698877100365,features,net_profit,-5.0,5.0,DEALER_WIN,BET_3X
1346,6467017529299915674,features,net_profit,-5.0,5.0,DEALER_WIN,BET_3X
1347,9098379982712861676,features,net_profit,-5.0,5.0,DEALER_WIN,BET_3X
1348,2899543734473463456,features,net_profit,-5.0,5.0,DEALER_WIN,BET_3X
1349,7707419387808675928,features,net_profit,-5.0,5.0,DEALER_WIN,BET_3X
1350,7649804663698897479,features,net_profit,-5.0,5.0,DEALER_WIN,BET_3X
1351,8925557195151259406,features,net_profit,14.0,5.0,PLAYER_WIN,BET_3X
1352,6734187378102762012,features,net_profit,3.0,5.0,PLAYER_WIN,BET_3X
1353,5175046303819216187,features,net_profit,-4.0,5.0,DEALER_WIN,BET_3X
1354,147091365715262956,features,net_profit,5.5,5.0,PLAYER_WIN,BET_3X
1355,6691159194168538952,features,net_profit,4.0,5.0,PLAYER_WIN,BET_3X
1356,2050926938726983849,features,net_profit,-5.0,5.0,DEALER_WIN,BET_3X
1357,4967635575186951080,features,net_profit,-5.0,5.0,DEALER_WIN,BET_3X
1358,3066966942440628611,features,net_profit,3.0,5.0,PLAYER_WIN,BET_3X
1359,1287949472356671444,features,net_profit,-5.0,5.0,DEALER_WIN,BET_3X
1360,3184005751675782129,features,net_profit,0.0,5.0,PUSH,BET_3X
1361,873212744385808736,features,net_profit,7.0,5.0,PLAYER_WIN,BET_3X
1362,7073541531208686988,features,net_profit,-5.0,5.0,DEALER_WIN,BET_3X
1363,2100888445096372866,features,net_profit,-5.0,5.0,DEALER_WIN,BET_3X
1364,6324335274389368275,features,net_profit,4.0,5.0,PLAYER_WIN,BET_3X
1365,1124115596723799020,features,net_profit,4.0,5.0,PLAYER_WIN,BET_3X
1366,4018782336612168715,features,net_profit,4.0,5.0,PLAYER_WIN,BET_3X
1367,3256661997488352551,features,net_profit,4.0,5.0,PLAYER_WIN,BET_3X
1368,5760690551031542593,features,net_profit,-4.0,5.0,DEALER_WIN,BET_3X
1369,9149421735694500915,features,net_profit,4.0,5.0,PLAYER_WIN,BET_3X
1370,3370419085872373448,features,net_profit,-5.0,5.0,DEALER_WIN,BET_3X
1371,7606557875223620020,features,net_profit,4.0,5.0,PLAYER_WIN,BET_3X
1372,5608549038169476809,features,net_profit,3.0,5.0,PLAYER_WIN,BET_3X
1373,5288448926716375676,features,net_profit,3.0,5.0,PLAYER_WIN,BET_3X
1374,5509828904883306380,features,net_profit,-5.0,5.0,DEALER_WIN,BET_3X
1375,143279103677173635,features,net_profit,4.0,5.0,PLAYER_WIN,BET_3X
1376,3794372287911141599,features,net_profit,-5.0,5.0,DEALER_WIN,BET_3X
1377,5691759518580562763,features,net_profit,-5.0,5.0,DEALER_WIN,BET_3X
1378,5366342177281116041,features,net_profit,-5.0,5.0,DEALER_WIN,BET_3X
1379,4486346172882605694,features,net_profit,-5.0,5.0,DEALER_WIN,BET_3X
1380,7465999684905714817,features,net_profit,4.0,5.0,PLAYER_WIN,BET_3X
1381,3131543343730496541,features,net_profit,-5.0,5.0,DEALER_WIN,BET_3X
1382,439495856479884802,features,net_profit,4.0,5.0,PLAYER_WIN,BET_3X
1383,6476586417654793528,features,net_profit,-5.0,5.0,DEALER_WIN,BET_3X
1384,5576205330831016449,features,net_profit,-5.0,5.0,DEALER_WIN,BET_3X
1385,2694052393289655288,features,net_profit,-5.0,5.0,DEALER_WIN,BET_3X
1386,101536616190254274,features,net_profit,4.0,5.0,PLAYER_WIN,BET_3X
1387,1151933629421364550,features,net_profit,4.0,5.0,PLAYER_WIN,BET_3X
1388,3022294716807514476,features,net_profit,-5.0,5.0,DEALER_WIN,BET_3X
1389,31611237461456647,features,net_profit,3.0,5.0,PLAYER_WIN,BET_3X
1390,8838287183588697087,features,net_profit,3.0,5.0,PLAYER_WIN,BET_3X
1391,1415939015069862703,features,net_profit,-5.0,5.0,DEALER_WIN,BET_3X
1392,6226387113619986834,features,net_profit,-5.0,5.0,DEALER_WIN,BET_3X
1393,7351695464058841775,features,net_profit,-5.0,5.0,DEALER_WIN,BET_3X
1394,4597172830246536566,features,net_profit,-5.0,5.0,DEALER_WIN,BET_3X
1395,9201196837241931896,features,net_profit,-5.0,5.0,DEALER_WIN,BET_3X
1396,3299920387742176295,features,net_profit,-5.0,5.0,DEALER_WIN,BET_3X
1397,9060578767944649805,features,net_profit,-5.0,5.0,DEALER_WIN,BET_3X
1398,7131322578067629968,features,net_profit,3.0,5.0,PLAYER_WIN,BET_3X
1399,7717802304377847088,features,net_profit,-5.0,5.0,DEALER_WIN,BET_3X
1400,5409786661685916121,features,net_profit,0.0,5.0,PUSH,BET_3X
1401,5890335611682318501,features,net_profit,-5.0,5.0,DEALER_WIN,BET_3X
1402,5654876338733341092,features,net_profit,-5.0,5.0,DEALER_WIN,BET_3X
1403,8403304506001235112,features,net_profit,-5.0,5.0,DEALER_WIN,BET_3X
1404,4265414195365498051,features,net_profit,4.0,5.0,PLAYER_WIN,BET_3X
1405,8142698358966480385,features,net_profit,-5.0,5.0,DEALER_WIN,BET_3X
1406,7723198225422701589,features,net_profit,-5.0,5.0,DEALER_WIN,BET_3X
1407,7966622045962767308,features,net_profit,-5.0,5.0,DEALER_WIN,BET_3X
1408,2916964207296855590,features,net_profit,4.0,5.0,PLAYER_WIN,BET_3X
1409,4268660796429824950,features,net_profit,3.0,5.0,PLAYER_WIN,BET_3X
1410,7178735634601175653,features,net_profit,4.0,5.0,PLAYER_WIN,BET_3X
1411,5896145547259953579,features,net_profit,4.0,5.0,PLAYER_WIN,BET_3X
1412,3522298123158160973,features,net_profit,3.0,5.0,PLAYER_WIN,BET_3X
1413,5485542604874358604,features,net_profit,3.0,5.0,PLAYER_WIN,BET_3X
1414,7484089243420771897,features,net_profit,-5.0,5.0,DEALER_WIN,BET_3X
1415,3302638184796077007,features,net_profit,-5.0,5.0,DEALER_WIN,BET_3X
1416,8781073197511765731,features,net_profit,3.0,5.0,PLAYER_WIN,BET_3X
1417,1619158679380131579,features,net_profit,-5.0,5.0,DEALER_WIN,BET_3X
1418,551522053752283631,features,net_profit,5.0,5.0,PLAYER_WIN,BET_3X
1419,7456515853306383515,features,net_profit,4.0,5.0,PLAYER_WIN,BET_3X
1420,5937448518837851628,features,net_profit,4.0,5.0,PLAYER_WIN,BET_3X
1421,6559512130621921797,features,net_profit,-5.0,5.0,DEALER_WIN,BET_3X
1422,1273232838605333899,features,net_profit,-5.0,5.0,DEALER_WIN,BET_3X
1423,6448139503695210024,features,net_profit,4.0,5.0,PLAYER_WIN,BET_3X
1424,4173987724441870253,features,net_profit,-5.0,5.0,DEALER_WIN,BET_3X
1425,2813857178189012385,features,net_profit,4.0,5.0,PLAYER_WIN,BET_3X
1426,4868029907348731359,features,net_profit,-5.0,5.0,DEALER_WIN,BET_3X
1427,3558666007166698340,features,net_profit,4.0,5.0,PLAYER_WIN,BET_3X
1428,6768479108251100407,features,net_profit,0.0,5.0,PUSH,BET_3X
1429,3330350905021995663,features,net_profit,7.0,5.0,PLAYER_WIN,BET_3X
1430,3197766818826974933,features,net_profit,-5.0,5.0,DEALER_WIN,BET_3X
1431,5858867470136378168,features,net_profit,4.0,5.0,PLAYER_WIN,BET_3X
1432,699216507031950642,features,net_profit,-4.0,5.0,DEALER_WIN,BET_3X
1433,5928238444213262809,features,net_profit,-5.0,5.0,DEALER_WIN,BET_3X
1434,1475149981248865584,features,net_profit,-5.0,5.0,DEALER_WIN,BET_3X
1435,169973454147600091,features,net_profit,-5.0,5.0,DEALER_WIN,BET_3X
1436,418902612952652254,features,net_profit,3.0,5.0,PLAYER_WIN,BET_3X
1437,9039252565900231118,features,net_profit,-5.0,5.0,DEALER_WIN,BET_3X
1438,1871675442833820573,features,net_profit,-5.0,5.0,DEALER_WIN,BET_3X
1439,4776873675951770246,features,net_profit,4.0,5.0,PLAYER_WIN,BET_3X
1440,1819530981497078222,features,net_profit,3.0,5.0,PLAYER_WIN,BET_3X
1441,1835109343740906356,features,net_profit,-5.0,5.0,DEALER_WIN,BET_3X
1442,7133746391913214796,features,net_profit,4.0,5.0,PLAYER_WIN,BET_3X
1443,4982450519690919940,features,net_profit,-5.0,5.0,DEALER_WIN,BET_3X
1444,2488986202173658666,features,net_profit,3.0,5.0,PLAYER_WIN,BET_3X
1445,5788174618084765656,features,net_profit,7.0,5.0,PLAYER_WIN,BET_3X
1446,5800617968527134068,features,net_profit,3.0,5.0,PLAYER_WIN,BET_3X
1447,7721195635161957124,features,net_profit,-5.0,5.0,DEALER_WIN,BET_3X
1448,3592440755616966525,features,net_profit,-5.0,5.0,DEALER_WIN,BET_3X
1449,2365546622226802361,features,net_profit,-5.0,5.0,DEALER_WIN,BET_3X
1450,6774604120511477155,features,net_profit,4.0,5.0,PLAYER_WIN,BET_3X
1451,2922366730585668790,features,net_profit,4.0,5.0,PLAYER_WIN,BET_3X
1452,2396466598083144208,features,net_profit,0.0,5.0,PUSH,BET_3X
1453,8393387890001164703,features,net_profit,5.0,5.0,PLAYER_WIN,BET_3X
1454,3443355909739465496,features,net_profit,-5.0,5.0,DEALER_WIN,BET_3X
1455,7561716517118275253,features,net_profit,4.0,5.0,PLAYER_WIN,BET_3X
1456,876754955072802546,features,net_profit,-5.0,5.0,DEALER_WIN,BET_3X
1457,3424766123155747260,features,net_profit,-5.0,5.0,DEALER_WIN,BET_3X
1458,8733389037366209553,features,net_profit,4.0,5.0,PLAYER_WIN,BET_3X
1459,6453553815253117406,features,net_profit,3.0,5.0,PLAYER_WIN,BET_3X
1460,3884330589064543446,features,net_profit,-5.0,5.0,DEALER_WIN,BET_3X
1461,8171743067686064912,features,net_profit,4.0,5.0,PLAYER_WIN,BET_3X
1462,5761890851045367837,features,net_profit,3.0,5.0,PLAYER_WIN,BET_3X
1463,564635081583819976,features,net_profit,3.0,5.0,PLAYER_WIN,BET_3X
1464,260466161095494257,features,net_profit,-5.0,5.0,DEALER_WIN,BET_3X
1465,7848398658229901033,features,net_profit,-5.0,5.0,DEALER_WIN,BET_3X
1466,4641500459469168729,features,net_profit,-5.0,5.0,DEALER_WIN,BET_3X
1467,6200760992432924399,features,net_profit,4.0,5.0,PLAYER_WIN,BET_3X
1468,6194261259568973548,features,net_profit,4.0,5.0,PLAYER_WIN,BET_3X
1469,8469389738362291926,features,net_profit,-5.0,5.0,DEALER_WIN,BET_3X
1470,3719868207292654331,features,net_profit,4.0,5.0,PLAYER_WIN,BET_3X
1471,7349472207006283012,features,net_profit,-5.0,5.0,DEALER_WIN,BET_3X
1472,424873595786848100,features,net_profit,-5.0,5.0,DEALER_WIN,BET_3X
1473,8578120617849113854,features,net_profit,4.0,5.0,PLAYER_WIN,BET_3X
1474,4833801962936471970,features,net_profit,3.0,5.0,PLAYER_WIN,BET_3X
1475,3438309928117593341,features,net_profit,-5.0,5.0,DEALER_WIN,BET_3X
1476,6819331020464731208,features,net_profit,-5.0,5.0,DEALER_WIN,BET_3X
1477,7625113511287351913,features,net_profit,-5.0,5.0,DEALER_WIN,BET_3X
1478,2381212050311927077,features,net_profit,4.0,5.0,PLAYER_WIN,BET_3X
1479,5046833515792174370,features,net_profit,-5.0,5.0,DEALER_WIN,BET_3X
1480,2671604049758484187,features,net_profit,-5.0,5.0,DEALER_WIN,BET_3X
1481,8183715585270656349,features,net_profit,-5.0,5.0,DEALER_WIN,BET_3X
1482,5412214817194035191,features,net_profit,-5.0,5.0,DEALER_WIN,BET_3X
1483,1262944060904524333,features,net_profit,5.5,5.0,PLAYER_WIN,BET_3X
1484,457224622361503052,features,net_profit,-5.0,5.0,DEALER_WIN,BET_3X
1485,4952540412123803404,features,net_profit,3.0,5.0,PLAYER_WIN,BET_3X
1486,825436514699075462,features,net_profit,4.0,5.0,PLAYER_WIN,BET_3X
1487,831308192827051495,features,net_profit,-5.0,5.0,DEALER_WIN,BET_3X
1488,7593489495622851940,features,net_profit,4.0,5.0,PLAYER_WIN,BET_3X
1489,5732243077598426429,features,net_profit,4.0,5.0,PLAYER_WIN,BET_3X
1490,5708273517641788869,features,net_profit,4.0,5.0,PLAYER_WIN,BET_3X
1491,1579560838912517655,features,net_profit,-5.0,5.0,DEALER_WIN,BET_3X
1492,5044808264212287479,features,net_profit,-5.0,5.0,DEALER_WIN,BET_3X
1493,1005514173953636587,features,net_profit,-5.0,5.0,DEALER_WIN,BET_3X
1494,816438790312902701,features,net_profit,-5.0,5.0,DEALER_WIN,BET_3X
1495,2406811608160478523,features,net_profit,-5.0,5.0,DEALER_WIN,BET_3X
1496,8047582112756186471,features,net_profit,-5.0,5.0,DEALER_WIN,BET_3X
1497,1721154304414877100,features,net_profit,-5.0,5.0,DEALER_WIN,BET_3X
1498,1830985799809498775,features,net_profit,4.0,5.0,PLAYER_WIN,BET_3X
1499,56088238221497325,features,net_profit,4.0,5.0,PLAYER_WIN,BET_3X
1500,2622356040036265215,features,net_profit,4.0,5.0,PLAYER_WIN,BET_3X
1501,7545092499412162989,features,net_profit,4.0,5.0,PLAYER_WIN,BET_3X
1502,7482362222628142724,features,net_profit,4.0,5.0,PLAYER_WIN,BET_3X
1503,6404117473370075514,features,net_profit,-5.0,5.0,DEALER_WIN,BET_3X
1504,7517001996571946313,features,net_profit,4.0,5.0,PLAYER_WIN,BET_3X
1505,8336013511917664794,features,net_profit,-5.0,5.0,DEALER_WIN,BET_3X
1506,3810960079573190973,features,net_profit,4.0,5.0,PLAYER_WIN,BET_3X
1507,6597906007613689311,features,net_profit,5.0,5.0,PLAYER_WIN,BET_3X
1508,1692622722791316369,features,net_profit,4.0,5.0,PLAYER_WIN,BET_3X
1509,7961424869871106660,features,net_profit,3.0,5.0,PLAYER_WIN,BET_3X
1510,4676808141435491466,features,net_profit,4.0,5.0,PLAYER_WIN,BET_3X
1511,4129123305836494312,features,net_profit,-5.0,5.0,DEALER_WIN,BET_3X
1512,7270936826081411644,features,net_profit,-5.0,5.0,DEALER_WIN,BET_3X
1513,5103300024024310754,features,net_profit,4.0,5.0,PLAYER_WIN,BET_3X
1514,17559126255995556,features,net_profit,-5.0,5.0,DEALER_WIN,BET_3X
1515,1639205711089686269,features,net_profit,-5.0,5.0,DEALER_WIN,BET_3X
1516,2800698661641540343,features,net_profit,-5.0,5.0,DEALER_WIN,BET_3X
1517,6289570358999343073,features,net_profit,-5.0,5.0,DEALER_WIN,BET_3X
1518,4891525273349908392,features,net_profit,4.0,5.0,PLAYER_WIN,BET_3X
1519,3338303441290144510,features,net_profit,3.0,5.0,PLAYER_WIN,BET_3X
1520,2495366085019695119,features,net_profit,4.0,5.0,PLAYER_WIN,BET_3X
1521,9145223143956890515,features,net_profit,-5.0,5.0,DEALER_WIN,BET_3X
1522,7957693143520949711,features,net_profit,4.0,5.0,PLAYER_WIN,BET_3X
1523,3655838423870851133,features,net_profit,4.0,5.0,PLAYER_WIN,BET_3X
1524,9190276953180016300,features,net_profit,3.0,5.0,PLAYER_WIN,BET_3X
1525,339390872411178383,features,net_profit,3.0,5.0,PLAYER_WIN,BET_3X
1526,5963531400629739867,features,net_profit,3.0,5.0,PLAYER_WIN,BET_3X
1527,884398810105111139,features,net_profit,4.0,5.0,PLAYER_WIN,BET_3X
1528,1719493635660046287,features,net_profit,-5.0,5.0,DEALER_WIN,BET_3X
1529,9160690472856631252,features,net_profit,-5.0,5.0,DEALER_WIN,BET_3X
1530,5660897947113719167,features,net_profit,-5.0,5.0,DEALER_WIN,BET_3X
1531,7230935076108275801,features,net_profit,3.0,5.0,PLAYER_WIN,BET_3X
1532,238053671912262185,features,net_profit,-5.0,5.0,DEALER_WIN,BET_3X
1533,7579720061232290296,features,net_profit,-5.0,5.0,DEALER_WIN,BET_3X
1534,1760029153393106936,features,net_profit,4.0,5.0,PLAYER_WIN,BET_3X
1535,7173002023297395439,features,net_profit,-5.0,5.0,DEALER_WIN,BET_3X
1536,5691352830855680888,features,net_profit,5.5,5.0,PLAYER_WIN,BET_3X
1537,4508408073772492436,features,net_profit,-5.0,5.0,DEALER_WIN,BET_3X
1538,2056826796612970329,features,net_profit,-5.0,5.0,DEALER_WIN,BET_3X
1539,7155470893802494823,features,net_profit,4.0,5.0,PLAYER_WIN,BET_3X
1540,8331427976208843630,features,net_profit,4.0,5.0,PLAYER_WIN,BET_3X
1541,2270980649911722214,features,net_profit,0.0,5.0,PUSH,BET_3X
1542,6400715697137180536,features,net_profit,-5.0,5.0,DEALER_WIN,BET_3X
1543,4684962292112301031,features,net_profit,4.0,5.0,PLAYER_WIN,BET_3X
1544,4798537037850643059,features,net_profit,-5.0,5.0,DEALER_WIN,BET_3X
1545,3125162848762976800,features,net_profit,-5.0,5.0,DEALER_WIN,BET_3X
1546,45890830658177291,features,net_profit,-5.0,5.0,DEALER_WIN,BET_3X
1547,6289231266594512451,features,net_profit,4.0,5.0,PLAYER_WIN,BET_3X
1548,665914765801645060,features,net_profit,4.0,5.0,PLAYER_WIN,BET_3X
1549,3236621102429633615,features,net_profit,-5.0,5.0,DEALER_WIN,BET_3X
1550,4097314923651362328,features,net_profit,-5.0,5.0,DEALER_WIN,BET_3X
1551,8310522814916585562,features,net_profit,-5.0,5.0,DEALER_WIN,BET_3X
1552,6984891316485384853,features,net_profit,4.0,5.0,PLAYER_WIN,BET_3X
1553,5396264635245645061,features,net_profit,-5.0,5.0,DEALER_WIN,BET_3X
1554,5341556228677524188,features,net_profit,4.0,5.0,PLAYER_WIN,BET_3X
1555,6127342614878497113,features,net_profit,3.0,5.0,PLAYER_WIN,BET_3X
1556,4114134835275691725,features,net_profit,-5.0,5.0,DEALER_WIN,BET_3X
1557,159381828436554385,features,net_profit,-5.0,5.0,DEALER_WIN,BET_3X
1558,9200974797828504672,features,net_profit,4.0,5.0,PLAYER_WIN,BET_3X
1559,6414546809091471563,features,net_profit,-5.0,5.0,DEALER_WIN,BET_3X
1560,7111100081624946933,features,net_profit,-5.0,5.0,DEALER_WIN,BET_3X
1561,8008294676357578490,features,net_profit,-5.0,5.0,DEALER_WIN,BET_3X
1562,1066379434075110324,features,net_profit,-5.0,5.0,DEALER_WIN,BET_3X
1563,2105462678881888637,features,net_profit,3.0,5.0,PLAYER_WIN,BET_3X
1564,3130649560562240034,features,net_profit,-5.0,5.0,DEALER_WIN,BET_3X
1565,5131833880612071166,features,net_profit,-5.0,5.0,DEALER_WIN,BET_3X
1566,5134627405320588626,features,net_profit,4.0,5.0,PLAYER_WIN,BET_3X
1567,2046156408191496417,features,net_profit,-4.0,5.0,DEALER_WIN,BET_3X
1568,4656738165991451388,features,net_profit,3.0,5.0,PLAYER_WIN,BET_3X
1569,5079919991779327644,features,net_profit,-5.0,5.0,DEALER_WIN,BET_3X
1570,3125867999499890767,features,net_profit,-5.0,5.0,DEALER_WIN,BET_3X
1571,5722740422321992144,features,net_profit,-5.0,5.0,DEALER_WIN,BET_3X
1572,7629811187508177418,features,net_profit,-5.0,5.0,DEALER_WIN,BET_3X
1573,6290561643439436111,features,net_profit,-5.0,5.0,DEALER_WIN,BET_3X
1574,3966136097587293549,features,net_profit,4.0,5.0,PLAYER_WIN,BET_3X
1575,6321854508776565299,features,net_profit,-5.0,5.0,DEALER_WIN,BET_3X
1576,5870737129509423974,features,net_profit,-5.0,5.0,DEALER_WIN,BET_3X
1577,6277500868411651561,features,net_profit,-5.0,5.0,DEALER_WIN,BET_3X
1578,5181095302608492108,features,net_profit,-5.0,5.0,DEALER_WIN,BET_3X
1579,850691464675135181,features,net_profit,4.0,5.0,PLAYER_WIN,BET_3X
1580,825500587077348620,features,net_profit,4.0,5.0,PLAYER_WIN,BET_3X
1581,3613763963496423835,features,net_profit,5.0,5.0,PLAYER_WIN,BET_3X
1582,8954605459746064157,features,net_profit,-5.0,5.0,DEALER_WIN,BET_3X
1583,4884046220442419454,features,net_profit,4.0,5.0,PLAYER_WIN,BET_3X
1584,7132003203495568575,features,net_profit,3.0,5.0,PLAYER_WIN,BET_3X
1585,2117437423970090613,features,net_profit,4.0,5.0,PLAYER_WIN,BET_3X
1586,4659858079280162644,features,net_profit,-4.0,5.0,DEALER_WIN,BET_3X
1587,7164089397490172099,features,net_profit,4.0,5.0,PLAYER_WIN,BET_3X
1588,7345451428539242804,features,net_profit,3.0,5.0,PLAYER_WIN,BET_3X
1589,4271563384167149504,features,net_profit,4.0,5.0,PLAYER_WIN,BET_3X
1590,1464256407270818613,features,net_profit,-5.0,5.0,DEALER_WIN,BET_3X
1591,1043005145386624094,features,net_profit,-5.0,5.0,DEALER_WIN,BET_3X
1592,3347082249759835255,features,net_profit,4.0,5.0,PLAYER_WIN,BET_3X
1593,4536294331599055352,features,net_profit,3.0,5.0,PLAYER_WIN,BET_3X
1594,1939903450338036562,features,net_profit,4.0,5.0,PLAYER_WIN,BET_3X
1595,7995396897258635820,features,net_profit,3.0,5.0,PLAYER_WIN,BET_3X
1596,6595604153583021632,features,net_profit,-5.0,5.0,DEALER_WIN,BET_3X
1597,8550055218936699766,features,net_profit,4.0,5.0,PLAYER_WIN,BET_3X
1598,6430147766024284818,features,net_profit,4.0,5.0,PLAYER_WIN,BET_3X
1599,76605198978984826,features,net_profit,3.0,5.0,PLAYER_WIN,BET_3X
1600,6889417707833407211,features,net_profit,4.0,5.0,PLAYER_WIN,BET_3X
1601,9020754365034195218,features,net_profit,-5.0,5.0,DEALER_WIN,BET_3X
1602,7771212825689204446,features,net_profit,3.0,5.0,PLAYER_WIN,BET_3X
1603,869439289117528846,features,net_profit,3.0,5.0,PLAYER_WIN,BET_3X
1604,1645933926339081400,features,net_profit,-5.0,5.0,DEALER_WIN,BET_3X
1605,5377328169872371861,features,net_profit,-5.0,5.0,DEALER_WIN,BET_3X
1606,943504496141288395,features,net_profit,-5.0,5.0,DEALER_WIN,BET_3X
1607,2602837657315065742,features,net_profit,-5.0,5.0,DEALER_WIN,BET_3X
1608,4496877783429775363,features,net_profit,4.0,5.0,PLAYER_WIN,BET_3X
1609,6279967474064797436,features,net_profit,-5.0,5.0,DEALER_WIN,BET_3X
1610,3557672089810139431,features,net_profit,4.0,5.0,PLAYER_WIN,BET_3X
1611,6615083223048598316,features,net_profit,-5.0,5.0,DEALER_WIN,BET_3X
1612,6116845063680851579,features,net_profit,7.0,5.0,PLAYER_WIN,BET_3X
1613,8319780339277839065,features,net_profit,0.0,5.0,PUSH,BET_3X
1614,8432631624344375204,features,net_profit,-5.0,5.0,DEALER_WIN,BET_3X
1615,6223343881748895892,features,net_profit,3.0,5.0,PLAYER_WIN,BET_3X
1616,2521223427273414475,features,net_profit,-5.0,5.0,DEALER_WIN,BET_3X
1617,3573006506772960903,features,net_profit,-5.0,5.0,DEALER_WIN,BET_3X
1618,6971658524141092107,features,net_profit,-5.0,5.0,DEALER_WIN,BET_3X
1619,3107187642206538218,features,net_profit,-5.0,5.0,DEALER_WIN,BET_3X
1620,8461013382673503658,features,net_profit,-5.0,5.0,DEALER_WIN,BET_3X
1621,1121945687055848465,features,net_profit,-5.0,5.0,DEALER_WIN,BET_3X
1622,1568138097563777115,features,net_profit,-5.0,5.0,DEALER_WIN,BET_3X
1623,6688396781068500889,features,net_profit,-5.0,5.0,DEALER_WIN,BET_3X
1624,3192494827897340516,features,net_profit,-4.0,5.0,DEALER_WIN,BET_3X
1625,7566400174868077485,features,net_profit,-5.0,5.0,DEALER_WIN,BET_3X
1626,991052469506479903,features,net_profit,4.0,5.0,PLAYER_WIN,BET_3X
1627,3629856138679709658,features,net_profit,0.0,5.0,PUSH,BET_3X
1628,4784630121160751487,features,net_profit,3.0,5.0,PLAYER_WIN,BET_3X
1629,1977487415976879573,features,net_profit,-4.0,5.0,DEALER_WIN,BET_3X
1630,8128920446855703853,features,net_profit,-5.0,5.0,DEALER_WIN,BET_3X
1631,4609829305713559919,features,net_profit,4.0,5.0,PLAYER_WIN,BET_3X
1632,7576440968127746320,features,net_profit,4.0,5.0,PLAYER_WIN,BET_3X
1633,322423866266123897,features,net_profit,-5.0,5.0,DEALER_WIN,BET_3X
1634,369313414757038504,features,net_profit,5.0,5.0,PLAYER_WIN,BET_3X
1635,2834382413777094821,features,net_profit,-4.0,5.0,DEALER_WIN,BET_3X
1636,6067727555660043485,features,net_profit,4.0,5.0,PLAYER_WIN,BET_3X
1637,4547653392692230064,features,net_profit,4.0,5.0,PLAYER_WIN,BET_3X
1638,241204426356571531,features,net_profit,0.0,5.0,PUSH,BET_3X
1639,8927253463402110372,features,net_profit,-5.0,5.0,DEALER_WIN,BET_3X
1640,7746837110916999506,features,net_profit,4.0,5.0,PLAYER_WIN,BET_3X
1641,4523148247195149922,features,net_profit,5.0,5.0,PLAYER_WIN,BET_3X
1642,253402496519031081,features,net_profit,5.0,5.0,PLAYER_WIN,BET_3X
1643,7274194317945799331,features,net_profit,4.0,5.0,PLAYER_WIN,BET_3X
1644,5762381940215648667,features,net_profit,-5.0,5.0,DEALER_WIN,BET_3X
1645,1777090677009411783,features,net_profit,3.0,5.0,PLAYER_WIN,BET_3X
1646,4652783805182845379,features,net_profit,-4.0,5.0,DEALER_WIN,BET_3X
1647,6257176825355660721,features,net_profit,0.0,5.0,PUSH,BET_3X
1648,727556582245305846,features,net_profit,0.0,5.0,PUSH,BET_3X
1649,5870439496324904424,features,net_profit,-5.0,5.0,DEALER_WIN,BET_3X
1650,524661648082571378,features,net_profit,7.0,5.0,PLAYER_WIN,BET_3X
1651,1445818986628318310,features,net_profit,3.0,5.0,PLAYER_WIN,BET_3X
1652,3418452502841016634,features,net_profit,-5.0,5.0,DEALER_WIN,BET_3X
1653,7100741647921403493,features,net_profit,7.0,5.0,PLAYER_WIN,BET_3X
1654,5096126858472422861,features,net_profit,-5.0,5.0,DEALER_WIN,BET_3X
1655,8925331460570708847,features,net_profit,4.0,5.0,PLAYER_WIN,BET_3X
1656,5998818770424753395,features,net_profit,5.5,5.0,PLAYER_WIN,BET_3X
1657,5347731676811241542,features,net_profit,4.0,5.0,PLAYER_WIN,BET_3X
1658,7550871708590263242,features,net_profit,4.0,5.0,PLAYER_WIN,BET_3X
1659,4952265095657630921,features,net_profit,-5.0,5.0,DEALER_WIN,BET_3X
1660,3686061030127865561,features,net_profit,3.0,5.0,PLAYER_WIN,BET_3X
1661,1023831131985916097,features,net_profit,7.0,5.0,PLAYER_WIN,BET_3X
1662,8043561430930307925,features,net_profit,5.5,5.0,PLAYER_WIN,BET_3X
1663,7426922474868982270,features,net_profit,4.0,5.0,PLAYER_WIN,BET_3X
1664,7912174154725992692,features,net_profit,-5.0,5.0,DEALER_WIN,BET_3X
1665,1815772174988154587,features,net_profit,-5.0,5.0,DEALER_WIN,BET_3X
1666,8764694432503231530,features,net_profit,4.0,5.0,PLAYER_WIN,BET_3X
1667,5922705194077632509,features,net_profit,-5.0,5.0,DEALER_WIN,BET_3X
1668,1620883200640329251,features,net_profit,-5.0,5.0,DEALER_WIN,BET_3X
1669,852332354783152799,features,net_profit,-5.0,5.0,DEALER_WIN,BET_3X
1670,1187928676033378106,features,net_profit,4.0,5.0,PLAYER_WIN,BET_3X
1671,4976975556840445983,features,net_profit,4.0,5.0,PLAYER_WIN,BET_3X
1672,5518984867943300423,features,net_profit,-5.0,5.0,DEALER_WIN,BET_3X
1673,3643424003496123613,features,net_profit,3.0,5.0,PLAYER_WIN,BET_3X
1674,1185636054630081826,features,net_profit,0.0,5.0,PUSH,BET_3X
1675,4421604784898578387,features,net_profit,-5.0,5.0,DEALER_WIN,BET_3X
1676,2793852399072453875,features,net_profit,-5.0,5.0,DEALER_WIN,BET_3X
1677,4517876068322056503,features,net_profit,4.0,5.0,PLAYER_WIN,BET_3X
1678,2034822891736691813,features,net_profit,3.0,5.0,PLAYER_WIN,BET_3X
1679,6574609249319015770,features,net_profit,-5.0,5.0,DEALER_WIN,BET_3X
1680,436404940569345404,features,net_profit,3.0,5.0,PLAYER_WIN,BET_3X
1681,1437001175354283707,features,net_profit,7.0,5.0,PLAYER_WIN,BET_3X
1682,3183217844023355489,features,net_profit,-5.0,5.0,DEALER_WIN,BET_3X
1683,6555761398884000836,features,net_profit,4.0,5.0,PLAYER_WIN,BET_3X
1684,8970852128352269533,features,net_profit,4.0,5.0,PLAYER_WIN,BET_3X
1685,5214557494089097166,features,net_profit,-5.0,5.0,DEALER_WIN,BET_3X
1686,7432999957918986357,features,net_profit,-5.0,5.0,DEALER_WIN,BET_3X
1687,4905243375814619884,features,net_profit,4.0,5.0,PLAYER_WIN,BET_3X
1688,299215130061655222,features,net_profit,3.0,5.0,PLAYER_WIN,BET_3X
1689,1181380229605035599,features,net_profit,4.0,5.0,PLAYER_WIN,BET_3X
1690,8303319659733638513,features,net_profit,-5.0,5.0,DEALER_WIN,BET_3X
1691,8247485982940576201,features,net_profit,-5.0,5.0,DEALER_WIN,BET_3X
1692,1746259479859161963,features,net_profit,-5.0,5.0,DEALER_WIN,BET_3X
1693,1703900831266735717,features,net_profit,4.0,5.0,PLAYER_WIN,BET_3X
1694,5733133556769263694,features,net_profit,0.0,5.0,PUSH,BET_3X
1695,522928319078590043,features,net_profit,-5.0,5.0,DEALER_WIN,BET_3X
1696,417635987926860877,features,net_profit,0.0,5.0,PUSH,BET_3X
1697,2551330849482594617,features,net_profit,-5.0,5.0,DEALER_WIN,BET_3X
1698,2446994094874473971,features,net_profit,4.0,5.0,PLAYER_WIN,BET_3X
1699,2037421977289213770,features,net_profit,54.0,5.0,PLAYER_WIN,BET_3X
1700,2535584045853513881,features,net_profit,4.0,5.0,PLAYER_WIN,BET_3X
1701,3053908424998881586,features,net_profit,5.5,5.0,PLAYER_WIN,BET_3X
1702,2619551471872454830,features,net_profit,-5.0,5.0,DEALER_WIN,BET_3X
1703,7764720134016559698,features,net_profit,-5.0,5.0,DEALER_WIN,BET_3X
1704,4751386705041478118,features,net_profit,4.0,5.0,PLAYER_WIN,BET_3X
1705,7136579802102096769,features,net_profit,4.0,5.0,PLAYER_WIN,BET_3X
1706,2794206102848701586,features,net_profit,-5.0,5.0,DEALER_WIN,BET_3X
1707,4994851861172092917,features,net_profit,0.0,5.0,PUSH,BET_3X
1708,7850126793838016347,features,net_profit,-5.0,5.0,DEALER_WIN,BET_3X
1709,1147859291149749954,features,net_profit,4.0,5.0,PLAYER_WIN,BET_3X
1710,1554397968917507139,features,net_profit,4.0,5.0,PLAYER_WIN,BET_3X
1711,5310318823861481041,features,net_profit,-5.0,5.0,DEALER_WIN,BET_3X
1712,5485452227051320706,features,net_profit,4.0,5.0,PLAYER_WIN,BET_3X
1713,8117354240050804332,features,net_profit,-5.0,5.0,DEALER_WIN,BET_3X
1714,562860153591760397,features,net_profit,0.0,5.0,PUSH,BET_3X
1715,5584149555203117802,features,net_profit,-5.0,5.0,DEALER_WIN,BET_3X
1716,4119942973419802719,features,net_profit,4.0,5.0,PLAYER_WIN,BET_3X
1717,7292805358339217583,features,net_profit,4.0,5.0,PLAYER_WIN,BET_3X
1718,6744221769964297056,features,net_profit,-5.0,5.0,DEALER_WIN,BET_3X
1719,5106722949689564320,features,net_profit,-4.0,5.0,DEALER_WIN,BET_3X
1720,7688090517207109122,features,net_profit,4.0,5.0,PLAYER_WIN,BET_3X
1721,5433269544770497344,features,net_profit,4.0,5.0,PLAYER_WIN,BET_3X
1722,331153249774752663,features,net_profit,3.0,5.0,PLAYER_WIN,BET_3X
1723,5727842913963837324,features,net_profit,4.0,5.0,PLAYER_WIN,BET_3X
1724,4638831911617591188,features,net_profit,-5.0,5.0,DEALER_WIN,BET_3X
1725,2703940543310797052,features,net_profit,-5.0,5.0,DEALER_WIN,BET_3X
1726,768297400045784050,features,net_profit,-5.0,5.0,DEALER_WIN,BET_3X
1727,7458806439316012306,features,net_profit,7.0,5.0,PLAYER_WIN,BET_3X
1728,6748576821219524207,features,net_profit,4.0,5.0,PLAYER_WIN,BET_3X
1729,6615884702697868377,features,net_profit,4.0,5.0,PLAYER_WIN,BET_3X
1730,4944417683935702726,features,net_profit,4.0,5.0,PLAYER_WIN,BET_3X
1731,2637555306604110312,features,net_profit,4.0,5.0,PLAYER_WIN,BET_3X
1732,9000287255736005084,features,net_profit,-5.0,5.0,DEALER_WIN,BET_3X
1733,3573601659911146198,features,net_profit,-5.0,5.0,DEALER_WIN,BET_3X
1734,6596579220316555672,features,net_profit,-5.0,5.0,DEALER_WIN,BET_3X
1735,3477191454824345933,features,net_profit,-5.0,5.0,DEALER_WIN,BET_3X
1736,1369437627165048633,features,net_profit,-5.0,5.0,DEALER_WIN,BET_3X
1737,1261314454712451200,features,net_profit,3.0,5.0,PLAYER_WIN,BET_3X
1738,4524816652790789625,features,net_profit,-5.0,5.0,DEALER_WIN,BET_3X
1739,670990407417587704,features,net_profit,-5.0,5.0,DEALER_WIN,BET_3X
1740,3202851520769171504,features,net_profit,-5.0,5.0,DEALER_WIN,BET_3X
1741,7610112569687383564,features,net_profit,-5.0,5.0,DEALER_WIN,BET_3X
1742,3761275288367334793,features,net_profit,-5.0,5.0,DEALER_WIN,BET_3X
1743,5764097116272902139,features,net_profit,3.0,5.0,PLAYER_WIN,BET_3X
1744,242199748055065648,features,net_profit,-4.0,5.0,DEALER_WIN,BET_3X
1745,1341090070919130949,features,net_profit,-5.0,5.0,DEALER_WIN,BET_3X
1746,5253455800463575986,features,net_profit,3.0,5.0,PLAYER_WIN,BET_3X
1747,7510146885751016906,features,net_profit,3.0,5.0,PLAYER_WIN,BET_3X
1748,9090487300784495988,features,net_profit,4.0,5.0,PLAYER_WIN,BET_3X
1749,965561579345765079,features,net_profit,-5.0,5.0,DEALER_WIN,BET_3X
1750,158543209520442274,features,net_profit,3.0,5.0,PLAYER_WIN,BET_3X
1751,6452758236488833245,features,net_profit,4.0,5.0,PLAYER_WIN,BET_3X
1752,4825747812297596185,features,net_profit,5.5,5.0,PLAYER_WIN,BET_3X
1753,2431714474647848909,features,net_profit,-5.0,5.0,DEALER_WIN,BET_3X
1754,8247513225155793463,features,net_profit,4.0,5.0,PLAYER_WIN,BET_3X
1755,3461444611005234603,features,net_profit,4.0,5.0,PLAYER_WIN,BET_3X
1756,3907220580635524526,features,net_profit,-5.0,5.0,DEALER_WIN,BET_3X
1757,362522712565860021,features,net_profit,3.0,5.0,PLAYER_WIN,BET_3X
1758,8320880195042016798,features,net_profit,4.0,5.0,PLAYER_WIN,BET_3X
1759,4535954285864039832,features,net_profit,4.0,5.0,PLAYER_WIN,BET_3X
1760,4260400053947826813,features,net_profit,3.0,5.0,PLAYER_WIN,BET_3X
1761,5415595190392400247,features,net_profit,-5.0,5.0,DEALER_WIN,BET_3X
1762,4060136398969345018,features,net_profit,3.0,5.0,PLAYER_WIN,BET_3X
1763,3326192948153924140,features,net_profit,-5.0,5.0,DEALER_WIN,BET_3X
1764,8824215502991155447,features,net_profit,-5.0,5.0,DEALER_WIN,BET_3X
1765,3637556070400858655,features,net_profit,-5.0,5.0,DEALER_WIN,BET_3X
1766,7521980401628336639,features,net_profit,-5.0,5.0,DEALER_WIN,BET_3X
1767,7570015431170821360,features,net_profit,-5.0,5.0,DEALER_WIN,BET_3X
1768,8313416081121845816,features,net_profit,5.0,5.0,PLAYER_WIN,BET_3X
1769,323503506186522374,features,net_profit,5.5,5.0,PLAYER_WIN,BET_3X
1770,577420534511304206,features,net_profit,-5.0,5.0,DEALER_WIN,BET_3X
1771,7547953878533766011,features,net_profit,3.0,5.0,PLAYER_WIN,BET_3X
1772,3249015996583560080,features,net_profit,-5.0,5.0,DEALER_WIN,BET_3X
1773,2256791632895092106,features,net_profit,4.0,5.0,PLAYER_WIN,BET_3X
1774,4840660007225902825,features,net_profit,4.0,5.0,PLAYER_WIN,BET_3X
1775,1656962618113311278,features,net_profit,4.5,5.0,PLAYER_WIN,BET_3X
1776,3544316279031562608,features,net_profit,-5.0,5.0,DEALER_WIN,BET_3X
1777,6038090315198504972,features,net_profit,-5.0,5.0,DEALER_WIN,BET_3X
1778,5169405228563001527,features,net_profit,4.0,5.0,PLAYER_WIN,BET_3X
1779,5074965907969752759,features,net_profit,4.0,5.0,PLAYER_WIN,BET_3X
1780,8446711641493283379,features,net_profit,-5.0,5.0,DEALER_WIN,BET_3X
1781,4074756906574746371,features,net_profit,-5.0,5.0,DEALER_WIN,BET_3X
1782,880150389346662867,features,net_profit,-5.0,5.0,DEALER_WIN,BET_3X
1783,4070794471689186362,features,net_profit,4.0,5.0,PLAYER_WIN,BET_3X
1784,4281817644357636377,features,net_profit,-5.0,5.0,DEALER_WIN,BET_3X
1785,4256278015274351592,features,net_profit,4.0,5.0,PLAYER_WIN,BET_3X
1786,5767005906791889420,features,net_profit,-5.0,5.0,DEALER_WIN,BET_3X
1787,2904120798561526318,features,net_profit,7.0,5.0,PLAYER_WIN,BET_3X
1788,4458079727759386499,features,net_profit,3.0,5.0,PLAYER_WIN,BET_3X
1789,8816611882112237375,features,net_profit,3.0,5.0,PLAYER_WIN,BET_3X
1790,4986069558403801780,features,net_profit,0.0,5.0,PUSH,BET_3X
1791,2071134742339722877,features,net_profit,-5.0,5.0,DEALER_WIN,BET_3X
1792,424408178066949811,features,net_profit,-5.0,5.0,DEALER_WIN,BET_3X
1793,5866556911466339239,features,net_profit,4.0,5.0,PLAYER_WIN,BET_3X
1794,1112828659564214217,features,net_profit,0.0,5.0,PUSH,BET_3X
1795,878594727757529655,features,net_profit,3.0,5.0,PLAYER_WIN,BET_3X
1796,8689185256123783717,features,net_profit,-5.0,5.0,DEALER_WIN,BET_3X
1797,6666153732916265338,features,net_profit,3.0,5.0,PLAYER_WIN,BET_3X
1798,2766880499534942361,features,net_profit,-5.0,5.0,DEALER_WIN,BET_3X
1799,1397127262601365733,features,net_profit,-5.0,5.0,DEALER_WIN,BET_3X
1800,8187874777446692440,features,net_profit,3.0,5.0,PLAYER_WIN,BET_3X
1801,1140455744912767370,features,net_profit,3.0,5.0,PLAYER_WIN,BET_3X
1802,2461087181288498241,features,net_profit,-5.0,5.0,DEALER_WIN,BET_3X
1803,4691507796948579503,features,net_profit,-5.0,5.0,DEALER_WIN,BET_3X
1804,7998065104089441826,features,net_profit,4.0,5.0,PLAYER_WIN,BET_3X
1805,21971058000916050,features,net_profit,4.0,5.0,PLAYER_WIN,BET_3X
1806,3229429718296249340,features,net_profit,4.0,5.0,PLAYER_WIN,BET_3X
1807,4461155982276520879,features,net_profit,0.0,5.0,PUSH,BET_3X
1808,2143346857935827060,features,net_profit,0.0,5.0,PUSH,BET_3X
1809,2730462189855882820,features,net_profit,-5.0,5.0,DEALER_WIN,BET_3X
1810,7741666116955785671,features,net_profit,-5.0,5.0,DEALER_WIN,BET_3X
1811,8862477382953420096,features,net_profit,3.0,5.0,PLAYER_WIN,BET_3X
1812,5097484030510554729,features,net_profit,-5.0,5.0,DEALER_WIN,BET_3X
1813,4092289871986959929,features,net_profit,-4.0,5.0,DEALER_WIN,BET_3X
1814,4384347303765533594,features,net_profit,3.0,5.0,PLAYER_WIN,BET_3X
1815,8508525806933371038,features,net_profit,7.0,5.0,PLAYER_WIN,BET_3X
1816,1364774926336590458,features,net_profit,4.0,5.0,PLAYER_WIN,BET_3X
1817,671310802068788021,features,net_profit,-5.0,5.0,DEALER_WIN,BET_3X
1818,4397963852699009808,features,net_profit,-5.0,5.0,DEALER_WIN,BET_3X
1819,7350479692975250631,features,net_profit,4.0,5.0,PLAYER_WIN,BET_3X
1820,2146979384724618495,features,net_profit,4.0,5.0,PLAYER_WIN,BET_3X
1821,8018214792573017566,features,net_profit,4.0,5.0,PLAYER_WIN,BET_3X
1822,8484325751538590414,features,net_profit,-4.0,5.0,DEALER_WIN,BET_3X
1823,5353636378030170821,features,net_profit,4.0,5.0,PLAYER_WIN,BET_3X
1824,4288687281663731209,features,net_profit,4.0,5.0,PLAYER_WIN,BET_3X
1825,6306879261598210919,features,net_profit,4.0,5.0,PLAYER_WIN,BET_3X
1826,809728009571820996,features,net_profit,-5.0,5.0,DEALER_WIN,BET_3X
1827,5102176547650531726,features,net_profit,-5.0,5.0,DEALER_WIN,BET_3X
1828,8471097331211143041,features,net_profit,-5.0,5.0,DEALER_WIN,BET_3X
1829,4036072342293238674,features,net_profit,-5.0,5.0,DEALER_WIN,BET_3X
1830,6334846690409861495,features,net_profit,5.5,5.0,PLAYER_WIN,BET_3X
1831,2500727587673946106,features,net_profit,-5.0,5.0,DEALER_WIN,BET_3X
1832,4451578178643647875,features,net_profit,5.0,5.0,PLAYER_WIN,BET_3X
1833,2534826932736029625,features,net_profit,5.5,5.0,PLAYER_WIN,BET_3X
1834,5735823554652183986,features,net_profit,4.0,5.0,PLAYER_WIN,BET_3X
1835,1847936620880157949,features,net_profit,-5.0,5.0,DEALER_WIN,BET_3X
1836,479574177169462260,features,net_profit,4.0,5.0,PLAYER_WIN,BET_3X
1837,2093393859449312420,features,net_profit,4.0,5.0,PLAYER_WIN,BET_3X
1838,421987683046181899,features,net_profit,4.0,5.0,PLAYER_WIN,BET_3X
1839,6219943174330429292,features,net_profit,0.0,5.0,PUSH,BET_3X
1840,733594518319966023,features,net_profit,-4.0,5.0,DEALER_WIN,BET_3X
1841,5198636048322793326,features,net_profit,-5.0,5.0,DEALER_WIN,BET_3X
1842,2936286362599741655,features,net_profit,3.0,5.0,PLAYER_WIN,BET_3X
1843,9045288193188556533,features,net_profit,4.0,5.0,PLAYER_WIN,BET_3X
1844,1021244787754701050,features,net_profit,3.0,5.0,PLAYER_WIN,BET_3X
1845,886358452798203838,features,net_profit,4.0,5.0,PLAYER_WIN,BET_3X
1846,9044536977014461897,features,net_profit,-5.0,5.0,DEALER_WIN,BET_3X
1847,4803570052109558230,features,net_profit,-5.0,5.0,DEALER_WIN,BET_3X
1848,162274803220320130,features,net_profit,-5.0,5.0,DEALER_WIN,BET_3X
1849,7713278865093983416,features,net_profit,7.0,5.0,PLAYER_WIN,BET_3X
1850,6155503817148650205,features,net_profit,-5.0,5.0,DEALER_WIN,BET_3X
1851,739209650565518393,features,net_profit,-5.0,5.0,DEALER_WIN,BET_3X
1852,7127765244594760647,features,net_profit,5.0,5.0,PLAYER_WIN,BET_3X
1853,6791109756893176571,features,net_profit,-5.0,5.0,DEALER_WIN,BET_3X
1854,2219484899882386496,features,net_profit,4.0,5.0,PLAYER_WIN,BET_3X
1855,1499019125778323035,features,net_profit,-5.0,5.0,DEALER_WIN,BET_3X
1856,5876541947019924449,features,net_profit,5.0,5.0,PLAYER_WIN,BET_3X
1857,2813283109732756401,features,net_profit,3.0,5.0,PLAYER_WIN,BET_3X
1858,8425848739161627278,features,net_profit,-5.0,5.0,DEALER_WIN,BET_3X
1859,4326872944236041641,features,net_profit,4.0,5.0,PLAYER_WIN,BET_3X
1860,2352141606222279349,features,net_profit,-5.0,5.0,DEALER_WIN,BET_3X
1861,3872618266914948034,features,net_profit,-5.0,5.0,DEALER_WIN,BET_3X
1862,7300581089915212572,features,net_profit,-5.0,5.0,DEALER_WIN,BET_3X
1863,5705921236592345154,features,net_profit,4.0,5.0,PLAYER_WIN,BET_3X
1864,4260107957082750731,features,net_profit,5.0,5.0,PLAYER_WIN,BET_3X
1865,7866778125081944297,features,net_profit,4.0,5.0,PLAYER_WIN,BET_3X
1866,3185164799735981588,features,net_profit,-5.0,5.0,DEALER_WIN,BET_3X
1867,3623807959845986266,features,net_profit,-4.0,5.0,DEALER_WIN,BET_3X
1868,6756316751339392615,features,net_profit,4.0,5.0,PLAYER_WIN,BET_3X
1869,2938311494181266354,features,net_profit,3.0,5.0,PLAYER_WIN,BET_3X
1870,7427016410753022026,features,net_profit,3.0,5.0,PLAYER_WIN,BET_3X
1871,2268758358478306679,features,net_profit,-5.0,5.0,DEALER_WIN,BET_3X
1872,7781395712963892436,features,net_profit,0.0,5.0,PUSH,BET_3X
1873,4827037218226252247,features,net_profit,4.0,5.0,PLAYER_WIN,BET_3X
1874,5791529816626621325,features,net_profit,5.0,5.0,PLAYER_WIN,BET_3X
1875,3760240295548952685,features,net_profit,3.0,5.0,PLAYER_WIN,BET_3X
1876,5530009684226146982,features,net_profit,-5.0,5.0,DEALER_WIN,BET_3X
1877,8374158521133422247,features,net_profit,-5.0,5.0,DEALER_WIN,BET_3X
1878,5651246515438125696,features,net_profit,4.0,5.0,PLAYER_WIN,BET_3X
1879,5605202080173720893,features,net_profit,-5.0,5.0,DEALER_WIN,BET_3X
1880,574823934125364607,features,net_profit,4.0,5.0,PLAYER_WIN,BET_3X
1881,6477889235735090447,features,net_profit,3.0,5.0,PLAYER_WIN,BET_3X
1882,1023468444737760844,features,net_profit,4.0,5.0,PLAYER_WIN,BET_3X
1883,8656719974427674618,features,net_profit,-5.0,5.0,DEALER_WIN,BET_3X
1884,5915775816355820955,features,net_profit,-5.0,5.0,DEALER_WIN,BET_3X
1885,8136904796338340892,features,net_profit,4.0,5.0,PLAYER_WIN,BET_3X
1886,3464448992832401000,features,net_profit,-5.0,5.0,DEALER_WIN,BET_3X
1887,8631763427280249726,features,net_profit,4.0,5.0,PLAYER_WIN,BET_3X
1888,6070797455437785910,features,net_profit,-5.0,5.0,DEALER_WIN,BET_3X
1889,3341529652956578549,features,net_profit,3.0,5.0,PLAYER_WIN,BET_3X
1890,232046607720238211,features,net_profit,4.0,5.0,PLAYER_WIN,BET_3X
1891,7230688846617243597,features,net_profit,-5.0,5.0,DEALER_WIN,BET_3X
1892,8550729628055215519,features,net_profit,-5.0,5.0,DEALER_WIN,BET_3X
1893,2597826074685939167,features,net_profit,4.0,5.0,PLAYER_WIN,BET_3X
1894,4947494041917880821,features,net_profit,-5.0,5.0,DEALER_WIN,BET_3X
1895,1329640335909250828,features,net_profit,4.0,5.0,PLAYER_WIN,BET_3X
1896,3429629011043844382,features,net_profit,-5.0,5.0,DEALER_WIN,BET_3X
1897,7550974467631543741,features,net_profit,-5.0,5.0,DEALER_WIN,BET_3X
1898,8766060904575478753,features,net_profit,-5.0,5.0,DEALER_WIN,BET_3X
1899,4132976710456062460,features,net_profit,4.0,5.0,PLAYER_WIN,BET_3X
1900,5442156400911746022,features,net_profit,0.0,5.0,PUSH,BET_3X
1901,949713193608089134,features,net_profit,-5.0,5.0,DEALER_WIN,BET_3X
1902,1250488838855237473,features,net_profit,-5.0,5.0,DEALER_WIN,BET_3X
1903,4038945388684460773,features,net_profit,-5.0,5.0,DEALER_WIN,BET_3X
1904,2301907314121491050,features,net_profit,-5.0,5.0,DEALER_WIN,BET_3X
1905,2611983433249294757,features,net_profit,-5.0,5.0,DEALER_WIN,BET_3X
1906,1510665508745160156,features,net_profit,-5.0,5.0,DEALER_WIN,BET_3X
1907,2370122096204935208,features,net_profit,-5.0,5.0,DEALER_WIN,BET_3X
1908,1861974616553827527,features,net_profit,-5.0,5.0,DEALER_WIN,BET_3X
1909,5081367680910086751,features,net_profit,-5.0,5.0,DEALER_WIN,BET_3X
1910,713073939637198877,features,net_profit,-5.0,5.0,DEALER_WIN,BET_3X
1911,5837280338940398834,features,net_profit,4.0,5.0,PLAYER_WIN,BET_3X
1912,686951367408736299,features,net_profit,-5.0,5.0,DEALER_WIN,BET_3X
1913,2169248127010393759,features,net_profit,-5.0,5.0,DEALER_WIN,BET_3X
1914,3505615530284917400,features,net_profit,4.0,5.0,PLAYER_WIN,BET_3X
1915,6211998453311574609,features,net_profit,4.0,5.0,PLAYER_WIN,BET_3X
1916,537466656319354210,features,net_profit,3.0,5.0,PLAYER_WIN,BET_3X
1917,4512108824397720358,features,net_profit,5.5,5.0,PLAYER_WIN,BET_3X
1918,7519871283675949377,features,net_profit,4.0,5.0,PLAYER_WIN,BET_3X
1919,7958973094710161140,features,net_profit,-5.0,5.0,DEALER_WIN,BET_3X
1920,6447723218132758252,features,net_profit,4.5,5.0,PLAYER_WIN,BET_3X
1921,317917568670565753,features,net_profit,4.0,5.0,PLAYER_WIN,BET_3X
1922,5216007832960995009,features,net_profit,4.0,5.0,PLAYER_WIN,BET_3X
1923,3170596740908521432,features,net_profit,-5.0,5.0,DEALER_WIN,BET_3X
1924,3835807500168548191,features,net_profit,-4.0,5.0,DEALER_WIN,BET_3X
1925,8684730695841800734,features,net_profit,4.0,5.0,PLAYER_WIN,BET_3X
1926,963045978522463604,features,net_profit,-5.0,5.0,DEALER_WIN,BET_3X
1927,1354176344234649351,features,net_profit,-5.0,5.0,DEALER_WIN,BET_3X
1928,4817121853237029119,features,net_profit,5.0,5.0,PLAYER_WIN,BET_3X
1929,9135726485709954213,features,net_profit,-5.0,5.0,DEALER_WIN,BET_3X
1930,1020377507569271368,features,net_profit,4.0,5.0,PLAYER_WIN,BET_3X
1931,1541181853856752499,features,net_profit,-5.0,5.0,DEALER_WIN,BET_3X
1932,5128928860924984327,features,net_profit,-5.0,5.0,DEALER_WIN,BET_3X
1933,437275355808639136,features,net_profit,-5.0,5.0,DEALER_WIN,BET_3X
1934,5856654482066713324,features,net_profit,-5.0,5.0,DEALER_WIN,BET_3X
1935,702776539384647463,features,net_profit,-5.0,5.0,DEALER_WIN,BET_3X
1936,3031634593815592005,features,net_profit,5.0,5.0,PLAYER_WIN,BET_3X
1937,4501918866690277960,features,net_profit,-5.0,5.0,DEALER_WIN,BET_3X
1938,720259266894215905,features,net_profit,-5.0,5.0,DEALER_WIN,BET_3X
1939,2761713578038277868,features,net_profit,-5.0,5.0,DEALER_WIN,BET_3X
1940,2663591501253174886,features,net_profit,-5.0,5.0,DEALER_WIN,BET_3X
1941,988083366623656063,features,net_profit,-5.0,5.0,DEALER_WIN,BET_3X
1942,6849171924901910968,features,net_profit,-5.0,5.0,DEALER_WIN,BET_3X
1943,2442206106250521839,features,net_profit,-4.0,5.0,DEALER_WIN,BET_3X
1944,8740042673132162596,features,net_profit,0.0,5.0,PUSH,BET_3X
1945,7457749584527261975,features,net_profit,4.0,5.0,PLAYER_WIN,BET_3X
1946,1293070750652679476,features,net_profit,3.0,5.0,PLAYER_WIN,BET_3X
1947,2326013119446426495,features,net_profit,5.0,5.0,PLAYER_WIN,BET_3X
1948,3651524664773804878,features,net_profit,4.0,5.0,PLAYER_WIN,BET_3X
1949,4706282155882901653,features,net_profit,4.0,5.0,PLAYER_WIN,BET_3X
1950,258504715730150150,features,net_profit,4.0,5.0,PLAYER_WIN,BET_3X
1951,2424361813843622002,features,net_profit,-5.0,5.0,DEALER_WIN,BET_3X
1952,2674504897417099888,features,net_profit,-5.0,5.0,DEALER_WIN,BET_3X
1953,7429098219401409863,features,net_profit,3.0,5.0,PLAYER_WIN,BET_3X
1954,2900468331846860643,features,net_profit,-5.0,5.0,DEALER_WIN,BET_3X
1955,551680219022729248,features,net_profit,4.0,5.0,PLAYER_WIN,BET_3X
1956,339195126960835253,features,net_profit,3.0,5.0,PLAYER_WIN,BET_3X
1957,4778748060321206253,features,net_profit,-5.0,5.0,DEALER_WIN,BET_3X
1958,2795484353847727840,features,net_profit,4.0,5.0,PLAYER_WIN,BET_3X
1959,4313568539478933606,features,net_profit,4.0,5.0,PLAYER_WIN,BET_3X
1960,4130051883690068260,features,net_profit,-5.0,5.0,DEALER_WIN,BET_3X
1961,4876906636207573865,features,net_profit,4.0,5.0,PLAYER_WIN,BET_3X
1962,5078965849939585758,features,net_profit,4.0,5.0,PLAYER_WIN,BET_3X
1963,5703031358063304737,features,net_profit,4.0,5.0,PLAYER_WIN,BET_3X
1964,4958405740229156554,features,net_profit,4.0,5.0,PLAYER_WIN,BET_3X
1965,5929850726800009071,features,net_profit,3.0,5.0,PLAYER_WIN,BET_3X
1966,7716672995343483475,features,net_profit,4.0,5.0,PLAYER_WIN,BET_3X
1967,6391474540707994964,features,net_profit,-5.0,5.0,DEALER_WIN,BET_3X
1968,1793109754908470385,features,net_profit,-5.0,5.0,DEALER_WIN,BET_3X
1969,671331816465230232,features,net_profit,4.0,5.0,PLAYER_WIN,BET_3X
1970,3688414718817334896,features,net_profit,4.0,5.0,PLAYER_WIN,BET_3X
1971,1989812014345806829,features,net_profit,4.0,5.0,PLAYER_WIN,BET_3X
1972,8392085805671911924,features,net_profit,-5.0,5.0,DEALER_WIN,BET_3X
1973,81054189800982230,features,net_profit,-5.0,5.0,DEALER_WIN,BET_3X
1974,2915490225585879184,features,net_profit,-5.0,5.0,DEALER_WIN,BET_3X
1975,489892755218961247,features,net_profit,4.0,5.0,PLAYER_WIN,BET_3X
1976,4618963308193961426,features,net_profit,3.0,5.0,PLAYER_WIN,BET_3X
1977,5202981339090378414,features,net_profit,4.0,5.0,PLAYER_WIN,BET_3X
1978,6000930048118311857,features,net_profit,-5.0,5.0,DEALER_WIN,BET_3X
1979,3544938246356091608,features,net_profit,-5.0,5.0,DEALER_WIN,BET_3X
1980,6656457393269072825,features,net_profit,-5.0,5.0,DEALER_WIN,BET_3X
1981,3304759813800743161,features,net_profit,-5.0,5.0,DEALER_WIN,BET_3X
1982,7757377930957246457,features,net_profit,-5.0,5.0,DEALER_WIN,BET_3X
1983,319621133813457691,features,net_profit,-4.0,5.0,DEALER_WIN,BET_3X
1984,818369662036446676,features,net_profit,-5.0,5.0,DEALER_WIN,BET_3X
1985,501234438443401486,features,net_profit,-5.0,5.0,DEALER_WIN,BET_3X
1986,3416380604522924673,features,net_profit,5.5,5.0,PLAYER_WIN,BET_3X
1987,4529091745409558815,features,net_profit,0.0,5.0,PUSH,BET_3X
1988,3870235052335087386,features,net_profit,-5.0,5.0,DEALER_WIN,BET_3X
1989,3702809807818248343,features,net_profit,-5.0,5.0,DEALER_WIN,BET_3X
1990,4362915147875587116,features,net_profit,-5.0,5.0,DEALER_WIN,BET_3X
1991,9113683621609462547,features,net_profit,3.0,5.0,PLAYER_WIN,BET_3X
1992,6280469048853582201,features,net_profit,3.0,5.0,PLAYER_WIN,BET_3X
1993,8577489664880155436,features,net_profit,-5.0,5.0,DEALER_WIN,BET_3X
1994,7931652820883160140,features,net_profit,4.0,5.0,PLAYER_WIN,BET_3X
1995,3775069868891913347,features,net_profit,4.0,5.0,PLAYER_WIN,BET_3X
1996,4770577948842312637,features,net_profit,-5.0,5.0,DEALER_WIN,BET_3X
1997,9015022920569683755,features,net_profit,-5.0,5.0,DEALER_WIN,BET_3X
1998,3955014467548945188,features,net_profit,-4.0,5.0,DEALER_WIN,BET_3X
1999,7743610568187360453,features,net_profit,5.0,5.0,PLAYER_WIN,BET_3X
0,267394175915169762,features,stake_scaled_net_profit,2.0,3.0,PLAYER_WIN,CHECK|CHECK|BET_1X
1,6622360792181816869,features,stake_scaled_net_profit,-3.0,3.0,DEALER_WIN,CHECK|CHECK|BET_1X
2,5083925994220845409,features,stake_scaled_net_profit,-3.0,3.0,DEALER_WIN,CHECK|CHECK|BET_1X
3,2631705061766673078,features,stake_scaled_net_profit,-3.0,3.0,DEALER_WIN,CHECK|CHECK|BET_1X
4,625965266448287964,features,stake_scaled_net_profit,1.0,3.0,PLAYER_WIN,CHECK|CHECK|BET_1X
5,6311158103698143620,features,stake_scaled_net_profit,1.0,3.0,PLAYER_WIN,CHECK|CHECK|BET_1X
6,7407552866206651633,features,stake_scaled_net_profit,-3.0,3.0,DEALER_WIN,CHECK|CHECK|BET_1X
7,2437971242654443246,features,stake_scaled_net_profit,2.0,3.0,PLAYER_WIN,CHECK|CHECK|BET_1X
8,6230786063140708833,features,stake_scaled_net_profit,-3.0,3.0,DEALER_WIN,CHECK|CHECK|BET_1X
9,396351950967499822,features,stake_scaled_net_profit,-3.0,3.0,DEALER_WIN,CHECK|CHECK|BET_1X
10,6763783393082919964,features,stake_scaled_net_profit,1.0,3.0,PLAYER_WIN,CHECK|CHECK|BET_1X
11,5039510986400131059,features,stake_scaled_net_profit,5.0,3.0,PLAYER_WIN,CHECK|CHECK|BET_1X
12,725188967062615805,features,stake_scaled_net_profit,-3.0,3.0,DEALER_WIN,CHECK|CHECK|BET_1X
13,3827537874160256406,features,stake_scaled_net_profit,1.0,3.0,PLAYER_WIN,CHECK|CHECK|BET_1X
14,1434815846468701060,features,stake_scaled_net_profit,-3.0,3.0,DEALER_WIN,CHECK|CHECK|BET_1X
15,4925880466225565852,features,stake_scaled_net_profit,2.0,3.0,PLAYER_WIN,CHECK|CHECK|BET_1X
16,3734128259314183662,features,stake_scaled_net_profit,0.0,3.0,PUSH,CHECK|CHECK|BET_1X
17,7320354147458773515,features,stake_scaled_net_profit,2.0,3.0,PLAYER_WIN,CHECK|CHECK|BET_1X
18,5915736786919146606,features,stake_scaled_net_profit,-3.0,3.0,DEALER_WIN,CHECK|CHECK|BET_1X
19,3997453163934551053,features,stake_scaled_net_profit,2.0,3.0,PLAYER_WIN,CHECK|CHECK|BET_1X
20,420188367349169023,features,stake_scaled_net_profit,0.0,3.0,PUSH,CHECK|CHECK|BET_1X
21,7068775808500662676,features,stake_scaled_net_profit,-3.0,3.0,DEALER_WIN,CHECK|CHECK|BET_1X
22,8318159693860326176,features,stake_scaled_net_profit,1.0,3.0,PLAYER_WIN,CHECK|CHECK|BET_1X
23,2596170250901314419,features,stake_scaled_net_profit,-2.0,3.0,DEALER_WIN,CHECK|CHECK|BET_1X
24,5635062402773559101,features,stake_scaled_net_profit,1.0,3.0,PLAYER_WIN,CHECK|CHECK|BET_1X
25,131182803603194358,features,stake_scaled_net_profit,0.0,3.0,PUSH,CHECK|CHECK|BET_1X
26,1924289002081382615,features,stake_scaled_net_profit,-3.0,3.0,DEALER_WIN,CHECK|CHECK|BET_1X
27,307982257814125829,features,stake_scaled_net_profit,2.0,3.0,PLAYER_WIN,CHECK|CHECK|BET_1X
28,4222916004322640072,features,stake_scaled_net_profit,1.0,3.0,PLAYER_WIN,CHECK|CHECK|BET_1X
29,2834474257502486015,features,stake_scaled_net_profit,-3.0,3.0,DEALER_WIN,CHECK|CHECK|BET_1X
30,4403704085525171104,features,stake_scaled_net_profit,0.0,3.0,PUSH,CHECK|CHECK|BET_1X
31,214959778791577876,features,stake_scaled_net_profit,2.0,3.0,PLAYER_WIN,CHECK|CHECK|BET_1X
32,7002668879736515590,features,stake_scaled_net_profit,2.0,3.0,PLAYER_WIN,CHECK|CHECK|BET_1X
33,7127345010982089692,features,stake_scaled_net_profit,1.0,3.0,PLAYER_WIN,CHECK|CHECK|BET_1X
34,6478835866566956284,features,stake_scaled_net_profit,-3.0,3.0,DEALER_WIN,CHECK|CHECK|BET_1X
35,8290752171674008488,features,stake_scaled_net_profit,-2.0,3.0,DEALER_WIN,CHECK|CHECK|BET_1X
36,7964180502557777114,features,stake_scaled_net_profit,-3.0,3.0,DEALER_WIN,CHECK|CHECK|BET_1X
37,8699503143805950637,features,stake_scaled_net_profit,2.0,3.0,PLAYER_WIN,CHECK|CHECK|BET_1X
38,6120799081068664541,features,stake_scaled_net_profit,-3.0,3.0,DEALER_WIN,CHECK|CHECK|BET_1X
39,843197789447036710,features,stake_scaled_net_profit,1.0,3.0,PLAYER_WIN,CHECK|CHECK|BET_1X
40,3495163096702654544,features,stake_scaled_net_profit,-3.0,3.0,DEALER_WIN,CHECK|CHECK|BET_1X
41,3915207286768580801,features,stake_scaled_net_profit,2.0,3.0,PLAYER_WIN,CHECK|CHECK|BET_1X
42,7003009373040439219,features,stake_scaled_net_profit,3.0,3.0,PLAYER_WIN,CHECK|CHECK|BET_1X
43,913880539547589353,features,stake_scaled_net_profit,1.0,3.0,PLAYER_WIN,CHECK|CHECK|BET_1X
44,6935620010562411592,features,stake_scaled_net_profit,-3.0,3.0,DEALER_WIN,CHECK|CHECK|BET_1X
45,184401729985881041,features,stake_scaled_net_profit,0.0,3.0,PUSH,CHECK|CHECK|BET_1X
46,6935467213799320374,features,stake_scaled_net_profit,1.0,3.0,PLAYER_WIN,CHECK|CHECK|BET_1X
47,5612594235566473111,features,stake_scaled_net_profit,0.0,3.0,PUSH,CHECK|CHECK|BET_1X
48,4347199078740518746,features,stake_scaled_net_profit,1.0,3.0,PLAYER_WIN,CHECK|CHECK|BET_1X
49,7120907196351153496,features,stake_scaled_net_profit,2.0,3.0,PLAYER_WIN,CHECK|CHECK|BET_1X
50,2947780868488058973,features,stake_scaled_net_profit,2.0,3.0,PLAYER_WIN,CHECK|CHECK|BET_1X
51,8045624103170174348,features,stake_scaled_net_profit,-3.0,3.0,DEALER_WIN,CHECK|CHECK|BET_1X
52,1982945791593776379,features,stake_scaled_net_profit,2.0,3.0,PLAYER_WIN,CHECK|CHECK|BET_1X
53,8559655568166875089,features,stake_scaled_net_profit,3.0,3.0,PLAYER_WIN,CHECK|CHECK|BET_1X
54,2952535908593232311,features,stake_scaled_net_profit,-3.0,3.0,DEALER_WIN,CHECK|CHECK|BET_1X
55,653375118264160073,features,stake_scaled_net_profit,5.0,3.0,PLAYER_WIN,CHECK|CHECK|BET_1X
56,8628126910685404171,features,stake_scaled_net_profit,1.0,3.0,PLAYER_WIN,CHECK|CHECK|BET_1X
57,3411837048486933660,features,stake_scaled_net_profit,2.0,3.0,PLAYER_WIN,CHECK|CHECK|BET_1X
58,321785957422954919,features,stake_scaled_net_profit,-3.0,3.0,DEALER_WIN,CHECK|CHECK|BET_1X
59,9142095367098964630,features,stake_scaled_net_profit,-3.0,3.0,DEALER_WIN,CHECK|CHECK|BET_1X
60,5093202747382685980,features,stake_scaled_net_profit,-3.0,3.0,DEALER_WIN,CHECK|CHECK|BET_1X
61,9083423553673625243,features,stake_scaled_net_profit,2.0,3.0,PLAYER_WIN,CHECK|CHECK|BET_1X
62,3682897969972699063,features,stake_scaled_net_profit,-3.0,3.0,DEALER_WIN,CHECK|CHECK|BET_1X
63,279528981849538115,features,stake_scaled_net_profit,3.5,3.0,PLAYER_WIN,CHECK|CHECK|BET_1X
64,3459612578739540929,features,stake_scaled_net_profit,-3.0,3.0,DEALER_WIN,CHECK|CHECK|BET_1X
65,184650307201550344,features,stake_scaled_net_profit,-3.0,3.0,DEALER_WIN,CHECK|CHECK|BET_1X
66,4161485920553640688,features,stake_scaled_net_profit,-3.0,3.0,DEALER_WIN,CHECK|CHECK|BET_1X
67,4482320182470164616,features,stake_scaled_net_profit,0.0,3.0,PUSH,CHECK|CHECK|BET_1X
68,7233795208446614844,features,stake_scaled_net_profit,-3.0,3.0,DEALER_WIN,CHECK|CHECK|BET_1X
69,3969300439698209838,features,stake_scaled_net_profit,-2.0,3.0,DEALER_WIN,CHECK|CHECK|BET_1X
70,1158855182147307506,features,stake_scaled_net_profit,2.0,3.0,PLAYER_WIN,CHECK|CHECK|BET_1X
71,3931001972823372616,features,stake_scaled_net_profit,-3.0,3.0,DEALER_WIN,CHECK|CHECK|BET_1X
72,1780890636995138936,features,stake_scaled_net_profit,0.0,3.0,PUSH,CHECK|CHECK|BET_1X
73,7097014509562748812,features,stake_scaled_net_profit,5.0,3.0,PLAYER_WIN,CHECK|CHECK|BET_1X
74,6057414869709403377,features,stake_scaled_net_profit,2.0,3.0,PLAYER_WIN,CHECK|CHECK|BET_1X
75,186292945416596316,features,stake_scaled_net_profit,-3.0,3.0,DEALER_WIN,CHECK|CHECK|BET_1X
76,4863763103200250714,features,stake_scaled_net_profit,-3.0,3.0,DEALER_WIN,CHECK|CHECK|BET_1X
77,5937767851265253806,features,stake_scaled_net_profit,-2.0,3.0,DEALER_WIN,CHECK|CHECK|BET_1X
78,5609422332832284170,features,stake_scaled_net_profit,-3.0,3.0,DEALER_WIN,CHECK|CHECK|BET_1X
79,6095102712162836664,features,stake_scaled_net_profit,-3.0,3.0,DEALER_WIN,CHECK|CHECK|BET_1X
80,8149946325868012093,features,stake_scaled_net_profit,-3.0,3.0,DEALER_WIN,CHECK|CHECK|BET_1X
81,8439535158505976963,features,stake_scaled_net_profit,2.0,3.0,PLAYER_WIN,CHECK|CHECK|BET_1X
82,7402197783176339677,features,stake_scaled_net_profit,-3.0,3.0,DEALER_WIN,CHECK|CHECK|BET_1X
83,2544212450148784085,features,stake_scaled_net_profit,-3.0,3.0,DEALER_WIN,CHECK|CHECK|BET_1X
84,6160174665740052963,features,stake_scaled_net_profit,-3.0,3.0,DEALER_WIN,CHECK|CHECK|BET_1X
85,7868993352247292045,features,stake_scaled_net_profit,-3.0,3.0,DEALER_WIN,CHECK|CHECK|BET_1X
86,7502994246661721652,features,stake_scaled_net_profit,-3.0,3.0,DEALER_WIN,CHECK|CHECK|BET_1X
87,7918727964138148126,features,stake_scaled_net_profit,-3.0,3.0,DEALER_WIN,CHECK|CHECK|BET_1X
88,2715194295495663360,features,stake_scaled_net_profit,-3.0,3.0,DEALER_WIN,CHECK|CHECK|BET_1X
89,4520336279544116302,features,stake_scaled_net_profit,2.0,3.0,PLAYER_WIN,CHECK|CHECK|BET_1X
90,424471546312261032,features,stake_scaled_net_profit,-2.0,3.0,DEALER_WIN,CHECK|CHECK|BET_1X
91,1534172332767836760,features,stake_scaled_net_profit,2.0,3.0,PLAYER_WIN,CHECK|CHECK|BET_1X
92,7701219332749073684,features,stake_scaled_net_profit,-3.0,3.0,DEALER_WIN,CHECK|CHECK|BET_1X
93,3725290053046867031,features,stake_scaled_net_profit,-3.0,3.0,DEALER_WIN,CHECK|CHECK|BET_1X
94,552266544574701979,features,stake_scaled_net_profit,-3.0,3.0,DEALER_WIN,CHECK|CHECK|BET_1X
95,5180620136443654224,features,stake_scaled_net_profit,0.0,3.0,PUSH,CHECK|CHECK|BET_1X
96,6610426576810839465,features,stake_scaled_net_profit,-3.0,3.0,DEALER_WIN,CHECK|CHECK|BET_1X
97,6638801627304522570,features,stake_scaled_net_profit,1.0,3.0,PLAYER_WIN,CHECK|CHECK|BET_1X
98,1483928051219635714,features,stake_scaled_net_profit,-3.0,3.0,DEALER_WIN,CHECK|CHECK|BET_1X
99,372089592655043401,features,stake_scaled_net_profit,-3.0,3.0,DEALER_WIN,CHECK|CHECK|BET_1X
100,7970796395776112439,features,stake_scaled_net_profit,1.0,3.0,PLAYER_WIN,CHECK|CHECK|BET_1X
101,2735515580542308199,features,stake_scaled_net_profit,-3.0,3.0,DEALER_WIN,CHECK|CHECK|BET_1X
102,1458449103975526807,features,stake_scaled_net_profit,-3.0,3.0,DEALER_WIN,CHECK|CHECK|BET_1X
103,2626090741428851345,features,stake_scaled_net_profit,-2.0,3.0,DEALER_WIN,CHECK|CHECK|BET_1X
104,5901468342895068338,features,stake_scaled_net_profit,-3.0,3.0,DEALER_WIN,CHECK|CHECK|BET_1X
105,7650295898208821260,features,stake_scaled_net_profit,1.0,3.0,PLAYER_WIN,CHECK|CHECK|BET_1X
106,8348235252657919766,features,stake_scaled_net_profit,2.0,3.0,PLAYER_WIN,CHECK|CHECK|BET_1X
107,8774396524321946093,features,stake_scaled_net_profit,-3.0,3.0,DEALER_WIN,CHECK|CHECK|BET_1X
108,5325703479959263360,features,stake_scaled_net_profit,3.0,3.0,PLAYER_WIN,CHECK|CHECK|BET_1X
109,308510130372227839,features,stake_scaled_net_profit,1.0,3.0,PLAYER_WIN,CHECK|CHECK|BET_1X
110,691814333712790024,features,stake_scaled_net_profit,-3.0,3.0,DEALER_WIN,CHECK|CHECK|BET_1X
111,1791066817329466814,features,stake_scaled_net_profit,5.0,3.0,PLAYER_WIN,CHECK|CHECK|BET_1X
112,7844726160720761024,features,stake_scaled_net_profit,3.0,3.0,PLAYER_WIN,CHECK|CHECK|BET_1X
113,4413470094465881225,features,stake_scaled_net_profit,-3.0,3.0,DEALER_WIN,CHECK|CHECK|BET_1X
114,8032393553405997973,features,stake_scaled_net_profit,-3.0,3.0,DEALER_WIN,CHECK|CHECK|BET_1X
115,3288361484238926392,features,stake_scaled_net_profit,-3.0,3.0,DEALER_WIN,CHECK|CHECK|BET_1X
116,7927308640864165358,features,stake_scaled_net_profit,3.5,3.0,PLAYER_WIN,CHECK|CHECK|BET_1X
117,6977676637930912843,features,stake_scaled_net_profit,1.0,3.0,PLAYER_WIN,CHECK|CHECK|BET_1X
118,5987063494519245971,features,stake_scaled_net_profit,-3.0,3.0,DEALER_WIN,CHECK|CHECK|BET_1X
119,3382827485827260001,features,stake_scaled_net_profit,-3.0,3.0,DEALER_WIN,CHECK|CHECK|BET_1X
120,5271023846392711046,features,stake_scaled_net_profit,2.0,3.0,PLAYER_WIN,CHECK|CHECK|BET_1X
121,8700421098190037714,features,stake_scaled_net_profit,-3.0,3.0,DEALER_WIN,CHECK|CHECK|BET_1X
122,7591578118582873594,features,stake_scaled_net_profit,1.0,3.0,PLAYER_WIN,CHECK|CHECK|BET_1X
123,799898052841868756,features,stake_scaled_net_profit,1.0,3.0,PLAYER_WIN,CHECK|CHECK|BET_1X
124,3442607995740778689,features,stake_scaled_net_profit,3.5,3.0,PLAYER_WIN,CHECK|CHECK|BET_1X
125,8766728029030194891,features,stake_scaled_net_profit,-3.0,3.0,DEALER_WIN,CHECK|CHECK|BET_1X
126,5571430924103278169,features,stake_scaled_net_profit,-3.0,3.0,DEALER_WIN,CHECK|CHECK|BET_1X
127,7935445132631357346,features,stake_scaled_net_profit,-2.0,3.0,DEALER_WIN,CHECK|CHECK|BET_1X
128,4214140957653203178,features,stake_scaled_net_profit,5.0,3.0,PLAYER_WIN,CHECK|CHECK|BET_1X
129,5840276869739178336,features,stake_scaled_net_profit,2.0,3.0,PLAYER_WIN,CHECK|CHECK|BET_1X
130,7969240649651844771,features,stake_scaled_net_profit,-2.0,3.0,DEALER_WIN,CHECK|CHECK|BET_1X
131,5518284507728999214,features,stake_scaled_net_profit,3.0,3.0,PLAYER_WIN,CHECK|CHECK|BET_1X
132,1588903062808819614,features,stake_scaled_net_profit,2.0,3.0,PLAYER_WIN,CHECK|CHECK|BET_1X
133,1990496361436516063,features,stake_scaled_net_profit,-3.0,3.0,DEALER_WIN,CHECK|CHECK|BET_1X
134,8103897967099303267,features,stake_scaled_net_profit,1.0,3.0,PLAYER_WIN,CHECK|CHECK|BET_1X
135,6310362229869583997,features,stake_scaled_net_profit,-3.0,3.0,DEALER_WIN,CHECK|CHECK|BET_1X
136,2835302575974469345,features,stake_scaled_net_profit,-3.0,3.0,DEALER_WIN,CHECK|CHECK|BET_1X
137,2374950339168920177,features,stake_scaled_net_profit,-3.0,3.0,DEALER_WIN,CHECK|CHECK|BET_1X
138,4874135423890386130,features,stake_scaled_net_profit,1.0,3.0,PLAYER_WIN,CHECK|CHECK|BET_1X
139,4485301215758767598,features,stake_scaled_net_profit,2.0,3.0,PLAYER_WIN,CHECK|CHECK|BET_1X
140,3270891218652982714,features,stake_scaled_net_profit,-3.0,3.0,DEALER_WIN,CHECK|CHECK|BET_1X
141,8404482487714797519,features,stake_scaled_net_profit,3.5,3.0,PLAYER_WIN,CHECK|CHECK|BET_1X
142,7043678516278956663,features,stake_scaled_net_profit,2.0,3.0,PLAYER_WIN,CHECK|CHECK|BET_1X
143,1271700207996566968,features,stake_scaled_net_profit,2.0,3.0,PLAYER_WIN,CHECK|CHECK|BET_1X
144,3835225369374540061,features,stake_scaled_net_profit,-3.0,3.0,DEALER_WIN,CHECK|CHECK|BET_1X
145,666463364949798282,features,stake_scaled_net_profit,-3.0,3.0,DEALER_WIN,CHECK|CHECK|BET_1X
146,1803315010592774109,features,stake_scaled_net_profit,-3.0,3.0,DEALER_WIN,CHECK|CHECK|BET_1X
147,5889978965453416515,features,stake_scaled_net_profit,2.0,3.0,PLAYER_WIN,CHECK|CHECK|BET_1X
148,246447490973930156,features,stake_scaled_net_profit,2.0,3.0,PLAYER_WIN,CHECK|CHECK|BET_1X
149,229693647205603385,features,stake_scaled_net_profit,-2.0,3.0,DEALER_WIN,CHECK|CHECK|BET_1X
150,2574826990457786488,features,stake_scaled_net_profit,-3.0,3.0,DEALER_WIN,CHECK|CHECK|BET_1X
151,1328371695420260066,features,stake_scaled_net_profit,-3.0,3.0,DEALER_WIN,CHECK|CHECK|BET_1X
152,9214358393218296886,features,stake_scaled_net_profit,0.0,3.0,PUSH,CHECK|CHECK|BET_1X
153,7600319498121963319,features,stake_scaled_net_profit,3.5,3.0,PLAYER_WIN,CHECK|CHECK|BET_1X
154,8548777183537499732,features,stake_scaled_net_profit,1.0,3.0,PLAYER_WIN,CHECK|CHECK|BET_1X
155,222054042808413628,features,stake_scaled_net_profit,0.0,3.0,PUSH,CHECK|CHECK|BET_1X
156,7943095732984079155,features,stake_scaled_net_profit,2.0,3.0,PLAYER_WIN,CHECK|CHECK|BET_1X
157,5048594911983637929,features,stake_scaled_net_profit,2.0,3.0,PLAYER_WIN,CHECK|CHECK|BET_1X
158,3838800578014759175,features,stake_scaled_net_profit,-3.0,3.0,DEALER_WIN,CHECK|CHECK|BET_1X
159,2095954482773485702,features,stake_scaled_net_profit,-3.0,3.0,DEALER_WIN,CHECK|CHECK|BET_1X
160,5111132195666445508,features,stake_scaled_net_profit,-3.0,3.0,DEALER_WIN,CHECK|CHECK|BET_1X
161,4484047144931754103,features,stake_scaled_net_profit,1.0,3.0,PLAYER_WIN,CHECK|CHECK|BET_1X
162,8421490695099539308,features,stake_scaled_net_profit,1.0,3.0,PLAYER_WIN,CHECK|CHECK|BET_1X
163,238989329143121490,features,stake_scaled_net_profit,2.0,3.0,PLAYER_WIN,CHECK|CHECK|BET_1X
164,5227476580216639085,features,stake_scaled_net_profit,-3.0,3.0,DEALER_WIN,CHECK|CHECK|BET_1X
165,8365562426258253711,features,stake_scaled_net_profit,-2.0,3.0,DEALER_WIN,CHECK|CHECK|BET_1X
166,1574377984351324256,features,stake_scaled_net_profit,0.0,3.0,PUSH,CHECK|CHECK|BET_1X
167,329282032523654539,features,stake_scaled_net_profit,2.0,3.0,PLAYER_WIN,CHECK|CHECK|BET_1X
168,6996536489796581451,features,stake_scaled_net_profit,2.0,3.0,PLAYER_WIN,CHECK|CHECK|BET_1X
169,602603839492438883,features,stake_scaled_net_profit,-2.0,3.0,DEALER_WIN,CHECK|CHECK|BET_1X
170,3250551443412039705,features,stake_scaled_net_profit,-3.0,3.0,DEALER_WIN,CHECK|CHECK|BET_1X
171,3664981025071144934,features,stake_scaled_net_profit,-2.0,3.0,DEALER_WIN,CHECK|CHECK|BET_1X
172,3939944893045527535,features,stake_scaled_net_profit,-3.0,3.0,DEALER_WIN,CHECK|CHECK|BET_1X
173,6901356006866102650,features,stake_scaled_net_profit,-3.0,3.0,DEALER_WIN,CHECK|CHECK|BET_1X
174,2651174666133198247,features,stake_scaled_net_profit,2.5,3.0,PLAYER_WIN,CHECK|CHECK|BET_1X
175,3253471355897663978,features,stake_scaled_net_profit,-3.0,3.0,DEALER_WIN,CHECK|CHECK|BET_1X
176,1667879780665572545,features,stake_scaled_net_profit,0.0,3.0,PUSH,CHECK|CHECK|BET_1X
177,612522476431562973,features,stake_scaled_net_profit,0.0,3.0,PUSH,CHECK|CHECK|BET_1X
178,5266698071290254250,features,stake_scaled_net_profit,2.0,3.0,PLAYER_WIN,CHECK|CHECK|BET_1X
179,1036649300983052059,features,stake_scaled_net_profit,-3.0,3.0,DEALER_WIN,CHECK|CHECK|BET_1X
180,5943975099518342777,features,stake_scaled_net_profit,-3.0,3.0,DEALER_WIN,CHECK|CHECK|BET_1X
181,8022205843499842905,features,stake_scaled_net_profit,-3.0,3.0,DEALER_WIN,CHECK|CHECK|BET_1X
182,4296098361744109626,features,stake_scaled_net_profit,1.0,3.0,PLAYER_WIN,CHECK|CHECK|BET_1X
183,2895089901790712587,features,stake_scaled_net_profit,-3.0,3.0,DEALER_WIN,CHECK|CHECK|BET_1X
184,2692959954578496460,features,stake_scaled_net_profit,1.0,3.0,PLAYER_WIN,CHECK|CHECK|BET_1X
185,6957117910194745014,features,stake_scaled_net_profit,2.0,3.0,PLAYER_WIN,CHECK|CHECK|BET_1X
186,8299659691135489491,features,stake_scaled_net_profit,-3.0,3.0,DEALER_WIN,CHECK|CHECK|BET_1X
187,521672325287713316,features,stake_scaled_net_profit,-3.0,3.0,DEALER_WIN,CHECK|CHECK|BET_1X
188,7068868565519734221,features,stake_scaled_net_profit,0.0,3.0,PUSH,CHECK|CHECK|BET_1X
189,8647696901315248288,features,stake_scaled_net_profit,2.0,3.0,PLAYER_WIN,CHECK|CHECK|BET_1X
190,5829996289168956440,features,stake_scaled_net_profit,-2.0,3.0,DEALER_WIN,CHECK|CHECK|BET_1X
191,6510986746521403714,features,stake_scaled_net_profit,0.0,3.0,PUSH,CHECK|CHECK|BET_1X
192,3343632454807131533,features,stake_scaled_net_profit,2.0,3.0,PLAYER_WIN,CHECK|CHECK|BET_1X
193,3635347933053571141,features,stake_scaled_net_profit,-3.0,3.0,DEALER_WIN,CHECK|CHECK|BET_1X
194,2872360651756260152,features,stake_scaled_net_profit,-3.0,3.0,DEALER_WIN,CHECK|CHECK|BET_1X
195,4575677044837556587,features,stake_scaled_net_profit,2.0,3.0,PLAYER_WIN,CHECK|CHECK|BET_1X
196,8109627705770787446,features,stake_scaled_net_profit,2.0,3.0,PLAYER_WIN,CHECK|CHECK|BET_1X
197,7876385408815645013,features,stake_scaled_net_profit,1.0,3.0,PLAYER_WIN,CHECK|CHECK|BET_1X
198,6045585644649517634,features,stake_scaled_net_profit,2.0,3.0,PLAYER_WIN,CHECK|CHECK|BET_1X
199,8171468275729887274,features,stake_scaled_net_profit,2.0,3.0,PLAYER_WIN,CHECK|CHECK|BET_1X
200,1522019156218505182,features,stake_scaled_net_profit,3.0,3.0,PLAYER_WIN,CHECK|CHECK|BET_1X
201,3414494131441129021,features,stake_scaled_net_profit,-3.0,3.0,DEALER_WIN,CHECK|CHECK|BET_1X
202,8150147558741906037,features,stake_scaled_net_profit,2.0,3.0,PLAYER_WIN,CHECK|CHECK|BET_1X
203,3635744785230929795,features,stake_scaled_net_profit,-3.0,3.0,DEALER_WIN,CHECK|CHECK|BET_1X
204,741661198935559693,features,stake_scaled_net_profit,1.0,3.0,PLAYER_WIN,CHECK|CHECK|BET_1X
205,5504871625796891831,features,stake_scaled_net_profit,2.0,3.0,PLAYER_WIN,CHECK|CHECK|BET_1X
206,5019130878861949901,features,stake_scaled_net_profit,3.0,3.0,PLAYER_WIN,CHECK|CHECK|BET_1X
207,1370223978642297613,features,stake_scaled_net_profit,-3.0,3.0,DEALER_WIN,CHECK|CHECK|BET_1X
208,6812516088013608262,features,stake_scaled_net_profit,1.0,3.0,PLAYER_WIN,CHECK|CHECK|BET_1X
209,9179447981108907171,features,stake_scaled_net_profit,-3.0,3.0,DEALER_WIN,CHECK|CHECK|BET_1X
210,3886441791378742981,features,stake_scaled_net_profit,-3.0,3.0,DEALER_WIN,CHECK|CHECK|BET_1X
211,3869216972724575561,features,stake_scaled_net_profit,1.0,3.0,PLAYER_WIN,CHECK|CHECK|BET_1X
212,7298397267651016110,features,stake_scaled_net_profit,5.0,3.0,PLAYER_WIN,CHECK|CHECK|BET_1X
213,9106911739118468803,features,stake_scaled_net_profit,1.0,3.0,PLAYER_WIN,CHECK|CHECK|BET_1X
214,2309837682468512169,features,stake_scaled_net_profit,-3.0,3.0,DEALER_WIN,CHECK|CHECK|BET_1X
215,2843991017257676316,features,stake_scaled_net_profit,1.0,3.0,PLAYER_WIN,CHECK|CHECK|BET_1X
216,7985478897452358890,features,stake_scaled_net_profit,5.0,3.0,PLAYER_WIN,CHECK|CHECK|BET_1X
217,4763526213045217682,features,stake_scaled_net_profit,1.0,3.0,PLAYER_WIN,CHECK|CHECK|BET_1X
218,6548874376641643944,features,stake_scaled_net_profit,-3.0,3.0,DEALER_WIN,CHECK|CHECK|BET_1X
219,275857527687551367,features,stake_scaled_net_profit,0.0,3.0,PUSH,CHECK|CHECK|BET_1X
220,2715413790037767564,features,stake_scaled_net_profit,-3.0,3.0,DEALER_WIN,CHECK|CHECK|BET_1X
221,2506515837130634695,features,stake_scaled_net_profit,1.0,3.0,PLAYER_WIN,CHECK|CHECK|BET_1X
222,5588620273884141006,features,stake_scaled_net_profit,-3.0,3.0,DEALER_WIN,CHECK|CHECK|BET_1X
223,1783686779819737837,features,stake_scaled_net_profit,2.0,3.0,PLAYER_WIN,CHECK|CHECK|BET_1X
224,4789398362050358956,features,stake_scaled_net_profit,-3.0,3.0,DEALER_WIN,CHECK|CHECK|BET_1X
225,6053861788805800196,features,stake_scaled_net_profit,1.0,3.0,PLAYER_WIN,CHECK|CHECK|BET_1X
226,4607239473637602089,features,stake_scaled_net_profit,2.0,3.0,PLAYER_WIN,CHECK|CHECK|BET_1X
227,546209324434964652,features,stake_scaled_net_profit,2.0,3.0,PLAYER_WIN,CHECK|CHECK|BET_1X
228,5018557025698303746,features,stake_scaled_net_profit,-2.0,3.0,DEALER_WIN,CHECK|CHECK|BET_1X
229,3080843083321466271,features,stake_scaled_net_profit,2.0,3.0,PLAYER_WIN,CHECK|CHECK|BET_1X
230,3716321932880570721,features,stake_scaled_net_profit,2.0,3.0,PLAYER_WIN,CHECK|CHECK|BET_1X
231,92064684869300405,features,stake_scaled_net_profit,2.0,3.0,PLAYER_WIN,CHECK|CHECK|BET_1X
232,1140910975008277839,features,stake_scaled_net_profit,-3.0,3.0,DEALER_WIN,CHECK|CHECK|BET_1X
233,6856591104020712021,features,stake_scaled_net_profit,-3.0,3.0,DEALER_WIN,CHECK|CHECK|BET_1X
234,9039473785572614898,features,stake_scaled_net_profit,1.0,3.0,PLAYER_WIN,CHECK|CHECK|BET_1X
235,3325308716516527238,features,stake_scaled_net_profit,-3.0,3.0,DEALER_WIN,CHECK|CHECK|BET_1X
236,1259064680821498276,features,stake_scaled_net_profit,2.0,3.0,PLAYER_WIN,CHECK|CHECK|BET_1X
237,1016171186944723331,features,stake_scaled_net_profit,-3.0,3.0,DEALER_WIN,CHECK|CHECK|BET_1X
238,1966099807976542267,features,stake_scaled_net_profit,-3.0,3.0,DEALER_WIN,CHECK|CHECK|BET_1X
239,8772870922485700553,features,stake_scaled_net_profit,2.0,3.0,PLAYER_WIN,CHECK|CHECK|BET_1X
240,6322227503818577595,features,stake_scaled_net_profit,2.0,3.0,PLAYER_WIN,CHECK|CHECK|BET_1X
241,8857602524819317742,features,stake_scaled_net_profit,2.0,3.0,PLAYER_WIN,CHECK|CHECK|BET_1X
242,6936526574501988479,features,stake_scaled_net_profit,-3.0,3.0,DEALER_WIN,CHECK|CHECK|BET_1X
243,7995004442754902422,features,stake_scaled_net_profit,-2.0,3.0,DEALER_WIN,CHECK|CHECK|BET_1X
244,2689793819086796747,features,stake_scaled_net_profit,-3.0,3.0,DEALER_WIN,CHECK|CHECK|BET_1X
245,6931580245738144909,features,stake_scaled_net_profit,2.0,3.0,PLAYER_WIN,CHECK|CHECK|BET_1X
246,7137720517950527935,features,stake_scaled_net_profit,2.0,3.0,PLAYER_WIN,CHECK|CHECK|BET_1X
247,4739568660344075039,features,stake_scaled_net_profit,2.0,3.0,PLAYER_WIN,CHECK|CHECK|BET_1X
248,9114813623973426675,features,stake_scaled_net_profit,2.0,3.0,PLAYER_WIN,CHECK|CHECK|BET_1X
249,7004975275309143372,features,stake_scaled_net_profit,5.0,3.0,PLAYER_WIN,CHECK|CHECK|BET_1X
250,8010624436975705395,features,stake_scaled_net_profit,1.0,3.0,PLAYER_WIN,CHECK|CHECK|BET_1X
251,8824986349627595397,features,stake_scaled_net_profit,2.0,3.0,PLAYER_WIN,CHECK|CHECK|BET_1X
252,4214192239115773782,features,stake_scaled_net_profit,-3.0,3.0,DEALER_WIN,CHECK|CHECK|BET_1X
253,2064659323962257712,features,stake_scaled_net_profit,2.0,3.0,PLAYER_WIN,CHECK|CHECK|BET_1X
254,3662871525063954504,features,stake_scaled_net_profit,2.0,3.0,PLAYER_WIN,CHECK|CHECK|BET_1X
255,3081643373842585213,features,stake_scaled_net_profit,-3.0,3.0,DEALER_WIN,CHECK|CHECK|BET_1X
256,2964190760393150071,features,stake_scaled_net_profit,-3.0,3.0,DEALER_WIN,CHECK|CHECK|BET_1X
257,4432433309750216898,features,stake_scaled_net_profit,2.0,3.0,PLAYER_WIN,CHECK|CHECK|BET_1X
258,6297679402363790244,features,stake_scaled_net_profit,2.0,3.0,PLAYER_WIN,CHECK|CHECK|BET_1X
259,3609631887854626781,features,stake_scaled_net_profit,-3.0,3.0,DEALER_WIN,CHECK|CHECK|BET_1X
260,5698338630153832060,features,stake_scaled_net_profit,3.0,3.0,PLAYER_WIN,CHECK|CHECK|BET_1X
261,3559105149835941744,features,stake_scaled_net_profit,2.0,3.0,PLAYER_WIN,CHECK|CHECK|BET_1X
262,351829026103476516,features,stake_scaled_net_profit,-3.0,3.0,DEALER_WIN,CHECK|CHECK|BET_1X
263,2107164881514668761,features,stake_scaled_net_profit,-3.0,3.0,DEALER_WIN,CHECK|CHECK|BET_1X
264,6989594130531546912,features,stake_scaled_net_profit,-3.0,3.0,DEALER_WIN,CHECK|CHECK|BET_1X
265,477323117151096337,features,stake_scaled_net_profit,1.0,3.0,PLAYER_WIN,CHECK|CHECK|BET_1X
266,5427647393489702713,features,stake_scaled_net_profit,2.0,3.0,PLAYER_WIN,CHECK|CHECK|BET_1X
267,673806825868914089,features,stake_scaled_net_profit,0.0,3.0,PUSH,CHECK|CHECK|BET_1X
268,2277683107665827752,features,stake_scaled_net_profit,2.0,3.0,PLAYER_WIN,CHECK|CHECK|BET_1X
269,1286564176499040596,features,stake_scaled_net_profit,2.0,3.0,PLAYER_WIN,CHECK|CHECK|BET_1X
270,3390602342499223345,features,stake_scaled_net_profit,1.0,3.0,PLAYER_WIN,CHECK|CHECK|BET_1X
271,2184292267620929134,features,stake_scaled_net_profit,-3.0,3.0,DEALER_WIN,CHECK|CHECK|BET_1X
272,2400839929366976845,features,stake_scaled_net_profit,-3.0,3.0,DEALER_WIN,CHECK|CHECK|BET_1X
273,7099363791732008589,features,stake_scaled_net_profit,-3.0,3.0,DEALER_WIN,CHECK|CHECK|BET_1X
274,7298649988942962473,features,stake_scaled_net_profit,-3.0,3.0,DEALER_WIN,CHECK|CHECK|BET_1X
275,6116569858919202824,features,stake_scaled_net_profit,-3.0,3.0,DEALER_WIN,CHECK|CHECK|BET_1X
276,5657156539417868424,features,stake_scaled_net_profit,2.5,3.0,PLAYER_WIN,CHECK|CHECK|BET_1X
277,2909963714610012848,features,stake_scaled_net_profit,-3.0,3.0,DEALER_WIN,CHECK|CHECK|BET_1X
278,8842534907094839826,features,stake_scaled_net_profit,-3.0,3.0,DEALER_WIN,CHECK|CHECK|BET_1X
279,1929820099870563754,features,stake_scaled_net_profit,2.0,3.0,PLAYER_WIN,CHECK|CHECK|BET_1X
280,2275857421354943444,features,stake_scaled_net_profit,2.0,3.0,PLAYER_WIN,CHECK|CHECK|BET_1X
281,2450247646130307371,features,stake_scaled_net_profit,2.0,3.0,PLAYER_WIN,CHECK|CHECK|BET_1X
282,5436571418616758817,features,stake_scaled_net_profit,1.0,3.0,PLAYER_WIN,CHECK|CHECK|BET_1X
283,6423307474855632554,features,stake_scaled_net_profit,2.0,3.0,PLAYER_WIN,CHECK|CHECK|BET_1X
284,53336841608746950,features,stake_scaled_net_profit,2.0,3.0,PLAYER_WIN,CHECK|CHECK|BET_1X
285,636997439105160726,features,stake_scaled_net_profit,3.0,3.0,PLAYER_WIN,CHECK|CHECK|BET_1X
286,1443741153445400323,features,stake_scaled_net_profit,2.0,3.0,PLAYER_WIN,CHECK|CHECK|BET_1X
287,1724208036164981583,features,stake_scaled_net_profit,2.0,3.0,PLAYER_WIN,CHECK|CHECK|BET_1X
288,1451431174848639120,features,stake_scaled_net_profit,1.0,3.0,PLAYER_WIN,CHECK|CHECK|BET_1X
289,3071645897280903590,features,stake_scaled_net_profit,-3.0,3.0,DEALER_WIN,CHECK|CHECK|BET_1X
290,4035927011327309283,features,stake_scaled_net_profit,3.5,3.0,PLAYER_WIN,CHECK|CHECK|BET_1X
291,4582459076364867022,features,stake_scaled_net_profit,2.0,3.0,PLAYER_WIN,CHECK|CHECK|BET_1X
292,5063108030770880756,features,stake_scaled_net_profit,-3.0,3.0,DEALER_WIN,CHECK|CHECK|BET_1X
293,3521074766916916396,features,stake_scaled_net_profit,2.0,3.0,PLAYER_WIN,CHECK|CHECK|BET_1X
294,2098739520062542735,features,stake_scaled_net_profit,1.0,3.0,PLAYER_WIN,CHECK|CHECK|BET_1X
295,1920321905174655088,features,stake_scaled_net_profit,2.0,3.0,PLAYER_WIN,CHECK|CHECK|BET_1X
296,3111219435804652977,features,stake_scaled_net_profit,-3.0,3.0,DEALER_WIN,CHECK|CHECK|BET_1X
297,7596979449436064433,features,stake_scaled_net_profit,-3.0,3.0,DEALER_WIN,CHECK|CHECK|BET_1X
298,9200930107847698921,features,stake_scaled_net_profit,-3.0,3.0,DEALER_WIN,CHECK|CHECK|BET_1X
299,2130161503912020020,features,stake_scaled_net_profit,-3.0,3.0,DEALER_WIN,CHECK|CHECK|BET_1X
300,773199989780435132,features,stake_scaled_net_profit,2.0,3.0,PLAYER_WIN,CHECK|CHECK|BET_1X
301,790609520540673511,features,stake_scaled_net_profit,-3.0,3.0,DEALER_WIN,CHECK|CHECK|BET_1X
302,940256883321144102,features,stake_scaled_net_profit,2.0,3.0,PLAYER_WIN,CHECK|CHECK|BET_1X
303,7521885374094830706,features,stake_scaled_net_profit,2.0,3.0,PLAYER_WIN,CHECK|CHECK|BET_1X
304,1290666818709030736,features,stake_scaled_net_profit,-3.0,3.0,DEALER_WIN,CHECK|CHECK|BET_1X
305,7278560434425519433,features,stake_scaled_net_profit,5.0,3.0,PLAYER_WIN,CHECK|CHECK|BET_1X
306,6765727779339517793,features,stake_scaled_net_profit,-3.0,3.0,DEALER_WIN,CHECK|CHECK|BET_1X
307,2562702621120485377,features,stake_scaled_net_profit,2.0,3.0,PLAYER_WIN,CHECK|CHECK|BET_1X
308,5732270001053102957,features,stake_scaled_net_profit,2.0,3.0,PLAYER_WIN,CHECK|CHECK|BET_1X
309,5319966283482639267,features,stake_scaled_net_profit,1.0,3.0,PLAYER_WIN,CHECK|CHECK|BET_1X
310,5482854480484691906,features,stake_scaled_net_profit,-3.0,3.0,DEALER_WIN,CHECK|CHECK|BET_1X
311,6737730215036343388,features,stake_scaled_net_profit,-3.0,3.0,DEALER_WIN,CHECK|CHECK|BET_1X
312,1750394772184139807,features,stake_scaled_net_profit,3.5,3.0,PLAYER_WIN,CHECK|CHECK|BET_1X
313,4092024285208974386,features,stake_scaled_net_profit,-3.0,3.0,DEALER_WIN,CHECK|CHECK|BET_1X
314,2479779619273314584,features,stake_scaled_net_profit,-3.0,3.0,DEALER_WIN,CHECK|CHECK|BET_1X
315,8550716504167259590,features,stake_scaled_net_profit,1.0,3.0,PLAYER_WIN,CHECK|CHECK|BET_1X
316,5968184737561155573,features,stake_scaled_net_profit,1.0,3.0,PLAYER_WIN,CHECK|CHECK|BET_1X
317,4251216972758833193,features,stake_scaled_net_profit,-3.0,3.0,DEALER_WIN,CHECK|CHECK|BET_1X
318,6586578875242233007,features,stake_scaled_net_profit,0.0,3.0,PUSH,CHECK|CHECK|BET_1X
319,7196449143880713678,features,stake_scaled_net_profit,2.0,3.0,PLAYER_WIN,CHECK|CHECK|BET_1X
320,1494370748545103871,features,stake_scaled_net_profit,1.0,3.0,PLAYER_WIN,CHECK|CHECK|BET_1X
321,4038012604501675599,features,stake_scaled_net_profit,-3.0,3.0,DEALER_WIN,CHECK|CHECK|BET_1X
322,7098046348583829158,features,stake_scaled_net_profit,-3.0,3.0,DEALER_WIN,CHECK|CHECK|BET_1X
323,7024276765378325067,features,stake_scaled_net_profit,2.0,3.0,PLAYER_WIN,CHECK|CHECK|BET_1X
324,6154590985343039709,features,stake_scaled_net_profit,-3.0,3.0,DEALER_WIN,CHECK|CHECK|BET_1X
325,4727068190975620816,features,stake_scaled_net_profit,2.0,3.0,PLAYER_WIN,CHECK|CHECK|BET_1X
326,2507349376491984346,features,stake_scaled_net_profit,2.0,3.0,PLAYER_WIN,CHECK|CHECK|BET_1X
327,3395974611405996149,features,stake_scaled_net_profit,3.0,3.0,PLAYER_WIN,CHECK|CHECK|BET_1X
328,2359856206601181180,features,stake_scaled_net_profit,-3.0,3.0,DEALER_WIN,CHECK|CHECK|BET_1X
329,7744368251180168964,features,stake_scaled_net_profit,-3.0,3.0,DEALER_WIN,CHECK|CHECK|BET_1X
330,4723146808085613614,features,stake_scaled_net_profit,2.0,3.0,PLAYER_WIN,CHECK|CHECK|BET_1X
331,4524896174569570928,features,stake_scaled_net_profit,-3.0,3.0,DEALER_WIN,CHECK|CHECK|BET_1X
332,3829554533382905876,features,stake_scaled_net_profit,-3.0,3.0,DEALER_WIN,CHECK|CHECK|BET_1X
333,8850372262869207536,features,stake_scaled_net_profit,1.0,3.0,PLAYER_WIN,CHECK|CHECK|BET_1X
334,2522900541139666584,features,stake_scaled_net_profit,1.0,3.0,PLAYER_WIN,CHECK|CHECK|BET_1X
335,6829168510832181399,features,stake_scaled_net_profit,1.0,3.0,PLAYER_WIN,CHECK|CHECK|BET_1X
336,1300757615968728974,features,stake_scaled_net_profit,-3.0,3.0,DEALER_WIN,CHECK|CHECK|BET_1X
337,8977613446332408452,features,stake_scaled_net_profit,2.0,3.0,PLAYER_WIN,CHECK|CHECK|BET_1X
338,5124143102279955980,features,stake_scaled_net_profit,2.0,3.0,PLAYER_WIN,CHECK|CHECK|BET_1X
339,1698982236944184098,features,stake_scaled_net_profit,1.0,3.0,PLAYER_WIN,CHECK|CHECK|BET_1X
340,2537635093826938346,features,stake_scaled_net_profit,-3.0,3.0,DEALER_WIN,CHECK|CHECK|BET_1X
341,3042645679642465706,features,stake_scaled_net_profit,1.0,3.0,PLAYER_WIN,CHECK|CHECK|BET_1X
342,8379030542639646354,features,stake_scaled_net_profit,-3.0,3.0,DEALER_WIN,CHECK|CHECK|BET_1X
343,4252752355513259897,features,stake_scaled_net_profit,-3.0,3.0,DEALER_WIN,CHECK|CHECK|BET_1X
344,7644703980693510810,features,stake_scaled_net_profit,0.0,3.0,PUSH,CHECK|CHECK|BET_1X
345,6091992489211428610,features,stake_scaled_net_profit,-3.0,3.0,DEALER_WIN,CHECK|CHECK|BET_1X
346,4377905856225961112,features,stake_scaled_net_profit,-2.0,3.0,DEALER_WIN,CHECK|CHECK|BET_1X
347,4233738309113298639,features,stake_scaled_net_profit,0.0,3.0,PUSH,CHECK|CHECK|BET_1X
348,722959606086166209,features,stake_scaled_net_profit,-3.0,3.0,DEALER_WIN,CHECK|CHECK|BET_1X
349,8965898040700419188,features,stake_scaled_net_profit,-3.0,3.0,DEALER_WIN,CHECK|CHECK|BET_1X
350,3068374000097644594,features,stake_scaled_net_profit,2.0,3.0,PLAYER_WIN,CHECK|CHECK|BET_1X
351,8421993321631063289,features,stake_scaled_net_profit,5.0,3.0,PLAYER_WIN,CHECK|CHECK|BET_1X
352,2565339746751315385,features,stake_scaled_net_profit,2.0,3.0,PLAYER_WIN,CHECK|CHECK|BET_1X
353,3521059145737245006,features,stake_scaled_net_profit,-3.0,3.0,DEALER_WIN,CHECK|CHECK|BET_1X
354,1225146693247821464,features,stake_scaled_net_profit,-3.0,3.0,DEALER_WIN,CHECK|CHECK|BET_1X
355,2223163389797223573,features,stake_scaled_net_profit,-3.0,3.0,DEALER_WIN,CHECK|CHECK|BET_1X
356,6100450240085238662,features,stake_scaled_net_profit,-3.0,3.0,DEALER_WIN,CHECK|CHECK|BET_1X
357,2252262110976378070,features,stake_scaled_net_profit,1.0,3.0,PLAYER_WIN,CHECK|CHECK|BET_1X
358,2409777369572172664,features,stake_scaled_net_profit,-3.0,3.0,DEALER_WIN,CHECK|CHECK|BET_1X
359,3272692093067702644,features,stake_scaled_net_profit,-3.0,3.0,DEALER_WIN,CHECK|CHECK|BET_1X
360,5263078641338965980,features,stake_scaled_net_profit,2.0,3.0,PLAYER_WIN,CHECK|CHECK|BET_1X
361,2013549331616727494,features,stake_scaled_net_profit,2.0,3.0,PLAYER_WIN,CHECK|CHECK|BET_1X
362,7796690638519713880,features,stake_scaled_net_profit,-3.0,3.0,DEALER_WIN,CHECK|CHECK|BET_1X
363,1112853597645051873,features,stake_scaled_net_profit,-3.0,3.0,DEALER_WIN,CHECK|CHECK|BET_1X
364,3480513157201779262,features,stake_scaled_net_profit,2.0,3.0,PLAYER_WIN,CHECK|CHECK|BET_1X
365,3067634367452865023,features,stake_scaled_net_profit,1.0,3.0,PLAYER_WIN,CHECK|CHECK|BET_1X
366,7503054615718173894,features,stake_scaled_net_profit,2.0,3.0,PLAYER_WIN,CHECK|CHECK|BET_1X
367,4634938742369367851,features,stake_scaled_net_profit,-3.0,3.0,DEALER_WIN,CHECK|CHECK|BET_1X
368,5033243759305225170,features,stake_scaled_net_profit,1.0,3.0,PLAYER_WIN,CHECK|CHECK|BET_1X
369,5123096749338927418,features,stake_scaled_net_profit,1.0,3.0,PLAYER_WIN,CHECK|CHECK|BET_1X
370,5250256626675980973,features,stake_scaled_net_profit,3.5,3.0,PLAYER_WIN,CHECK|CHECK|BET_1X
371,3188560541386030410,features,stake_scaled_net_profit,2.0,3.0,PLAYER_WIN,CHECK|CHECK|BET_1X
372,725958004730219154,features,stake_scaled_net_profit,-3.0,3.0,DEALER_WIN,CHECK|CHECK|BET_1X
373,1086518526799508046,features,stake_scaled_net_profit,-3.0,3.0,DEALER_WIN,CHECK|CHECK|BET_1X
374,4830178015972021400,features,stake_scaled_net_profit,2.0,3.0,PLAYER_WIN,CHECK|CHECK|BET_1X
375,2483794333879786541,features,stake_scaled_net_profit,-3.0,3.0,DEALER_WIN,CHECK|CHECK|BET_1X
376,5968788491557416029,features,stake_scaled_net_profit,3.0,3.0,PLAYER_WIN,CHECK|CHECK|BET_1X
377,4909058599847734388,features,stake_scaled_net_profit,-2.0,3.0,DEALER_WIN,CHECK|CHECK|BET_1X
378,8269389959809120026,features,stake_scaled_net_profit,2.0,3.0,PLAYER_WIN,CHECK|CHECK|BET_1X
379,5751227521769691756,features,stake_scaled_net_profit,-3.0,3.0,DEALER_WIN,CHECK|CHECK|BET_1X
380,5254734106473222559,features,stake_scaled_net_profit,-3.0,3.0,DEALER_WIN,CHECK|CHECK|BET_1X
381,1484617088297884918,features,stake_scaled_net_profit,1.0,3.0,PLAYER_WIN,CHECK|CHECK|BET_1X
382,3733062852738192744,features,stake_scaled_net_profit,12.0,3.0,PLAYER_WIN,CHECK|CHECK|BET_1X
383,4031387593778505327,features,stake_scaled_net_profit,-3.0,3.0,DEALER_WIN,CHECK|CHECK|BET_1X
384,2686551691759380802,features,stake_scaled_net_profit,2.0,3.0,PLAYER_WIN,CHECK|CHECK|BET_1X
385,7200141093538924119,features,stake_scaled_net_profit,5.0,3.0,PLAYER_WIN,CHECK|CHECK|BET_1X
386,1267122011524698938,features,stake_scaled_net_profit,0.0,3.0,PUSH,CHECK|CHECK|BET_1X
387,2953387294424337859,features,stake_scaled_net_profit,1.0,3.0,PLAYER_WIN,CHECK|CHECK|BET_1X
388,2123690835654171057,features,stake_scaled_net_profit,-3.0,3.0,DEALER_WIN,CHECK|CHECK|BET_1X
389,3842281555931477400,features,stake_scaled_net_profit,-3.0,3.0,DEALER_WIN,CHECK|CHECK|BET_1X
390,1446228320186105644,features,stake_scaled_net_profit,-3.0,3.0,DEALER_WIN,CHECK|CHECK|BET_1X
391,388341251164335986,features,stake_scaled_net_profit,-3.0,3.0,DEALER_WIN,CHECK|CHECK|BET_1X
392,3766716693521451175,features,stake_scaled_net_profit,2.0,3.0,PLAYER_WIN,CHECK|CHECK|BET_1X
393,308677102571691178,features,stake_scaled_net_profit,-3.0,3.0,DEALER_WIN,CHECK|CHECK|BET_1X
394,7025784524817768587,features,stake_scaled_net_profit,2.0,3.0,PLAYER_WIN,CHECK|CHECK|BET_1X
395,660872375021651183,features,stake_scaled_net_profit,-3.0,3.0,DEALER_WIN,CHECK|CHECK|BET_1X
396,5018159035523172139,features,stake_scaled_net_profit,2.0,3.0,PLAYER_WIN,CHECK|CHECK|BET_1X
397,8521796670501639537,features,stake_scaled_net_profit,-3.0,3.0,DEALER_WIN,CHECK|CHECK|BET_1X
398,8259530846865156621,features,stake_scaled_net_profit,2.0,3.0,PLAYER_WIN,CHECK|CHECK|BET_1X
399,1293390679611208357,features,stake_scaled_net_profit,2.0,3.0,PLAYER_WIN,CHECK|CHECK|BET_1X
400,5535416213156246062,features,stake_scaled_net_profit,2.0,3.0,PLAYER_WIN,CHECK|CHECK|BET_1X
401,8592143109048140185,features,stake_scaled_net_profit,-3.0,3.0,DEALER_WIN,CHECK|CHECK|BET_1X
402,4165022053239471889,features,stake_scaled_net_profit,-3.0,3.0,DEALER_WIN,CHECK|CHECK|BET_1X
403,3421517331959741789,features,stake_scaled_net_profit,-3.0,3.0,DEALER_WIN,CHECK|CHECK|BET_1X
404,3676174173399259099,features,stake_scaled_net_profit,3.0,3.0,PLAYER_WIN,CHECK|CHECK|BET_1X
405,5532878257321113407,features,stake_scaled_net_profit,-3.0,3.0,DEALER_WIN,CHECK|CHECK|BET_1X
406,1385261999608165744,features,stake_scaled_net_profit,1.0,3.0,PLAYER_WIN,CHECK|CHECK|BET_1X
407,1725780601959358525,features,stake_scaled_net_profit,-3.0,3.0,DEALER_WIN,CHECK|CHECK|BET_1X
408,844024523636171957,features,stake_scaled_net_profit,-3.0,3.0,DEALER_WIN,CHECK|CHECK|BET_1X
409,7076351326394923686,features,stake_scaled_net_profit,-3.0,3.0,DEALER_WIN,CHECK|CHECK|BET_1X
410,3328496822210650014,features,stake_scaled_net_profit,-3.0,3.0,DEALER_WIN,CHECK|CHECK|BET_1X
411,6673265249638135424,features,stake_scaled_net_profit,-3.0,3.0,DEALER_WIN,CHECK|CHECK|BET_1X
412,5186064815748076363,features,stake_scaled_net_profit,1.0,3.0,PLAYER_WIN,CHECK|CHECK|BET_1X
413,8820925307334779230,features,stake_scaled_net_profit,2.0,3.0,PLAYER_WIN,CHECK|CHECK|BET_1X
414,7130104864293323688,features,stake_scaled_net_profit,-3.0,3.0,DEALER_WIN,CHECK|CHECK|BET_1X
415,3955741204990501015,features,stake_scaled_net_profit,2.0,3.0,PLAYER_WIN,CHECK|CHECK|BET_1X
416,5816117043921882507,features,stake_scaled_net_profit,2.0,3.0,PLAYER_WIN,CHECK|CHECK|BET_1X
417,5870108828468812702,features,stake_scaled_net_profit,3.5,3.0,PLAYER_WIN,CHECK|CHECK|BET_1X
418,3452472625769591428,features,stake_scaled_net_profit,-3.0,3.0,DEALER_WIN,CHECK|CHECK|BET_1X
419,2951271027818976081,features,stake_scaled_net_profit,2.0,3.0,PLAYER_WIN,CHECK|CHECK|BET_1X
420,8743407801131281417,features,stake_scaled_net_profit,-3.0,3.0,DEALER_WIN,CHECK|CHECK|BET_1X
421,1395602105126210203,features,stake_scaled_net_profit,-3.0,3.0,DEALER_WIN,CHECK|CHECK|BET_1X
422,3217208186673493107,features,stake_scaled_net_profit,-3.0,3.0,DEALER_WIN,CHECK|CHECK|BET_1X
423,3740685319419975092,features,stake_scaled_net_profit,1.0,3.0,PLAYER_WIN,CHECK|CHECK|BET_1X
424,1827962242563392027,features,stake_scaled_net_profit,-3.0,3.0,DEALER_WIN,CHECK|CHECK|BET_1X
425,4967620523564462662,features,stake_scaled_net_profit,-3.0,3.0,DEALER_WIN,CHECK|CHECK|BET_1X
426,8346212796288530295,features,stake_scaled_net_profit,2.0,3.0,PLAYER_WIN,CHECK|CHECK|BET_1X
427,1878513055434871565,features,stake_scaled_net_profit,-3.0,3.0,DEALER_WIN,CHECK|CHECK|BET_1X
428,7456929651071579732,features,stake_scaled_net_profit,-3.0,3.0,DEALER_WIN,CHECK|CHECK|BET_1X
429,8547785305093473824,features,stake_scaled_net_profit,2.0,3.0,PLAYER_WIN,CHECK|CHECK|BET_1X
430,1339518746148212065,features,stake_scaled_net_profit,-3.0,3.0,DEALER_WIN,CHECK|CHECK|BET_1X
431,5986486522782583560,features,stake_scaled_net_profit,-3.0,3.0,DEALER_WIN,CHECK|CHECK|BET_1X
432,9149670476414652663,features,stake_scaled_net_profit,5.0,3.0,PLAYER_WIN,CHECK|CHECK|BET_1X
433,6047923126693314179,features,stake_scaled_net_profit,-3.0,3.0,DEALER_WIN,CHECK|CHECK|BET_1X
434,4507716234393071812,features,stake_scaled_net_profit,1.0,3.0,PLAYER_WIN,CHECK|CHECK|BET_1X
435,6696212316559221669,features,stake_scaled_net_profit,-3.0,3.0,DEALER_WIN,CHECK|CHECK|BET_1X
436,4709208856752884907,features,stake_scaled_net_profit,-3.0,3.0,DEALER_WIN,CHECK|CHECK|BET_1X
437,8180799737624703497,features,stake_scaled_net_profit,-3.0,3.0,DEALER_WIN,CHECK|CHECK|BET_1X
438,5100472982167930350,features,stake_scaled_net_profit,0.0,3.0,PUSH,CHECK|CHECK|BET_1X
439,8638100613132331462,features,stake_scaled_net_profit,1.0,3.0,PLAYER_WIN,CHECK|CHECK|BET_1X
440,831321693197061714,features,stake_scaled_net_profit,-3.0,3.0,DEALER_WIN,CHECK|CHECK|BET_1X
441,1549030611600974587,features,stake_scaled_net_profit,-3.0,3.0,DEALER_WIN,CHECK|CHECK|BET_1X
442,1500434365829296761,features,stake_scaled_net_profit,2.0,3.0,PLAYER_WIN,CHECK|CHECK|BET_1X
443,5799093032386592618,features,stake_scaled_net_profit,-3.0,3.0,DEALER_WIN,CHECK|CHECK|BET_1X
444,1398620022658892871,features,stake_scaled_net_profit,-3.0,3.0,DEALER_WIN,CHECK|CHECK|BET_1X
445,7723618636455993013,features,stake_scaled_net_profit,-3.0,3.0,DEALER_WIN,CHECK|CHECK|BET_1X
446,4017416666956074224,features,stake_scaled_net_profit,3.0,3.0,PLAYER_WIN,CHECK|CHECK|BET_1X
447,6685408889241086991,features,stake_scaled_net_profit,1.0,3.0,PLAYER_WIN,CHECK|CHECK|BET_1X
448,1046437852623580516,features,stake_scaled_net_profit,-3.0,3.0,DEALER_WIN,CHECK|CHECK|BET_1X
449,6495900327912917789,features,stake_scaled_net_profit,1.0,3.0,PLAYER_WIN,CHECK|CHECK|BET_1X
450,7268012643080620112,features,stake_scaled_net_profit,2.0,3.0,PLAYER_WIN,CHECK|CHECK|BET_1X
451,8596356162955893865,features,stake_scaled_net_profit,-3.0,3.0,DEALER_WIN,CHECK|CHECK|BET_1X
452,5023991350838989493,features,stake_scaled_net_profit,1.0,3.0,PLAYER_WIN,CHECK|CHECK|BET_1X
453,3096425923440701499,features,stake_scaled_net_profit,-3.0,3.0,DEALER_WIN,CHECK|CHECK|BET_1X
454,9155977984722206226,features,stake_scaled_net_profit,3.5,3.0,PLAYER_WIN,CHECK|CHECK|BET_1X
455,5589389613960447355,features,stake_scaled_net_profit,-3.0,3.0,DEALER_WIN,CHECK|CHECK|BET_1X
456,1593016035029406547,features,stake_scaled_net_profit,-3.0,3.0,DEALER_WIN,CHECK|CHECK|BET_1X
457,2384837664647274378,features,stake_scaled_net_profit,2.0,3.0,PLAYER_WIN,CHECK|CHECK|BET_1X
458,8988294948997256362,features,stake_scaled_net_profit,1.0,3.0,PLAYER_WIN,CHECK|CHECK|BET_1X
459,6618121475846054406,features,stake_scaled_net_profit,2.0,3.0,PLAYER_WIN,CHECK|CHECK|BET_1X
460,837303075718077153,features,stake_scaled_net_profit,2.0,3.0,PLAYER_WIN,CHECK|CHECK|BET_1X
461,6163462163336804620,features,stake_scaled_net_profit,-3.0,3.0,DEALER_WIN,CHECK|CHECK|BET_1X
462,8595134223538175693,features,stake_scaled_net_profit,1.0,3.0,PLAYER_WIN,CHECK|CHECK|BET_1X
463,4943130807978259282,features,stake_scaled_net_profit,-3.0,3.0,DEALER_WIN,CHECK|CHECK|BET_1X
464,546517709026249506,features,stake_scaled_net_profit,-3.0,3.0,DEALER_WIN,CHECK|CHECK|BET_1X
465,6219571001966642767,features,stake_scaled_net_profit,-3.0,3.0,DEALER_WIN,CHECK|CHECK|BET_1X
466,1909309805318875446,features,stake_scaled_net_profit,-3.0,3.0,DEALER_WIN,CHECK|CHECK|BET_1X
467,7939831167678121436,features,stake_scaled_net_profit,-3.0,3.0,DEALER_WIN,CHECK|CHECK|BET_1X
468,4909903955276585547,features,stake_scaled_net_profit,2.0,3.0,PLAYER_WIN,CHECK|CHECK|BET_1X
469,7330409857486934143,features,stake_scaled_net_profit,-3.0,3.0,DEALER_WIN,CHECK|CHECK|BET_1X
470,6483027437849028188,features,stake_scaled_net_profit,-3.0,3.0,DEALER_WIN,CHECK|CHECK|BET_1X
471,4171686185131703792,features,stake_scaled_net_profit,1.0,3.0,PLAYER_WIN,CHECK|CHECK|BET_1X
472,1771421303201843669,features,stake_scaled_net_profit,-3.0,3.0,DEALER_WIN,CHECK|CHECK|BET_1X
473,1401440516887092641,features,stake_scaled_net_profit,3.5,3.0,PLAYER_WIN,CHECK|CHECK|BET_1X
474,4646815077684961866,features,stake_scaled_net_profit,-3.0,3.0,DEALER_WIN,CHECK|CHECK|BET_1X
475,6049936887681308982,features,stake_scaled_net_profit,-3.0,3.0,DEALER_WIN,CHECK|CHECK|BET_1X
476,8360178397633295329,features,stake_scaled_net_profit,2.0,3.0,PLAYER_WIN,CHECK|CHECK|BET_1X
477,6562508349195654128,features,stake_scaled_net_profit,1.0,3.0,PLAYER_WIN,CHECK|CHECK|BET_1X
478,5072545829675726431,features,stake_scaled_net_profit,1.0,3.0,PLAYER_WIN,CHECK|CHECK|BET_1X
479,5882282875364312602,features,stake_scaled_net_profit,-3.0,3.0,DEALER_WIN,CHECK|CHECK|BET_1X
480,3555826633250398759,features,stake_scaled_net_profit,-3.0,3.0,DEALER_WIN,CHECK|CHECK|BET_1X
481,3371639317207562188,features,stake_scaled_net_profit,2.0,3.0,PLAYER_WIN,CHECK|CHECK|BET_1X
482,634659690983456182,features,stake_scaled_net_profit,2.0,3.0,PLAYER_WIN,CHECK|CHECK|BET_1X
483,3499328612933342146,features,stake_scaled_net_profit,-3.0,3.0,DEALER_WIN,CHECK|CHECK|BET_1X
484,4380056808609724650,features,stake_scaled_net_profit,2.0,3.0,PLAYER_WIN,CHECK|CHECK|BET_1X
485,5874661895553636168,features,stake_scaled_net_profit,-3.0,3.0,DEALER_WIN,CHECK|CHECK|BET_1X
486,2076044537292985049,features,stake_scaled_net_profit,-3.0,3.0,DEALER_WIN,CHECK|CHECK|BET_1X
487,8450411627594332084,features,stake_scaled_net_profit,-3.0,3.0,DEALER_WIN,CHECK|CHECK|BET_1X
488,9147965826968071048,features,stake_scaled_net_profit,2.0,3.0,PLAYER_WIN,CHECK|CHECK|BET_1X
489,8168966239570680708,features,stake_scaled_net_profit,-3.0,3.0,DEALER_WIN,CHECK|CHECK|BET_1X
490,134795331270240176,features,stake_scaled_net_profit,-3.0,3.0,DEALER_WIN,CHECK|CHECK|BET_1X
491,7462719447577611777,features,stake_scaled_net_profit,0.0,3.0,PUSH,CHECK|CHECK|BET_1X
492,5696554759936696187,features,stake_scaled_net_profit,-2.0,3.0,DEALER_WIN,CHECK|CHECK|BET_1X
493,3871126435156101295,features,stake_scaled_net_profit,2.0,3.0,PLAYER_WIN,CHECK|CHECK|BET_1X
494,4734305113232378208,features,stake_scaled_net_profit,2.0,3.0,PLAYER_WIN,CHECK|CHECK|BET_1X
495,1533196912554071243,features,stake_scaled_net_profit,-3.0,3.0,DEALER_WIN,CHECK|CHECK|BET_1X
496,7185425100901320547,features,stake_scaled_net_profit,-3.0,3.0,DEALER_WIN,CHECK|CHECK|BET_1X
497,1016415187660217936,features,stake_scaled_net_profit,2.0,3.0,PLAYER_WIN,CHECK|CHECK|BET_1X
498,3032432862746814437,features,stake_scaled_net_profit,0.0,3.0,PUSH,CHECK|CHECK|BET_1X
499,7556047480622226250,features,stake_scaled_net_profit,-3.0,3.0,DEALER_WIN,CHECK|CHECK|BET_1X
500,933273137727069284,features,stake_scaled_net_profit,3.0,3.0,PLAYER_WIN,CHECK|CHECK|BET_1X
501,3879876683520054383,features,stake_scaled_net_profit,2.0,3.0,PLAYER_WIN,CHECK|CHECK|BET_1X
502,8113703303996985530,features,stake_scaled_net_profit,-3.0,3.0,DEALER_WIN,CHECK|CHECK|BET_1X
503,5899338366333003748,features,stake_scaled_net_profit,2.0,3.0,PLAYER_WIN,CHECK|CHECK|BET_1X
504,6660829024713536591,features,stake_scaled_net_profit,-3.0,3.0,DEALER_WIN,CHECK|CHECK|BET_1X
505,2430701078192901027,features,stake_scaled_net_profit,-3.0,3.0,DEALER_WIN,CHECK|CHECK|BET_1X
506,2371382632108689353,features,stake_scaled_net_profit,3.0,3.0,PLAYER_WIN,CHECK|CHECK|BET_1X
507,246667548129881299,features,stake_scaled_net_profit,-3.0,3.0,DEALER_WIN,CHECK|CHECK|BET_1X
508,7450745378874970545,features,stake_scaled_net_profit,2.0,3.0,PLAYER_WIN,CHECK|CHECK|BET_1X
509,6813944942081327534,features,stake_scaled_net_profit,-3.0,3.0,DEALER_WIN,CHECK|CHECK|BET_1X
510,3064318827073999408,features,stake_scaled_net_profit,-3.0,3.0,DEALER_WIN,CHECK|CHECK|BET_1X
511,1729929361642299057,features,stake_scaled_net_profit,-3.0,3.0,DEALER_WIN,CHECK|CHECK|BET_1X
512,1750367160842858343,features,stake_scaled_net_profit,-3.0,3.0,DEALER_WIN,CHECK|CHECK|BET_1X
513,1655862358167904288,features,stake_scaled_net_profit,1.0,3.0,PLAYER_WIN,CHECK|CHECK|BET_1X
514,6729873934378771455,features,stake_scaled_net_profit,1.0,3.0,PLAYER_WIN,CHECK|CHECK|BET_1X
515,2478789940023055784,features,stake_scaled_net_profit,-3.0,3.0,DEALER_WIN,CHECK|CHECK|BET_1X
516,5199963878046074067,features,stake_scaled_net_profit,2.0,3.0,PLAYER_WIN,CHECK|CHECK|BET_1X
517,4184452219226610205,features,stake_scaled_net_profit,-3.0,3.0,DEALER_WIN,CHECK|CHECK|BET_1X
518,297273912410190346,features,stake_scaled_net_profit,-3.0,3.0,DEALER_WIN,CHECK|CHECK|BET_1X
519,2113491391996110604,features,stake_scaled_net_profit,2.0,3.0,PLAYER_WIN,CHECK|CHECK|BET_1X
520,3358623548603057980,features,stake_scaled_net_profit,1.0,3.0,PLAYER_WIN,CHECK|CHECK|BET_1X
521,2984375983780907536,features,stake_scaled_net_profit,5.0,3.0,PLAYER_WIN,CHECK|CHECK|BET_1X
522,6155124837629848762,features,stake_scaled_net_profit,-3.0,3.0,DEALER_WIN,CHECK|CHECK|BET_1X
523,9155788216945980485,features,stake_scaled_net_profit,5.0,3.0,PLAYER_WIN,CHECK|CHECK|BET_1X
524,484089416690689347,features,stake_scaled_net_profit,-3.0,3.0,DEALER_WIN,CHECK|CHECK|BET_1X
525,6890240746200920038,features,stake_scaled_net_profit,-3.0,3.0,DEALER_WIN,CHECK|CHECK|BET_1X
526,848415623601917956,features,stake_scaled_net_profit,1.0,3.0,PLAYER_WIN,CHECK|CHECK|BET_1X
527,5697582676430470657,features,stake_scaled_net_profit,1.0,3.0,PLAYER_WIN,CHECK|CHECK|BET_1X
528,359508157000888435,features,stake_scaled_net_profit,3.5,3.0,PLAYER_WIN,CHECK|CHECK|BET_1X
529,2528447974443560258,features,stake_scaled_net_profit,1.0,3.0,PLAYER_WIN,CHECK|CHECK|BET_1X
530,2481724772232744877,features,stake_scaled_net_profit,-3.0,3.0,DEALER_WIN,CHECK|CHECK|BET_1X
531,2557147748168003997,features,stake_scaled_net_profit,-3.0,3.0,DEALER_WIN,CHECK|CHECK|BET_1X
532,4090650863040944024,features,stake_scaled_net_profit,1.0,3.0,PLAYER_WIN,CHECK|CHECK|BET_1X
533,4405475568781568221,features,stake_scaled_net_profit,2.0,3.0,PLAYER_WIN,CHECK|CHECK|BET_1X
534,4259539607776468581,features,stake_scaled_net_profit,-3.0,3.0,DEALER_WIN,CHECK|CHECK|BET_1X
535,981165044324680834,features,stake_scaled_net_profit,2.0,3.0,PLAYER_WIN,CHECK|CHECK|BET_1X
536,9159758127584802493,features,stake_scaled_net_profit,5.0,3.0,PLAYER_WIN,CHECK|CHECK|BET_1X
537,1145815434563858860,features,stake_scaled_net_profit,-3.0,3.0,DEALER_WIN,CHECK|CHECK|BET_1X
538,5625821292115160786,features,stake_scaled_net_profit,-2.0,3.0,DEALER_WIN,CHECK|CHECK|BET_1X
539,7396381863233446780,features,stake_scaled_net_profit,2.0,3.0,PLAYER_WIN,CHECK|CHECK|BET_1X
540,3104561799204508880,features,stake_scaled_net_profit,-3.0,3.0,DEALER_WIN,CHECK|CHECK|BET_1X
541,7645317434179827457,features,stake_scaled_net_profit,2.0,3.0,PLAYER_WIN,CHECK|CHECK|BET_1X
542,3544608483713153382,features,stake_scaled_net_profit,3.5,3.0,PLAYER_WIN,CHECK|CHECK|BET_1X
543,1099295062059935422,features,stake_scaled_net_profit,-3.0,3.0,DEALER_WIN,CHECK|CHECK|BET_1X
544,7879483455171379622,features,stake_scaled_net_profit,0.0,3.0,PUSH,CHECK|CHECK|BET_1X
545,1297256499332689757,features,stake_scaled_net_profit,-3.0,3.0,DEALER_WIN,CHECK|CHECK|BET_1X
546,3003963359444437689,features,stake_scaled_net_profit,-3.0,3.0,DEALER_WIN,CHECK|CHECK|BET_1X
547,573166493607208300,features,stake_scaled_net_profit,-3.0,3.0,DEALER_WIN,CHECK|CHECK|BET_1X
548,8455128871003021946,features,stake_scaled_net_profit,-3.0,3.0,DEALER_WIN,CHECK|CHECK|BET_1X
549,1425741552801209926,features,stake_scaled_net_profit,2.0,3.0,PLAYER_WIN,CHECK|CHECK|BET_1X
550,8303153092489139911,features,stake_scaled_net_profit,-3.0,3.0,DEALER_WIN,CHECK|CHECK|BET_1X
551,2793477496906391028,features,stake_scaled_net_profit,-3.0,3.0,DEALER_WIN,CHECK|CHECK|BET_1X
552,5712715111134235692,features,stake_scaled_net_profit,-3.0,3.0,DEALER_WIN,CHECK|CHECK|BET_1X
553,2926274969862089094,features,stake_scaled_net_profit,2.0,3.0,PLAYER_WIN,CHECK|CHECK|BET_1X
554,823733441214896673,features,stake_scaled_net_profit,2.0,3.0,PLAYER_WIN,CHECK|CHECK|BET_1X
555,7369401390712889669,features,stake_scaled_net_profit,-3.0,3.0,DEALER_WIN,CHECK|CHECK|BET_1X
556,6158278200009177876,features,stake_scaled_net_profit,-3.0,3.0,DEALER_WIN,CHECK|CHECK|BET_1X
557,4129819625458657093,features,stake_scaled_net_profit,-3.0,3.0,DEALER_WIN,CHECK|CHECK|BET_1X
558,3200102139840850891,features,stake_scaled_net_profit,-3.0,3.0,DEALER_WIN,CHECK|CHECK|BET_1X
559,6528817013581433997,features,stake_scaled_net_profit,3.0,3.0,PLAYER_WIN,CHECK|CHECK|BET_1X
560,323206193462982577,features,stake_scaled_net_profit,1.0,3.0,PLAYER_WIN,CHECK|CHECK|BET_1X
561,3846463113594573617,features,stake_scaled_net_profit,3.5,3.0,PLAYER_WIN,CHECK|CHECK|BET_1X
562,5834249726791626290,features,stake_scaled_net_profit,-3.0,3.0,DEALER_WIN,CHECK|CHECK|BET_1X
563,6354593441793038467,features,stake_scaled_net_profit,-3.0,3.0,DEALER_WIN,CHECK|CHECK|BET_1X
564,5216928402810834690,features,stake_scaled_net_profit,0.0,3.0,PUSH,CHECK|CHECK|BET_1X
565,4105524393456875921,features,stake_scaled_net_profit,-3.0,3.0,DEALER_WIN,CHECK|CHECK|BET_1X
566,5918484381741871370,features,stake_scaled_net_profit,-3.0,3.0,DEALER_WIN,CHECK|CHECK|BET_1X
567,7961345467747678079,features,stake_scaled_net_profit,52.0,3.0,PLAYER_WIN,CHECK|CHECK|BET_1X
568,3502691951959519534,features,stake_scaled_net_profit,0.0,3.0,PUSH,CHECK|CHECK|BET_1X
569,1439741073307356558,features,stake_scaled_net_profit,2.0,3.0,PLAYER_WIN,CHECK|CHECK|BET_1X
570,544131049984664886,features,stake_scaled_net_profit,-3.0,3.0,DEALER_WIN,CHECK|CHECK|BET_1X
571,246947816434295116,features,stake_scaled_net_profit,1.0,3.0,PLAYER_WIN,CHECK|CHECK|BET_1X
572,2063089475304557004,features,stake_scaled_net_profit,2.0,3.0,PLAYER_WIN,CHECK|CHECK|BET_1X
573,5273149804366250382,features,stake_scaled_net_profit,0.0,3.0,PUSH,CHECK|CHECK|BET_1X
574,6242342755829404068,features,stake_scaled_net_profit,-3.0,3.0,DEALER_WIN,CHECK|CHECK|BET_1X
575,8618665321335369686,features,stake_scaled_net_profit,3.5,3.0,PLAYER_WIN,CHECK|CHECK|BET_1X
576,6750005175329128321,features,stake_scaled_net_profit,-2.0,3.0,DEALER_WIN,CHECK|CHECK|BET_1X
577,5197167423289159588,features,stake_scaled_net_profit,2.0,3.0,PLAYER_WIN,CHECK|CHECK|BET_1X
578,4666010133671844040,features,stake_scaled_net_profit,1.0,3.0,PLAYER_WIN,CHECK|CHECK|BET_1X
579,1442456485344440399,features,stake_scaled_net_profit,-3.0,3.0,DEALER_WIN,CHECK|CHECK|BET_1X
580,390135374547149414,features,stake_scaled_net_profit,2.0,3.0,PLAYER_WIN,CHECK|CHECK|BET_1X
581,4956326142923645395,features,stake_scaled_net_profit,-3.0,3.0,DEALER_WIN,CHECK|CHECK|BET_1X
582,5662448064102940663,features,stake_scaled_net_profit,2.0,3.0,PLAYER_WIN,CHECK|CHECK|BET_1X
583,897826991936553188,features,stake_scaled_net_profit,2.0,3.0,PLAYER_WIN,CHECK|CHECK|BET_1X
584,5874719679115508367,features,stake_scaled_net_profit,2.0,3.0,PLAYER_WIN,CHECK|CHECK|BET_1X
585,2191003211561714580,features,stake_scaled_net_profit,-3.0,3.0,DEALER_WIN,CHECK|CHECK|BET_1X
586,6224078302528447464,features,stake_scaled_net_profit,-3.0,3.0,DEALER_WIN,CHECK|CHECK|BET_1X
587,4039350524009383788,features,stake_scaled_net_profit,-2.0,3.0,DEALER_WIN,CHECK|CHECK|BET_1X
588,7631894069810744516,features,stake_scaled_net_profit,2.0,3.0,PLAYER_WIN,CHECK|CHECK|BET_1X
589,8593845884501394786,features,stake_scaled_net_profit,2.0,3.0,PLAYER_WIN,CHECK|CHECK|BET_1X
590,6737629062876345069,features,stake_scaled_net_profit,-3.0,3.0,DEALER_WIN,CHECK|CHECK|BET_1X
591,3255393978102523606,features,stake_scaled_net_profit,-3.0,3.0,DEALER_WIN,CHECK|CHECK|BET_1X
592,198709292125499363,features,stake_scaled_net_profit,-3.0,3.0,DEALER_WIN,CHECK|CHECK|BET_1X
593,362442798080678038,features,stake_scaled_net_profit,-3.0,3.0,DEALER_WIN,CHECK|CHECK|BET_1X
594,2227676051658773521,features,stake_scaled_net_profit,-3.0,3.0,DEALER_WIN,CHECK|CHECK|BET_1X
595,607509481610750028,features,stake_scaled_net_profit,-2.0,3.0,DEALER_WIN,CHECK|CHECK|BET_1X
596,1865292475587268350,features,stake_scaled_net_profit,-3.0,3.0,DEALER_WIN,CHECK|CHECK|BET_1X
597,6949976030699473288,features,stake_scaled_net_profit,-3.0,3.0,DEALER_WIN,CHECK|CHECK|BET_1X
598,4459315521145107372,features,stake_scaled_net_profit,-3.0,3.0,DEALER_WIN,CHECK|CHECK|BET_1X
599,1145713084574462523,features,stake_scaled_net_profit,-3.0,3.0,DEALER_WIN,CHECK|CHECK|BET_1X
600,5364678511275994282,features,stake_scaled_net_profit,2.0,3.0,PLAYER_WIN,CHECK|CHECK|BET_1X
601,7977261233109712867,features,stake_scaled_net_profit,-2.0,3.0,DEALER_WIN,CHECK|CHECK|BET_1X
602,1109045300105273858,features,stake_scaled_net_profit,-3.0,3.0,DEALER_WIN,CHECK|CHECK|BET_1X
603,5094414376663216303,features,stake_scaled_net_profit,2.0,3.0,PLAYER_WIN,CHECK|CHECK|BET_1X
604,6588261728594172511,features,stake_scaled_net_profit,1.0,3.0,PLAYER_WIN,CHECK|CHECK|BET_1X
605,5004693701050377048,features,stake_scaled_net_profit,2.0,3.0,PLAYER_WIN,CHECK|CHECK|BET_1X
606,4763294994615129107,features,stake_scaled_net_profit,2.0,3.0,PLAYER_WIN,CHECK|CHECK|BET_1X
607,3182772327497698639,features,stake_scaled_net_profit,-3.0,3.0,DEALER_WIN,CHECK|CHECK|BET_1X
608,4087002424773716515,features,stake_scaled_net_profit,2.0,3.0,PLAYER_WIN,CHECK|CHECK|BET_1X
609,539561618950212653,features,stake_scaled_net_profit,5.0,3.0,PLAYER_WIN,CHECK|CHECK|BET_1X
610,1855740634297441060,features,stake_scaled_net_profit,2.0,3.0,PLAYER_WIN,CHECK|CHECK|BET_1X
611,4327372972246936408,features,stake_scaled_net_profit,-3.0,3.0,DEALER_WIN,CHECK|CHECK|BET_1X
612,4417704787161512011,features,stake_scaled_net_profit,-3.0,3.0,DEALER_WIN,CHECK|CHECK|BET_1X
613,4482547955415017981,features,stake_scaled_net_profit,3.0,3.0,PLAYER_WIN,CHECK|CHECK|BET_1X
614,3708223111936701398,features,stake_scaled_net_profit,-3.0,3.0,DEALER_WIN,CHECK|CHECK|BET_1X
615,5051080929375122379,features,stake_scaled_net_profit,-2.0,3.0,DEALER_WIN,CHECK|CHECK|BET_1X
616,2238896655472938320,features,stake_scaled_net_profit,-3.0,3.0,DEALER_WIN,CHECK|CHECK|BET_1X
617,3666707995881161748,features,stake_scaled_net_profit,2.0,3.0,PLAYER_WIN,CHECK|CHECK|BET_1X
618,8193857167794976862,features,stake_scaled_net_profit,-2.0,3.0,DEALER_WIN,CHECK|CHECK|BET_1X
619,7415631678329972594,features,stake_scaled_net_profit,2.0,3.0,PLAYER_WIN,CHECK|CHECK|BET_1X
620,4485095354519770943,features,stake_scaled_net_profit,-3.0,3.0,DEALER_WIN,CHECK|CHECK|BET_1X
621,1362342763945640017,features,stake_scaled_net_profit,3.0,3.0,PLAYER_WIN,CHECK|CHECK|BET_1X
622,6896254223672954102,features,stake_scaled_net_profit,-3.0,3.0,DEALER_WIN,CHECK|CHECK|BET_1X
623,2349148079688415107,features,stake_scaled_net_profit,3.5,3.0,PLAYER_WIN,CHECK|CHECK|BET_1X
624,7312843380985255752,features,stake_scaled_net_profit,-3.0,3.0,DEALER_WIN,CHECK|CHECK|BET_1X
625,7739534756363291274,features,stake_scaled_net_profit,-3.0,3.0,DEALER_WIN,CHECK|CHECK|BET_1X
626,5051510087587882740,features,stake_scaled_net_profit,-3.0,3.0,DEALER_WIN,CHECK|CHECK|BET_1X
627,2036533204713207061,features,stake_scaled_net_profit,-3.0,3.0,DEALER_WIN,CHECK|CHECK|BET_1X
628,3293246269581192357,features,stake_scaled_net_profit,-3.0,3.0,DEALER_WIN,CHECK|CHECK|BET_1X
629,4946893613460409154,features,stake_scaled_net_profit,0.0,3.0,PUSH,CHECK|CHECK|BET_1X
630,5568990569851663937,features,stake_scaled_net_profit,-3.0,3.0,DEALER_WIN,CHECK|CHECK|BET_1X
631,3386961734347319225,features,stake_scaled_net_profit,-3.0,3.0,DEALER_WIN,CHECK|CHECK|BET_1X
632,387255859813238135,features,stake_scaled_net_profit,-3.0,3.0,DEALER_WIN,CHECK|CHECK|BET_1X
633,3326839505235851742,features,stake_scaled_net_profit,0.0,3.0,PUSH,CHECK|CHECK|BET_1X
634,4764771648565082859,features,stake_scaled_net_profit,-3.0,3.0,DEALER_WIN,CHECK|CHECK|BET_1X
635,1424651422730215757,features,stake_scaled_net_profit,2.0,3.0,PLAYER_WIN,CHECK|CHECK|BET_1X
636,9129162172219445909,features,stake_scaled_net_profit,-3.0,3.0,DEALER_WIN,CHECK|CHECK|BET_1X
637,2924744086167810835,features,stake_scaled_net_profit,-3.0,3.0,DEALER_WIN,CHECK|CHECK|BET_1X
638,5115335217387366862,features,stake_scaled_net_profit,2.0,3.0,PLAYER_WIN,CHECK|CHECK|BET_1X
639,2979725892074722370,features,stake_scaled_net_profit,1.0,3.0,PLAYER_WIN,CHECK|CHECK|BET_1X
640,8949846663045447991,features,stake_scaled_net_profit,-3.0,3.0,DEALER_WIN,CHECK|CHECK|BET_1X
641,7814254347316004140,features,stake_scaled_net_profit,-3.0,3.0,DEALER_WIN,CHECK|CHECK|BET_1X
642,8877953876944742464,features,stake_scaled_net_profit,2.0,3.0,PLAYER_WIN,CHECK|CHECK|BET_1X
643,6364753017554159593,features,stake_scaled_net_profit,2.0,3.0,PLAYER_WIN,CHECK|CHECK|BET_1X
644,1561791165518680554,features,stake_scaled_net_profit,2.0,3.0,PLAYER_WIN,CHECK|CHECK|BET_1X
645,5858302453665071460,features,stake_scaled_net_profit,2.0,3.0,PLAYER_WIN,CHECK|CHECK|BET_1X
646,2809070238210132989,features,stake_scaled_net_profit,2.0,3.0,PLAYER_WIN,CHECK|CHECK|BET_1X
647,511918455818425498,features,stake_scaled_net_profit,2.0,3.0,PLAYER_WIN,CHECK|CHECK|BET_1X
648,6872981964697916122,features,stake_scaled_net_profit,0.0,3.0,PUSH,CHECK|CHECK|BET_1X
649,5070202235789712910,features,stake_scaled_net_profit,2.0,3.0,PLAYER_WIN,CHECK|CHECK|BET_1X
650,7486933000724942694,features,stake_scaled_net_profit,1.0,3.0,PLAYER_WIN,CHECK|CHECK|BET_1X
651,1020678720733639459,features,stake_scaled_net_profit,-3.0,3.0,DEALER_WIN,CHECK|CHECK|BET_1X
652,8087736216931757857,features,stake_scaled_net_profit,-3.0,3.0,DEALER_WIN,CHECK|CHECK|BET_1X
653,6841457034238659902,features,stake_scaled_net_profit,2.0,3.0,PLAYER_WIN,CHECK|CHECK|BET_1X
654,3738827354340780431,features,stake_scaled_net_profit,3.0,3.0,PLAYER_WIN,CHECK|CHECK|BET_1X
655,7385426609675951050,features,stake_scaled_net_profit,-3.0,3.0,DEALER_WIN,CHECK|CHECK|BET_1X
656,703995009982960950,features,stake_scaled_net_profit,-3.0,3.0,DEALER_WIN,CHECK|CHECK|BET_1X
657,5461475060951986202,features,stake_scaled_net_profit,-3.0,3.0,DEALER_WIN,CHECK|CHECK|BET_1X
658,9189178732871060101,features,stake_scaled_net_profit,1.0,3.0,PLAYER_WIN,CHECK|CHECK|BET_1X
659,5270182711606655115,features,stake_scaled_net_profit,-3.0,3.0,DEALER_WIN,CHECK|CHECK|BET_1X
660,995272215872796994,features,stake_scaled_net_profit,-3.0,3.0,DEALER_WIN,CHECK|CHECK|BET_1X
661,4115543658081972104,features,stake_scaled_net_profit,2.0,3.0,PLAYER_WIN,CHECK|CHECK|BET_1X
662,6308791910329069424,features,stake_scaled_net_profit,-3.0,3.0,DEALER_WIN,CHECK|CHECK|BET_1X
663,262178830108226521,features,stake_scaled_net_profit,-3.0,3.0,DEALER_WIN,CHECK|CHECK|BET_1X
664,8715535919053117818,features,stake_scaled_net_profit,-3.0,3.0,DEALER_WIN,CHECK|CHECK|BET_1X
665,1074161713649549330,features,stake_scaled_net_profit,-3.0,3.0,DEALER_WIN,CHECK|CHECK|BET_1X
666,9146853197134550520,features,stake_scaled_net_profit,-3.0,3.0,DEALER_WIN,CHECK|CHECK|BET_1X
667,4259530131647775294,features,stake_scaled_net_profit,5.0,3.0,PLAYER_WIN,CHECK|CHECK|BET_1X
668,8632724887048430612,features,stake_scaled_net_profit,-3.0,3.0,DEALER_WIN,CHECK|CHECK|BET_1X
669,8984827625571841048,features,stake_scaled_net_profit,1.0,3.0,PLAYER_WIN,CHECK|CHECK|BET_1X
670,3787635517161110318,features,stake_scaled_net_profit,3.0,3.0,PLAYER_WIN,CHECK|CHECK|BET_1X
671,6250412317658506430,features,stake_scaled_net_profit,2.0,3.0,PLAYER_WIN,CHECK|CHECK|BET_1X
672,4028348371238775025,features,stake_scaled_net_profit,2.0,3.0,PLAYER_WIN,CHECK|CHECK|BET_1X
673,1224446155191425164,features,stake_scaled_net_profit,2.0,3.0,PLAYER_WIN,CHECK|CHECK|BET_1X
674,7034095573322870727,features,stake_scaled_net_profit,3.5,3.0,PLAYER_WIN,CHECK|CHECK|BET_1X
675,8917619009297062880,features,stake_scaled_net_profit,1.0,3.0,PLAYER_WIN,CHECK|CHECK|BET_1X
676,2341808232167357979,features,stake_scaled_net_profit,1.0,3.0,PLAYER_WIN,CHECK|CHECK|BET_1X
677,5968997697260615798,features,stake_scaled_net_profit,1.0,3.0,PLAYER_WIN,CHECK|CHECK|BET_1X
678,3109458140913498276,features,stake_scaled_net_profit,-3.0,3.0,DEALER_WIN,CHECK|CHECK|BET_1X
679,2380661802238085987,features,stake_scaled_net_profit,-3.0,3.0,DEALER_WIN,CHECK|CHECK|BET_1X
680,5107257234773222466,features,stake_scaled_net_profit,2.0,3.0,PLAYER_WIN,CHECK|CHECK|BET_1X
681,5340022129935467914,features,stake_scaled_net_profit,-3.0,3.0,DEALER_WIN,CHECK|CHECK|BET_1X
682,7330209935356459802,features,stake_scaled_net_profit,2.0,3.0,PLAYER_WIN,CHECK|CHECK|BET_1X
683,6571978331713919577,features,stake_scaled_net_profit,-3.0,3.0,DEALER_WIN,CHECK|CHECK|BET_1X
684,4077817167535627223,features,stake_scaled_net_profit,2.0,3.0,PLAYER_WIN,CHECK|CHECK|BET_1X
685,574055775674715148,features,stake_scaled_net_profit,-3.0,3.0,DEALER_WIN,CHECK|CHECK|BET_1X
686,3129825279326320821,features,stake_scaled_net_profit,2.0,3.0,PLAYER_WIN,CHECK|CHECK|BET_1X
687,9145133532142058274,features,stake_scaled_net_profit,-3.0,3.0,DEALER_WIN,CHECK|CHECK|BET_1X
688,4952389357285075756,features,stake_scaled_net_profit,-3.0,3.0,DEALER_WIN,CHECK|CHECK|BET_1X
689,102483096617052733,features,stake_scaled_net_profit,-3.0,3.0,DEALER_WIN,CHECK|CHECK|BET_1X
690,3134059635822685969,features,stake_scaled_net_profit,2.0,3.0,PLAYER_WIN,CHECK|CHECK|BET_1X
691,2635229102209661718,features,stake_scaled_net_profit,1.0,3.0,PLAYER_WIN,CHECK|CHECK|BET_1X
692,6154497158911889908,features,stake_scaled_net_profit,-3.0,3.0,DEALER_WIN,CHECK|CHECK|BET_1X
693,4109426309780194567,features,stake_scaled_net_profit,2.0,3.0,PLAYER_WIN,CHECK|CHECK|BET_1X
694,6007721973601224450,features,stake_scaled_net_profit,3.0,3.0,PLAYER_WIN,CHECK|CHECK|BET_1X
695,5096254929412724371,features,stake_scaled_net_profit,-3.0,3.0,DEALER_WIN,CHECK|CHECK|BET_1X
696,6137441599310733111,features,stake_scaled_net_profit,-2.0,3.0,DEALER_WIN,CHECK|CHECK|BET_1X
697,7040299059637528744,features,stake_scaled_net_profit,-3.0,3.0,DEALER_WIN,CHECK|CHECK|BET_1X
698,9153928416697678800,features,stake_scaled_net_profit,-3.0,3.0,DEALER_WIN,CHECK|CHECK|BET_1X
699,2821679170469909562,features,stake_scaled_net_profit,-3.0,3.0,DEALER_WIN,CHECK|CHECK|BET_1X
700,6282894241880686252,features,stake_scaled_net_profit,2.0,3.0,PLAYER_WIN,CHECK|CHECK|BET_1X
701,5921256049601506760,features,stake_scaled_net_profit,2.0,3.0,PLAYER_WIN,CHECK|CHECK|BET_1X
702,3198193180578766760,features,stake_scaled_net_profit,-3.0,3.0,DEALER_WIN,CHECK|CHECK|BET_1X
703,5229002250640449575,features,stake_scaled_net_profit,-3.0,3.0,DEALER_WIN,CHECK|CHECK|BET_1X
704,8155539455373336355,features,stake_scaled_net_profit,2.0,3.0,PLAYER_WIN,CHECK|CHECK|BET_1X
705,6913411762429534141,features,stake_scaled_net_profit,1.0,3.0,PLAYER_WIN,CHECK|CHECK|BET_1X
706,7830646034954919046,features,stake_scaled_net_profit,-3.0,3.0,DEALER_WIN,CHECK|CHECK|BET_1X
707,1797895635698068919,features,stake_scaled_net_profit,-3.0,3.0,DEALER_WIN,CHECK|CHECK|BET_1X
708,7021988498275846876,features,stake_scaled_net_profit,2.0,3.0,PLAYER_WIN,CHECK|CHECK|BET_1X
709,4532589347465082267,features,stake_scaled_net_profit,2.0,3.0,PLAYER_WIN,CHECK|CHECK|BET_1X
710,6069399624224738960,features,stake_scaled_net_profit,2.0,3.0,PLAYER_WIN,CHECK|CHECK|BET_1X
711,9190177288612735707,features,stake_scaled_net_profit,2.0,3.0,PLAYER_WIN,CHECK|CHECK|BET_1X
712,1880947107541573505,features,stake_scaled_net_profit,-3.0,3.0,DEALER_WIN,CHECK|CHECK|BET_1X
713,32358633534495652,features,stake_scaled_net_profit,-3.0,3.0,DEALER_WIN,CHECK|CHECK|BET_1X
714,8038921049572351849,features,stake_scaled_net_profit,2.0,3.0,PLAYER_WIN,CHECK|CHECK|BET_1X
715,6733462548773967756,features,stake_scaled_net_profit,-3.0,3.0,DEALER_WIN,CHECK|CHECK|BET_1X
716,3085622056398182933,features,stake_scaled_net_profit,2.0,3.0,PLAYER_WIN,CHECK|CHECK|BET_1X
717,6730337966446324996,features,stake_scaled_net_profit,1.0,3.0,PLAYER_WIN,CHECK|CHECK|BET_1X
718,8754630901530058520,features,stake_scaled_net_profit,-3.0,3.0,DEALER_WIN,CHECK|CHECK|BET_1X
719,8758666738479464406,features,stake_scaled_net_profit,0.0,3.0,PUSH,CHECK|CHECK|BET_1X
720,5944239004119966799,features,stake_scaled_net_profit,-3.0,3.0,DEALER_WIN,CHECK|CHECK|BET_1X
721,7361091914614190364,features,stake_scaled_net_profit,2.0,3.0,PLAYER_WIN,CHECK|CHECK|BET_1X
722,383985964421832251,features,stake_scaled_net_profit,1.0,3.0,PLAYER_WIN,CHECK|CHECK|BET_1X
723,3008939244157671837,features,stake_scaled_net_profit,-3.0,3.0,DEALER_WIN,CHECK|CHECK|BET_1X
724,2405627607478945867,features,stake_scaled_net_profit,2.0,3.0,PLAYER_WIN,CHECK|CHECK|BET_1X
725,8491308968872851045,features,stake_scaled_net_profit,0.0,3.0,PUSH,CHECK|CHECK|BET_1X
726,366272157424115552,features,stake_scaled_net_profit,2.0,3.0,PLAYER_WIN,CHECK|CHECK|BET_1X
727,213747912672725094,features,stake_scaled_net_profit,-3.0,3.0,DEALER_WIN,CHECK|CHECK|BET_1X
728,5928767958845283290,features,stake_scaled_net_profit,-3.0,3.0,DEALER_WIN,CHECK|CHECK|BET_1X
729,1964945943827410620,features,stake_scaled_net_profit,0.0,3.0,PUSH,CHECK|CHECK|BET_1X
730,8872956532401097529,features,stake_scaled_net_profit,2.0,3.0,PLAYER_WIN,CHECK|CHECK|BET_1X
731,8685827489375879560,features,stake_scaled_net_profit,-3.0,3.0,DEALER_WIN,CHECK|CHECK|BET_1X
732,2341011603571271474,features,stake_scaled_net_profit,2.0,3.0,PLAYER_WIN,CHECK|CHECK|BET_1X
733,5050665677538988181,features,stake_scaled_net_profit,1.0,3.0,PLAYER_WIN,CHECK|CHECK|BET_1X
734,1326233662207376596,features,stake_scaled_net_profit,2.0,3.0,PLAYER_WIN,CHECK|CHECK|BET_1X
735,660626737144654993,features,stake_scaled_net_profit,3.0,3.0,PLAYER_WIN,CHECK|CHECK|BET_1X
736,2353149440824344457,features,stake_scaled_net_profit,2.0,3.0,PLAYER_WIN,CHECK|CHECK|BET_1X
737,7835807662919020137,features,stake_scaled_net_profit,2.0,3.0,PLAYER_WIN,CHECK|CHECK|BET_1X
738,5203253113522948858,features,stake_scaled_net_profit,2.0,3.0,PLAYER_WIN,CHECK|CHECK|BET_1X
739,8338498724170721120,features,stake_scaled_net_profit,-3.0,3.0,DEALER_WIN,CHECK|CHECK|BET_1X
740,4197752679247706923,features,stake_scaled_net_profit,-2.0,3.0,DEALER_WIN,CHECK|CHECK|BET_1X
741,1744607937556253434,features,stake_scaled_net_profit,-3.0,3.0,DEALER_WIN,CHECK|CHECK|BET_1X
742,8833702701121435054,features,stake_scaled_net_profit,-3.0,3.0,DEALER_WIN,CHECK|CHECK|BET_1X
743,3138710179848083047,features,stake_scaled_net_profit,3.5,3.0,PLAYER_WIN,CHECK|CHECK|BET_1X
744,3423382614203030561,features,stake_scaled_net_profit,1.0,3.0,PLAYER_WIN,CHECK|CHECK|BET_1X
745,1035935844332274897,features,stake_scaled_net_profit,2.0,3.0,PLAYER_WIN,CHECK|CHECK|BET_1X
746,8485008373631042581,features,stake_scaled_net_profit,-3.0,3.0,DEALER_WIN,CHECK|CHECK|BET_1X
747,1628925881363820406,features,stake_scaled_net_profit,1.0,3.0,PLAYER_WIN,CHECK|CHECK|BET_1X
748,1423502096513327071,features,stake_scaled_net_profit,1.0,3.0,PLAYER_WIN,CHECK|CHECK|BET_1X
749,2606033530206950517,features,stake_scaled_net_profit,-3.0,3.0,DEALER_WIN,CHECK|CHECK|BET_1X
750,8891745184744242739,features,stake_scaled_net_profit,-3.0,3.0,DEALER_WIN,CHECK|CHECK|BET_1X
751,4349733817946268618,features,stake_scaled_net_profit,-3.0,3.0,DEALER_WIN,CHECK|CHECK|BET_1X
752,5254421393334268038,features,stake_scaled_net_profit,-2.0,3.0,DEALER_WIN,CHECK|CHECK|BET_1X
753,6840055785632992875,features,stake_scaled_net_profit,-3.0,3.0,DEALER_WIN,CHECK|CHECK|BET_1X
754,7982410704164472244,features,stake_scaled_net_profit,-3.0,3.0,DEALER_WIN,CHECK|CHECK|BET_1X
755,6693675192358727311,features,stake_scaled_net_profit,-3.0,3.0,DEALER_WIN,CHECK|CHECK|BET_1X
756,6605379131251913860,features,stake_scaled_net_profit,-3.0,3.0,DEALER_WIN,CHECK|CHECK|BET_1X
757,892081036765549697,features,stake_scaled_net_profit,-3.0,3.0,DEALER_WIN,CHECK|CHECK|BET_1X
758,5602195332780780720,features,stake_scaled_net_profit,2.0,3.0,PLAYER_WIN,CHECK|CHECK|BET_1X
759,234647539052164240,features,stake_scaled_net_profit,-3.0,3.0,DEALER_WIN,CHECK|CHECK|BET_1X
760,8844222341508033551,features,stake_scaled_net_profit,3.5,3.0,PLAYER_WIN,CHECK|CHECK|BET_1X
761,3307884265302153160,features,stake_scaled_net_profit,0.0,3.0,PUSH,CHECK|CHECK|BET_1X
762,942198137406941029,features,stake_scaled_net_profit,1.0,3.0,PLAYER_WIN,CHECK|CHECK|BET_1X
763,8301671827282477041,features,stake_scaled_net_profit,52.0,3.0,PLAYER_WIN,CHECK|CHECK|BET_1X
764,3439425111092591258,features,stake_scaled_net_profit,-3.0,3.0,DEALER_WIN,CHECK|CHECK|BET_1X
765,4377531835645680627,features,stake_scaled_net_profit,0.0,3.0,PUSH,CHECK|CHECK|BET_1X
766,9200758139760597555,features,stake_scaled_net_profit,-3.0,3.0,DEALER_WIN,CHECK|CHECK|BET_1X
767,5617070801550230046,features,stake_scaled_net_profit,-3.0,3.0,DEALER_WIN,CHECK|CHECK|BET_1X
768,6938159555269921082,features,stake_scaled_net_profit,2.0,3.0,PLAYER_WIN,CHECK|CHECK|BET_1X
769,5335750799886962086,features,stake_scaled_net_profit,2.0,3.0,PLAYER_WIN,CHECK|CHECK|BET_1X
770,6374090341423598179,features,stake_scaled_net_profit,-3.0,3.0,DEALER_WIN,CHECK|CHECK|BET_1X
771,1963944617526694260,features,stake_scaled_net_profit,-3.0,3.0,DEALER_WIN,CHECK|CHECK|BET_1X
772,6522720586431748156,features,stake_scaled_net_profit,-3.0,3.0,DEALER_WIN,CHECK|CHECK|BET_1X
773,1330355307832143876,features,stake_scaled_net_profit,1.0,3.0,PLAYER_WIN,CHECK|CHECK|BET_1X
774,5983011755687316046,features,stake_scaled_net_profit,1.0,3.0,PLAYER_WIN,CHECK|CHECK|BET_1X
775,8591094464458443612,features,stake_scaled_net_profit,2.0,3.0,PLAYER_WIN,CHECK|CHECK|BET_1X
776,1296456955431562480,features,stake_scaled_net_profit,-3.0,3.0,DEALER_WIN,CHECK|CHECK|BET_1X
777,2509099610270703497,features,stake_scaled_net_profit,2.0,3.0,PLAYER_WIN,CHECK|CHECK|BET_1X
778,6782569744802698731,features,stake_scaled_net_profit,0.0,3.0,PUSH,CHECK|CHECK|BET_1X
779,4451312059996109126,features,stake_scaled_net_profit,1.0,3.0,PLAYER_WIN,CHECK|CHECK|BET_1X
780,6152868851158721320,features,stake_scaled_net_profit,-3.0,3.0,DEALER_WIN,CHECK|CHECK|BET_1X
781,855894771769911285,features,stake_scaled_net_profit,-3.0,3.0,DEALER_WIN,CHECK|CHECK|BET_1X
782,5284390587287780465,features,stake_scaled_net_profit,2.0,3.0,PLAYER_WIN,CHECK|CHECK|BET_1X
783,8357626144270119050,features,stake_scaled_net_profit,-3.0,3.0,DEALER_WIN,CHECK|CHECK|BET_1X
784,5321896415443383563,features,stake_scaled_net_profit,5.0,3.0,PLAYER_WIN,CHECK|CHECK|BET_1X
785,572137703996601448,features,stake_scaled_net_profit,-3.0,3.0,DEALER_WIN,CHECK|CHECK|BET_1X
786,4322250791635420728,features,stake_scaled_net_profit,2.0,3.0,PLAYER_WIN,CHECK|CHECK|BET_1X
787,4733305523585329265,features,stake_scaled_net_profit,3.5,3.0,PLAYER_WIN,CHECK|CHECK|BET_1X
788,6602959837345385652,features,stake_scaled_net_profit,2.0,3.0,PLAYER_WIN,CHECK|CHECK|BET_1X
789,8893623152788576908,features,stake_scaled_net_profit,2.0,3.0,PLAYER_WIN,CHECK|CHECK|BET_1X
790,7298563162624099648,features,stake_scaled_net_profit,2.0,3.0,PLAYER_WIN,CHECK|CHECK|BET_1X
791,816477772269779993,features,stake_scaled_net_profit,-3.0,3.0,DEALER_WIN,CHECK|CHECK|BET_1X
792,7450623816783554506,features,stake_scaled_net_profit,2.0,3.0,PLAYER_WIN,CHECK|CHECK|BET_1X
793,2517526430051774272,features,stake_scaled_net_profit,1.0,3.0,PLAYER_WIN,CHECK|CHECK|BET_1X
794,8082389372476937752,features,stake_scaled_net_profit,-3.0,3.0,DEALER_WIN,CHECK|CHECK|BET_1X
795,5356998425265086863,features,stake_scaled_net_profit,1.0,3.0,PLAYER_WIN,CHECK|CHECK|BET_1X
796,2823704471800661630,features,stake_scaled_net_profit,1.0,3.0,PLAYER_WIN,CHECK|CHECK|BET_1X
797,2996114439437861656,features,stake_scaled_net_profit,1.0,3.0,PLAYER_WIN,CHECK|CHECK|BET_1X
798,1589796408341853653,features,stake_scaled_net_profit,1.0,3.0,PLAYER_WIN,CHECK|CHECK|BET_1X
799,8692612212343289883,features,stake_scaled_net_profit,1.0,3.0,PLAYER_WIN,CHECK|CHECK|BET_1X
800,2865112770288944020,features,stake_scaled_net_profit,1.0,3.0,PLAYER_WIN,CHECK|CHECK|BET_1X
801,2588614114394872664,features,stake_scaled_net_profit,-3.0,3.0,DEALER_WIN,CHECK|CHECK|BET_1X
802,391402358626954894,features,stake_scaled_net_profit,-3.0,3.0,DEALER_WIN,CHECK|CHECK|BET_1X
803,6974138047108413806,features,stake_scaled_net_profit,2.0,3.0,PLAYER_WIN,CHECK|CHECK|BET_1X
804,8103494599045629364,features,stake_scaled_net_profit,-3.0,3.0,DEALER_WIN,CHECK|CHECK|BET_1X
805,4521886418281638296,features,stake_scaled_net_profit,0.0,3.0,PUSH,CHECK|CHECK|BET_1X
806,6926092079385226430,features,stake_scaled_net_profit,2.0,3.0,PLAYER_WIN,CHECK|CHECK|BET_1X
807,399410038773582393,features,stake_scaled_net_profit,2.0,3.0,PLAYER_WIN,CHECK|CHECK|BET_1X
808,7816184915859985655,features,stake_scaled_net_profit,0.0,3.0,PUSH,CHECK|CHECK|BET_1X
809,1811507042459602477,features,stake_scaled_net_profit,-3.0,3.0,DEALER_WIN,CHECK|CHECK|BET_1X
810,7155162561719348386,features,stake_scaled_net_profit,-3.0,3.0,DEALER_WIN,CHECK|CHECK|BET_1X
811,5221316911601811929,features,stake_scaled_net_profit,-3.0,3.0,DEALER_WIN,CHECK|CHECK|BET_1X
812,5786078196510004005,features,stake_scaled_net_profit,-3.0,3.0,DEALER_WIN,CHECK|CHECK|BET_1X
813,2150600214888303666,features,stake_scaled_net_profit,12.0,3.0,PLAYER_WIN,CHECK|CHECK|BET_1X
814,9127269439933071303,features,stake_scaled_net_profit,2.0,3.0,PLAYER_WIN,CHECK|CHECK|BET_1X
815,5858720364892314798,features,stake_scaled_net_profit,2.0,3.0,PLAYER_WIN,CHECK|CHECK|BET_1X
816,5561857550089392329,features,stake_scaled_net_profit,2.0,3.0,PLAYER_WIN,CHECK|CHECK|BET_1X
817,9197438650652126628,features,stake_scaled_net_profit,1.0,3.0,PLAYER_WIN,CHECK|CHECK|BET_1X
818,3190221245840147584,features,stake_scaled_net_profit,-3.0,3.0,DEALER_WIN,CHECK|CHECK|BET_1X
819,1492021973157879948,features,stake_scaled_net_profit,-3.0,3.0,DEALER_WIN,CHECK|CHECK|BET_1X
820,2454158531370605416,features,stake_scaled_net_profit,5.0,3.0,PLAYER_WIN,CHECK|CHECK|BET_1X
821,7490744745870296315,features,stake_scaled_net_profit,3.5,3.0,PLAYER_WIN,CHECK|CHECK|BET_1X
822,504402753593363757,features,stake_scaled_net_profit,-3.0,3.0,DEALER_WIN,CHECK|CHECK|BET_1X
823,6287229522859744387,features,stake_scaled_net_profit,-3.0,3.0,DEALER_WIN,CHECK|CHECK|BET_1X
824,8001955688236301403,features,stake_scaled_net_profit,-3.0,3.0,DEALER_WIN,CHECK|CHECK|BET_1X
825,4113795457952430685,features,stake_scaled_net_profit,2.0,3.0,PLAYER_WIN,CHECK|CHECK|BET_1X
826,3872378312547710653,features,stake_scaled_net_profit,1.0,3.0,PLAYER_WIN,CHECK|CHECK|BET_1X
827,7094278843628921023,features,stake_scaled_net_profit,-3.0,3.0,DEALER_WIN,CHECK|CHECK|BET_1X
828,4308291024512919663,features,stake_scaled_net_profit,-3.0,3.0,DEALER_WIN,CHECK|CHECK|BET_1X
829,7918220540080912843,features,stake_scaled_net_profit,2.0,3.0,PLAYER_WIN,CHECK|CHECK|BET_1X
830,6128221877019916765,features,stake_scaled_net_profit,-3.0,3.0,DEALER_WIN,CHECK|CHECK|BET_1X
831,6066210623814935019,features,stake_scaled_net_profit,-3.0,3.0,DEALER_WIN,CHECK|CHECK|BET_1X
832,6450606409424229553,features,stake_scaled_net_profit,1.0,3.0,PLAYER_WIN,CHECK|CHECK|BET_1X
833,4738223993765118570,features,stake_scaled_net_profit,-3.0,3.0,DEALER_WIN,CHECK|CHECK|BET_1X
834,7542629264374245077,features,stake_scaled_net_profit,-3.0,3.0,DEALER_WIN,CHECK|CHECK|BET_1X
835,648792241505860544,features,stake_scaled_net_profit,2.0,3.0,PLAYER_WIN,CHECK|CHECK|BET_1X
836,3668301820801884950,features,stake_scaled_net_profit,-3.0,3.0,DEALER_WIN,CHECK|CHECK|BET_1X
837,6973360368783161827,features,stake_scaled_net_profit,2.0,3.0,PLAYER_WIN,CHECK|CHECK|BET_1X
838,7804227059686843434,features,stake_scaled_net_profit,2.0,3.0,PLAYER_WIN,CHECK|CHECK|BET_1X
839,2586674943014479133,features,stake_scaled_net_profit,-3.0,3.0,DEALER_WIN,CHECK|CHECK|BET_1X
840,5885249092404367238,features,stake_scaled_net_profit,2.0,3.0,PLAYER_WIN,CHECK|CHECK|BET_1X
841,2176216425678787963,features,stake_scaled_net_profit,2.0,3.0,PLAYER_WIN,CHECK|CHECK|BET_1X
842,2545438978102878392,features,stake_scaled_net_profit,0.0,3.0,PUSH,CHECK|CHECK|BET_1X
843,934286637515439568,features,stake_scaled_net_profit,-3.0,3.0,DEALER_WIN,CHECK|CHECK|BET_1X
844,3473361730074366817,features,stake_scaled_net_profit,-3.0,3.0,DEALER_WIN,CHECK|CHECK|BET_1X
845,5391966176575468410,features,stake_scaled_net_profit,-3.0,3.0,DEALER_WIN,CHECK|CHECK|BET_1X
846,8455482550846235949,features,stake_scaled_net_profit,-3.0,3.0,DEALER_WIN,CHECK|CHECK|BET_1X
847,6558736197806588132,features,stake_scaled_net_profit,-3.0,3.0,DEALER_WIN,CHECK|CHECK|BET_1X
848,6490135126463740347,features,stake_scaled_net_profit,-3.0,3.0,DEALER_WIN,CHECK|CHECK|BET_1X
849,7025617078872927477,features,stake_scaled_net_profit,0.0,3.0,PUSH,CHECK|CHECK|BET_1X
850,3797580000717386988,features,stake_scaled_net_profit,2.0,3.0,PLAYER_WIN,CHECK|CHECK|BET_1X
851,4385762958698973989,features,stake_scaled_net_profit,1.0,3.0,PLAYER_WIN,CHECK|CHECK|BET_1X
852,9187598606230828225,features,stake_scaled_net_profit,0.0,3.0,PUSH,CHECK|CHECK|BET_1X
853,2603514101501729812,features,stake_scaled_net_profit,-3.0,3.0,DEALER_WIN,CHECK|CHECK|BET_1X
854,3937089881727732329,features,stake_scaled_net_profit,-3.0,3.0,DEALER_WIN,CHECK|CHECK|BET_1X
855,5312261140862388508,features,stake_scaled_net_profit,-3.0,3.0,DEALER_WIN,CHECK|CHECK|BET_1X
856,68036660207701346,features,stake_scaled_net_profit,2.0,3.0,PLAYER_WIN,CHECK|CHECK|BET_1X
857,1367366548604912951,features,stake_scaled_net_profit,1.0,3.0,PLAYER_WIN,CHECK|CHECK|BET_1X
858,5209792003892702448,features,stake_scaled_net_profit,-3.0,3.0,DEALER_WIN,CHECK|CHECK|BET_1X
859,8063648826357337364,features,stake_scaled_net_profit,-3.0,3.0,DEALER_WIN,CHECK|CHECK|BET_1X
860,1208696830025235388,features,stake_scaled_net_profit,-3.0,3.0,DEALER_WIN,CHECK|CHECK|BET_1X
861,5714999927659219998,features,stake_scaled_net_profit,-3.0,3.0,DEALER_WIN,CHECK|CHECK|BET_1X
862,8976662802576300771,features,stake_scaled_net_profit,-3.0,3.0,DEALER_WIN,CHECK|CHECK|BET_1X
863,4961821894175115378,features,stake_scaled_net_profit,2.5,3.0,PLAYER_WIN,CHECK|CHECK|BET_1X
864,7215809704103090551,features,stake_scaled_net_profit,0.0,3.0,PUSH,CHECK|CHECK|BET_1X
865,2060591590617517718,features,stake_scaled_net_profit,-3.0,3.0,DEALER_WIN,CHECK|CHECK|BET_1X
866,928356027062617736,features,stake_scaled_net_profit,-3.0,3.0,DEALER_WIN,CHECK|CHECK|BET_1X
867,8413340986417166781,features,stake_scaled_net_profit,2.0,3.0,PLAYER_WIN,CHECK|CHECK|BET_1X
868,5930591393154515738,features,stake_scaled_net_profit,2.0,3.0,PLAYER_WIN,CHECK|CHECK|BET_1X
869,4233839963611024177,features,stake_scaled_net_profit,-3.0,3.0,DEALER_WIN,CHECK|CHECK|BET_1X
870,848796307874807545,features,stake_scaled_net_profit,2.0,3.0,PLAYER_WIN,CHECK|CHECK|BET_1X
871,2358423720130380249,features,stake_scaled_net_profit,-3.0,3.0,DEALER_WIN,CHECK|CHECK|BET_1X
872,6493091030325948639,features,stake_scaled_net_profit,1.0,3.0,PLAYER_WIN,CHECK|CHECK|BET_1X
873,1709540495146703070,features,stake_scaled_net_profit,-2.0,3.0,DEALER_WIN,CHECK|CHECK|BET_1X
874,7449251301142148641,features,stake_scaled_net_profit,2.0,3.0,PLAYER_WIN,CHECK|CHECK|BET_1X
875,2742257531541009090,features,stake_scaled_net_profit,-3.0,3.0,DEALER_WIN,CHECK|CHECK|BET_1X
876,9196910202698297015,features,stake_scaled_net_profit,1.0,3.0,PLAYER_WIN,CHECK|CHECK|BET_1X
877,4305811086344026433,features,stake_scaled_net_profit,-3.0,3.0,DEALER_WIN,CHECK|CHECK|BET_1X
878,7107340919977260493,features,stake_scaled_net_profit,2.0,3.0,PLAYER_WIN,CHECK|CHECK|BET_1X
879,8150525360834787425,features,stake_scaled_net_profit,-3.0,3.0,DEALER_WIN,CHECK|CHECK|BET_1X
880,4425715677023834498,features,stake_scaled_net_profit,2.0,3.0,PLAYER_WIN,CHECK|CHECK|BET_1X
881,3537650987625326791,features,stake_scaled_net_profit,-3.0,3.0,DEALER_WIN,CHECK|CHECK|BET_1X
882,4087690710807876257,features,stake_scaled_net_profit,2.0,3.0,PLAYER_WIN,CHECK|CHECK|BET_1X
883,5257924754252734001,features,stake_scaled_net_profit,5.0,3.0,PLAYER_WIN,CHECK|CHECK|BET_1X
884,6789665988396467474,features,stake_scaled_net_profit,2.0,3.0,PLAYER_WIN,CHECK|CHECK|BET_1X
885,7886179736980485432,features,stake_scaled_net_profit,-3.0,3.0,DEALER_WIN,CHECK|CHECK|BET_1X
886,2965730113557742065,features,stake_scaled_net_profit,5.0,3.0,PLAYER_WIN,CHECK|CHECK|BET_1X
887,184652567242912971,features,stake_scaled_net_profit,-3.0,3.0,DEALER_WIN,CHECK|CHECK|BET_1X
888,6496609591253632361,features,stake_scaled_net_profit,-3.0,3.0,DEALER_WIN,CHECK|CHECK|BET_1X
889,4503552269061885790,features,stake_scaled_net_profit,-2.0,3.0,DEALER_WIN,CHECK|CHECK|BET_1X
890,1280963365413052833,features,stake_scaled_net_profit,-3.0,3.0,DEALER_WIN,CHECK|CHECK|BET_1X
891,4436089506716444639,features,stake_scaled_net_profit,2.0,3.0,PLAYER_WIN,CHECK|CHECK|BET_1X
892,8875855770455701461,features,stake_scaled_net_profit,-3.0,3.0,DEALER_WIN,CHECK|CHECK|BET_1X
893,3378267438940947744,features,stake_scaled_net_profit,12.0,3.0,PLAYER_WIN,CHECK|CHECK|BET_1X
894,7166303236197922417,features,stake_scaled_net_profit,-2.0,3.0,DEALER_WIN,CHECK|CHECK|BET_1X
895,5269851530556570738,features,stake_scaled_net_profit,-3.0,3.0,DEALER_WIN,CHECK|CHECK|BET_1X
896,3526315359624049420,features,stake_scaled_net_profit,0.0,3.0,PUSH,CHECK|CHECK|BET_1X
897,4901175616737731419,features,stake_scaled_net_profit,-3.0,3.0,DEALER_WIN,CHECK|CHECK|BET_1X
898,8785736668409649164,features,stake_scaled_net_profit,2.0,3.0,PLAYER_WIN,CHECK|CHECK|BET_1X
899,7506359778085990393,features,stake_scaled_net_profit,-3.0,3.0,DEALER_WIN,CHECK|CHECK|BET_1X
900,1496115386973010045,features,stake_scaled_net_profit,-3.0,3.0,DEALER_WIN,CHECK|CHECK|BET_1X
901,1017432619925451249,features,stake_scaled_net_profit,2.0,3.0,PLAYER_WIN,CHECK|CHECK|BET_1X
902,2553088848673288804,features,stake_scaled_net_profit,2.0,3.0,PLAYER_WIN,CHECK|CHECK|BET_1X
903,4243188911284567263,features,stake_scaled_net_profit,2.0,3.0,PLAYER_WIN,CHECK|CHECK|BET_1X
904,8533697980404008640,features,stake_scaled_net_profit,2.0,3.0,PLAYER_WIN,CHECK|CHECK|BET_1X
905,8596619761623189548,features,stake_scaled_net_profit,5.0,3.0,PLAYER_WIN,CHECK|CHECK|BET_1X
906,1780163165846335477,features,stake_scaled_net_profit,2.0,3.0,PLAYER_WIN,CHECK|CHECK|BET_1X
907,3202923046283772937,features,stake_scaled_net_profit,-3.0,3.0,DEALER_WIN,CHECK|CHECK|BET_1X
908,2431773336275870739,features,stake_scaled_net_profit,-3.0,3.0,DEALER_WIN,CHECK|CHECK|BET_1X
909,5912848263586599734,features,stake_scaled_net_profit,-3.0,3.0,DEALER_WIN,CHECK|CHECK|BET_1X
910,3665122230014414762,features,stake_scaled_net_profit,3.5,3.0,PLAYER_WIN,CHECK|CHECK|BET_1X
911,4196610391551779872,features,stake_scaled_net_profit,-2.0,3.0,DEALER_WIN,CHECK|CHECK|BET_1X
912,1846009206966446069,features,stake_scaled_net_profit,1.0,3.0,PLAYER_WIN,CHECK|CHECK|BET_1X
913,1139317953991756950,features,stake_scaled_net_profit,-3.0,3.0,DEALER_WIN,CHECK|CHECK|BET_1X
914,759300728567022805,features,stake_scaled_net_profit,-3.0,3.0,DEALER_WIN,CHECK|CHECK|BET_1X
915,3359526252250337514,features,stake_scaled_net_profit,-3.0,3.0,DEALER_WIN,CHECK|CHECK|BET_1X
916,8247062179117749191,features,stake_scaled_net_profit,2.0,3.0,PLAYER_WIN,CHECK|CHECK|BET_1X
917,5007778806102941885,features,stake_scaled_net_profit,-3.0,3.0,DEALER_WIN,CHECK|CHECK|BET_1X
918,5874694371750287935,features,stake_scaled_net_profit,2.0,3.0,PLAYER_WIN,CHECK|CHECK|BET_1X
919,2758811019845300818,features,stake_scaled_net_profit,2.0,3.0,PLAYER_WIN,CHECK|CHECK|BET_1X
920,1696957889974288787,features,stake_scaled_net_profit,2.0,3.0,PLAYER_WIN,CHECK|CHECK|BET_1X
921,1279369727445998511,features,stake_scaled_net_profit,-3.0,3.0,DEALER_WIN,CHECK|CHECK|BET_1X
922,4933656103475301167,features,stake_scaled_net_profit,-3.0,3.0,DEALER_WIN,CHECK|CHECK|BET_1X
923,1977708770176024356,features,stake_scaled_net_profit,1.0,3.0,PLAYER_WIN,CHECK|CHECK|BET_1X
924,3676563871467550842,features,stake_scaled_net_profit,-3.0,3.0,DEALER_WIN,CHECK|CHECK|BET_1X
925,313986350650062069,features,stake_scaled_net_profit,2.0,3.0,PLAYER_WIN,CHECK|CHECK|BET_1X
926,5605509591254216611,features,stake_scaled_net_profit,-3.0,3.0,DEALER_WIN,CHECK|CHECK|BET_1X
927,6554434833215501229,features,stake_scaled_net_profit,-3.0,3.0,DEALER_WIN,CHECK|CHECK|BET_1X
928,5934761758109136755,features,stake_scaled_net_profit,-3.0,3.0,DEALER_WIN,CHECK|CHECK|BET_1X
929,6209569154496390677,features,stake_scaled_net_profit,2.0,3.0,PLAYER_WIN,CHECK|CHECK|BET_1X
930,7669784488589629093,features,stake_scaled_net_profit,-3.0,3.0,DEALER_WIN,CHECK|CHECK|BET_1X
931,44506653502813096,features,stake_scaled_net_profit,-3.0,3.0,DEALER_WIN,CHECK|CHECK|BET_1X
932,2657400832634123777,features,stake_scaled_net_profit,-3.0,3.0,DEALER_WIN,CHECK|CHECK|BET_1X
933,1133951859619300870,features,stake_scaled_net_profit,-3.0,3.0,DEALER_WIN,CHECK|CHECK|BET_1X
934,1799581098669479158,features,stake_scaled_net_profit,2.0,3.0,PLAYER_WIN,CHECK|CHECK|BET_1X
935,2139329695582084880,features,stake_scaled_net_profit,2.0,3.0,PLAYER_WIN,CHECK|CHECK|BET_1X
936,8860369560069707461,features,stake_scaled_net_profit,1.0,3.0,PLAYER_WIN,CHECK|CHECK|BET_1X
937,7661855163003880925,features,stake_scaled_net_profit,2.0,3.0,PLAYER_WIN,CHECK|CHECK|BET_1X
938,6085059550904925577,features,stake_scaled_net_profit,3.0,3.0,PLAYER_WIN,CHECK|CHECK|BET_1X
939,9164012506059593361,features,stake_scaled_net_profit,3.5,3.0,PLAYER_WIN,CHECK|CHECK|BET_1X
940,7665006468564569625,features,stake_scaled_net_profit,-3.0,3.0,DEALER_WIN,CHECK|CHECK|BET_1X
941,2099185351975460510,features,stake_scaled_net_profit,-3.0,3.0,DEALER_WIN,CHECK|CHECK|BET_1X
942,6002108165729345372,features,stake_scaled_net_profit,-3.0,3.0,DEALER_WIN,CHECK|CHECK|BET_1X
943,6653133323993130250,features,stake_scaled_net_profit,2.0,3.0,PLAYER_WIN,CHECK|CHECK|BET_1X
944,3836288765699926146,features,stake_scaled_net_profit,-3.0,3.0,DEALER_WIN,CHECK|CHECK|BET_1X
945,6613963692876605349,features,stake_scaled_net_profit,2.0,3.0,PLAYER_WIN,CHECK|CHECK|BET_1X
946,7133256950777550731,features,stake_scaled_net_profit,-3.0,3.0,DEALER_WIN,CHECK|CHECK|BET_1X
947,789679130699457407,features,stake_scaled_net_profit,1.0,3.0,PLAYER_WIN,CHECK|CHECK|BET_1X
948,5576479899433778960,features,stake_scaled_net_profit,2.0,3.0,PLAYER_WIN,CHECK|CHECK|BET_1X
949,2825948418189624227,features,stake_scaled_net_profit,2.0,3.0,PLAYER_WIN,CHECK|CHECK|BET_1X
950,6790023590347945068,features,stake_scaled_net_profit,2.0,3.0,PLAYER_WIN,CHECK|CHECK|BET_1X
951,8943341316138986721,features,stake_scaled_net_profit,-3.0,3.0,DEALER_WIN,CHECK|CHECK|BET_1X
952,8245346301821498278,features,stake_scaled_net_profit,-2.0,3.0,DEALER_WIN,CHECK|CHECK|BET_1X
953,3788851380147507600,features,stake_scaled_net_profit,-3.0,3.0,DEALER_WIN,CHECK|CHECK|BET_1X
954,2073465275864282834,features,stake_scaled_net_profit,-3.0,3.0,DEALER_WIN,CHECK|CHECK|BET_1X
955,5716898055826252055,features,stake_scaled_net_profit,1.0,3.0,PLAYER_WIN,CHECK|CHECK|BET_1X
956,5021771099362251061,features,stake_scaled_net_profit,-3.0,3.0,DEALER_WIN,CHECK|CHECK|BET_1X
957,4032980320576966044,features,stake_scaled_net_profit,-3.0,3.0,DEALER_WIN,CHECK|CHECK|BET_1X
958,8640802843881888399,features,stake_scaled_net_profit,2.0,3.0,PLAYER_WIN,CHECK|CHECK|BET_1X
959,4438461843044748758,features,stake_scaled_net_profit,-3.0,3.0,DEALER_WIN,CHECK|CHECK|BET_1X
960,3526415879819004230,features,stake_scaled_net_profit,2.0,3.0,PLAYER_WIN,CHECK|CHECK|BET_1X
961,7170873072363361219,features,stake_scaled_net_profit,-3.0,3.0,DEALER_WIN,CHECK|CHECK|BET_1X
962,3706941299072706180,features,stake_scaled_net_profit,-3.0,3.0,DEALER_WIN,CHECK|CHECK|BET_1X
963,2503051818227189648,features,stake_scaled_net_profit,-3.0,3.0,DEALER_WIN,CHECK|CHECK|BET_1X
964,1870249987412135061,features,stake_scaled_net_profit,-3.0,3.0,DEALER_WIN,CHECK|CHECK|BET_1X
965,6398480109143271582,features,stake_scaled_net_profit,2.0,3.0,PLAYER_WIN,CHECK|CHECK|BET_1X
966,8188631678452761724,features,stake_scaled_net_profit,2.0,3.0,PLAYER_WIN,CHECK|CHECK|BET_1X
967,932138166279793317,features,stake_scaled_net_profit,2.0,3.0,PLAYER_WIN,CHECK|CHECK|BET_1X
968,8235832765702793235,features,stake_scaled_net_profit,5.0,3.0,PLAYER_WIN,CHECK|CHECK|BET_1X
969,6311589512804706572,features,stake_scaled_net_profit,-3.0,3.0,DEALER_WIN,CHECK|CHECK|BET_1X
970,3046092975624902147,features,stake_scaled_net_profit,1.0,3.0,PLAYER_WIN,CHECK|CHECK|BET_1X
971,3275058079140619266,features,stake_scaled_net_profit,2.0,3.0,PLAYER_WIN,CHECK|CHECK|BET_1X
972,7312201884761964202,features,stake_scaled_net_profit,2.0,3.0,PLAYER_WIN,CHECK|CHECK|BET_1X
973,8570641409114586430,features,stake_scaled_net_profit,-3.0,3.0,DEALER_WIN,CHECK|CHECK|BET_1X
974,7399820484162878442,features,stake_scaled_net_profit,2.0,3.0,PLAYER_WIN,CHECK|CHECK|BET_1X
975,213031287346651292,features,stake_scaled_net_profit,-3.0,3.0,DEALER_WIN,CHECK|CHECK|BET_1X
976,2078134138085094791,features,stake_scaled_net_profit,3.0,3.0,PLAYER_WIN,CHECK|CHECK|BET_1X
977,7923503127766216331,features,stake_scaled_net_profit,-2.0,3.0,DEALER_WIN,CHECK|CHECK|BET_1X
978,7400501462850298807,features,stake_scaled_net_profit,-3.0,3.0,DEALER_WIN,CHECK|CHECK|BET_1X
979,2888194561945505198,features,stake_scaled_net_profit,-3.0,3.0,DEALER_WIN,CHECK|CHECK|BET_1X
980,6582586430172692385,features,stake_scaled_net_profit,2.0,3.0,PLAYER_WIN,CHECK|CHECK|BET_1X
981,2100544420744911826,features,stake_scaled_net_profit,1.0,3.0,PLAYER_WIN,CHECK|CHECK|BET_1X
982,1505814497099785306,features,stake_scaled_net_profit,-3.0,3.0,DEALER_WIN,CHECK|CHECK|BET_1X
983,6779817700332210863,features,stake_scaled_net_profit,2.0,3.0,PLAYER_WIN,CHECK|CHECK|BET_1X
984,2441626631363003142,features,stake_scaled_net_profit,-3.0,3.0,DEALER_WIN,CHECK|CHECK|BET_1X
985,7720014795438668177,features,stake_scaled_net_profit,-3.0,3.0,DEALER_WIN,CHECK|CHECK|BET_1X
986,6418041143867584197,features,stake_scaled_net_profit,0.0,3.0,PUSH,CHECK|CHECK|BET_1X
987,6036835089643027616,features,stake_scaled_net_profit,1.0,3.0,PLAYER_WIN,CHECK|CHECK|BET_1X
988,7560127908502572947,features,stake_scaled_net_profit,-3.0,3.0,DEALER_WIN,CHECK|CHECK|BET_1X
989,5371810975964591019,features,stake_scaled_net_profit,0.0,3.0,PUSH,CHECK|CHECK|BET_1X
990,2005137746570972309,features,stake_scaled_net_profit,0.0,3.0,PUSH,CHECK|CHECK|BET_1X
991,8720219825755745226,features,stake_scaled_net_profit,-2.0,3.0,DEALER_WIN,CHECK|CHECK|BET_1X
992,2427351460284825668,features,stake_scaled_net_profit,1.0,3.0,PLAYER_WIN,CHECK|CHECK|BET_1X
993,3598973533223013293,features,stake_scaled_net_profit,-2.0,3.0,DEALER_WIN,CHECK|CHECK|BET_1X
994,3306106732614624872,features,stake_scaled_net_profit,-3.0,3.0,DEALER_WIN,CHECK|CHECK|BET_1X
995,696646835999175665,features,stake_scaled_net_profit,-3.0,3.0,DEALER_WIN,CHECK|CHECK|BET_1X
996,8727802249919895072,features,stake_scaled_net_profit,1.0,3.0,PLAYER_WIN,CHECK|CHECK|BET_1X
997,6831522042568476323,features,stake_scaled_net_profit,0.0,3.0,PUSH,CHECK|CHECK|BET_1X
998,3967449350180322190,features,stake_scaled_net_profit,2.0,3.0,PLAYER_WIN,CHECK|CHECK|BET_1X
999,89011339428964285,features,stake_scaled_net_profit,1.0,3.0,PLAYER_WIN,CHECK|CHECK|BET_1X
1000,2173141134868989908,features,stake_scaled_net_profit,1.0,3.0,PLAYER_WIN,CHECK|CHECK|BET_1X
1001,4751001889901686380,features,stake_scaled_net_profit,-3.0,3.0,DEALER_WIN,CHECK|CHECK|BET_1X
1002,2652373102794938904,features,stake_scaled_net_profit,0.0,3.0,PUSH,CHECK|CHECK|BET_1X
1003,8025630605935624314,features,stake_scaled_net_profit,2.0,3.0,PLAYER_WIN,CHECK|CHECK|BET_1X
1004,1758695306512911745,features,stake_scaled_net_profit,-3.0,3.0,DEALER_WIN,CHECK|CHECK|BET_1X
1005,1475933262447653026,features,stake_scaled_net_profit,-3.0,3.0,DEALER_WIN,CHECK|CHECK|BET_1X
1006,33538703499895562,features,stake_scaled_net_profit,-3.0,3.0,DEALER_WIN,CHECK|CHECK|BET_1X
1007,6251637598155278728,features,stake_scaled_net_profit,1.0,3.0,PLAYER_WIN,CHECK|CHECK|BET_1X
1008,7867692757445221850,features,stake_scaled_net_profit,-3.0,3.0,DEALER_WIN,CHECK|CHECK|BET_1X
1009,2948658382926712518,features,stake_scaled_net_profit,-3.0,3.0,DEALER_WIN,CHECK|CHECK|BET_1X
1010,8722809822822666613,features,stake_scaled_net_profit,1.0,3.0,PLAYER_WIN,CHECK|CHECK|BET_1X
1011,1883637137265330064,features,stake_scaled_net_profit,3.0,3.0,PLAYER_WIN,CHECK|CHECK|BET_1X
1012,230070794810797290,features,stake_scaled_net_profit,0.0,3.0,PUSH,CHECK|CHECK|BET_1X
1013,2501522539531868577,features,stake_scaled_net_profit,2.0,3.0,PLAYER_WIN,CHECK|CHECK|BET_1X
1014,9132791921339055375,features,stake_scaled_net_profit,1.0,3.0,PLAYER_WIN,CHECK|CHECK|BET_1X
1015,4603444303841781025,features,stake_scaled_net_profit,1.0,3.0,PLAYER_WIN,CHECK|CHECK|BET_1X
1016,2575299420825447994,features,stake_scaled_net_profit,1.0,3.0,PLAYER_WIN,CHECK|CHECK|BET_1X
1017,1724361629891719601,features,stake_scaled_net_profit,-3.0,3.0,DEALER_WIN,CHECK|CHECK|BET_1X
1018,8984503480712597555,features,stake_scaled_net_profit,-3.0,3.0,DEALER_WIN,CHECK|CHECK|BET_1X
1019,1482633104850592482,features,stake_scaled_net_profit,1.0,3.0,PLAYER_WIN,CHECK|CHECK|BET_1X
1020,287424359979157026,features,stake_scaled_net_profit,-3.0,3.0,DEALER_WIN,CHECK|CHECK|BET_1X
1021,8032210412126726251,features,stake_scaled_net_profit,-3.0,3.0,DEALER_WIN,CHECK|CHECK|BET_1X
1022,7428655951983590495,features,stake_scaled_net_profit,-3.0,3.0,DEALER_WIN,CHECK|CHECK|BET_1X
1023,5306479600957145860,features,stake_scaled_net_profit,2.0,3.0,PLAYER_WIN,CHECK|CHECK|BET_1X
1024,3529492875022518276,features,stake_scaled_net_profit,2.0,3.0,PLAYER_WIN,CHECK|CHECK|BET_1X
1025,7790423061479456009,features,stake_scaled_net_profit,1.0,3.0,PLAYER_WIN,CHECK|CHECK|BET_1X
1026,8300152246436168966,features,stake_scaled_net_profit,-3.0,3.0,DEALER_WIN,CHECK|CHECK|BET_1X
1027,2442946475760941305,features,stake_scaled_net_profit,1.0,3.0,PLAYER_WIN,CHECK|CHECK|BET_1X
1028,7878641414443596103,features,stake_scaled_net_profit,-3.0,3.0,DEALER_WIN,CHECK|CHECK|BET_1X
1029,8525536469749626700,features,stake_scaled_net_profit,3.0,3.0,PLAYER_WIN,CHECK|CHECK|BET_1X
1030,900241131420938008,features,stake_scaled_net_profit,2.0,3.0,PLAYER_WIN,CHECK|CHECK|BET_1X
1031,2973814816799653046,features,stake_scaled_net_profit,-3.0,3.0,DEALER_WIN,CHECK|CHECK|BET_1X
1032,5965536042900179340,features,stake_scaled_net_profit,-3.0,3.0,DEALER_WIN,CHECK|CHECK|BET_1X
1033,6510704941295024038,features,stake_scaled_net_profit,1.0,3.0,PLAYER_WIN,CHECK|CHECK|BET_1X
1034,4205197615084907735,features,stake_scaled_net_profit,1.0,3.0,PLAYER_WIN,CHECK|CHECK|BET_1X
1035,531272726709690614,features,stake_scaled_net_profit,-3.0,3.0,DEALER_WIN,CHECK|CHECK|BET_1X
1036,1054375091832971760,features,stake_scaled_net_profit,2.0,3.0,PLAYER_WIN,CHECK|CHECK|BET_1X
1037,7450003271065202270,features,stake_scaled_net_profit,-3.0,3.0,DEALER_WIN,CHECK|CHECK|BET_1X
1038,8400965488113898102,features,stake_scaled_net_profit,5.0,3.0,PLAYER_WIN,CHECK|CHECK|BET_1X
1039,32340385308052114,features,stake_scaled_net_profit,-3.0,3.0,DEALER_WIN,CHECK|CHECK|BET_1X
1040,792603988276021195,features,stake_scaled_net_profit,-3.0,3.0,DEALER_WIN,CHECK|CHECK|BET_1X
1041,6641385167087138356,features,stake_scaled_net_profit,-3.0,3.0,DEALER_WIN,CHECK|CHECK|BET_1X
1042,8312150043458276566,features,stake_scaled_net_profit,-3.0,3.0,DEALER_WIN,CHECK|CHECK|BET_1X
1043,1725591131878008158,features,stake_scaled_net_profit,-3.0,3.0,DEALER_WIN,CHECK|CHECK|BET_1X
1044,5463800433945976264,features,stake_scaled_net_profit,1.0,3.0,PLAYER_WIN,CHECK|CHECK|BET_1X
1045,597541467802536572,features,stake_scaled_net_profit,2.0,3.0,PLAYER_WIN,CHECK|CHECK|BET_1X
1046,4622386347176628389,features,stake_scaled_net_profit,2.0,3.0,PLAYER_WIN,CHECK|CHECK|BET_1X
1047,4998704094659130862,features,stake_scaled_net_profit,-3.0,3.0,DEALER_WIN,CHECK|CHECK|BET_1X
1048,5613031554883876389,features,stake_scaled_net_profit,2.0,3.0,PLAYER_WIN,CHECK|CHECK|BET_1X
1049,1760505772636099464,features,stake_scaled_net_profit,2.0,3.0,PLAYER_WIN,CHECK|CHECK|BET_1X
1050,3773031085955081085,features,stake_scaled_net_profit,1.0,3.0,PLAYER_WIN,CHECK|CHECK|BET_1X
1051,7926150578342851502,features,stake_scaled_net_profit,1.0,3.0,PLAYER_WIN,CHECK|CHECK|BET_1X
1052,2188889684332944230,features,stake_scaled_net_profit,2.0,3.0,PLAYER_WIN,CHECK|CHECK|BET_1X
1053,9093314295729719335,features,stake_scaled_net_profit,2.0,3.0,PLAYER_WIN,CHECK|CHECK|BET_1X
1054,1036798936398211949,features,stake_scaled_net_profit,2.0,3.0,PLAYER_WIN,CHECK|CHECK|BET_1X
1055,2255872217419425696,features,stake_scaled_net_profit,0.0,3.0,PUSH,CHECK|CHECK|BET_1X
1056,6150765378863393544,features,stake_scaled_net_profit,-3.0,3.0,DEALER_WIN,CHECK|CHECK|BET_1X
1057,3334158893204803805,features,stake_scaled_net_profit,3.0,3.0,PLAYER_WIN,CHECK|CHECK|BET_1X
1058,7725938513764513742,features,stake_scaled_net_profit,2.0,3.0,PLAYER_WIN,CHECK|CHECK|BET_1X
1059,313150713141875991,features,stake_scaled_net_profit,3.0,3.0,PLAYER_WIN,CHECK|CHECK|BET_1X
1060,3851653475958805838,features,stake_scaled_net_profit,-3.0,3.0,DEALER_WIN,CHECK|CHECK|BET_1X
1061,4205795062316123117,features,stake_scaled_net_profit,-3.0,3.0,DEALER_WIN,CHECK|CHECK|BET_1X
1062,4346592031018967368,features,stake_scaled_net_profit,-3.0,3.0,DEALER_WIN,CHECK|CHECK|BET_1X
1063,993007821772399121,features,stake_scaled_net_profit,0.0,3.0,PUSH,CHECK|CHECK|BET_1X
1064,2630196962217389289,features,stake_scaled_net_profit,-3.0,3.0,DEALER_WIN,CHECK|CHECK|BET_1X
1065,8989613826598699267,features,stake_scaled_net_profit,1.0,3.0,PLAYER_WIN,CHECK|CHECK|BET_1X
1066,4527903879929474735,features,stake_scaled_net_profit,2.0,3.0,PLAYER_WIN,CHECK|CHECK|BET_1X
1067,7264005826120718261,features,stake_scaled_net_profit,-3.0,3.0,DEALER_WIN,CHECK|CHECK|BET_1X
1068,8835217961623195179,features,stake_scaled_net_profit,2.0,3.0,PLAYER_WIN,CHECK|CHECK|BET_1X
1069,1667172766141264948,features,stake_scaled_net_profit,-3.0,3.0,DEALER_WIN,CHECK|CHECK|BET_1X
1070,2942420325870842103,features,stake_scaled_net_profit,1.0,3.0,PLAYER_WIN,CHECK|CHECK|BET_1X
1071,1274681520518962489,features,stake_scaled_net_profit,2.0,3.0,PLAYER_WIN,CHECK|CHECK|BET_1X
1072,251645140747078058,features,stake_scaled_net_profit,-3.0,3.0,DEALER_WIN,CHECK|CHECK|BET_1X
1073,452574880743947789,features,stake_scaled_net_profit,-3.0,3.0,DEALER_WIN,CHECK|CHECK|BET_1X
1074,3258250222591482533,features,stake_scaled_net_profit,2.5,3.0,PLAYER_WIN,CHECK|CHECK|BET_1X
1075,430758384329055321,features,stake_scaled_net_profit,5.0,3.0,PLAYER_WIN,CHECK|CHECK|BET_1X
1076,20079771407358070,features,stake_scaled_net_profit,-3.0,3.0,DEALER_WIN,CHECK|CHECK|BET_1X
1077,7991993845048913297,features,stake_scaled_net_profit,2.0,3.0,PLAYER_WIN,CHECK|CHECK|BET_1X
1078,7711583253720293448,features,stake_scaled_net_profit,1.0,3.0,PLAYER_WIN,CHECK|CHECK|BET_1X
1079,6244317047086301352,features,stake_scaled_net_profit,-3.0,3.0,DEALER_WIN,CHECK|CHECK|BET_1X
1080,8368483404186204608,features,stake_scaled_net_profit,-3.0,3.0,DEALER_WIN,CHECK|CHECK|BET_1X
1081,3367288395825935492,features,stake_scaled_net_profit,-3.0,3.0,DEALER_WIN,CHECK|CHECK|BET_1X
1082,3158736191929733843,features,stake_scaled_net_profit,2.5,3.0,PLAYER_WIN,CHECK|CHECK|BET_1X
1083,1925072958576109371,features,stake_scaled_net_profit,-3.0,3.0,DEALER_WIN,CHECK|CHECK|BET_1X
1084,4788502063511539582,features,stake_scaled_net_profit,2.0,3.0,PLAYER_WIN,CHECK|CHECK|BET_1X
1085,5774323927864460446,features,stake_scaled_net_profit,1.0,3.0,PLAYER_WIN,CHECK|CHECK|BET_1X
1086,4110353397394623869,features,stake_scaled_net_profit,2.0,3.0,PLAYER_WIN,CHECK|CHECK|BET_1X
1087,1231700399586321655,features,stake_scaled_net_profit,-3.0,3.0,DEALER_WIN,CHECK|CHECK|BET_1X
1088,2539152011170060280,features,stake_scaled_net_profit,2.0,3.0,PLAYER_WIN,CHECK|CHECK|BET_1X
1089,8283813039041037150,features,stake_scaled_net_profit,2.0,3.0,PLAYER_WIN,CHECK|CHECK|BET_1X
1090,7844249940230915280,features,stake_scaled_net_profit,1.0,3.0,PLAYER_WIN,CHECK|CHECK|BET_1X
1091,9079589198462605552,features,stake_scaled_net_profit,1.0,3.0,PLAYER_WIN,CHECK|CHECK|BET_1X
1092,8028926828789343751,features,stake_scaled_net_profit,-3.0,3.0,DEALER_WIN,CHECK|CHECK|BET_1X
1093,6083993522733687520,features,stake_scaled_net_profit,-3.0,3.0,DEALER_WIN,CHECK|CHECK|BET_1X
1094,7044349970595460227,features,stake_scaled_net_profit,-3.0,3.0,DEALER_WIN,CHECK|CHECK|BET_1X
1095,367243461377194050,features,stake_scaled_net_profit,-3.0,3.0,DEALER_WIN,CHECK|CHECK|BET_1X
1096,5840557789930459443,features,stake_scaled_net_profit,1.0,3.0,PLAYER_WIN,CHECK|CHECK|BET_1X
1097,1977959691244489894,features,stake_scaled_net_profit,-3.0,3.0,DEALER_WIN,CHECK|CHECK|BET_1X
1098,3179232394445059164,features,stake_scaled_net_profit,2.0,3.0,PLAYER_WIN,CHECK|CHECK|BET_1X
1099,258006308160869315,features,stake_scaled_net_profit,-3.0,3.0,DEALER_WIN,CHECK|CHECK|BET_1X
1100,5041519687702194785,features,stake_scaled_net_profit,1.0,3.0,PLAYER_WIN,CHECK|CHECK|BET_1X
1101,2091359411370048772,features,stake_scaled_net_profit,-3.0,3.0,DEALER_WIN,CHECK|CHECK|BET_1X
1102,3413796138228252299,features,stake_scaled_net_profit,-3.0,3.0,DEALER_WIN,CHECK|CHECK|BET_1X
1103,4424945820301786306,features,stake_scaled_net_profit,2.0,3.0,PLAYER_WIN,CHECK|CHECK|BET_1X
1104,846819341435776975,features,stake_scaled_net_profit,2.0,3.0,PLAYER_WIN,CHECK|CHECK|BET_1X
1105,1588242764290055132,features,stake_scaled_net_profit,-3.0,3.0,DEALER_WIN,CHECK|CHECK|BET_1X
1106,8202940437554987855,features,stake_scaled_net_profit,2.0,3.0,PLAYER_WIN,CHECK|CHECK|BET_1X
1107,5934402203434804987,features,stake_scaled_net_profit,-3.0,3.0,DEALER_WIN,CHECK|CHECK|BET_1X
1108,5341269380382185457,features,stake_scaled_net_profit,-3.0,3.0,DEALER_WIN,CHECK|CHECK|BET_1X
1109,271066303418839237,features,stake_scaled_net_profit,2.0,3.0,PLAYER_WIN,CHECK|CHECK|BET_1X
1110,8544157015252053180,features,stake_scaled_net_profit,0.0,3.0,PUSH,CHECK|CHECK|BET_1X
1111,2072160116079405979,features,stake_scaled_net_profit,-3.0,3.0,DEALER_WIN,CHECK|CHECK|BET_1X
1112,4683866129183041490,features,stake_scaled_net_profit,-3.0,3.0,DEALER_WIN,CHECK|CHECK|BET_1X
1113,7413950995111140777,features,stake_scaled_net_profit,0.0,3.0,PUSH,CHECK|CHECK|BET_1X
1114,5524583277462005416,features,stake_scaled_net_profit,2.0,3.0,PLAYER_WIN,CHECK|CHECK|BET_1X
1115,1355421567714243879,features,stake_scaled_net_profit,1.0,3.0,PLAYER_WIN,CHECK|CHECK|BET_1X
1116,7810828962647091327,features,stake_scaled_net_profit,-3.0,3.0,DEALER_WIN,CHECK|CHECK|BET_1X
1117,3045806173086116964,features,stake_scaled_net_profit,-3.0,3.0,DEALER_WIN,CHECK|CHECK|BET_1X
1118,1137229878242916343,features,stake_scaled_net_profit,2.0,3.0,PLAYER_WIN,CHECK|CHECK|BET_1X
1119,6038697407520629741,features,stake_scaled_net_profit,2.0,3.0,PLAYER_WIN,CHECK|CHECK|BET_1X
1120,709462434103717100,features,stake_scaled_net_profit,0.0,3.0,PUSH,CHECK|CHECK|BET_1X
1121,8179539522019027873,features,stake_scaled_net_profit,-3.0,3.0,DEALER_WIN,CHECK|CHECK|BET_1X
1122,2258979581545413386,features,stake_scaled_net_profit,-3.0,3.0,DEALER_WIN,CHECK|CHECK|BET_1X
1123,4705388366183090509,features,stake_scaled_net_profit,2.0,3.0,PLAYER_WIN,CHECK|CHECK|BET_1X
1124,2247207438981736902,features,stake_scaled_net_profit,-3.0,3.0,DEALER_WIN,CHECK|CHECK|BET_1X
1125,1601666378984515152,features,stake_scaled_net_profit,1.0,3.0,PLAYER_WIN,CHECK|CHECK|BET_1X
1126,2304894912099371084,features,stake_scaled_net_profit,-3.0,3.0,DEALER_WIN,CHECK|CHECK|BET_1X
1127,8484700075572541019,features,stake_scaled_net_profit,2.0,3.0,PLAYER_WIN,CHECK|CHECK|BET_1X
1128,6199260667204120039,features,stake_scaled_net_profit,3.5,3.0,PLAYER_WIN,CHECK|CHECK|BET_1X
1129,2309607322452848285,features,stake_scaled_net_profit,-3.0,3.0,DEALER_WIN,CHECK|CHECK|BET_1X
1130,9173723994529567572,features,stake_scaled_net_profit,3.5,3.0,PLAYER_WIN,CHECK|CHECK|BET_1X
1131,5904920283159011043,features,stake_scaled_net_profit,0.0,3.0,PUSH,CHECK|CHECK|BET_1X
1132,8259432101237617085,features,stake_scaled_net_profit,-3.0,3.0,DEALER_WIN,CHECK|CHECK|BET_1X
1133,8229542592796346512,features,stake_scaled_net_profit,-3.0,3.0,DEALER_WIN,CHECK|CHECK|BET_1X
1134,4049345122276298426,features,stake_scaled_net_profit,1.0,3.0,PLAYER_WIN,CHECK|CHECK|BET_1X
1135,6464001223035647955,features,stake_scaled_net_profit,-3.0,3.0,DEALER_WIN,CHECK|CHECK|BET_1X
1136,788882454444367572,features,stake_scaled_net_profit,-3.0,3.0,DEALER_WIN,CHECK|CHECK|BET_1X
1137,2102889432502108308,features,stake_scaled_net_profit,2.0,3.0,PLAYER_WIN,CHECK|CHECK|BET_1X
1138,7315941879040282648,features,stake_scaled_net_profit,2.0,3.0,PLAYER_WIN,CHECK|CHECK|BET_1X
1139,7954972670476287171,features,stake_scaled_net_profit,-3.0,3.0,DEALER_WIN,CHECK|CHECK|BET_1X
1140,2644742355192589223,features,stake_scaled_net_profit,2.5,3.0,PLAYER_WIN,CHECK|CHECK|BET_1X
1141,9063220196491571107,features,stake_scaled_net_profit,-3.0,3.0,DEALER_WIN,CHECK|CHECK|BET_1X
1142,6188109670991404909,features,stake_scaled_net_profit,-3.0,3.0,DEALER_WIN,CHECK|CHECK|BET_1X
1143,3781338508286422147,features,stake_scaled_net_profit,-3.0,3.0,DEALER_WIN,CHECK|CHECK|BET_1X
1144,7594849174189326934,features,stake_scaled_net_profit,2.0,3.0,PLAYER_WIN,CHECK|CHECK|BET_1X
1145,5680106254961420219,features,stake_scaled_net_profit,1.0,3.0,PLAYER_WIN,CHECK|CHECK|BET_1X
1146,178756719457684243,features,stake_scaled_net_profit,2.0,3.0,PLAYER_WIN,CHECK|CHECK|BET_1X
1147,7183678278855594243,features,stake_scaled_net_profit,2.0,3.0,PLAYER_WIN,CHECK|CHECK|BET_1X
1148,9196820080190845334,features,stake_scaled_net_profit,2.0,3.0,PLAYER_WIN,CHECK|CHECK|BET_1X
1149,7485958447908941904,features,stake_scaled_net_profit,2.0,3.0,PLAYER_WIN,CHECK|CHECK|BET_1X
1150,3849711014337913949,features,stake_scaled_net_profit,1.0,3.0,PLAYER_WIN,CHECK|CHECK|BET_1X
1151,126422477543669833,features,stake_scaled_net_profit,-3.0,3.0,DEALER_WIN,CHECK|CHECK|BET_1X
1152,8439256671460699901,features,stake_scaled_net_profit,2.0,3.0,PLAYER_WIN,CHECK|CHECK|BET_1X
1153,2070919742667742440,features,stake_scaled_net_profit,1.0,3.0,PLAYER_WIN,CHECK|CHECK|BET_1X
1154,3281238657941389593,features,stake_scaled_net_profit,-3.0,3.0,DEALER_WIN,CHECK|CHECK|BET_1X
1155,7706526017662479405,features,stake_scaled_net_profit,-3.0,3.0,DEALER_WIN,CHECK|CHECK|BET_1X
1156,8399437375896520563,features,stake_scaled_net_profit,-3.0,3.0,DEALER_WIN,CHECK|CHECK|BET_1X
1157,688149317929792956,features,stake_scaled_net_profit,-3.0,3.0,DEALER_WIN,CHECK|CHECK|BET_1X
1158,8617381456869387032,features,stake_scaled_net_profit,-3.0,3.0,DEALER_WIN,CHECK|CHECK|BET_1X
1159,4029046777360316120,features,stake_scaled_net_profit,1.0,3.0,PLAYER_WIN,CHECK|CHECK|BET_1X
1160,7598158589057077289,features,stake_scaled_net_profit,-3.0,3.0,DEALER_WIN,CHECK|CHECK|BET_1X
1161,8168452929101724196,features,stake_scaled_net_profit,-3.0,3.0,DEALER_WIN,CHECK|CHECK|BET_1X
1162,1904042482205448728,features,stake_scaled_net_profit,-3.0,3.0,DEALER_WIN,CHECK|CHECK|BET_1X
1163,1869840184886249037,features,stake_scaled_net_profit,1.0,3.0,PLAYER_WIN,CHECK|CHECK|BET_1X
1164,117440542707706698,features,stake_scaled_net_profit,-3.0,3.0,DEALER_WIN,CHECK|CHECK|BET_1X
1165,8656168309159298444,features,stake_scaled_net_profit,1.0,3.0,PLAYER_WIN,CHECK|CHECK|BET_1X
1166,4610124743560593564,features,stake_scaled_net_profit,2.0,3.0,PLAYER_WIN,CHECK|CHECK|BET_1X
1167,4101915951706015951,features,stake_scaled_net_profit,1.0,3.0,PLAYER_WIN,CHECK|CHECK|BET_1X
1168,3058853781946773314,features,stake_scaled_net_profit,2.0,3.0,PLAYER_WIN,CHECK|CHECK|BET_1X
1169,7681395457164577079,features,stake_scaled_net_profit,5.0,3.0,PLAYER_WIN,CHECK|CHECK|BET_1X
1170,5313005715464136509,features,stake_scaled_net_profit,-3.0,3.0,DEALER_WIN,CHECK|CHECK|BET_1X
1171,5236890620274248003,features,stake_scaled_net_profit,-3.0,3.0,DEALER_WIN,CHECK|CHECK|BET_1X
1172,8768643180507022176,features,stake_scaled_net_profit,-3.0,3.0,DEALER_WIN,CHECK|CHECK|BET_1X
1173,7916391916998395536,features,stake_scaled_net_profit,2.0,3.0,PLAYER_WIN,CHECK|CHECK|BET_1X
1174,8437645874988898780,features,stake_scaled_net_profit,2.0,3.0,PLAYER_WIN,CHECK|CHECK|BET_1X
1175,8584360370691938061,features,stake_scaled_net_profit,2.0,3.0,PLAYER_WIN,CHECK|CHECK|BET_1X
1176,5303615337387894620,features,stake_scaled_net_profit,2.0,3.0,PLAYER_WIN,CHECK|CHECK|BET_1X
1177,2849071702876537470,features,stake_scaled_net_profit,0.0,3.0,PUSH,CHECK|CHECK|BET_1X
1178,8670368587893582194,features,stake_scaled_net_profit,-3.0,3.0,DEALER_WIN,CHECK|CHECK|BET_1X
1179,2805328380139458044,features,stake_scaled_net_profit,-3.0,3.0,DEALER_WIN,CHECK|CHECK|BET_1X
1180,7621338380995611573,features,stake_scaled_net_profit,2.0,3.0,PLAYER_WIN,CHECK|CHECK|BET_1X
1181,451848925542012985,features,stake_scaled_net_profit,-3.0,3.0,DEALER_WIN,CHECK|CHECK|BET_1X
1182,2665870194005600409,features,stake_scaled_net_profit,-2.0,3.0,DEALER_WIN,CHECK|CHECK|BET_1X
1183,7555483241960411731,features,stake_scaled_net_profit,2.0,3.0,PLAYER_WIN,CHECK|CHECK|BET_1X
1184,3133750649096830118,features,stake_scaled_net_profit,-3.0,3.0,DEALER_WIN,CHECK|CHECK|BET_1X
1185,2690133363967143610,features,stake_scaled_net_profit,-3.0,3.0,DEALER_WIN,CHECK|CHECK|BET_1X
1186,3432019153043194679,features,stake_scaled_net_profit,1.0,3.0,PLAYER_WIN,CHECK|CHECK|BET_1X
1187,5838198993723319552,features,stake_scaled_net_profit,-3.0,3.0,DEALER_WIN,CHECK|CHECK|BET_1X
1188,996717753644075032,features,stake_scaled_net_profit,-3.0,3.0,DEALER_WIN,CHECK|CHECK|BET_1X
1189,6452474206588063607,features,stake_scaled_net_profit,-3.0,3.0,DEALER_WIN,CHECK|CHECK|BET_1X
1190,7958143781201186417,features,stake_scaled_net_profit,2.0,3.0,PLAYER_WIN,CHECK|CHECK|BET_1X
1191,1702606594388638012,features,stake_scaled_net_profit,3.0,3.0,PLAYER_WIN,CHECK|CHECK|BET_1X
1192,5419345240095192344,features,stake_scaled_net_profit,-3.0,3.0,DEALER_WIN,CHECK|CHECK|BET_1X
1193,435600082272539387,features,stake_scaled_net_profit,0.0,3.0,PUSH,CHECK|CHECK|BET_1X
1194,8238102941490205168,features,stake_scaled_net_profit,3.0,3.0,PLAYER_WIN,CHECK|CHECK|BET_1X
1195,1003516892640466504,features,stake_scaled_net_profit,2.0,3.0,PLAYER_WIN,CHECK|CHECK|BET_1X
1196,937645075273741815,features,stake_scaled_net_profit,2.0,3.0,PLAYER_WIN,CHECK|CHECK|BET_1X
1197,4505534735364751232,features,stake_scaled_net_profit,-3.0,3.0,DEALER_WIN,CHECK|CHECK|BET_1X
1198,3100400014420850595,features,stake_scaled_net_profit,1.0,3.0,PLAYER_WIN,CHECK|CHECK|BET_1X
1199,8794783993859203820,features,stake_scaled_net_profit,2.0,3.0,PLAYER_WIN,CHECK|CHECK|BET_1X
1200,3242942222038322093,features,stake_scaled_net_profit,2.0,3.0,PLAYER_WIN,CHECK|CHECK|BET_1X
1201,9207374481365474802,features,stake_scaled_net_profit,2.5,3.0,PLAYER_WIN,CHECK|CHECK|BET_1X
1202,7122527531194325857,features,stake_scaled_net_profit,-3.0,3.0,DEALER_WIN,CHECK|CHECK|BET_1X
1203,6211306604598752210,features,stake_scaled_net_profit,1.0,3.0,PLAYER_WIN,CHECK|CHECK|BET_1X
1204,7713907947241534837,features,stake_scaled_net_profit,1.0,3.0,PLAYER_WIN,CHECK|CHECK|BET_1X
1205,3864091370818423935,features,stake_scaled_net_profit,2.0,3.0,PLAYER_WIN,CHECK|CHECK|BET_1X
1206,4130200441987910996,features,stake_scaled_net_profit,2.0,3.0,PLAYER_WIN,CHECK|CHECK|BET_1X
1207,9019873977802955621,features,stake_scaled_net_profit,-3.0,3.0,DEALER_WIN,CHECK|CHECK|BET_1X
1208,3676738203513974504,features,stake_scaled_net_profit,-2.0,3.0,DEALER_WIN,CHECK|CHECK|BET_1X
1209,9163157027825047643,features,stake_scaled_net_profit,-3.0,3.0,DEALER_WIN,CHECK|CHECK|BET_1X
1210,4444242640211464360,features,stake_scaled_net_profit,-3.0,3.0,DEALER_WIN,CHECK|CHECK|BET_1X
1211,5172709708095674152,features,stake_scaled_net_profit,-3.0,3.0,DEALER_WIN,CHECK|CHECK|BET_1X
1212,2398202004147632652,features,stake_scaled_net_profit,3.0,3.0,PLAYER_WIN,CHECK|CHECK|BET_1X
1213,1036529366679787055,features,stake_scaled_net_profit,0.0,3.0,PUSH,CHECK|CHECK|BET_1X
1214,8398745624299287746,features,stake_scaled_net_profit,-3.0,3.0,DEALER_WIN,CHECK|CHECK|BET_1X
1215,8235235931199816152,features,stake_scaled_net_profit,5.0,3.0,PLAYER_WIN,CHECK|CHECK|BET_1X
1216,4890810902163418353,features,stake_scaled_net_profit,5.0,3.0,PLAYER_WIN,CHECK|CHECK|BET_1X
1217,8535412610929711479,features,stake_scaled_net_profit,-3.0,3.0,DEALER_WIN,CHECK|CHECK|BET_1X
1218,1497719996370247987,features,stake_scaled_net_profit,-3.0,3.0,DEALER_WIN,CHECK|CHECK|BET_1X
1219,6754351777149055790,features,stake_scaled_net_profit,2.0,3.0,PLAYER_WIN,CHECK|CHECK|BET_1X
1220,7778863005045596107,features,stake_scaled_net_profit,-3.0,3.0,DEALER_WIN,CHECK|CHECK|BET_1X
1221,4940370849459250769,features,stake_scaled_net_profit,2.0,3.0,PLAYER_WIN,CHECK|CHECK|BET_1X
1222,7046226132112028496,features,stake_scaled_net_profit,-3.0,3.0,DEALER_WIN,CHECK|CHECK|BET_1X
1223,2842920370552004896,features,stake_scaled_net_profit,-3.0,3.0,DEALER_WIN,CHECK|CHECK|BET_1X
1224,3663393488914618925,features,stake_scaled_net_profit,2.0,3.0,PLAYER_WIN,CHECK|CHECK|BET_1X
1225,8678686844415298619,features,stake_scaled_net_profit,2.0,3.0,PLAYER_WIN,CHECK|CHECK|BET_1X
1226,5231245564173899422,features,stake_scaled_net_profit,1.0,3.0,PLAYER_WIN,CHECK|CHECK|BET_1X
1227,1831597771075202516,features,stake_scaled_net_profit,2.0,3.0,PLAYER_WIN,CHECK|CHECK|BET_1X
1228,5540544524791661239,features,stake_scaled_net_profit,-3.0,3.0,DEALER_WIN,CHECK|CHECK|BET_1X
1229,8818380085946213574,features,stake_scaled_net_profit,2.0,3.0,PLAYER_WIN,CHECK|CHECK|BET_1X
1230,4519264526446591327,features,stake_scaled_net_profit,-3.0,3.0,DEALER_WIN,CHECK|CHECK|BET_1X
1231,4216423136028798513,features,stake_scaled_net_profit,1.0,3.0,PLAYER_WIN,CHECK|CHECK|BET_1X
1232,2673062959002083335,features,stake_scaled_net_profit,3.0,3.0,PLAYER_WIN,CHECK|CHECK|BET_1X
1233,3783230975175882388,features,stake_scaled_net_profit,-3.0,3.0,DEALER_WIN,CHECK|CHECK|BET_1X
1234,4353438901396957064,features,stake_scaled_net_profit,2.0,3.0,PLAYER_WIN,CHECK|CHECK|BET_1X
1235,416131994738167116,features,stake_scaled_net_profit,1.0,3.0,PLAYER_WIN,CHECK|CHECK|BET_1X
1236,3240574660116131917,features,stake_scaled_net_profit,-3.0,3.0,DEALER_WIN,CHECK|CHECK|BET_1X
1237,2972801423901133142,features,stake_scaled_net_profit,-3.0,3.0,DEALER_WIN,CHECK|CHECK|BET_1X
1238,6241514599407970791,features,stake_scaled_net_profit,2.0,3.0,PLAYER_WIN,CHECK|CHECK|BET_1X
1239,5711830038072438118,features,stake_scaled_net_profit,2.0,3.0,PLAYER_WIN,CHECK|CHECK|BET_1X
1240,6094235562683760191,features,stake_scaled_net_profit,0.0,3.0,PUSH,CHECK|CHECK|BET_1X
1241,6868484284919711003,features,stake_scaled_net_profit,-3.0,3.0,DEALER_WIN,CHECK|CHECK|BET_1X
1242,3893311204462670582,features,stake_scaled_net_profit,2.0,3.0,PLAYER_WIN,CHECK|CHECK|BET_1X
1243,9055446677944015632,features,stake_scaled_net_profit,1.0,3.0,PLAYER_WIN,CHECK|CHECK|BET_1X
1244,5849120375706136133,features,stake_scaled_net_profit,2.0,3.0,PLAYER_WIN,CHECK|CHECK|BET_1X
1245,7783926178224201212,features,stake_scaled_net_profit,-3.0,3.0,DEALER_WIN,CHECK|CHECK|BET_1X
1246,7069098995419626227,features,stake_scaled_net_profit,0.0,3.0,PUSH,CHECK|CHECK|BET_1X
1247,2372265450924986217,features,stake_scaled_net_profit,-3.0,3.0,DEALER_WIN,CHECK|CHECK|BET_1X
1248,7085809462655679676,features,stake_scaled_net_profit,2.0,3.0,PLAYER_WIN,CHECK|CHECK|BET_1X
1249,7463432095667777201,features,stake_scaled_net_profit,-3.0,3.0,DEALER_WIN,CHECK|CHECK|BET_1X
1250,8744001807053495855,features,stake_scaled_net_profit,-3.0,3.0,DEALER_WIN,CHECK|CHECK|BET_1X
1251,2386716227254559637,features,stake_scaled_net_profit,-3.0,3.0,DEALER_WIN,CHECK|CHECK|BET_1X
1252,8877752226299224326,features,stake_scaled_net_profit,2.0,3.0,PLAYER_WIN,CHECK|CHECK|BET_1X
1253,322269569271919782,features,stake_scaled_net_profit,-3.0,3.0,DEALER_WIN,CHECK|CHECK|BET_1X
1254,8033107763064980849,features,stake_scaled_net_profit,1.0,3.0,PLAYER_WIN,CHECK|CHECK|BET_1X
1255,4164181791667910314,features,stake_scaled_net_profit,1.0,3.0,PLAYER_WIN,CHECK|CHECK|BET_1X
1256,8412995898832579709,features,stake_scaled_net_profit,3.0,3.0,PLAYER_WIN,CHECK|CHECK|BET_1X
1257,4012093103752195505,features,stake_scaled_net_profit,3.0,3.0,PLAYER_WIN,CHECK|CHECK|BET_1X
1258,5706831875124843813,features,stake_scaled_net_profit,2.0,3.0,PLAYER_WIN,CHECK|CHECK|BET_1X
1259,7799682895343920340,features,stake_scaled_net_profit,-3.0,3.0,DEALER_WIN,CHECK|CHECK|BET_1X
1260,5487141231862623281,features,stake_scaled_net_profit,-2.0,3.0,DEALER_WIN,CHECK|CHECK|BET_1X
1261,1200608231203502457,features,stake_scaled_net_profit,3.5,3.0,PLAYER_WIN,CHECK|CHECK|BET_1X
1262,5547734820279428501,features,stake_scaled_net_profit,-3.0,3.0,DEALER_WIN,CHECK|CHECK|BET_1X
1263,5007003666517487573,features,stake_scaled_net_profit,2.0,3.0,PLAYER_WIN,CHECK|CHECK|BET_1X
1264,2617294112713165719,features,stake_scaled_net_profit,-3.0,3.0,DEALER_WIN,CHECK|CHECK|BET_1X
1265,6127645422416111555,features,stake_scaled_net_profit,-3.0,3.0,DEALER_WIN,CHECK|CHECK|BET_1X
1266,1431839606688997870,features,stake_scaled_net_profit,0.0,3.0,PUSH,CHECK|CHECK|BET_1X
1267,4783030670272833982,features,stake_scaled_net_profit,2.0,3.0,PLAYER_WIN,CHECK|CHECK|BET_1X
1268,7859663660613786495,features,stake_scaled_net_profit,2.0,3.0,PLAYER_WIN,CHECK|CHECK|BET_1X
1269,1041842318151669327,features,stake_scaled_net_profit,-3.0,3.0,DEALER_WIN,CHECK|CHECK|BET_1X
1270,2807938010828474670,features,stake_scaled_net_profit,-3.0,3.0,DEALER_WIN,CHECK|CHECK|BET_1X
1271,2639159310204443175,features,stake_scaled_net_profit,-3.0,3.0,DEALER_WIN,CHECK|CHECK|BET_1X
1272,1091657476148484848,features,stake_scaled_net_profit,-3.0,3.0,DEALER_WIN,CHECK|CHECK|BET_1X
1273,2500482958959159555,features,stake_scaled_net_profit,-3.0,3.0,DEALER_WIN,CHECK|CHECK|BET_1X
1274,640857778365657897,features,stake_scaled_net_profit,-3.0,3.0,DEALER_WIN,CHECK|CHECK|BET_1X
1275,1415289226242712879,features,stake_scaled_net_profit,1.0,3.0,PLAYER_WIN,CHECK|CHECK|BET_1X
1276,621838624144925470,features,stake_scaled_net_profit,2.0,3.0,PLAYER_WIN,CHECK|CHECK|BET_1X
1277,563200965238475958,features,stake_scaled_net_profit,1.0,3.0,PLAYER_WIN,CHECK|CHECK|BET_1X
1278,2359981439400428916,features,stake_scaled_net_profit,0.0,3.0,PUSH,CHECK|CHECK|BET_1X
1279,8687129613864601333,features,stake_scaled_net_profit,-2.0,3.0,DEALER_WIN,CHECK|CHECK|BET_1X
1280,5654267061038162037,features,stake_scaled_net_profit,-3.0,3.0,DEALER_WIN,CHECK|CHECK|BET_1X
1281,7608515545172607046,features,stake_scaled_net_profit,-3.0,3.0,DEALER_WIN,CHECK|CHECK|BET_1X
1282,5483622470330475584,features,stake_scaled_net_profit,-3.0,3.0,DEALER_WIN,CHECK|CHECK|BET_1X
1283,7871289473318603083,features,stake_scaled_net_profit,-2.0,3.0,DEALER_WIN,CHECK|CHECK|BET_1X
1284,3448480799270461269,features,stake_scaled_net_profit,-3.0,3.0,DEALER_WIN,CHECK|CHECK|BET_1X
1285,7291277836198626816,features,stake_scaled_net_profit,2.0,3.0,PLAYER_WIN,CHECK|CHECK|BET_1X
1286,4447723471224222442,features,stake_scaled_net_profit,-3.0,3.0,DEALER_WIN,CHECK|CHECK|BET_1X
1287,1739206862123126843,features,stake_scaled_net_profit,3.5,3.0,PLAYER_WIN,CHECK|CHECK|BET_1X
1288,3062401210676432428,features,stake_scaled_net_profit,-3.0,3.0,DEALER_WIN,CHECK|CHECK|BET_1X
1289,5722106987181351194,features,stake_scaled_net_profit,2.0,3.0,PLAYER_WIN,CHECK|CHECK|BET_1X
1290,4302291847419754638,features,stake_scaled_net_profit,0.0,3.0,PUSH,CHECK|CHECK|BET_1X
1291,8560677405178744195,features,stake_scaled_net_profit,-3.0,3.0,DEALER_WIN,CHECK|CHECK|BET_1X
1292,617616614726906064,features,stake_scaled_net_profit,-3.0,3.0,DEALER_WIN,CHECK|CHECK|BET_1X
1293,9033256196396176952,features,stake_scaled_net_profit,-3.0,3.0,DEALER_WIN,CHECK|CHECK|BET_1X
1294,4209436049901453403,features,stake_scaled_net_profit,-3.0,3.0,DEALER_WIN,CHECK|CHECK|BET_1X
1295,2151735676729618689,features,stake_scaled_net_profit,3.0,3.0,PLAYER_WIN,CHECK|CHECK|BET_1X
1296,5212156105356581307,features,stake_scaled_net_profit,-3.0,3.0,DEALER_WIN,CHECK|CHECK|BET_1X
1297,6922358518899554287,features,stake_scaled_net_profit,-2.0,3.0,DEALER_WIN,CHECK|CHECK|BET_1X
1298,8745579999531707415,features,stake_scaled_net_profit,2.0,3.0,PLAYER_WIN,CHECK|CHECK|BET_1X
1299,3597070998506864895,features,stake_scaled_net_profit,-3.0,3.0,DEALER_WIN,CHECK|CHECK|BET_1X
1300,4384708403930269102,features,stake_scaled_net_profit,-3.0,3.0,DEALER_WIN,CHECK|CHECK|BET_1X
1301,8639057858820145644,features,stake_scaled_net_profit,2.0,3.0,PLAYER_WIN,CHECK|CHECK|BET_1X
1302,5423026297444360655,features,stake_scaled_net_profit,-3.0,3.0,DEALER_WIN,CHECK|CHECK|BET_1X
1303,6035859061974806878,features,stake_scaled_net_profit,3.0,3.0,PLAYER_WIN,CHECK|CHECK|BET_1X
1304,4140762081061262816,features,stake_scaled_net_profit,-3.0,3.0,DEALER_WIN,CHECK|CHECK|BET_1X
1305,2039169072664694698,features,stake_scaled_net_profit,2.0,3.0,PLAYER_WIN,CHECK|CHECK|BET_1X
1306,7261693007822852979,features,stake_scaled_net_profit,2.0,3.0,PLAYER_WIN,CHECK|CHECK|BET_1X
1307,2361100303713412770,features,stake_scaled_net_profit,-3.0,3.0,DEALER_WIN,CHECK|CHECK|BET_1X
1308,4417216828810072443,features,stake_scaled_net_profit,2.0,3.0,PLAYER_WIN,CHECK|CHECK|BET_1X
1309,6910938802935714139,features,stake_scaled_net_profit,1.0,3.0,PLAYER_WIN,CHECK|CHECK|BET_1X
1310,5327104533333288434,features,stake_scaled_net_profit,-3.0,3.0,DEALER_WIN,CHECK|CHECK|BET_1X
1311,9074673193288097870,features,stake_scaled_net_profit,-3.0,3.0,DEALER_WIN,CHECK|CHECK|BET_1X
1312,8661245229263981737,features,stake_scaled_net_profit,-3.0,3.0,DEALER_WIN,CHECK|CHECK|BET_1X
1313,2371209142237566163,features,stake_scaled_net_profit,2.0,3.0,PLAYER_WIN,CHECK|CHECK|BET_1X
1314,8426050124395478013,features,stake_scaled_net_profit,1.0,3.0,PLAYER_WIN,CHECK|CHECK|BET_1X
1315,6531547158114890916,features,stake_scaled_net_profit,-3.0,3.0,DEALER_WIN,CHECK|CHECK|BET_1X
1316,4719327623297257569,features,stake_scaled_net_profit,-3.0,3.0,DEALER_WIN,CHECK|CHECK|BET_1X
1317,6202511469712217742,features,stake_scaled_net_profit,2.0,3.0,PLAYER_WIN,CHECK|CHECK|BET_1X
1318,3718866476893235667,features,stake_scaled_net_profit,0.0,3.0,PUSH,CHECK|CHECK|BET_1X
1319,933973746023529726,features,stake_scaled_net_profit,2.0,3.0,PLAYER_WIN,CHECK|CHECK|BET_1X
1320,1829330533167928196,features,stake_scaled_net_profit,2.0,3.0,PLAYER_WIN,CHECK|CHECK|BET_1X
1321,7127681761821759605,features,stake_scaled_net_profit,-3.0,3.0,DEALER_WIN,CHECK|CHECK|BET_1X
1322,7165588210701594658,features,stake_scaled_net_profit,-3.0,3.0,DEALER_WIN,CHECK|CHECK|BET_1X
1323,5093479324997716792,features,stake_scaled_net_profit,-3.0,3.0,DEALER_WIN,CHECK|CHECK|BET_1X
1324,5697763341748783926,features,stake_scaled_net_profit,-3.0,3.0,DEALER_WIN,CHECK|CHECK|BET_1X
1325,9196175419848776843,features,stake_scaled_net_profit,-3.0,3.0,DEALER_WIN,CHECK|CHECK|BET_1X
1326,3412273809541398043,features,stake_scaled_net_profit,1.0,3.0,PLAYER_WIN,CHECK|CHECK|BET_1X
1327,3372313035402629886,features,stake_scaled_net_profit,-3.0,3.0,DEALER_WIN,CHECK|CHECK|BET_1X
1328,4908617180526232430,features,stake_scaled_net_profit,1.0,3.0,PLAYER_WIN,CHECK|CHECK|BET_1X
1329,8191431634909406045,features,stake_scaled_net_profit,-3.0,3.0,DEALER_WIN,CHECK|CHECK|BET_1X
1330,6143667873170257595,features,stake_scaled_net_profit,3.0,3.0,PLAYER_WIN,CHECK|CHECK|BET_1X
1331,5945825047048673740,features,stake_scaled_net_profit,2.0,3.0,PLAYER_WIN,CHECK|CHECK|BET_1X
1332,4935998475300175992,features,stake_scaled_net_profit,3.5,3.0,PLAYER_WIN,CHECK|CHECK|BET_1X
1333,1894466286647268915,features,stake_scaled_net_profit,2.0,3.0,PLAYER_WIN,CHECK|CHECK|BET_1X
1334,7517589447612466095,features,stake_scaled_net_profit,-3.0,3.0,DEALER_WIN,CHECK|CHECK|BET_1X
1335,7718559627162238441,features,stake_scaled_net_profit,-3.0,3.0,DEALER_WIN,CHECK|CHECK|BET_1X
1336,3046220738195633989,features,stake_scaled_net_profit,-3.0,3.0,DEALER_WIN,CHECK|CHECK|BET_1X
1337,2851437806605892026,features,stake_scaled_net_profit,-3.0,3.0,DEALER_WIN,CHECK|CHECK|BET_1X
1338,5105740036110257985,features,stake_scaled_net_profit,2.0,3.0,PLAYER_WIN,CHECK|CHECK|BET_1X
1339,972753767659694481,features,stake_scaled_net_profit,-3.0,3.0,DEALER_WIN,CHECK|CHECK|BET_1X
1340,3818985952824772781,features,stake_scaled_net_profit,2.0,3.0,PLAYER_WIN,CHECK|CHECK|BET_1X
1341,6984248494470594510,features,stake_scaled_net_profit,-3.0,3.0,DEALER_WIN,CHECK|CHECK|BET_1X
1342,1706834233308464919,features,stake_scaled_net_profit,-3.0,3.0,DEALER_WIN,CHECK|CHECK|BET_1X
1343,3738610918600394290,features,stake_scaled_net_profit,3.0,3.0,PLAYER_WIN,CHECK|CHECK|BET_1X
1344,8693581685970958596,features,stake_scaled_net_profit,-3.0,3.0,DEALER_WIN,CHECK|CHECK|BET_1X
1345,6898479698877100365,features,stake_scaled_net_profit,-3.0,3.0,DEALER_WIN,CHECK|CHECK|BET_1X
1346,6467017529299915674,features,stake_scaled_net_profit,-3.0,3.0,DEALER_WIN,CHECK|CHECK|BET_1X
1347,9098379982712861676,features,stake_scaled_net_profit,-3.0,3.0,DEALER_WIN,CHECK|CHECK|BET_1X
1348,2899543734473463456,features,stake_scaled_net_profit,-3.0,3.0,DEALER_WIN,CHECK|CHECK|BET_1X
1349,7707419387808675928,features,stake_scaled_net_profit,-3.0,3.0,DEALER_WIN,CHECK|CHECK|BET_1X
1350,7649804663698897479,features,stake_scaled_net_profit,-3.0,3.0,DEALER_WIN,CHECK|CHECK|BET_1X
1351,8925557195151259406,features,stake_scaled_net_profit,12.0,3.0,PLAYER_WIN,CHECK|CHECK|BET_1X
1352,6734187378102762012,features,stake_scaled_net_profit,1.0,3.0,PLAYER_WIN,CHECK|CHECK|BET_1X
1353,5175046303819216187,features,stake_scaled_net_profit,-2.0,3.0,DEALER_WIN,CHECK|CHECK|BET_1X
1354,147091365715262956,features,stake_scaled_net_profit,3.5,3.0,PLAYER_WIN,CHECK|CHECK|BET_1X
1355,6691159194168538952,features,stake_scaled_net_profit,2.0,3.0,PLAYER_WIN,CHECK|CHECK|BET_1X
1356,2050926938726983849,features,stake_scaled_net_profit,-3.0,3.0,DEALER_WIN,CHECK|CHECK|BET_1X
1357,4967635575186951080,features,stake_scaled_net_profit,-3.0,3.0,DEALER_WIN,CHECK|CHECK|BET_1X
1358,3066966942440628611,features,stake_scaled_net_profit,1.0,3.0,PLAYER_WIN,CHECK|CHECK|BET_1X
1359,1287949472356671444,features,stake_scaled_net_profit,-3.0,3.0,DEALER_WIN,CHECK|CHECK|BET_1X
1360,3184005751675782129,features,stake_scaled_net_profit,0.0,3.0,PUSH,CHECK|CHECK|BET_1X
1361,873212744385808736,features,stake_scaled_net_profit,5.0,3.0,PLAYER_WIN,CHECK|CHECK|BET_1X
1362,7073541531208686988,features,stake_scaled_net_profit,-3.0,3.0,DEALER_WIN,CHECK|CHECK|BET_1X
1363,2100888445096372866,features,stake_scaled_net_profit,-3.0,3.0,DEALER_WIN,CHECK|CHECK|BET_1X
1364,6324335274389368275,features,stake_scaled_net_profit,2.0,3.0,PLAYER_WIN,CHECK|CHECK|BET_1X
1365,1124115596723799020,features,stake_scaled_net_profit,2.0,3.0,PLAYER_WIN,CHECK|CHECK|BET_1X
1366,4018782336612168715,features,stake_scaled_net_profit,2.0,3.0,PLAYER_WIN,CHECK|CHECK|BET_1X
1367,3256661997488352551,features,stake_scaled_net_profit,2.0,3.0,PLAYER_WIN,CHECK|CHECK|BET_1X
1368,5760690551031542593,features,stake_scaled_net_profit,-2.0,3.0,DEALER_WIN,CHECK|CHECK|BET_1X
1369,9149421735694500915,features,stake_scaled_net_profit,2.0,3.0,PLAYER_WIN,CHECK|CHECK|BET_1X
1370,3370419085872373448,features,stake_scaled_net_profit,-3.0,3.0,DEALER_WIN,CHECK|CHECK|BET_1X
1371,7606557875223620020,features,stake_scaled_net_profit,2.0,3.0,PLAYER_WIN,CHECK|CHECK|BET_1X
1372,5608549038169476809,features,stake_scaled_net_profit,1.0,3.0,PLAYER_WIN,CHECK|CHECK|BET_1X
1373,5288448926716375676,features,stake_scaled_net_profit,1.0,3.0,PLAYER_WIN,CHECK|CHECK|BET_1X
1374,5509828904883306380,features,stake_scaled_net_profit,-3.0,3.0,DEALER_WIN,CHECK|CHECK|BET_1X
1375,143279103677173635,features,stake_scaled_net_profit,2.0,3.0,PLAYER_WIN,CHECK|CHECK|BET_1X
1376,3794372287911141599,features,stake_scaled_net_profit,-3.0,3.0,DEALER_WIN,CHECK|CHECK|BET_1X
1377,5691759518580562763,features,stake_scaled_net_profit,-3.0,3.0,DEALER_WIN,CHECK|CHECK|BET_1X
1378,5366342177281116041,features,stake_scaled_net_profit,-3.0,3.0,DEALER_WIN,CHECK|CHECK|BET_1X
1379,4486346172882605694,features,stake_scaled_net_profit,-3.0,3.0,DEALER_WIN,CHECK|CHECK|BET_1X
1380,7465999684905714817,features,stake_scaled_net_profit,2.0,3.0,PLAYER_WIN,CHECK|CHECK|BET_1X
1381,3131543343730496541,features,stake_scaled_net_profit,-3.0,3.0,DEALER_WIN,CHECK|CHECK|BET_1X
1382,439495856479884802,features,stake_scaled_net_profit,2.0,3.0,PLAYER_WIN,CHECK|CHECK|BET_1X
1383,6476586417654793528,features,stake_scaled_net_profit,-3.0,3.0,DEALER_WIN,CHECK|CHECK|BET_1X
1384,5576205330831016449,features,stake_scaled_net_profit,-3.0,3.0,DEALER_WIN,CHECK|CHECK|BET_1X
1385,2694052393289655288,features,stake_scaled_net_profit,-3.0,3.0,DEALER_WIN,CHECK|CHECK|BET_1X
1386,101536616190254274,features,stake_scaled_net_profit,2.0,3.0,PLAYER_WIN,CHECK|CHECK|BET_1X
1387,1151933629421364550,features,stake_scaled_net_profit,2.0,3.0,PLAYER_WIN,CHECK|CHECK|BET_1X
1388,3022294716807514476,features,stake_scaled_net_profit,-3.0,3.0,DEALER_WIN,CHECK|CHECK|BET_1X
1389,31611237461456647,features,stake_scaled_net_profit,1.0,3.0,PLAYER_WIN,CHECK|CHECK|BET_1X
1390,8838287183588697087,features,stake_scaled_net_profit,1.0,3.0,PLAYER_WIN,CHECK|CHECK|BET_1X
1391,1415939015069862703,features,stake_scaled_net_profit,-3.0,3.0,DEALER_WIN,CHECK|CHECK|BET_1X
1392,6226387113619986834,features,stake_scaled_net_profit,-3.0,3.0,DEALER_WIN,CHECK|CHECK|BET_1X
1393,7351695464058841775,features,stake_scaled_net_profit,-3.0,3.0,DEALER_WIN,CHECK|CHECK|BET_1X
1394,4597172830246536566,features,stake_scaled_net_profit,-3.0,3.0,DEALER_WIN,CHECK|CHECK|BET_1X
1395,9201196837241931896,features,stake_scaled_net_profit,-3.0,3.0,DEALER_WIN,CHECK|CHECK|BET_1X
1396,3299920387742176295,features,stake_scaled_net_profit,-3.0,3.0,DEALER_WIN,CHECK|CHECK|BET_1X
1397,9060578767944649805,features,stake_scaled_net_profit,-3.0,3.0,DEALER_WIN,CHECK|CHECK|BET_1X
1398,7131322578067629968,features,stake_scaled_net_profit,1.0,3.0,PLAYER_WIN,CHECK|CHECK|BET_1X
1399,7717802304377847088,features,stake_scaled_net_profit,-3.0,3.0,DEALER_WIN,CHECK|CHECK|BET_1X
1400,5409786661685916121,features,stake_scaled_net_profit,0.0,3.0,PUSH,CHECK|CHECK|BET_1X
1401,5890335611682318501,features,stake_scaled_net_profit,-3.0,3.0,DEALER_WIN,CHECK|CHECK|BET_1X
1402,5654876338733341092,features,stake_scaled_net_profit,-3.0,3.0,DEALER_WIN,CHECK|CHECK|BET_1X
1403,8403304506001235112,features,stake_scaled_net_profit,-3.0,3.0,DEALER_WIN,CHECK|CHECK|BET_1X
1404,4265414195365498051,features,stake_scaled_net_profit,2.0,3.0,PLAYER_WIN,CHECK|CHECK|BET_1X
1405,8142698358966480385,features,stake_scaled_net_profit,-3.0,3.0,DEALER_WIN,CHECK|CHECK|BET_1X
1406,7723198225422701589,features,stake_scaled_net_profit,-3.0,3.0,DEALER_WIN,CHECK|CHECK|BET_1X
1407,7966622045962767308,features,stake_scaled_net_profit,-3.0,3.0,DEALER_WIN,CHECK|CHECK|BET_1X
1408,2916964207296855590,features,stake_scaled_net_profit,2.0,3.0,PLAYER_WIN,CHECK|CHECK|BET_1X
1409,4268660796429824950,features,stake_scaled_net_profit,1.0,3.0,PLAYER_WIN,CHECK|CHECK|BET_1X
1410,7178735634601175653,features,stake_scaled_net_profit,2.0,3.0,PLAYER_WIN,CHECK|CHECK|BET_1X
1411,5896145547259953579,features,stake_scaled_net_profit,2.0,3.0,PLAYER_WIN,CHECK|CHECK|BET_1X
1412,3522298123158160973,features,stake_scaled_net_profit,1.0,3.0,PLAYER_WIN,CHECK|CHECK|BET_1X
1413,5485542604874358604,features,stake_scaled_net_profit,1.0,3.0,PLAYER_WIN,CHECK|CHECK|BET_1X
1414,7484089243420771897,features,stake_scaled_net_profit,-3.0,3.0,DEALER_WIN,CHECK|CHECK|BET_1X
1415,3302638184796077007,features,stake_scaled_net_profit,-3.0,3.0,DEALER_WIN,CHECK|CHECK|BET_1X
1416,8781073197511765731,features,stake_scaled_net_profit,1.0,3.0,PLAYER_WIN,CHECK|CHECK|BET_1X
1417,1619158679380131579,features,stake_scaled_net_profit,-3.0,3.0,DEALER_WIN,CHECK|CHECK|BET_1X
1418,551522053752283631,features,stake_scaled_net_profit,3.0,3.0,PLAYER_WIN,CHECK|CHECK|BET_1X
1419,7456515853306383515,features,stake_scaled_net_profit,2.0,3.0,PLAYER_WIN,CHECK|CHECK|BET_1X
1420,5937448518837851628,features,stake_scaled_net_profit,2.0,3.0,PLAYER_WIN,CHECK|CHECK|BET_1X
1421,6559512130621921797,features,stake_scaled_net_profit,-3.0,3.0,DEALER_WIN,CHECK|CHECK|BET_1X
1422,1273232838605333899,features,stake_scaled_net_profit,-3.0,3.0,DEALER_WIN,CHECK|CHECK|BET_1X
1423,6448139503695210024,features,stake_scaled_net_profit,2.0,3.0,PLAYER_WIN,CHECK|CHECK|BET_1X
1424,4173987724441870253,features,stake_scaled_net_profit,-3.0,3.0,DEALER_WIN,CHECK|CHECK|BET_1X
1425,2813857178189012385,features,stake_scaled_net_profit,2.0,3.0,PLAYER_WIN,CHECK|CHECK|BET_1X
1426,4868029907348731359,features,stake_scaled_net_profit,-3.0,3.0,DEALER_WIN,CHECK|CHECK|BET_1X
1427,3558666007166698340,features,stake_scaled_net_profit,2.0,3.0,PLAYER_WIN,CHECK|CHECK|BET_1X
1428,6768479108251100407,features,stake_scaled_net_profit,0.0,3.0,PUSH,CHECK|CHECK|BET_1X
1429,3330350905021995663,features,stake_scaled_net_profit,5.0,3.0,PLAYER_WIN,CHECK|CHECK|BET_1X
1430,3197766818826974933,features,stake_scaled_net_profit,-3.0,3.0,DEALER_WIN,CHECK|CHECK|BET_1X
1431,5858867470136378168,features,stake_scaled_net_profit,2.0,3.0,PLAYER_WIN,CHECK|CHECK|BET_1X
1432,699216507031950642,features,stake_scaled_net_profit,-2.0,3.0,DEALER_WIN,CHECK|CHECK|BET_1X
1433,5928238444213262809,features,stake_scaled_net_profit,-3.0,3.0,DEALER_WIN,CHECK|CHECK|BET_1X
1434,1475149981248865584,features,stake_scaled_net_profit,-3.0,3.0,DEALER_WIN,CHECK|CHECK|BET_1X
1435,169973454147600091,features,stake_scaled_net_profit,-3.0,3.0,DEALER_WIN,CHECK|CHECK|BET_1X
1436,418902612952652254,features,stake_scaled_net_profit,1.0,3.0,PLAYER_WIN,CHECK|CHECK|BET_1X
1437,9039252565900231118,features,stake_scaled_net_profit,-3.0,3.0,DEALER_WIN,CHECK|CHECK|BET_1X
1438,1871675442833820573,features,stake_scaled_net_profit,-3.0,3.0,DEALER_WIN,CHECK|CHECK|BET_1X
1439,4776873675951770246,features,stake_scaled_net_profit,2.0,3.0,PLAYER_WIN,CHECK|CHECK|BET_1X
1440,1819530981497078222,features,stake_scaled_net_profit,1.0,3.0,PLAYER_WIN,CHECK|CHECK|BET_1X
1441,1835109343740906356,features,stake_scaled_net_profit,-3.0,3.0,DEALER_WIN,CHECK|CHECK|BET_1X
1442,7133746391913214796,features,stake_scaled_net_profit,2.0,3.0,PLAYER_WIN,CHECK|CHECK|BET_1X
1443,4982450519690919940,features,stake_scaled_net_profit,-3.0,3.0,DEALER_WIN,CHECK|CHECK|BET_1X
1444,2488986202173658666,features,stake_scaled_net_profit,1.0,3.0,PLAYER_WIN,CHECK|CHECK|BET_1X
1445,5788174618084765656,features,stake_scaled_net_profit,5.0,3.0,PLAYER_WIN,CHECK|CHECK|BET_1X
1446,5800617968527134068,features,stake_scaled_net_profit,1.0,3.0,PLAYER_WIN,CHECK|CHECK|BET_1X
1447,7721195635161957124,features,stake_scaled_net_profit,-3.0,3.0,DEALER_WIN,CHECK|CHECK|BET_1X
1448,3592440755616966525,features,stake_scaled_net_profit,-3.0,3.0,DEALER_WIN,CHECK|CHECK|BET_1X
1449,2365546622226802361,features,stake_scaled_net_profit,-3.0,3.0,DEALER_WIN,CHECK|CHECK|BET_1X
1450,6774604120511477155,features,stake_scaled_net_profit,2.0,3.0,PLAYER_WIN,CHECK|CHECK|BET_1X
1451,2922366730585668790,features,stake_scaled_net_profit,2.0,3.0,PLAYER_WIN,CHECK|CHECK|BET_1X
1452,2396466598083144208,features,stake_scaled_net_profit,0.0,3.0,PUSH,CHECK|CHECK|BET_1X
1453,8393387890001164703,features,stake_scaled_net_profit,3.0,3.0,PLAYER_WIN,CHECK|CHECK|BET_1X
1454,3443355909739465496,features,stake_scaled_net_profit,-3.0,3.0,DEALER_WIN,CHECK|CHECK|BET_1X
1455,7561716517118275253,features,stake_scaled_net_profit,2.0,3.0,PLAYER_WIN,CHECK|CHECK|BET_1X
1456,876754955072802546,features,stake_scaled_net_profit,-3.0,3.0,DEALER_WIN,CHECK|CHECK|BET_1X
1457,3424766123155747260,features,stake_scaled_net_profit,-3.0,3.0,DEALER_WIN,CHECK|CHECK|BET_1X
1458,8733389037366209553,features,stake_scaled_net_profit,2.0,3.0,PLAYER_WIN,CHECK|CHECK|BET_1X
1459,6453553815253117406,features,stake_scaled_net_profit,1.0,3.0,PLAYER_WIN,CHECK|CHECK|BET_1X
1460,3884330589064543446,features,stake_scaled_net_profit,-3.0,3.0,DEALER_WIN,CHECK|CHECK|BET_1X
1461,8171743067686064912,features,stake_scaled_net_profit,2.0,3.0,PLAYER_WIN,CHECK|CHECK|BET_1X
1462,5761890851045367837,features,stake_scaled_net_profit,1.0,3.0,PLAYER_WIN,CHECK|CHECK|BET_1X
1463,564635081583819976,features,stake_scaled_net_profit,1.0,3.0,PLAYER_WIN,CHECK|CHECK|BET_1X
1464,260466161095494257,features,stake_scaled_net_profit,-3.0,3.0,DEALER_WIN,CHECK|CHECK|BET_1X
1465,7848398658229901033,features,stake_scaled_net_profit,-3.0,3.0,DEALER_WIN,CHECK|CHECK|BET_1X
1466,4641500459469168729,features,stake_scaled_net_profit,-3.0,3.0,DEALER_WIN,CHECK|CHECK|BET_1X
1467,6200760992432924399,features,stake_scaled_net_profit,2.0,3.0,PLAYER_WIN,CHECK|CHECK|BET_1X
1468,6194261259568973548,features,stake_scaled_net_profit,2.0,3.0,PLAYER_WIN,CHECK|CHECK|BET_1X
1469,8469389738362291926,features,stake_scaled_net_profit,-3.0,3.0,DEALER_WIN,CHECK|CHECK|BET_1X
1470,3719868207292654331,features,stake_scaled_net_profit,2.0,3.0,PLAYER_WIN,CHECK|CHECK|BET_1X
1471,7349472207006283012,features,stake_scaled_net_profit,-3.0,3.0,DEALER_WIN,CHECK|CHECK|BET_1X
1472,424873595786848100,features,stake_scaled_net_profit,-3.0,3.0,DEALER_WIN,CHECK|CHECK|BET_1X
1473,8578120617849113854,features,stake_scaled_net_profit,2.0,3.0,PLAYER_WIN,CHECK|CHECK|BET_1X
1474,4833801962936471970,features,stake_scaled_net_profit,1.0,3.0,PLAYER_WIN,CHECK|CHECK|BET_1X
1475,3438309928117593341,features,stake_scaled_net_profit,-3.0,3.0,DEALER_WIN,CHECK|CHECK|BET_1X
1476,6819331020464731208,features,stake_scaled_net_profit,-3.0,3.0,DEALER_WIN,CHECK|CHECK|BET_1X
1477,7625113511287351913,features,stake_scaled_net_profit,-3.0,3.0,DEALER_WIN,CHECK|CHECK|BET_1X
1478,2381212050311927077,features,stake_scaled_net_profit,2.0,3.0,PLAYER_WIN,CHECK|CHECK|BET_1X
1479,5046833515792174370,features,stake_scaled_net_profit,-3.0,3.0,DEALER_WIN,CHECK|CHECK|BET_1X
1480,2671604049758484187,features,stake_scaled_net_profit,-3.0,3.0,DEALER_WIN,CHECK|CHECK|BET_1X
1481,8183715585270656349,features,stake_scaled_net_profit,-3.0,3.0,DEALER_WIN,CHECK|CHECK|BET_1X
1482,5412214817194035191,features,stake_scaled_net_profit,-3.0,3.0,DEALER_WIN,CHECK|CHECK|BET_1X
1483,1262944060904524333,features,stake_scaled_net_profit,3.5,3.0,PLAYER_WIN,CHECK|CHECK|BET_1X
1484,457224622361503052,features,stake_scaled_net_profit,-3.0,3.0,DEALER_WIN,CHECK|CHECK|BET_1X
1485,4952540412123803404,features,stake_scaled_net_profit,1.0,3.0,PLAYER_WIN,CHECK|CHECK|BET_1X
1486,825436514699075462,features,stake_scaled_net_profit,2.0,3.0,PLAYER_WIN,CHECK|CHECK|BET_1X
1487,831308192827051495,features,stake_scaled_net_profit,-3.0,3.0,DEALER_WIN,CHECK|CHECK|BET_1X
1488,7593489495622851940,features,stake_scaled_net_profit,2.0,3.0,PLAYER_WIN,CHECK|CHECK|BET_1X
1489,5732243077598426429,features,stake_scaled_net_profit,2.0,3.0,PLAYER_WIN,CHECK|CHECK|BET_1X
1490,5708273517641788869,features,stake_scaled_net_profit,2.0,3.0,PLAYER_WIN,CHECK|CHECK|BET_1X
1491,1579560838912517655,features,stake_scaled_net_profit,-3.0,3.0,DEALER_WIN,CHECK|CHECK|BET_1X
1492,5044808264212287479,features,stake_scaled_net_profit,-3.0,3.0,DEALER_WIN,CHECK|CHECK|BET_1X
1493,1005514173953636587,features,stake_scaled_net_profit,-3.0,3.0,DEALER_WIN,CHECK|CHECK|BET_1X
1494,816438790312902701,features,stake_scaled_net_profit,-3.0,3.0,DEALER_WIN,CHECK|CHECK|BET_1X
1495,2406811608160478523,features,stake_scaled_net_profit,-3.0,3.0,DEALER_WIN,CHECK|CHECK|BET_1X
1496,8047582112756186471,features,stake_scaled_net_profit,-3.0,3.0,DEALER_WIN,CHECK|CHECK|BET_1X
1497,1721154304414877100,features,stake_scaled_net_profit,-3.0,3.0,DEALER_WIN,CHECK|CHECK|BET_1X
1498,1830985799809498775,features,stake_scaled_net_profit,2.0,3.0,PLAYER_WIN,CHECK|CHECK|BET_1X
1499,56088238221497325,features,stake_scaled_net_profit,2.0,3.0,PLAYER_WIN,CHECK|CHECK|BET_1X
1500,2622356040036265215,features,stake_scaled_net_profit,2.0,3.0,PLAYER_WIN,CHECK|CHECK|BET_1X
1501,7545092499412162989,features,stake_scaled_net_profit,2.0,3.0,PLAYER_WIN,CHECK|CHECK|BET_1X
1502,7482362222628142724,features,stake_scaled_net_profit,2.0,3.0,PLAYER_WIN,CHECK|CHECK|BET_1X
1503,6404117473370075514,features,stake_scaled_net_profit,-3.0,3.0,DEALER_WIN,CHECK|CHECK|BET_1X
1504,7517001996571946313,features,stake_scaled_net_profit,2.0,3.0,PLAYER_WIN,CHECK|CHECK|BET_1X
1505,8336013511917664794,features,stake_scaled_net_profit,-3.0,3.0,DEALER_WIN,CHECK|CHECK|BET_1X
1506,3810960079573190973,features,stake_scaled_net_profit,2.0,3.0,PLAYER_WIN,CHECK|CHECK|BET_1X
1507,6597906007613689311,features,stake_scaled_net_profit,3.0,3.0,PLAYER_WIN,CHECK|CHECK|BET_1X
1508,1692622722791316369,features,stake_scaled_net_profit,2.0,3.0,PLAYER_WIN,CHECK|CHECK|BET_1X
1509,7961424869871106660,features,stake_scaled_net_profit,1.0,3.0,PLAYER_WIN,CHECK|CHECK|BET_1X
1510,4676808141435491466,features,stake_scaled_net_profit,2.0,3.0,PLAYER_WIN,CHECK|CHECK|BET_1X
1511,4129123305836494312,features,stake_scaled_net_profit,-3.0,3.0,DEALER_WIN,CHECK|CHECK|BET_1X
1512,7270936826081411644,features,stake_scaled_net_profit,-3.0,3.0,DEALER_WIN,CHECK|CHECK|BET_1X
1513,5103300024024310754,features,stake_scaled_net_profit,2.0,3.0,PLAYER_WIN,CHECK|CHECK|BET_1X
1514,17559126255995556,features,stake_scaled_net_profit,-3.0,3.0,DEALER_WIN,CHECK|CHECK|BET_1X
1515,1639205711089686269,features,stake_scaled_net_profit,-3.0,3.0,DEALER_WIN,CHECK|CHECK|BET_1X
1516,2800698661641540343,features,stake_scaled_net_profit,-3.0,3.0,DEALER_WIN,CHECK|CHECK|BET_1X
1517,6289570358999343073,features,stake_scaled_net_profit,-3.0,3.0,DEALER_WIN,CHECK|CHECK|BET_1X
1518,4891525273349908392,features,stake_scaled_net_profit,2.0,3.0,PLAYER_WIN,CHECK|CHECK|BET_1X
1519,3338303441290144510,features,stake_scaled_net_profit,1.0,3.0,PLAYER_WIN,CHECK|CHECK|BET_1X
1520,2495366085019695119,features,stake_scaled_net_profit,2.0,3.0,PLAYER_WIN,CHECK|CHECK|BET_1X
1521,9145223143956890515,features,stake_scaled_net_profit,-3.0,3.0,DEALER_WIN,CHECK|CHECK|BET_1X
1522,7957693143520949711,features,stake_scaled_net_profit,2.0,3.0,PLAYER_WIN,CHECK|CHECK|BET_1X
1523,3655838423870851133,features,stake_scaled_net_profit,2.0,3.0,PLAYER_WIN,CHECK|CHECK|BET_1X
1524,9190276953180016300,features,stake_scaled_net_profit,1.0,3.0,PLAYER_WIN,CHECK|CHECK|BET_1X
1525,339390872411178383,features,stake_scaled_net_profit,1.0,3.0,PLAYER_WIN,CHECK|CHECK|BET_1X
1526,5963531400629739867,features,stake_scaled_net_profit,1.0,3.0,PLAYER_WIN,CHECK|CHECK|BET_1X
1527,884398810105111139,features,stake_scaled_net_profit,2.0,3.0,PLAYER_WIN,CHECK|CHECK|BET_1X
1528,1719493635660046287,features,stake_scaled_net_profit,-3.0,3.0,DEALER_WIN,CHECK|CHECK|BET_1X
1529,9160690472856631252,features,stake_scaled_net_profit,-3.0,3.0,DEALER_WIN,CHECK|CHECK|BET_1X
1530,5660897947113719167,features,stake_scaled_net_profit,-3.0,3.0,DEALER_WIN,CHECK|CHECK|BET_1X
1531,7230935076108275801,features,stake_scaled_net_profit,1.0,3.0,PLAYER_WIN,CHECK|CHECK|BET_1X
1532,238053671912262185,features,stake_scaled_net_profit,-3.0,3.0,DEALER_WIN,CHECK|CHECK|BET_1X
1533,7579720061232290296,features,stake_scaled_net_profit,-3.0,3.0,DEALER_WIN,CHECK|CHECK|BET_1X
1534,1760029153393106936,features,stake_scaled_net_profit,2.0,3.0,PLAYER_WIN,CHECK|CHECK|BET_1X
1535,7173002023297395439,features,stake_scaled_net_profit,-3.0,3.0,DEALER_WIN,CHECK|CHECK|BET_1X
1536,5691352830855680888,features,stake_scaled_net_profit,3.5,3.0,PLAYER_WIN,CHECK|CHECK|BET_1X
1537,4508408073772492436,features,stake_scaled_net_profit,-3.0,3.0,DEALER_WIN,CHECK|CHECK|BET_1X
1538,2056826796612970329,features,stake_scaled_net_profit,-3.0,3.0,DEALER_WIN,CHECK|CHECK|BET_1X
1539,7155470893802494823,features,stake_scaled_net_profit,2.0,3.0,PLAYER_WIN,CHECK|CHECK|BET_1X
1540,8331427976208843630,features,stake_scaled_net_profit,2.0,3.0,PLAYER_WIN,CHECK|CHECK|BET_1X
1541,2270980649911722214,features,stake_scaled_net_profit,0.0,3.0,PUSH,CHECK|CHECK|BET_1X
1542,6400715697137180536,features,stake_scaled_net_profit,-3.0,3.0,DEALER_WIN,CHECK|CHECK|BET_1X
1543,4684962292112301031,features,stake_scaled_net_profit,2.0,3.0,PLAYER_WIN,CHECK|CHECK|BET_1X
1544,4798537037850643059,features,stake_scaled_net_profit,-3.0,3.0,DEALER_WIN,CHECK|CHECK|BET_1X
1545,3125162848762976800,features,stake_scaled_net_profit,-3.0,3.0,DEALER_WIN,CHECK|CHECK|BET_1X
1546,45890830658177291,features,stake_scaled_net_profit,-3.0,3.0,DEALER_WIN,CHECK|CHECK|BET_1X
1547,6289231266594512451,features,stake_scaled_net_profit,2.0,3.0,PLAYER_WIN,CHECK|CHECK|BET_1X
1548,665914765801645060,features,stake_scaled_net_profit,2.0,3.0,PLAYER_WIN,CHECK|CHECK|BET_1X
1549,3236621102429633615,features,stake_scaled_net_profit,-3.0,3.0,DEALER_WIN,CHECK|CHECK|BET_1X
1550,4097314923651362328,features,stake_scaled_net_profit,-3.0,3.0,DEALER_WIN,CHECK|CHECK|BET_1X
1551,8310522814916585562,features,stake_scaled_net_profit,-3.0,3.0,DEALER_WIN,CHECK|CHECK|BET_1X
1552,6984891316485384853,features,stake_scaled_net_profit,2.0,3.0,PLAYER_WIN,CHECK|CHECK|BET_1X
1553,5396264635245645061,features,stake_scaled_net_profit,-3.0,3.0,DEALER_WIN,CHECK|CHECK|BET_1X
1554,5341556228677524188,features,stake_scaled_net_profit,2.0,3.0,PLAYER_WIN,CHECK|CHECK|BET_1X
1555,6127342614878497113,features,stake_scaled_net_profit,1.0,3.0,PLAYER_WIN,CHECK|CHECK|BET_1X
1556,4114134835275691725,features,stake_scaled_net_profit,-3.0,3.0,DEALER_WIN,CHECK|CHECK|BET_1X
1557,159381828436554385,features,stake_scaled_net_profit,-3.0,3.0,DEALER_WIN,CHECK|CHECK|BET_1X
1558,9200974797828504672,features,stake_scaled_net_profit,2.0,3.0,PLAYER_WIN,CHECK|CHECK|BET_1X
1559,6414546809091471563,features,stake_scaled_net_profit,-3.0,3.0,DEALER_WIN,CHECK|CHECK|BET_1X
1560,7111100081624946933,features,stake_scaled_net_profit,-3.0,3.0,DEALER_WIN,CHECK|CHECK|BET_1X
1561,8008294676357578490,features,stake_scaled_net_profit,-3.0,3.0,DEALER_WIN,CHECK|CHECK|BET_1X
1562,1066379434075110324,features,stake_scaled_net_profit,-3.0,3.0,DEALER_WIN,CHECK|CHECK|BET_1X
1563,2105462678881888637,features,stake_scaled_net_profit,1.0,3.0,PLAYER_WIN,CHECK|CHECK|BET_1X
1564,3130649560562240034,features,stake_scaled_net_profit,-3.0,3.0,DEALER_WIN,CHECK|CHECK|BET_1X
1565,5131833880612071166,features,stake_scaled_net_profit,-3.0,3.0,DEALER_WIN,CHECK|CHECK|BET_1X
1566,5134627405320588626,features,stake_scaled_net_profit,2.0,3.0,PLAYER_WIN,CHECK|CHECK|BET_1X
1567,2046156408191496417,features,stake_scaled_net_profit,-2.0,3.0,DEALER_WIN,CHECK|CHECK|BET_1X
1568,4656738165991451388,features,stake_scaled_net_profit,1.0,3.0,PLAYER_WIN,CHECK|CHECK|BET_1X
1569,5079919991779327644,features,stake_scaled_net_profit,-3.0,3.0,DEALER_WIN,CHECK|CHECK|BET_1X
1570,3125867999499890767,features,stake_scaled_net_profit,-3.0,3.0,DEALER_WIN,CHECK|CHECK|BET_1X
1571,5722740422321992144,features,stake_scaled_net_profit,-3.0,3.0,DEALER_WIN,CHECK|CHECK|BET_1X
1572,7629811187508177418,features,stake_scaled_net_profit,-3.0,3.0,DEALER_WIN,CHECK|CHECK|BET_1X
1573,6290561643439436111,features,stake_scaled_net_profit,-3.0,3.0,DEALER_WIN,CHECK|CHECK|BET_1X
1574,3966136097587293549,features,stake_scaled_net_profit,2.0,3.0,PLAYER_WIN,CHECK|CHECK|BET_1X
1575,6321854508776565299,features,stake_scaled_net_profit,-3.0,3.0,DEALER_WIN,CHECK|CHECK|BET_1X
1576,5870737129509423974,features,stake_scaled_net_profit,-3.0,3.0,DEALER_WIN,CHECK|CHECK|BET_1X
1577,6277500868411651561,features,stake_scaled_net_profit,-3.0,3.0,DEALER_WIN,CHECK|CHECK|BET_1X
1578,5181095302608492108,features,stake_scaled_net_profit,-3.0,3.0,DEALER_WIN,CHECK|CHECK|BET_1X
1579,850691464675135181,features,stake_scaled_net_profit,2.0,3.0,PLAYER_WIN,CHECK|CHECK|BET_1X
1580,825500587077348620,features,stake_scaled_net_profit,2.0,3.0,PLAYER_WIN,CHECK|CHECK|BET_1X
1581,3613763963496423835,features,stake_scaled_net_profit,3.0,3.0,PLAYER_WIN,CHECK|CHECK|BET_1X
1582,8954605459746064157,features,stake_scaled_net_profit,-3.0,3.0,DEALER_WIN,CHECK|CHECK|BET_1X
1583,4884046220442419454,features,stake_scaled_net_profit,2.0,3.0,PLAYER_WIN,CHECK|CHECK|BET_1X
1584,7132003203495568575,features,stake_scaled_net_profit,1.0,3.0,PLAYER_WIN,CHECK|CHECK|BET_1X
1585,2117437423970090613,features,stake_scaled_net_profit,2.0,3.0,PLAYER_WIN,CHECK|CHECK|BET_1X
1586,4659858079280162644,features,stake_scaled_net_profit,-2.0,3.0,DEALER_WIN,CHECK|CHECK|BET_1X
1587,7164089397490172099,features,stake_scaled_net_profit,2.0,3.0,PLAYER_WIN,CHECK|CHECK|BET_1X
1588,7345451428539242804,features,stake_scaled_net_profit,1.0,3.0,PLAYER_WIN,CHECK|CHECK|BET_1X
1589,4271563384167149504,features,stake_scaled_net_profit,2.0,3.0,PLAYER_WIN,CHECK|CHECK|BET_1X
1590,1464256407270818613,features,stake_scaled_net_profit,-3.0,3.0,DEALER_WIN,CHECK|CHECK|BET_1X
1591,1043005145386624094,features,stake_scaled_net_profit,-3.0,3.0,DEALER_WIN,CHECK|CHECK|BET_1X
1592,3347082249759835255,features,stake_scaled_net_profit,2.0,3.0,PLAYER_WIN,CHECK|CHECK|BET_1X
1593,4536294331599055352,features,stake_scaled_net_profit,1.0,3.0,PLAYER_WIN,CHECK|CHECK|BET_1X
1594,1939903450338036562,features,stake_scaled_net_profit,2.0,3.0,PLAYER_WIN,CHECK|CHECK|BET_1X
1595,7995396897258635820,features,stake_scaled_net_profit,1.0,3.0,PLAYER_WIN,CHECK|CHECK|BET_1X
1596,6595604153583021632,features,stake_scaled_net_profit,-3.0,3.0,DEALER_WIN,CHECK|CHECK|BET_1X
1597,8550055218936699766,features,stake_scaled_net_profit,2.0,3.0,PLAYER_WIN,CHECK|CHECK|BET_1X
1598,6430147766024284818,features,stake_scaled_net_profit,2.0,3.0,PLAYER_WIN,CHECK|CHECK|BET_1X
1599,76605198978984826,features,stake_scaled_net_profit,1.0,3.0,PLAYER_WIN,CHECK|CHECK|BET_1X
1600,6889417707833407211,features,stake_scaled_net_profit,2.0,3.0,PLAYER_WIN,CHECK|CHECK|BET_1X
1601,9020754365034195218,features,stake_scaled_net_profit,-3.0,3.0,DEALER_WIN,CHECK|CHECK|BET_1X
1602,7771212825689204446,features,stake_scaled_net_profit,1.0,3.0,PLAYER_WIN,CHECK|CHECK|BET_1X
1603,869439289117528846,features,stake_scaled_net_profit,1.0,3.0,PLAYER_WIN,CHECK|CHECK|BET_1X
1604,1645933926339081400,features,stake_scaled_net_profit,-3.0,3.0,DEALER_WIN,CHECK|CHECK|BET_1X
1605,5377328169872371861,features,stake_scaled_net_profit,-3.0,3.0,DEALER_WIN,CHECK|CHECK|BET_1X
1606,943504496141288395,features,stake_scaled_net_profit,-3.0,3.0,DEALER_WIN,CHECK|CHECK|BET_1X
1607,2602837657315065742,features,stake_scaled_net_profit,-3.0,3.0,DEALER_WIN,CHECK|CHECK|BET_1X
1608,4496877783429775363,features,stake_scaled_net_profit,2.0,3.0,PLAYER_WIN,CHECK|CHECK|BET_1X
1609,6279967474064797436,features,stake_scaled_net_profit,-3.0,3.0,DEALER_WIN,CHECK|CHECK|BET_1X
1610,3557672089810139431,features,stake_scaled_net_profit,2.0,3.0,PLAYER_WIN,CHECK|CHECK|BET_1X
1611,6615083223048598316,features,stake_scaled_net_profit,-3.0,3.0,DEALER_WIN,CHECK|CHECK|BET_1X
1612,6116845063680851579,features,stake_scaled_net_profit,5.0,3.0,PLAYER_WIN,CHECK|CHECK|BET_1X
1613,8319780339277839065,features,stake_scaled_net_profit,0.0,3.0,PUSH,CHECK|CHECK|BET_1X
1614,8432631624344375204,features,stake_scaled_net_profit,-3.0,3.0,DEALER_WIN,CHECK|CHECK|BET_1X
1615,6223343881748895892,features,stake_scaled_net_profit,1.0,3.0,PLAYER_WIN,CHECK|CHECK|BET_1X
1616,2521223427273414475,features,stake_scaled_net_profit,-3.0,3.0,DEALER_WIN,CHECK|CHECK|BET_1X
1617,3573006506772960903,features,stake_scaled_net_profit,-3.0,3.0,DEALER_WIN,CHECK|CHECK|BET_1X
1618,6971658524141092107,features,stake_scaled_net_profit,-3.0,3.0,DEALER_WIN,CHECK|CHECK|BET_1X
1619,3107187642206538218,features,stake_scaled_net_profit,-3.0,3.0,DEALER_WIN,CHECK|CHECK|BET_1X
1620,8461013382673503658,features,stake_scaled_net_profit,-3.0,3.0,DEALER_WIN,CHECK|CHECK|BET_1X
1621,1121945687055848465,features,stake_scaled_net_profit,-3.0,3.0,DEALER_WIN,CHECK|CHECK|BET_1X
1622,1568138097563777115,features,stake_scaled_net_profit,-3.0,3.0,DEALER_WIN,CHECK|CHECK|BET_1X
1623,6688396781068500889,features,stake_scaled_net_profit,-3.0,3.0,DEALER_WIN,CHECK|CHECK|BET_1X
1624,3192494827897340516,features,stake_scaled_net_profit,-2.0,3.0,DEALER_WIN,CHECK|CHECK|BET_1X
1625,7566400174868077485,features,stake_scaled_net_profit,-3.0,3.0,DEALER_WIN,CHECK|CHECK|BET_1X
1626,991052469506479903,features,stake_scaled_net_profit,2.0,3.0,PLAYER_WIN,CHECK|CHECK|BET_1X
1627,3629856138679709658,features,stake_scaled_net_profit,0.0,3.0,PUSH,CHECK|CHECK|BET_1X
1628,4784630121160751487,features,stake_scaled_net_profit,1.0,3.0,PLAYER_WIN,CHECK|CHECK|BET_1X
1629,1977487415976879573,features,stake_scaled_net_profit,-2.0,3.0,DEALER_WIN,CHECK|CHECK|BET_1X
1630,8128920446855703853,features,stake_scaled_net_profit,-3.0,3.0,DEALER_WIN,CHECK|CHECK|BET_1X
1631,4609829305713559919,features,stake_scaled_net_profit,2.0,3.0,PLAYER_WIN,CHECK|CHECK|BET_1X
1632,7576440968127746320,features,stake_scaled_net_profit,2.0,3.0,PLAYER_WIN,CHECK|CHECK|BET_1X
1633,322423866266123897,features,stake_scaled_net_profit,-3.0,3.0,DEALER_WIN,CHECK|CHECK|BET_1X
1634,369313414757038504,features,stake_scaled_net_profit,3.0,3.0,PLAYER_WIN,CHECK|CHECK|BET_1X
1635,2834382413777094821,features,stake_scaled_net_profit,-2.0,3.0,DEALER_WIN,CHECK|CHECK|BET_1X
1636,6067727555660043485,features,stake_scaled_net_profit,2.0,3.0,PLAYER_WIN,CHECK|CHECK|BET_1X
1637,4547653392692230064,features,stake_scaled_net_profit,2.0,3.0,PLAYER_WIN,CHECK|CHECK|BET_1X
1638,241204426356571531,features,stake_scaled_net_profit,0.0,3.0,PUSH,CHECK|CHECK|BET_1X
1639,8927253463402110372,features,stake_scaled_net_profit,-3.0,3.0,DEALER_WIN,CHECK|CHECK|BET_1X
1640,7746837110916999506,features,stake_scaled_net_profit,2.0,3.0,PLAYER_WIN,CHECK|CHECK|BET_1X
1641,4523148247195149922,features,stake_scaled_net_profit,3.0,3.0,PLAYER_WIN,CHECK|CHECK|BET_1X
1642,253402496519031081,features,stake_scaled_net_profit,3.0,3.0,PLAYER_WIN,CHECK|CHECK|BET_1X
1643,7274194317945799331,features,stake_scaled_net_profit,2.0,3.0,PLAYER_WIN,CHECK|CHECK|BET_1X
1644,5762381940215648667,features,stake_scaled_net_profit,-3.0,3.0,DEALER_WIN,CHECK|CHECK|BET_1X
1645,1777090677009411783,features,stake_scaled_net_profit,1.0,3.0,PLAYER_WIN,CHECK|CHECK|BET_1X
1646,4652783805182845379,features,stake_scaled_net_profit,-2.0,3.0,DEALER_WIN,CHECK|CHECK|BET_1X
1647,6257176825355660721,features,stake_scaled_net_profit,0.0,3.0,PUSH,CHECK|CHECK|BET_1X
1648,727556582245305846,features,stake_scaled_net_profit,0.0,3.0,PUSH,CHECK|CHECK|BET_1X
1649,5870439496324904424,features,stake_scaled_net_profit,-3.0,3.0,DEALER_WIN,CHECK|CHECK|BET_1X
1650,524661648082571378,features,stake_scaled_net_profit,5.0,3.0,PLAYER_WIN,CHECK|CHECK|BET_1X
1651,1445818986628318310,features,stake_scaled_net_profit,1.0,3.0,PLAYER_WIN,CHECK|CHECK|BET_1X
1652,3418452502841016634,features,stake_scaled_net_profit,-3.0,3.0,DEALER_WIN,CHECK|CHECK|BET_1X
1653,7100741647921403493,features,stake_scaled_net_profit,5.0,3.0,PLAYER_WIN,CHECK|CHECK|BET_1X
1654,5096126858472422861,features,stake_scaled_net_profit,-3.0,3.0,DEALER_WIN,CHECK|CHECK|BET_1X
1655,8925331460570708847,features,stake_scaled_net_profit,2.0,3.0,PLAYER_WIN,CHECK|CHECK|BET_1X
1656,5998818770424753395,features,stake_scaled_net_profit,3.5,3.0,PLAYER_WIN,CHECK|CHECK|BET_1X
1657,5347731676811241542,features,stake_scaled_net_profit,2.0,3.0,PLAYER_WIN,CHECK|CHECK|BET_1X
1658,7550871708590263242,features,stake_scaled_net_profit,2.0,3.0,PLAYER_WIN,CHECK|CHECK|BET_1X
1659,4952265095657630921,features,stake_scaled_net_profit,-3.0,3.0,DEALER_WIN,CHECK|CHECK|BET_1X
1660,3686061030127865561,features,stake_scaled_net_profit,1.0,3.0,PLAYER_WIN,CHECK|CHECK|BET_1X
1661,1023831131985916097,features,stake_scaled_net_profit,5.0,3.0,PLAYER_WIN,CHECK|CHECK|BET_1X
1662,8043561430930307925,features,stake_scaled_net_profit,3.5,3.0,PLAYER_WIN,CHECK|CHECK|BET_1X
1663,7426922474868982270,features,stake_scaled_net_profit,2.0,3.0,PLAYER_WIN,CHECK|CHECK|BET_1X
1664,7912174154725992692,features,stake_scaled_net_profit,-3.0,3.0,DEALER_WIN,CHECK|CHECK|BET_1X
1665,1815772174988154587,features,stake_scaled_net_profit,-3.0,3.0,DEALER_WIN,CHECK|CHECK|BET_1X
1666,8764694432503231530,features,stake_scaled_net_profit,2.0,3.0,PLAYER_WIN,CHECK|CHECK|BET_1X
1667,5922705194077632509,features,stake_scaled_net_profit,-3.0,3.0,DEALER_WIN,CHECK|CHECK|BET_1X
1668,1620883200640329251,features,stake_scaled_net_profit,-3.0,3.0,DEALER_WIN,CHECK|CHECK|BET_1X
1669,852332354783152799,features,stake_scaled_net_profit,-3.0,3.0,DEALER_WIN,CHECK|CHECK|BET_1X
1670,1187928676033378106,features,stake_scaled_net_profit,2.0,3.0,PLAYER_WIN,CHECK|CHECK|BET_1X
1671,4976975556840445983,features,stake_scaled_net_profit,2.0,3.0,PLAYER_WIN,CHECK|CHECK|BET_1X
1672,5518984867943300423,features,stake_scaled_net_profit,-3.0,3.0,DEALER_WIN,CHECK|CHECK|BET_1X
1673,3643424003496123613,features,stake_scaled_net_profit,1.0,3.0,PLAYER_WIN,CHECK|CHECK|BET_1X
1674,1185636054630081826,features,stake_scaled_net_profit,0.0,3.0,PUSH,CHECK|CHECK|BET_1X
1675,4421604784898578387,features,stake_scaled_net_profit,-3.0,3.0,DEALER_WIN,CHECK|CHECK|BET_1X
1676,2793852399072453875,features,stake_scaled_net_profit,-3.0,3.0,DEALER_WIN,CHECK|CHECK|BET_1X
1677,4517876068322056503,features,stake_scaled_net_profit,2.0,3.0,PLAYER_WIN,CHECK|CHECK|BET_1X
1678,2034822891736691813,features,stake_scaled_net_profit,1.0,3.0,PLAYER_WIN,CHECK|CHECK|BET_1X
1679,6574609249319015770,features,stake_scaled_net_profit,-3.0,3.0,DEALER_WIN,CHECK|CHECK|BET_1X
1680,436404940569345404,features,stake_scaled_net_profit,1.0,3.0,PLAYER_WIN,CHECK|CHECK|BET_1X
1681,1437001175354283707,features,stake_scaled_net_profit,5.0,3.0,PLAYER_WIN,CHECK|CHECK|BET_1X
1682,3183217844023355489,features,stake_scaled_net_profit,-3.0,3.0,DEALER_WIN,CHECK|CHECK|BET_1X
1683,6555761398884000836,features,stake_scaled_net_profit,2.0,3.0,PLAYER_WIN,CHECK|CHECK|BET_1X
1684,8970852128352269533,features,stake_scaled_net_profit,2.0,3.0,PLAYER_WIN,CHECK|CHECK|BET_1X
1685,5214557494089097166,features,stake_scaled_net_profit,-3.0,3.0,DEALER_WIN,CHECK|CHECK|BET_1X
1686,7432999957918986357,features,stake_scaled_net_profit,-3.0,3.0,DEALER_WIN,CHECK|CHECK|BET_1X
1687,4905243375814619884,features,stake_scaled_net_profit,2.0,3.0,PLAYER_WIN,CHECK|CHECK|BET_1X
1688,299215130061655222,features,stake_scaled_net_profit,1.0,3.0,PLAYER_WIN,CHECK|CHECK|BET_1X
1689,1181380229605035599,features,stake_scaled_net_profit,2.0,3.0,PLAYER_WIN,CHECK|CHECK|BET_1X
1690,8303319659733638513,features,stake_scaled_net_profit,-3.0,3.0,DEALER_WIN,CHECK|CHECK|BET_1X
1691,8247485982940576201,features,stake_scaled_net_profit,-3.0,3.0,DEALER_WIN,CHECK|CHECK|BET_1X
1692,1746259479859161963,features,stake_scaled_net_profit,-3.0,3.0,DEALER_WIN,CHECK|CHECK|BET_1X
1693,1703900831266735717,features,stake_scaled_net_profit,2.0,3.0,PLAYER_WIN,CHECK|CHECK|BET_1X
1694,5733133556769263694,features,stake_scaled_net_profit,0.0,3.0,PUSH,CHECK|CHECK|BET_1X
1695,522928319078590043,features,stake_scaled_net_profit,-3.0,3.0,DEALER_WIN,CHECK|CHECK|BET_1X
1696,417635987926860877,features,stake_scaled_net_profit,0.0,3.0,PUSH,CHECK|CHECK|BET_1X
1697,2551330849482594617,features,stake_scaled_net_profit,-3.0,3.0,DEALER_WIN,CHECK|CHECK|BET_1X
1698,2446994094874473971,features,stake_scaled_net_profit,2.0,3.0,PLAYER_WIN,CHECK|CHECK|BET_1X
1699,2037421977289213770,features,stake_scaled_net_profit,52.0,3.0,PLAYER_WIN,CHECK|CHECK|BET_1X
1700,2535584045853513881,features,stake_scaled_net_profit,2.0,3.0,PLAYER_WIN,CHECK|CHECK|BET_1X
1701,3053908424998881586,features,stake_scaled_net_profit,3.5,3.0,PLAYER_WIN,CHECK|CHECK|BET_1X
1702,2619551471872454830,features,stake_scaled_net_profit,-3.0,3.0,DEALER_WIN,CHECK|CHECK|BET_1X
1703,7764720134016559698,features,stake_scaled_net_profit,-3.0,3.0,DEALER_WIN,CHECK|CHECK|BET_1X
1704,4751386705041478118,features,stake_scaled_net_profit,2.0,3.0,PLAYER_WIN,CHECK|CHECK|BET_1X
1705,7136579802102096769,features,stake_scaled_net_profit,2.0,3.0,PLAYER_WIN,CHECK|CHECK|BET_1X
1706,2794206102848701586,features,stake_scaled_net_profit,-3.0,3.0,DEALER_WIN,CHECK|CHECK|BET_1X
1707,4994851861172092917,features,stake_scaled_net_profit,0.0,3.0,PUSH,CHECK|CHECK|BET_1X
1708,7850126793838016347,features,stake_scaled_net_profit,-3.0,3.0,DEALER_WIN,CHECK|CHECK|BET_1X
1709,1147859291149749954,features,stake_scaled_net_profit,2.0,3.0,PLAYER_WIN,CHECK|CHECK|BET_1X
1710,1554397968917507139,features,stake_scaled_net_profit,2.0,3.0,PLAYER_WIN,CHECK|CHECK|BET_1X
1711,5310318823861481041,features,stake_scaled_net_profit,-3.0,3.0,DEALER_WIN,CHECK|CHECK|BET_1X
1712,5485452227051320706,features,stake_scaled_net_profit,2.0,3.0,PLAYER_WIN,CHECK|CHECK|BET_1X
1713,8117354240050804332,features,stake_scaled_net_profit,-3.0,3.0,DEALER_WIN,CHECK|CHECK|BET_1X
1714,562860153591760397,features,stake_scaled_net_profit,0.0,3.0,PUSH,CHECK|CHECK|BET_1X
1715,5584149555203117802,features,stake_scaled_net_profit,-3.0,3.0,DEALER_WIN,CHECK|CHECK|BET_1X
1716,4119942973419802719,features,stake_scaled_net_profit,2.0,3.0,PLAYER_WIN,CHECK|CHECK|BET_1X
1717,7292805358339217583,features,stake_scaled_net_profit,2.0,3.0,PLAYER_WIN,CHECK|CHECK|BET_1X
1718,6744221769964297056,features,stake_scaled_net_profit,-3.0,3.0,DEALER_WIN,CHECK|CHECK|BET_1X
1719,5106722949689564320,features,stake_scaled_net_profit,-2.0,3.0,DEALER_WIN,CHECK|CHECK|BET_1X
1720,7688090517207109122,features,stake_scaled_net_profit,2.0,3.0,PLAYER_WIN,CHECK|CHECK|BET_1X
1721,5433269544770497344,features,stake_scaled_net_profit,2.0,3.0,PLAYER_WIN,CHECK|CHECK|BET_1X
1722,331153249774752663,features,stake_scaled_net_profit,1.0,3.0,PLAYER_WIN,CHECK|CHECK|BET_1X
1723,5727842913963837324,features,stake_scaled_net_profit,2.0,3.0,PLAYER_WIN,CHECK|CHECK|BET_1X
1724,4638831911617591188,features,stake_scaled_net_profit,-3.0,3.0,DEALER_WIN,CHECK|CHECK|BET_1X
1725,2703940543310797052,features,stake_scaled_net_profit,-3.0,3.0,DEALER_WIN,CHECK|CHECK|BET_1X
1726,768297400045784050,features,stake_scaled_net_profit,-3.0,3.0,DEALER_WIN,CHECK|CHECK|BET_1X
1727,7458806439316012306,features,stake_scaled_net_profit,5.0,3.0,PLAYER_WIN,CHECK|CHECK|BET_1X
1728,6748576821219524207,features,stake_scaled_net_profit,2.0,3.0,PLAYER_WIN,CHECK|CHECK|BET_1X
1729,6615884702697868377,features,stake_scaled_net_profit,2.0,3.0,PLAYER_WIN,CHECK|CHECK|BET_1X
1730,4944417683935702726,features,stake_scaled_net_profit,2.0,3.0,PLAYER_WIN,CHECK|CHECK|BET_1X
1731,2637555306604110312,features,stake_scaled_net_profit,2.0,3.0,PLAYER_WIN,CHECK|CHECK|BET_1X
1732,9000287255736005084,features,stake_scaled_net_profit,-3.0,3.0,DEALER_WIN,CHECK|CHECK|BET_1X
1733,3573601659911146198,features,stake_scaled_net_profit,-3.0,3.0,DEALER_WIN,CHECK|CHECK|BET_1X
1734,6596579220316555672,features,stake_scaled_net_profit,-3.0,3.0,DEALER_WIN,CHECK|CHECK|BET_1X
1735,3477191454824345933,features,stake_scaled_net_profit,-3.0,3.0,DEALER_WIN,CHECK|CHECK|BET_1X
1736,1369437627165048633,features,stake_scaled_net_profit,-3.0,3.0,DEALER_WIN,CHECK|CHECK|BET_1X
1737,1261314454712451200,features,stake_scaled_net_profit,1.0,3.0,PLAYER_WIN,CHECK|CHECK|BET_1X
1738,4524816652790789625,features,stake_scaled_net_profit,-3.0,3.0,DEALER_WIN,CHECK|CHECK|BET_1X
1739,670990407417587704,features,stake_scaled_net_profit,-3.0,3.0,DEALER_WIN,CHECK|CHECK|BET_1X
1740,3202851520769171504,features,stake_scaled_net_profit,-3.0,3.0,DEALER_WIN,CHECK|CHECK|BET_1X
1741,7610112569687383564,features,stake_scaled_net_profit,-3.0,3.0,DEALER_WIN,CHECK|CHECK|BET_1X
1742,3761275288367334793,features,stake_scaled_net_profit,-3.0,3.0,DEALER_WIN,CHECK|CHECK|BET_1X
1743,5764097116272902139,features,stake_scaled_net_profit,1.0,3.0,PLAYER_WIN,CHECK|CHECK|BET_1X
1744,242199748055065648,features,stake_scaled_net_profit,-2.0,3.0,DEALER_WIN,CHECK|CHECK|BET_1X
1745,1341090070919130949,features,stake_scaled_net_profit,-3.0,3.0,DEALER_WIN,CHECK|CHECK|BET_1X
1746,5253455800463575986,features,stake_scaled_net_profit,1.0,3.0,PLAYER_WIN,CHECK|CHECK|BET_1X
1747,7510146885751016906,features,stake_scaled_net_profit,1.0,3.0,PLAYER_WIN,CHECK|CHECK|BET_1X
1748,9090487300784495988,features,stake_scaled_net_profit,2.0,3.0,PLAYER_WIN,CHECK|CHECK|BET_1X
1749,965561579345765079,features,stake_scaled_net_profit,-3.0,3.0,DEALER_WIN,CHECK|CHECK|BET_1X
1750,158543209520442274,features,stake_scaled_net_profit,1.0,3.0,PLAYER_WIN,CHECK|CHECK|BET_1X
1751,6452758236488833245,features,stake_scaled_net_profit,2.0,3.0,PLAYER_WIN,CHECK|CHECK|BET_1X
1752,4825747812297596185,features,stake_scaled_net_profit,3.5,3.0,PLAYER_WIN,CHECK|CHECK|BET_1X
1753,2431714474647848909,features,stake_scaled_net_profit,-3.0,3.0,DEALER_WIN,CHECK|CHECK|BET_1X
1754,8247513225155793463,features,stake_scaled_net_profit,2.0,3.0,PLAYER_WIN,CHECK|CHECK|BET_1X
1755,3461444611005234603,features,stake_scaled_net_profit,2.0,3.0,PLAYER_WIN,CHECK|CHECK|BET_1X
1756,3907220580635524526,features,stake_scaled_net_profit,-3.0,3.0,DEALER_WIN,CHECK|CHECK|BET_1X
1757,362522712565860021,features,stake_scaled_net_profit,1.0,3.0,PLAYER_WIN,CHECK|CHECK|BET_1X
1758,8320880195042016798,features,stake_scaled_net_profit,2.0,3.0,PLAYER_WIN,CHECK|CHECK|BET_1X
1759,4535954285864039832,features,stake_scaled_net_profit,2.0,3.0,PLAYER_WIN,CHECK|CHECK|BET_1X
1760,4260400053947826813,features,stake_scaled_net_profit,1.0,3.0,PLAYER_WIN,CHECK|CHECK|BET_1X
1761,5415595190392400247,features,stake_scaled_net_profit,-3.0,3.0,DEALER_WIN,CHECK|CHECK|BET_1X
1762,4060136398969345018,features,stake_scaled_net_profit,1.0,3.0,PLAYER_WIN,CHECK|CHECK|BET_1X
1763,3326192948153924140,features,stake_scaled_net_profit,-3.0,3.0,DEALER_WIN,CHECK|CHECK|BET_1X
1764,8824215502991155447,features,stake_scaled_net_profit,-3.0,3.0,DEALER_WIN,CHECK|CHECK|BET_1X
1765,3637556070400858655,features,stake_scaled_net_profit,-3.0,3.0,DEALER_WIN,CHECK|CHECK|BET_1X
1766,7521980401628336639,features,stake_scaled_net_profit,-3.0,3.0,DEALER_WIN,CHECK|CHECK|BET_1X
1767,7570015431170821360,features,stake_scaled_net_profit,-3.0,3.0,DEALER_WIN,CHECK|CHECK|BET_1X
1768,8313416081121845816,features,stake_scaled_net_profit,3.0,3.0,PLAYER_WIN,CHECK|CHECK|BET_1X
1769,323503506186522374,features,stake_scaled_net_profit,3.5,3.0,PLAYER_WIN,CHECK|CHECK|BET_1X
1770,577420534511304206,features,stake_scaled_net_profit,-3.0,3.0,DEALER_WIN,CHECK|CHECK|BET_1X
1771,7547953878533766011,features,stake_scaled_net_profit,1.0,3.0,PLAYER_WIN,CHECK|CHECK|BET_1X
1772,3249015996583560080,features,stake_scaled_net_profit,-3.0,3.0,DEALER_WIN,CHECK|CHECK|BET_1X
1773,2256791632895092106,features,stake_scaled_net_profit,2.0,3.0,PLAYER_WIN,CHECK|CHECK|BET_1X
1774,4840660007225902825,features,stake_scaled_net_profit,2.0,3.0,PLAYER_WIN,CHECK|CHECK|BET_1X
1775,1656962618113311278,features,stake_scaled_net_profit,2.5,3.0,PLAYER_WIN,CHECK|CHECK|BET_1X
1776,3544316279031562608,features,stake_scaled_net_profit,-3.0,3.0,DEALER_WIN,CHECK|CHECK|BET_1X
1777,6038090315198504972,features,stake_scaled_net_profit,-3.0,3.0,DEALER_WIN,CHECK|CHECK|BET_1X
1778,5169405228563001527,features,stake_scaled_net_profit,2.0,3.0,PLAYER_WIN,CHECK|CHECK|BET_1X
1779,5074965907969752759,features,stake_scaled_net_profit,2.0,3.0,PLAYER_WIN,CHECK|CHECK|BET_1X
1780,8446711641493283379,features,stake_scaled_net_profit,-3.0,3.0,DEALER_WIN,CHECK|CHECK|BET_1X
1781,4074756906574746371,features,stake_scaled_net_profit,-3.0,3.0,DEALER_WIN,CHECK|CHECK|BET_1X
1782,880150389346662867,features,stake_scaled_net_profit,-3.0,3.0,DEALER_WIN,CHECK|CHECK|BET_1X
1783,4070794471689186362,features,stake_scaled_net_profit,2.0,3.0,PLAYER_WIN,CHECK|CHECK|BET_1X
1784,4281817644357636377,features,stake_scaled_net_profit,-3.0,3.0,DEALER_WIN,CHECK|CHECK|BET_1X
1785,4256278015274351592,features,stake_scaled_net_profit,2.0,3.0,PLAYER_WIN,CHECK|CHECK|BET_1X
1786,5767005906791889420,features,stake_scaled_net_profit,-3.0,3.0,DEALER_WIN,CHECK|CHECK|BET_1X
1787,2904120798561526318,features,stake_scaled_net_profit,5.0,3.0,PLAYER_WIN,CHECK|CHECK|BET_1X
1788,4458079727759386499,features,stake_scaled_net_profit,1.0,3.0,PLAYER_WIN,CHECK|CHECK|BET_1X
1789,8816611882112237375,features,stake_scaled_net_profit,1.0,3.0,PLAYER_WIN,CHECK|CHECK|BET_1X
1790,4986069558403801780,features,stake_scaled_net_profit,0.0,3.0,PUSH,CHECK|CHECK|BET_1X
1791,2071134742339722877,features,stake_scaled_net_profit,-3.0,3.0,DEALER_WIN,CHECK|CHECK|BET_1X
1792,424408178066949811,features,stake_scaled_net_profit,-3.0,3.0,DEALER_WIN,CHECK|CHECK|BET_1X
1793,5866556911466339239,features,stake_scaled_net_profit,2.0,3.0,PLAYER_WIN,CHECK|CHECK|BET_1X
1794,1112828659564214217,features,stake_scaled_net_profit,0.0,3.0,PUSH,CHECK|CHECK|BET_1X
1795,878594727757529655,features,stake_scaled_net_profit,1.0,3.0,PLAYER_WIN,CHECK|CHECK|BET_1X
1796,8689185256123783717,features,stake_scaled_net_profit,-3.0,3.0,DEALER_WIN,CHECK|CHECK|BET_1X
1797,6666153732916265338,features,stake_scaled_net_profit,1.0,3.0,PLAYER_WIN,CHECK|CHECK|BET_1X
1798,2766880499534942361,features,stake_scaled_net_profit,-3.0,3.0,DEALER_WIN,CHECK|CHECK|BET_1X
1799,1397127262601365733,features,stake_scaled_net_profit,-3.0,3.0,DEALER_WIN,CHECK|CHECK|BET_1X
1800,8187874777446692440,features,stake_scaled_net_profit,1.0,3.0,PLAYER_WIN,CHECK|CHECK|BET_1X
1801,1140455744912767370,features,stake_scaled_net_profit,1.0,3.0,PLAYER_WIN,CHECK|CHECK|BET_1X
1802,2461087181288498241,features,stake_scaled_net_profit,-3.0,3.0,DEALER_WIN,CHECK|CHECK|BET_1X
1803,4691507796948579503,features,stake_scaled_net_profit,-3.0,3.0,DEALER_WIN,CHECK|CHECK|BET_1X
1804,7998065104089441826,features,stake_scaled_net_profit,2.0,3.0,PLAYER_WIN,CHECK|CHECK|BET_1X
1805,21971058000916050,features,stake_scaled_net_profit,2.0,3.0,PLAYER_WIN,CHECK|CHECK|BET_1X
1806,3229429718296249340,features,stake_scaled_net_profit,2.0,3.0,PLAYER_WIN,CHECK|CHECK|BET_1X
1807,4461155982276520879,features,stake_scaled_net_profit,0.0,3.0,PUSH,CHECK|CHECK|BET_1X
1808,2143346857935827060,features,stake_scaled_net_profit,0.0,3.0,PUSH,CHECK|CHECK|BET_1X
1809,2730462189855882820,features,stake_scaled_net_profit,-3.0,3.0,DEALER_WIN,CHECK|CHECK|BET_1X
1810,7741666116955785671,features,stake_scaled_net_profit,-3.0,3.0,DEALER_WIN,CHECK|CHECK|BET_1X
1811,8862477382953420096,features,stake_scaled_net_profit,1.0,3.0,PLAYER_WIN,CHECK|CHECK|BET_1X
1812,5097484030510554729,features,stake_scaled_net_profit,-3.0,3.0,DEALER_WIN,CHECK|CHECK|BET_1X
1813,4092289871986959929,features,stake_scaled_net_profit,-2.0,3.0,DEALER_WIN,CHECK|CHECK|BET_1X
1814,4384347303765533594,features,stake_scaled_net_profit,1.0,3.0,PLAYER_WIN,CHECK|CHECK|BET_1X
1815,8508525806933371038,features,stake_scaled_net_profit,5.0,3.0,PLAYER_WIN,CHECK|CHECK|BET_1X
1816,1364774926336590458,features,stake_scaled_net_profit,2.0,3.0,PLAYER_WIN,CHECK|CHECK|BET_1X
1817,671310802068788021,features,stake_scaled_net_profit,-3.0,3.0,DEALER_WIN,CHECK|CHECK|BET_1X
1818,4397963852699009808,features,stake_scaled_net_profit,-3.0,3.0,DEALER_WIN,CHECK|CHECK|BET_1X
1819,7350479692975250631,features,stake_scaled_net_profit,2.0,3.0,PLAYER_WIN,CHECK|CHECK|BET_1X
1820,2146979384724618495,features,stake_scaled_net_profit,2.0,3.0,PLAYER_WIN,CHECK|CHECK|BET_1X
1821,8018214792573017566,features,stake_scaled_net_profit,2.0,3.0,PLAYER_WIN,CHECK|CHECK|BET_1X
1822,8484325751538590414,features,stake_scaled_net_profit,-2.0,3.0,DEALER_WIN,CHECK|CHECK|BET_1X
1823,5353636378030170821,features,stake_scaled_net_profit,2.0,3.0,PLAYER_WIN,CHECK|CHECK|BET_1X
1824,4288687281663731209,features,stake_scaled_net_profit,2.0,3.0,PLAYER_WIN,CHECK|CHECK|BET_1X
1825,6306879261598210919,features,stake_scaled_net_profit,2.0,3.0,PLAYER_WIN,CHECK|CHECK|BET_1X
1826,809728009571820996,features,stake_scaled_net_profit,-3.0,3.0,DEALER_WIN,CHECK|CHECK|BET_1X
1827,5102176547650531726,features,stake_scaled_net_profit,-3.0,3.0,DEALER_WIN,CHECK|CHECK|BET_1X
1828,8471097331211143041,features,stake_scaled_net_profit,-3.0,3.0,DEALER_WIN,CHECK|CHECK|BET_1X
1829,4036072342293238674,features,stake_scaled_net_profit,-3.0,3.0,DEALER_WIN,CHECK|CHECK|BET_1X
1830,6334846690409861495,features,stake_scaled_net_profit,3.5,3.0,PLAYER_WIN,CHECK|CHECK|BET_1X
1831,2500727587673946106,features,stake_scaled_net_profit,-3.0,3.0,DEALER_WIN,CHECK|CHECK|BET_1X
1832,4451578178643647875,features,stake_scaled_net_profit,3.0,3.0,PLAYER_WIN,CHECK|CHECK|BET_1X
1833,2534826932736029625,features,stake_scaled_net_profit,3.5,3.0,PLAYER_WIN,CHECK|CHECK|BET_1X
1834,5735823554652183986,features,stake_scaled_net_profit,2.0,3.0,PLAYER_WIN,CHECK|CHECK|BET_1X
1835,1847936620880157949,features,stake_scaled_net_profit,-3.0,3.0,DEALER_WIN,CHECK|CHECK|BET_1X
1836,479574177169462260,features,stake_scaled_net_profit,2.0,3.0,PLAYER_WIN,CHECK|CHECK|BET_1X
1837,2093393859449312420,features,stake_scaled_net_profit,2.0,3.0,PLAYER_WIN,CHECK|CHECK|BET_1X
1838,421987683046181899,features,stake_scaled_net_profit,2.0,3.0,PLAYER_WIN,CHECK|CHECK|BET_1X
1839,6219943174330429292,features,stake_scaled_net_profit,0.0,3.0,PUSH,CHECK|CHECK|BET_1X
1840,733594518319966023,features,stake_scaled_net_profit,-2.0,3.0,DEALER_WIN,CHECK|CHECK|BET_1X
1841,5198636048322793326,features,stake_scaled_net_profit,-3.0,3.0,DEALER_WIN,CHECK|CHECK|BET_1X
1842,2936286362599741655,features,stake_scaled_net_profit,1.0,3.0,PLAYER_WIN,CHECK|CHECK|BET_1X
1843,9045288193188556533,features,stake_scaled_net_profit,2.0,3.0,PLAYER_WIN,CHECK|CHECK|BET_1X
1844,1021244787754701050,features,stake_scaled_net_profit,1.0,3.0,PLAYER_WIN,CHECK|CHECK|BET_1X
1845,886358452798203838,features,stake_scaled_net_profit,2.0,3.0,PLAYER_WIN,CHECK|CHECK|BET_1X
1846,9044536977014461897,features,stake_scaled_net_profit,-3.0,3.0,DEALER_WIN,CHECK|CHECK|BET_1X
1847,4803570052109558230,features,stake_scaled_net_profit,-3.0,3.0,DEALER_WIN,CHECK|CHECK|BET_1X
1848,162274803220320130,features,stake_scaled_net_profit,-3.0,3.0,DEALER_WIN,CHECK|CHECK|BET_1X
1849,7713278865093983416,features,stake_scaled_net_profit,5.0,3.0,PLAYER_WIN,CHECK|CHECK|BET_1X
1850,6155503817148650205,features,stake_scaled_net_profit,-3.0,3.0,DEALER_WIN,CHECK|CHECK|BET_1X
1851,739209650565518393,features,stake_scaled_net_profit,-3.0,3.0,DEALER_WIN,CHECK|CHECK|BET_1X
1852,7127765244594760647,features,stake_scaled_net_profit,3.0,3.0,PLAYER_WIN,CHECK|CHECK|BET_1X
1853,6791109756893176571,features,stake_scaled_net_profit,-3.0,3.0,DEALER_WIN,CHECK|CHECK|BET_1X
1854,2219484899882386496,features,stake_scaled_net_profit,2.0,3.0,PLAYER_WIN,CHECK|CHECK|BET_1X
1855,1499019125778323035,features,stake_scaled_net_profit,-3.0,3.0,DEALER_WIN,CHECK|CHECK|BET_1X
1856,5876541947019924449,features,stake_scaled_net_profit,3.0,3.0,PLAYER_WIN,CHECK|CHECK|BET_1X
1857,2813283109732756401,features,stake_scaled_net_profit,1.0,3.0,PLAYER_WIN,CHECK|CHECK|BET_1X
1858,8425848739161627278,features,stake_scaled_net_profit,-3.0,3.0,DEALER_WIN,CHECK|CHECK|BET_1X
1859,4326872944236041641,features,stake_scaled_net_profit,2.0,3.0,PLAYER_WIN,CHECK|CHECK|BET_1X
1860,2352141606222279349,features,stake_scaled_net_profit,-3.0,3.0,DEALER_WIN,CHECK|CHECK|BET_1X
1861,3872618266914948034,features,stake_scaled_net_profit,-3.0,3.0,DEALER_WIN,CHECK|CHECK|BET_1X
1862,7300581089915212572,features,stake_scaled_net_profit,-3.0,3.0,DEALER_WIN,CHECK|CHECK|BET_1X
1863,5705921236592345154,features,stake_scaled_net_profit,2.0,3.0,PLAYER_WIN,CHECK|CHECK|BET_1X
1864,4260107957082750731,features,stake_scaled_net_profit,3.0,3.0,PLAYER_WIN,CHECK|CHECK|BET_1X
1865,7866778125081944297,features,stake_scaled_net_profit,2.0,3.0,PLAYER_WIN,CHECK|CHECK|BET_1X
1866,3185164799735981588,features,stake_scaled_net_profit,-3.0,3.0,DEALER_WIN,CHECK|CHECK|BET_1X
1867,3623807959845986266,features,stake_scaled_net_profit,-2.0,3.0,DEALER_WIN,CHECK|CHECK|BET_1X
1868,6756316751339392615,features,stake_scaled_net_profit,2.0,3.0,PLAYER_WIN,CHECK|CHECK|BET_1X
1869,2938311494181266354,features,stake_scaled_net_profit,1.0,3.0,PLAYER_WIN,CHECK|CHECK|BET_1X
1870,7427016410753022026,features,stake_scaled_net_profit,1.0,3.0,PLAYER_WIN,CHECK|CHECK|BET_1X
1871,2268758358478306679,features,stake_scaled_net_profit,-3.0,3.0,DEALER_WIN,CHECK|CHECK|BET_1X
1872,7781395712963892436,features,stake_scaled_net_profit,0.0,3.0,PUSH,CHECK|CHECK|BET_1X
1873,4827037218226252247,features,stake_scaled_net_profit,2.0,3.0,PLAYER_WIN,CHECK|CHECK|BET_1X
1874,5791529816626621325,features,stake_scaled_net_profit,3.0,3.0,PLAYER_WIN,CHECK|CHECK|BET_1X
1875,3760240295548952685,features,stake_scaled_net_profit,1.0,3.0,PLAYER_WIN,CHECK|CHECK|BET_1X
1876,5530009684226146982,features,stake_scaled_net_profit,-3.0,3.0,DEALER_WIN,CHECK|CHECK|BET_1X
1877,8374158521133422247,features,stake_scaled_net_profit,-3.0,3.0,DEALER_WIN,CHECK|CHECK|BET_1X
1878,5651246515438125696,features,stake_scaled_net_profit,2.0,3.0,PLAYER_WIN,CHECK|CHECK|BET_1X
1879,5605202080173720893,features,stake_scaled_net_profit,-3.0,3.0,DEALER_WIN,CHECK|CHECK|BET_1X
1880,574823934125364607,features,stake_scaled_net_profit,2.0,3.0,PLAYER_WIN,CHECK|CHECK|BET_1X
1881,6477889235735090447,features,stake_scaled_net_profit,1.0,3.0,PLAYER_WIN,CHECK|CHECK|BET_1X
1882,1023468444737760844,features,stake_scaled_net_profit,2.0,3.0,PLAYER_WIN,CHECK|CHECK|BET_1X
1883,8656719974427674618,features,stake_scaled_net_profit,-3.0,3.0,DEALER_WIN,CHECK|CHECK|BET_1X
1884,5915775816355820955,features,stake_scaled_net_profit,-3.0,3.0,DEALER_WIN,CHECK|CHECK|BET_1X
1885,8136904796338340892,features,stake_scaled_net_profit,2.0,3.0,PLAYER_WIN,CHECK|CHECK|BET_1X
1886,3464448992832401000,features,stake_scaled_net_profit,-3.0,3.0,DEALER_WIN,CHECK|CHECK|BET_1X
1887,8631763427280249726,features,stake_scaled_net_profit,2.0,3.0,PLAYER_WIN,CHECK|CHECK|BET_1X
1888,6070797455437785910,features,stake_scaled_net_profit,-3.0,3.0,DEALER_WIN,CHECK|CHECK|BET_1X
1889,3341529652956578549,features,stake_scaled_net_profit,1.0,3.0,PLAYER_WIN,CHECK|CHECK|BET_1X
1890,232046607720238211,features,stake_scaled_net_profit,2.0,3.0,PLAYER_WIN,CHECK|CHECK|BET_1X
1891,7230688846617243597,features,stake_scaled_net_profit,-3.0,3.0,DEALER_WIN,CHECK|CHECK|BET_1X
1892,8550729628055215519,features,stake_scaled_net_profit,-3.0,3.0,DEALER_WIN,CHECK|CHECK|BET_1X
1893,2597826074685939167,features,stake_scaled_net_profit,2.0,3.0,PLAYER_WIN,CHECK|CHECK|BET_1X
1894,4947494041917880821,features,stake_scaled_net_profit,-3.0,3.0,DEALER_WIN,CHECK|CHECK|BET_1X
1895,1329640335909250828,features,stake_scaled_net_profit,2.0,3.0,PLAYER_WIN,CHECK|CHECK|BET_1X
1896,3429629011043844382,features,stake_scaled_net_profit,-3.0,3.0,DEALER_WIN,CHECK|CHECK|BET_1X
1897,7550974467631543741,features,stake_scaled_net_profit,-3.0,3.0,DEALER_WIN,CHECK|CHECK|BET_1X
1898,8766060904575478753,features,stake_scaled_net_profit,-3.0,3.0,DEALER_WIN,CHECK|CHECK|BET_1X
1899,4132976710456062460,features,stake_scaled_net_profit,2.0,3.0,PLAYER_WIN,CHECK|CHECK|BET_1X
1900,5442156400911746022,features,stake_scaled_net_profit,0.0,3.0,PUSH,CHECK|CHECK|BET_1X
1901,949713193608089134,features,stake_scaled_net_profit,-3.0,3.0,DEALER_WIN,CHECK|CHECK|BET_1X
1902,1250488838855237473,features,stake_scaled_net_profit,-3.0,3.0,DEALER_WIN,CHECK|CHECK|BET_1X
1903,4038945388684460773,features,stake_scaled_net_profit,-3.0,3.0,DEALER_WIN,CHECK|CHECK|BET_1X
1904,2301907314121491050,features,stake_scaled_net_profit,-3.0,3.0,DEALER_WIN,CHECK|CHECK|BET_1X
1905,2611983433249294757,features,stake_scaled_net_profit,-3.0,3.0,DEALER_WIN,CHECK|CHECK|BET_1X
1906,1510665508745160156,features,stake_scaled_net_profit,-3.0,3.0,DEALER_WIN,CHECK|CHECK|BET_1X
1907,2370122096204935208,features,stake_scaled_net_profit,-3.0,3.0,DEALER_WIN,CHECK|CHECK|BET_1X
1908,1861974616553827527,features,stake_scaled_net_profit,-3.0,3.0,DEALER_WIN,CHECK|CHECK|BET_1X
1909,5081367680910086751,features,stake_scaled_net_profit,-3.0,3.0,DEALER_WIN,CHECK|CHECK|BET_1X
1910,713073939637198877,features,stake_scaled_net_profit,-3.0,3.0,DEALER_WIN,CHECK|CHECK|BET_1X
1911,5837280338940398834,features,stake_scaled_net_profit,2.0,3.0,PLAYER_WIN,CHECK|CHECK|BET_1X
1912,686951367408736299,features,stake_scaled_net_profit,-3.0,3.0,DEALER_WIN,CHECK|CHECK|BET_1X
1913,2169248127010393759,features,stake_scaled_net_profit,-3.0,3.0,DEALER_WIN,CHECK|CHECK|BET_1X
1914,3505615530284917400,features,stake_scaled_net_profit,2.0,3.0,PLAYER_WIN,CHECK|CHECK|BET_1X
1915,6211998453311574609,features,stake_scaled_net_profit,2.0,3.0,PLAYER_WIN,CHECK|CHECK|BET_1X
1916,537466656319354210,features,stake_scaled_net_profit,1.0,3.0,PLAYER_WIN,CHECK|CHECK|BET_1X
1917,4512108824397720358,features,stake_scaled_net_profit,3.5,3.0,PLAYER_WIN,CHECK|CHECK|BET_1X
1918,7519871283675949377,features,stake_scaled_net_profit,2.0,3.0,PLAYER_WIN,CHECK|CHECK|BET_1X
1919,7958973094710161140,features,stake_scaled_net_profit,-3.0,3.0,DEALER_WIN,CHECK|CHECK|BET_1X
1920,6447723218132758252,features,stake_scaled_net_profit,2.5,3.0,PLAYER_WIN,CHECK|CHECK|BET_1X
1921,317917568670565753,features,stake_scaled_net_profit,2.0,3.0,PLAYER_WIN,CHECK|CHECK|BET_1X
1922,5216007832960995009,features,stake_scaled_net_profit,2.0,3.0,PLAYER_WIN,CHECK|CHECK|BET_1X
1923,3170596740908521432,features,stake_scaled_net_profit,-3.0,3.0,DEALER_WIN,CHECK|CHECK|BET_1X
1924,3835807500168548191,features,stake_scaled_net_profit,-2.0,3.0,DEALER_WIN,CHECK|CHECK|BET_1X
1925,8684730695841800734,features,stake_scaled_net_profit,2.0,3.0,PLAYER_WIN,CHECK|CHECK|BET_1X
1926,963045978522463604,features,stake_scaled_net_profit,-3.0,3.0,DEALER_WIN,CHECK|CHECK|BET_1X
1927,1354176344234649351,features,stake_scaled_net_profit,-3.0,3.0,DEALER_WIN,CHECK|CHECK|BET_1X
1928,4817121853237029119,features,stake_scaled_net_profit,3.0,3.0,PLAYER_WIN,CHECK|CHECK|BET_1X
1929,9135726485709954213,features,stake_scaled_net_profit,-3.0,3.0,DEALER_WIN,CHECK|CHECK|BET_1X
1930,1020377507569271368,features,stake_scaled_net_profit,2.0,3.0,PLAYER_WIN,CHECK|CHECK|BET_1X
1931,1541181853856752499,features,stake_scaled_net_profit,-3.0,3.0,DEALER_WIN,CHECK|CHECK|BET_1X
1932,5128928860924984327,features,stake_scaled_net_profit,-3.0,3.0,DEALER_WIN,CHECK|CHECK|BET_1X
1933,437275355808639136,features,stake_scaled_net_profit,-3.0,3.0,DEALER_WIN,CHECK|CHECK|BET_1X
1934,5856654482066713324,features,stake_scaled_net_profit,-3.0,3.0,DEALER_WIN,CHECK|CHECK|BET_1X
1935,702776539384647463,features,stake_scaled_net_profit,-3.0,3.0,DEALER_WIN,CHECK|CHECK|BET_1X
1936,3031634593815592005,features,stake_scaled_net_profit,3.0,3.0,PLAYER_WIN,CHECK|CHECK|BET_1X
1937,4501918866690277960,features,stake_scaled_net_profit,-3.0,3.0,DEALER_WIN,CHECK|CHECK|BET_1X
1938,720259266894215905,features,stake_scaled_net_profit,-3.0,3.0,DEALER_WIN,CHECK|CHECK|BET_1X
1939,2761713578038277868,features,stake_scaled_net_profit,-3.0,3.0,DEALER_WIN,CHECK|CHECK|BET_1X
1940,2663591501253174886,features,stake_scaled_net_profit,-3.0,3.0,DEALER_WIN,CHECK|CHECK|BET_1X
1941,988083366623656063,features,stake_scaled_net_profit,-3.0,3.0,DEALER_WIN,CHECK|CHECK|BET_1X
1942,6849171924901910968,features,stake_scaled_net_profit,-3.0,3.0,DEALER_WIN,CHECK|CHECK|BET_1X
1943,2442206106250521839,features,stake_scaled_net_profit,-2.0,3.0,DEALER_WIN,CHECK|CHECK|BET_1X
1944,8740042673132162596,features,stake_scaled_net_profit,0.0,3.0,PUSH,CHECK|CHECK|BET_1X
1945,7457749584527261975,features,stake_scaled_net_profit,2.0,3.0,PLAYER_WIN,CHECK|CHECK|BET_1X
1946,1293070750652679476,features,stake_scaled_net_profit,1.0,3.0,PLAYER_WIN,CHECK|CHECK|BET_1X
1947,2326013119446426495,features,stake_scaled_net_profit,3.0,3.0,PLAYER_WIN,CHECK|CHECK|BET_1X
1948,3651524664773804878,features,stake_scaled_net_profit,2.0,3.0,PLAYER_WIN,CHECK|CHECK|BET_1X
1949,4706282155882901653,features,stake_scaled_net_profit,2.0,3.0,PLAYER_WIN,CHECK|CHECK|BET_1X
1950,258504715730150150,features,stake_scaled_net_profit,2.0,3.0,PLAYER_WIN,CHECK|CHECK|BET_1X
1951,2424361813843622002,features,stake_scaled_net_profit,-3.0,3.0,DEALER_WIN,CHECK|CHECK|BET_1X
1952,2674504897417099888,features,stake_scaled_net_profit,-3.0,3.0,DEALER_WIN,CHECK|CHECK|BET_1X
1953,7429098219401409863,features,stake_scaled_net_profit,1.0,3.0,PLAYER_WIN,CHECK|CHECK|BET_1X
1954,2900468331846860643,features,stake_scaled_net_profit,-3.0,3.0,DEALER_WIN,CHECK|CHECK|BET_1X
1955,551680219022729248,features,stake_scaled_net_profit,2.0,3.0,PLAYER_WIN,CHECK|CHECK|BET_1X
1956,339195126960835253,features,stake_scaled_net_profit,1.0,3.0,PLAYER_WIN,CHECK|CHECK|BET_1X
1957,4778748060321206253,features,stake_scaled_net_profit,-3.0,3.0,DEALER_WIN,CHECK|CHECK|BET_1X
1958,2795484353847727840,features,stake_scaled_net_profit,2.0,3.0,PLAYER_WIN,CHECK|CHECK|BET_1X
1959,4313568539478933606,features,stake_scaled_net_profit,2.0,3.0,PLAYER_WIN,CHECK|CHECK|BET_1X
1960,4130051883690068260,features,stake_scaled_net_profit,-3.0,3.0,DEALER_WIN,CHECK|CHECK|BET_1X
1961,4876906636207573865,features,stake_scaled_net_profit,2.0,3.0,PLAYER_WIN,CHECK|CHECK|BET_1X
1962,5078965849939585758,features,stake_scaled_net_profit,2.0,3.0,PLAYER_WIN,CHECK|CHECK|BET_1X
1963,5703031358063304737,features,stake_scaled_net_profit,2.0,3.0,PLAYER_WIN,CHECK|CHECK|BET_1X
1964,4958405740229156554,features,stake_scaled_net_profit,2.0,3.0,PLAYER_WIN,CHECK|CHECK|BET_1X
1965,5929850726800009071,features,stake_scaled_net_profit,1.0,3.0,PLAYER_WIN,CHECK|CHECK|BET_1X
1966,7716672995343483475,features,stake_scaled_net_profit,2.0,3.0,PLAYER_WIN,CHECK|CHECK|BET_1X
1967,6391474540707994964,features,stake_scaled_net_profit,-3.0,3.0,DEALER_WIN,CHECK|CHECK|BET_1X
1968,1793109754908470385,features,stake_scaled_net_profit,-3.0,3.0,DEALER_WIN,CHECK|CHECK|BET_1X
1969,671331816465230232,features,stake_scaled_net_profit,2.0,3.0,PLAYER_WIN,CHECK|CHECK|BET_1X
1970,3688414718817334896,features,stake_scaled_net_profit,2.0,3.0,PLAYER_WIN,CHECK|CHECK|BET_1X
1971,1989812014345806829,features,stake_scaled_net_profit,2.0,3.0,PLAYER_WIN,CHECK|CHECK|BET_1X
1972,8392085805671911924,features,stake_scaled_net_profit,-3.0,3.0,DEALER_WIN,CHECK|CHECK|BET_1X
1973,81054189800982230,features,stake_scaled_net_profit,-3.0,3.0,DEALER_WIN,CHECK|CHECK|BET_1X
1974,2915490225585879184,features,stake_scaled_net_profit,-3.0,3.0,DEALER_WIN,CHECK|CHECK|BET_1X
1975,489892755218961247,features,stake_scaled_net_profit,2.0,3.0,PLAYER_WIN,CHECK|CHECK|BET_1X
1976,4618963308193961426,features,stake_scaled_net_profit,1.0,3.0,PLAYER_WIN,CHECK|CHECK|BET_1X
1977,5202981339090378414,features,stake_scaled_net_profit,2.0,3.0,PLAYER_WIN,CHECK|CHECK|BET_1X
1978,6000930048118311857,features,stake_scaled_net_profit,-3.0,3.0,DEALER_WIN,CHECK|CHECK|BET_1X
1979,3544938246356091608,features,stake_scaled_net_profit,-3.0,3.0,DEALER_WIN,CHECK|CHECK|BET_1X
1980,6656457393269072825,features,stake_scaled_net_profit,-3.0,3.0,DEALER_WIN,CHECK|CHECK|BET_1X
1981,3304759813800743161,features,stake_scaled_net_profit,-3.0,3.0,DEALER_WIN,CHECK|CHECK|BET_1X
1982,7757377930957246457,features,stake_scaled_net_profit,-3.0,3.0,DEALER_WIN,CHECK|CHECK|BET_1X
1983,319621133813457691,features,stake_scaled_net_profit,-2.0,3.0,DEALER_WIN,CHECK|CHECK|BET_1X
1984,818369662036446676,features,stake_scaled_net_profit,-3.0,3.0,DEALER_WIN,CHECK|CHECK|BET_1X
1985,501234438443401486,features,stake_scaled_net_profit,-3.0,3.0,DEALER_WIN,CHECK|CHECK|BET_1X
1986,3416380604522924673,features,stake_scaled_net_profit,3.5,3.0,PLAYER_WIN,CHECK|CHECK|BET_1X
1987,4529091745409558815,features,stake_scaled_net_profit,0.0,3.0,PUSH,CHECK|CHECK|BET_1X
1988,3870235052335087386,features,stake_scaled_net_profit,-3.0,3.0,DEALER_WIN,CHECK|CHECK|BET_1X
1989,3702809807818248343,features,stake_scaled_net_profit,-3.0,3.0,DEALER_WIN,CHECK|CHECK|BET_1X
1990,4362915147875587116,features,stake_scaled_net_profit,-3.0,3.0,DEALER_WIN,CHECK|CHECK|BET_1X
1991,9113683621609462547,features,stake_scaled_net_profit,1.0,3.0,PLAYER_WIN,CHECK|CHECK|BET_1X
1992,6280469048853582201,features,stake_scaled_net_profit,1.0,3.0,PLAYER_WIN,CHECK|CHECK|BET_1X
1993,8577489664880155436,features,stake_scaled_net_profit,-3.0,3.0,DEALER_WIN,CHECK|CHECK|BET_1X
1994,7931652820883160140,features,stake_scaled_net_profit,2.0,3.0,PLAYER_WIN,CHECK|CHECK|BET_1X
1995,3775069868891913347,features,stake_scaled_net_profit,2.0,3.0,PLAYER_WIN,CHECK|CHECK|BET_1X
1996,4770577948842312637,features,stake_scaled_net_profit,-3.0,3.0,DEALER_WIN,CHECK|CHECK|BET_1X
1997,9015022920569683755,features,stake_scaled_net_profit,-3.0,3.0,DEALER_WIN,CHECK|CHECK|BET_1X
1998,3955014467548945188,features,stake_scaled_net_profit,-2.0,3.0,DEALER_WIN,CHECK|CHECK|BET_1X
1999,7743610568187360453,features,stake_scaled_net_profit,3.0,3.0,PLAYER_WIN,CHECK|CHECK|BET_1X
