state_representation,reward_type,update,first_episode,last_episode,batch_size,loss,gradient_norm,cumulative_steps,mean_episode_length,mean_abs_return,max_abs_return
raw,net_profit,1,0,31,32,-1.7162038087844849,0.5880188141016017,44,1.375,4.5,7.0
raw,net_profit,2,32,63,32,0.45420172810554504,0.7736200607294478,95,1.59375,3.640625,6.5
raw,net_profit,3,64,95,32,0.6902382969856262,0.6056507532687173,138,1.34375,4.3125,6.5
raw,net_profit,4,96,127,32,-1.0822561979293823,0.7236610690850237,176,1.1875,4.640625,6.0
raw,net_profit,5,128,159,32,-0.7256346940994263,0.4076469607952932,224,1.5,3.71875,6.0
raw,net_profit,6,160,191,32,-1.6951193809509277,0.9813882692949569,268,1.375,4.578125,7.0
raw,net_profit,7,192,223,32,-1.4105935096740723,0.6781117454386003,317,1.53125,3.875,7.0
raw,net_profit,8,224,255,32,0.24603502452373505,1.2655520313801851,369,1.625,4.015625,8.0
raw,net_profit,9,256,287,32,-1.3956953287124634,0.5159150474077823,414,1.40625,4.25,6.0
raw,net_profit,10,288,319,32,-0.7347394227981567,0.4384334551458103,459,1.40625,3.96875,6.0
raw,net_profit,11,320,351,32,-0.8017557263374329,0.5884338596120677,502,1.34375,4.53125,8.0
raw,net_profit,12,352,383,32,-2.458735704421997,0.4363732592951302,550,1.5,4.453125,7.0
raw,net_profit,13,384,415,32,-0.24291479587554932,0.4471082464730801,591,1.28125,4.46875,6.0
raw,net_profit,14,416,447,32,-2.8077540397644043,0.688369332783074,647,1.75,3.96875,8.0
raw,net_profit,15,448,479,32,-0.5507606267929077,0.7729894636893387,697,1.5625,4.078125,6.0
raw,net_profit,16,480,511,32,-1.4678280353546143,0.3831036144443756,748,1.59375,4.140625,7.0
raw,net_profit,17,512,543,32,0.2791411876678467,1.1217983405088712,798,1.5625,4.078125,6.0
raw,net_profit,18,544,575,32,-1.355324149131775,0.6595251206412145,837,1.21875,4.15625,6.0
raw,net_profit,19,576,607,32,-0.487885981798172,1.1525397052253652,885,1.5,4.34375,15.0
raw,net_profit,20,608,639,32,-1.391845464706421,0.9587188225433333,931,1.4375,4.234375,6.5
raw,net_profit,21,640,671,32,3.00362491607666,1.5954169353071717,972,1.28125,4.75,12.0
raw,net_profit,22,672,703,32,1.0777404308319092,1.38979582544173,1015,1.34375,3.921875,6.5
raw,net_profit,23,704,735,32,-2.2055792808532715,1.1344171658953732,1061,1.4375,4.125,6.0
raw,net_profit,24,736,767,32,-0.5544989705085754,1.1589119270721628,1106,1.40625,4.109375,7.0
raw,net_profit,25,768,799,32,-1.2766531705856323,1.1177694157496443,1153,1.46875,4.609375,7.0
raw,net_profit,26,800,831,32,-1.122052550315857,1.6430312461673022,1198,1.40625,3.96875,6.0
raw,net_profit,27,832,863,32,-2.413905143737793,0.7078626225312992,1239,1.28125,4.40625,6.0
raw,net_profit,28,864,895,32,-0.7462309002876282,2.0444845209530156,1297,1.8125,3.671875,8.0
raw,net_profit,29,896,927,32,-0.767256498336792,1.3178535795876798,1344,1.46875,4.25,7.0
raw,net_profit,30,928,959,32,-0.9656646251678467,1.4105171887736518,1393,1.53125,4.1875,8.0
raw,net_profit,31,960,991,32,-0.4550512731075287,0.9882998515787687,1437,1.375,4.234375,8.0
raw,net_profit,32,992,1023,32,-2.248110294342041,0.8363695473629756,1480,1.34375,4.65625,6.0
raw,net_profit,33,1024,1055,32,-1.6991801261901855,1.1374933289393157,1518,1.1875,4.84375,7.0
raw,net_profit,34,1056,1087,32,-1.0552465915679932,2.4776497597586276,1557,1.21875,4.53125,6.0
raw,net_profit,35,1088,1119,32,-0.032770559191703796,0.9009776089732593,1595,1.1875,4.828125,8.0
raw,net_profit,36,1120,1151,32,-0.09330004453659058,0.9687531916567338,1637,1.3125,4.84375,14.0
raw,net_profit,37,1152,1183,32,-0.05035980045795441,0.9432349863428716,1676,1.21875,4.375,6.5
raw,net_profit,38,1184,1215,32,-1.222619891166687,0.6502944420066064,1713,1.15625,4.5625,6.0
raw,net_profit,39,1216,1247,32,-1.3418347835540771,0.6084573158590927,1759,1.4375,4.46875,8.0
raw,net_profit,40,1248,1279,32,-1.9911680221557617,0.9038417441613024,1792,1.03125,5.046875,6.0
raw,net_profit,41,1280,1311,32,-2.6753275394439697,1.1180102952694948,1833,1.28125,4.953125,8.0
raw,net_profit,42,1312,1343,32,-1.604038119316101,1.0073066040314107,1877,1.375,4.5625,8.0
raw,net_profit,43,1344,1375,32,-0.2122892439365387,1.2549674616154456,1917,1.25,4.296875,7.0
raw,net_profit,44,1376,1407,32,-0.17061170935630798,0.5651856858268822,1961,1.375,4.25,6.5
raw,net_profit,45,1408,1439,32,-0.7596997022628784,0.581512014191792,2003,1.3125,4.484375,6.0
raw,net_profit,46,1440,1471,32,-0.2593907415866852,0.7217033295654895,2041,1.1875,4.5625,8.0
raw,net_profit,47,1472,1503,32,-1.517715573310852,1.9458426625864047,2081,1.25,4.796875,6.0
raw,net_profit,48,1504,1535,32,0.11625242233276367,2.863909585229647,2118,1.15625,4.578125,8.0
raw,net_profit,49,1536,1567,32,1.0051794052124023,1.4810392286504432,2163,1.40625,4.5,15.0
raw,net_profit,50,1568,1599,32,-2.3942506313323975,1.8431787034657727,2205,1.3125,4.65625,8.0
raw,net_profit,51,1600,1631,32,-0.5936093330383301,0.7481103971920218,2247,1.3125,4.421875,8.0
raw,net_profit,52,1632,1663,32,-0.5259019136428833,1.772354068044868,2287,1.25,4.796875,15.0
raw,net_profit,53,1664,1695,32,0.190688818693161,1.261937805500544,2323,1.125,4.765625,6.0
raw,net_profit,54,1696,1727,32,0.6129717826843262,1.9361581523319358,2366,1.34375,4.40625,6.0
raw,net_profit,55,1728,1759,32,-2.9507858753204346,2.200113684510457,2406,1.25,4.15625,6.0
raw,net_profit,56,1760,1791,32,-1.3976893424987793,0.9597626998169256,2443,1.15625,4.828125,8.0
raw,net_profit,57,1792,1823,32,0.7295874953269958,0.6974041529906089,2478,1.09375,4.75,8.0
raw,net_profit,58,1824,1855,32,0.16824296116828918,1.5634231769110474,2521,1.34375,4.46875,6.5
raw,net_profit,59,1856,1887,32,0.17528891563415527,0.9259169754828378,2555,1.0625,4.78125,8.0
raw,net_profit,60,1888,1919,32,-2.6047520637512207,2.8486433812027934,2595,1.25,4.875,8.0
raw,net_profit,61,1920,1951,32,-0.6165084838867188,0.8892169872560991,2630,1.09375,5.03125,6.5
raw,net_profit,62,1952,1983,32,-0.9419696927070618,1.5772365649607372,2664,1.0625,4.59375,6.0
raw,net_profit,63,1984,2015,32,-0.012679658830165863,1.406942421518178,2703,1.21875,5.015625,8.0
raw,net_profit,64,2016,2047,32,-0.019359499216079712,2.472734158312049,2739,1.125,4.78125,6.5
raw,net_profit,65,2048,2079,32,-1.4816579818725586,2.2183589866774014,2773,1.0625,4.96875,6.0
raw,net_profit,66,2080,2111,32,-0.05039267614483833,1.3655932965030069,2806,1.03125,5.375,15.0
raw,net_profit,67,2112,2143,32,-0.6471494436264038,1.2695484236884793,2840,1.0625,5.234375,7.0
raw,net_profit,68,2144,2175,32,0.5176896452903748,1.3084284735652918,2873,1.03125,5.4375,8.0
raw,net_profit,69,2176,2207,32,-1.1641459465026855,0.5136240741665682,2906,1.03125,5.09375,8.0
raw,net_profit,70,2208,2239,32,-2.8999600410461426,4.570507815062972,2940,1.0625,5.125,6.0
raw,net_profit,71,2240,2271,32,-0.31121793389320374,1.200135198730189,2974,1.0625,5.28125,6.0
raw,net_profit,72,2272,2303,32,0.025114797055721283,0.21534556373393152,3006,1.0,5.078125,8.0
raw,net_profit,73,2304,2335,32,-0.006351597607135773,0.12128745671833742,3038,1.0,5.40625,8.0
raw,net_profit,74,2336,2367,32,-1.3368438482284546,2.814088020549698,3070,1.0,5.4375,8.0
raw,net_profit,75,2368,2399,32,-0.0006921514868736267,0.07447240176888274,3102,1.0,5.21875,8.0
raw,net_profit,76,2400,2431,32,-0.016041327267885208,0.14897896802302069,3134,1.0,5.296875,8.0
raw,net_profit,77,2432,2463,32,-0.004268135875463486,0.05815027997880127,3166,1.0,5.546875,8.0
raw,net_profit,78,2464,2495,32,-0.004399299621582031,0.05720118296728319,3198,1.0,5.28125,6.0
raw,net_profit,79,2496,2527,32,-0.005795978009700775,0.06810012790985254,3230,1.0,5.25,8.0
raw,net_profit,80,2528,2559,32,-0.013631723821163177,0.1336438648246092,3262,1.0,5.296875,8.0
raw,net_profit,81,2560,2591,32,0.0006982795894145966,0.023352573863832892,3294,1.0,5.5,8.0
raw,net_profit,82,2592,2623,32,0.0010291635990142822,0.023926767385745066,3326,1.0,5.21875,6.5
raw,net_profit,83,2624,2655,32,-0.004484251141548157,0.049923922840476684,3358,1.0,5.359375,8.0
raw,net_profit,84,2656,2687,32,-0.005173258483409882,0.05753516915898971,3390,1.0,5.359375,6.5
raw,net_profit,85,2688,2719,32,-0.0005204044282436371,0.015702817022602362,3422,1.0,5.3125,6.5
raw,net_profit,86,2720,2751,32,-0.0004655122756958008,0.012573725994050822,3454,1.0,5.03125,6.0
raw,net_profit,87,2752,2783,32,-0.007633432745933533,0.0850526127622234,3486,1.0,5.53125,8.0
raw,net_profit,88,2784,2815,32,0.000553421676158905,0.013921891627220842,3518,1.0,5.59375,8.0
raw,net_profit,89,2816,2847,32,-0.0009465590119361877,0.014698243766751721,3550,1.0,5.015625,6.5
raw,net_profit,90,2848,2879,32,-0.0010522156953811646,0.019179610152338586,3582,1.0,5.84375,15.0
raw,net_profit,91,2880,2911,32,-0.001028984785079956,0.01569553484872988,3614,1.0,5.25,6.0
raw,net_profit,92,2912,2943,32,-0.0029535219073295593,0.03625006822941814,3646,1.0,5.3125,6.0
raw,net_profit,93,2944,2975,32,0.0016443952918052673,0.021195103578177877,3678,1.0,5.53125,15.0
raw,net_profit,94,2976,3007,32,0.0004477500915527344,0.00956976557633543,3710,1.0,5.1875,6.0
raw,net_profit,95,3008,3039,32,-0.00013411790132522583,0.008098545731800659,3742,1.0,4.921875,8.0
raw,net_profit,96,3040,3071,32,-0.0006393380463123322,0.013770673636563147,3774,1.0,5.1875,6.5
raw,net_profit,97,3072,3103,32,0.0018102526664733887,0.02129650622643012,3806,1.0,5.71875,8.0
raw,net_profit,98,3104,3135,32,-0.004055529832839966,0.04914177358402852,3838,1.0,5.28125,6.0
raw,net_profit,99,3136,3167,32,-0.00032126158475875854,0.007540883430511705,3870,1.0,5.28125,6.0
raw,net_profit,100,3168,3199,32,0.00031928718090057373,0.00783961589442212,3902,1.0,5.5625,8.0
raw,net_profit,101,3200,3231,32,-0.0017436370253562927,0.0223390320538319,3934,1.0,5.03125,6.0
raw,net_profit,102,3232,3263,32,-0.890251874923706,1.7331486442205857,3967,1.03125,5.328125,15.0
raw,net_profit,103,3264,3295,32,-0.004447236657142639,0.053202144406227184,3999,1.0,5.53125,8.0
raw,net_profit,104,3296,3327,32,0.0006370097398757935,0.009513753339524622,4031,1.0,5.03125,6.0
raw,net_profit,105,3328,3359,32,0.000851556658744812,0.011866989443712117,4063,1.0,5.15625,8.0
raw,net_profit,106,3360,3391,32,-0.001608043909072876,0.020088930155828973,4095,1.0,5.09375,8.0
raw,net_profit,107,3392,3423,32,-0.0014094412326812744,0.01825891482920877,4127,1.0,5.5,8.0
raw,net_profit,108,3424,3455,32,9.989738464355469e-05,0.004129221588339388,4159,1.0,5.4375,8.0
raw,net_profit,109,3456,3487,32,-0.001651272177696228,0.022335427071026513,4191,1.0,5.34375,8.0
raw,net_profit,110,3488,3519,32,-0.0004087015986442566,0.006182016590516617,4223,1.0,5.015625,8.0
raw,net_profit,111,3520,3551,32,-0.000469014048576355,0.007322572071755847,4255,1.0,5.25,6.0
raw,net_profit,112,3552,3583,32,0.0002050250768661499,0.004716397259632368,4287,1.0,5.953125,15.0
raw,net_profit,113,3584,3615,32,-0.0008681416511535645,0.011148232346291084,4319,1.0,5.09375,8.0
raw,net_profit,114,3616,3647,32,-0.00039312243461608887,0.006540023699893241,4351,1.0,5.34375,6.5
raw,net_profit,115,3648,3679,32,-0.0004869326949119568,0.0071210468959428,4383,1.0,5.203125,6.5
raw,net_profit,116,3680,3711,32,-0.00034402310848236084,0.005908068106088964,4415,1.0,5.328125,6.5
raw,net_profit,117,3712,3743,32,0.00013665854930877686,0.004100775033168466,4447,1.0,5.0,6.0
raw,net_profit,118,3744,3775,32,-0.0017821937799453735,0.022428118801468135,4479,1.0,5.5625,8.0
raw,net_profit,119,3776,3807,32,0.00022400915622711182,0.004669175237805212,4511,1.0,5.0625,6.0
raw,net_profit,120,3808,3839,32,-0.000255391001701355,0.00461425460037337,4543,1.0,5.125,8.0
raw,net_profit,121,3840,3871,32,-0.00023278594017028809,0.00449572923782321,4575,1.0,5.28125,6.0
raw,net_profit,122,3872,3903,32,0.000260084867477417,0.004512881568754823,4607,1.0,4.9375,6.0
raw,net_profit,123,3904,3935,32,0.00041212141513824463,0.005711068191116195,4639,1.0,5.0625,6.0
raw,net_profit,124,3936,3967,32,-0.0004981309175491333,0.007747937743120649,4671,1.0,5.46875,8.0
raw,net_profit,125,3968,3999,32,1.1095255613327026,1.9933039905430028,4703,1.0,4.859375,6.0
raw,net_profit,126,4000,4031,32,-0.0018401965498924255,0.023723022687102618,4735,1.0,5.546875,6.5
raw,net_profit,127,4032,4063,32,0.0004652664065361023,0.006483665274327115,4767,1.0,5.484375,8.0
raw,net_profit,128,4064,4095,32,0.00022707879543304443,0.005263453946814093,4799,1.0,4.765625,6.5
raw,net_profit,129,4096,4127,32,-0.00021107494831085205,0.005481307619563316,4831,1.0,5.390625,8.0
raw,net_profit,130,4128,4159,32,-0.0006954073905944824,0.009770479244549981,4863,1.0,5.4375,6.0
raw,net_profit,131,4160,4191,32,0.0014572292566299438,0.018043992245419894,4895,1.0,5.390625,8.0
raw,net_profit,132,4192,4223,32,-0.941618025302887,1.7866895543878645,4928,1.03125,5.0625,8.0
raw,net_profit,133,4224,4255,32,0.0004390031099319458,0.006918575464794127,4960,1.0,5.421875,6.5
raw,net_profit,134,4256,4287,32,0.0006227195262908936,0.008025901452878096,4992,1.0,4.875,6.0
raw,net_profit,135,4288,4319,32,-0.0011442005634307861,0.015483846760041749,5024,1.0,5.53125,8.0
raw,net_profit,136,4320,4351,32,-0.0018033534288406372,0.022729879640700175,5056,1.0,5.375,6.0
raw,net_profit,137,4352,4383,32,-0.0006203502416610718,0.00934436902785045,5088,1.0,5.234375,8.0
raw,net_profit,138,4384,4415,32,-0.0011861026287078857,0.015201831248851575,5120,1.0,4.859375,6.5
raw,net_profit,139,4416,4447,32,0.00041012465953826904,0.0067010475908744335,5152,1.0,5.0625,6.0
raw,net_profit,140,4448,4479,32,-0.0008365660905838013,0.011387893578133154,5184,1.0,5.34375,8.0
raw,net_profit,141,4480,4511,32,8.77678394317627e-05,0.004059890476564067,5216,1.0,4.78125,6.0
raw,net_profit,142,4512,4543,32,-0.00037851929664611816,0.006136342754701886,5248,1.0,5.546875,8.0
raw,net_profit,143,4544,4575,32,-0.000832676887512207,0.010687374012718444,5280,1.0,4.9375,8.0
raw,net_profit,144,4576,4607,32,0.00107613205909729,0.014098911613460828,5312,1.0,5.015625,8.0
raw,net_profit,145,4608,4639,32,-0.00042811036109924316,0.006064167033535041,5344,1.0,5.21875,6.0
raw,net_profit,146,4640,4671,32,0.0003361254930496216,0.005302253937064229,5376,1.0,5.609375,8.0
raw,net_profit,147,4672,4703,32,-0.0001750066876411438,0.004333051344286958,5408,1.0,5.21875,6.5
raw,net_profit,148,4704,4735,32,-0.0001875162124633789,0.004439248983904613,5440,1.0,5.1875,6.0
raw,net_profit,149,4736,4767,32,-0.0004332810640335083,0.006487953780278624,5472,1.0,5.25,8.0
raw,net_profit,150,4768,4799,32,-0.0004447251558303833,0.0067250002069820765,5504,1.0,4.9375,6.0
raw,net_profit,151,4800,4831,32,0.00035590678453445435,0.00608959697998515,5536,1.0,5.578125,8.0
raw,net_profit,152,4832,4863,32,-0.0015678107738494873,0.019740348074100196,5568,1.0,5.765625,6.5
raw,net_profit,153,4864,4895,32,-0.0016745030879974365,0.021709694889575592,5600,1.0,5.84375,8.0
raw,net_profit,154,4896,4927,32,-0.0008953660726547241,0.012161944493790534,5632,1.0,5.53125,6.0
raw,net_profit,155,4928,4959,32,-0.0009276419878005981,0.01163751225265023,5664,1.0,5.34375,8.0
raw,net_profit,156,4960,4991,32,0.0002652481198310852,0.005901041238905697,5696,1.0,5.03125,6.5
raw,net_profit,157,4992,5023,32,0.0013661235570907593,0.017585681485247036,5728,1.0,5.5,8.0
raw,net_profit,158,5024,5055,32,0.00012311339378356934,0.0034411427726266115,5760,1.0,5.484375,6.5
raw,net_profit,159,5056,5087,32,0.0007035210728645325,0.009258943397493306,5792,1.0,5.265625,8.0
raw,net_profit,160,5088,5119,32,8.15168023109436e-05,0.003692771810430794,5824,1.0,5.421875,8.0
raw,net_profit,161,5120,5151,32,-0.00017067044973373413,0.003953718587719465,5856,1.0,5.46875,8.0
raw,net_profit,162,5152,5183,32,0.0009818673133850098,0.012647115608156295,5888,1.0,5.28125,8.0
raw,net_profit,163,5184,5215,32,-0.00024209916591644287,0.005592730562130895,5920,1.0,5.359375,8.0
raw,net_profit,164,5216,5247,32,0.00012046098709106445,0.0031909670488876043,5952,1.0,5.265625,8.0
raw,net_profit,165,5248,5279,32,0.0005274713039398193,0.00744128365336341,5984,1.0,5.140625,8.0
raw,net_profit,166,5280,5311,32,-0.002040550112724304,0.025408511930267517,6016,1.0,5.125,6.0
raw,net_profit,167,5312,5343,32,-0.00043067336082458496,0.0068938754574226066,6048,1.0,5.5625,8.0
raw,net_profit,168,5344,5375,32,-0.0007651448249816895,0.01035424822880435,6080,1.0,5.40625,6.5
raw,net_profit,169,5376,5407,32,-2.0310282707214355e-05,0.004215680859759636,6112,1.0,5.234375,6.0
raw,net_profit,170,5408,5439,32,0.0005674287676811218,0.00801158552029926,6144,1.0,5.671875,8.0
raw,net_profit,171,5440,5471,32,-0.000878550112247467,0.011288572193831338,6176,1.0,5.859375,15.0
raw,net_profit,172,5472,5503,32,-0.00043248385190963745,0.0072716708711267454,6208,1.0,5.59375,6.5
raw,net_profit,173,5504,5535,32,-6.101280450820923e-05,0.004157842507312961,6240,1.0,5.453125,6.5
raw,net_profit,174,5536,5567,32,-0.0021526291966438293,0.02804021654117533,6272,1.0,5.578125,6.5
raw,net_profit,175,5568,5599,32,-0.0007810890674591064,0.010342721654633538,6304,1.0,5.53125,15.0
raw,net_profit,176,5600,5631,32,9.112805128097534e-05,0.003670221887392286,6336,1.0,5.265625,8.0
raw,net_profit,177,5632,5663,32,0.0007788091897964478,0.01052339362834604,6368,1.0,5.234375,8.0
raw,net_profit,178,5664,5695,32,-0.0013269633054733276,0.016960961224711003,6400,1.0,5.90625,15.0
raw,net_profit,179,5696,5727,32,-0.0005710050463676453,0.008455110987143556,6432,1.0,5.359375,6.5
raw,net_profit,180,5728,5759,32,0.8346601724624634,1.51377437893196,6464,1.0,4.90625,6.5
raw,net_profit,181,5760,5791,32,-0.00029406696557998657,0.004980213594807587,6496,1.0,5.515625,8.0
raw,net_profit,182,5792,5823,32,-0.0006784945726394653,0.009087220834623206,6528,1.0,5.5,8.0
raw,net_profit,183,5824,5855,32,-0.0010522305965423584,0.013986747465482272,6560,1.0,4.6875,6.0
raw,net_profit,184,5856,5887,32,-0.0007231831550598145,0.009737288137897556,6592,1.0,5.03125,6.0
raw,net_profit,185,5888,5919,32,-0.0007803440093994141,0.010734807632748552,6624,1.0,5.515625,8.0
raw,net_profit,186,5920,5951,32,0.0007362514734268188,0.010080589131880903,6656,1.0,4.515625,6.5
raw,net_profit,187,5952,5983,32,-0.0002157464623451233,0.0062194237439232945,6688,1.0,5.453125,8.0
raw,net_profit,188,5984,6015,32,-1.093745231628418e-05,0.005376285755886475,6720,1.0,4.921875,6.5
raw,net_profit,189,6016,6047,32,0.00045974552631378174,0.00739101017640506,6752,1.0,4.859375,6.5
raw,net_profit,190,6048,6079,32,-4.9680471420288086e-05,0.0066272864755849105,6784,1.0,4.625,8.0
raw,net_profit,191,6080,6111,32,-0.0020794644951820374,0.02640469296307509,6816,1.0,5.375,6.0
raw,net_profit,192,6112,6143,32,-0.00074748694896698,0.011794926314158101,6848,1.0,5.296875,8.0
raw,net_profit,193,6144,6175,32,0.8031337857246399,1.65150300145394,6880,1.0,5.375,8.0
raw,net_profit,194,6176,6207,32,0.0008085966110229492,0.011575990120639085,6912,1.0,4.75,6.0
raw,net_profit,195,6208,6239,32,-0.0015952438116073608,0.02017264061346421,6944,1.0,5.40625,15.0
raw,net_profit,196,6240,6271,32,-0.0049644336104393005,0.0566569575140673,6976,1.0,5.578125,8.0
raw,net_profit,197,6272,6303,32,-0.004566013813018799,0.05054164914580461,7008,1.0,5.359375,6.0
raw,net_profit,198,6304,6335,32,-0.0015247613191604614,0.019975663064718326,7040,1.0,4.90625,6.0
raw,net_profit,199,6336,6367,32,0.0006026625633239746,0.013614074616529658,7072,1.0,4.984375,8.0
raw,net_profit,200,6368,6399,32,-0.0025447532534599304,0.030418766038237604,7104,1.0,5.359375,8.0
raw,net_profit,201,6400,6431,32,0.0036963187158107758,0.042441873452444226,7136,1.0,5.359375,8.0
raw,net_profit,202,6432,6463,32,0.0031888335943222046,0.04071409280137598,7168,1.0,5.0,8.0
raw,net_profit,203,6464,6495,32,-0.006956569850444794,0.0780341550556983,7200,1.0,5.65625,8.0
raw,net_profit,204,6496,6527,32,-0.0031752288341522217,0.03880584644929767,7232,1.0,5.203125,6.5
raw,net_profit,205,6528,6559,32,-0.002155739814043045,0.029837835606882843,7264,1.0,5.203125,6.5
raw,net_profit,206,6560,6591,32,-0.003173578530550003,0.04329105825451434,7296,1.0,5.5625,6.5
raw,net_profit,207,6592,6623,32,-0.001907404512166977,0.026934166603705654,7328,1.0,5.515625,6.5
raw,net_profit,208,6624,6655,32,0.00043345987796783447,0.01941612019163659,7360,1.0,5.421875,8.0
raw,net_profit,209,6656,6687,32,-0.0032081790268421173,0.03853098576348102,7392,1.0,5.421875,8.0
raw,net_profit,210,6688,6719,32,0.0008222311735153198,0.022335211760639472,7424,1.0,5.375,8.0
raw,net_profit,211,6720,6751,32,-0.0029999390244483948,0.03867125149213477,7456,1.0,5.21875,8.0
raw,net_profit,212,6752,6783,32,-0.0047433264553546906,0.05278349337023388,7488,1.0,5.40625,6.0
raw,net_profit,213,6784,6815,32,-0.005327627062797546,0.058089981518678245,7520,1.0,5.25,6.0
raw,net_profit,214,6816,6847,32,-0.016535066068172455,0.17076497568146276,7552,1.0,5.484375,8.0
raw,net_profit,215,6848,6879,32,-0.010335355997085571,0.10380194523197316,7584,1.0,5.25,8.0
raw,net_profit,216,6880,6911,32,0.0015219077467918396,0.025082494691090983,7616,1.0,5.1875,6.0
raw,net_profit,217,6912,6943,32,-0.0061246976256370544,0.07005002945142039,7648,1.0,5.53125,6.0
raw,net_profit,218,6944,6975,32,0.513041615486145,1.2066202613439565,7680,1.0,4.5625,6.0
raw,net_profit,219,6976,7007,32,-0.003825876861810684,0.05216488957545319,7712,1.0,5.203125,6.5
raw,net_profit,220,7008,7039,32,-0.00766388326883316,0.0797488505312535,7744,1.0,5.09375,8.0
raw,net_profit,221,7040,7071,32,0.6629268527030945,1.3502256657794958,7778,1.0625,5.40625,8.0
raw,net_profit,222,7072,7103,32,0.6677927374839783,1.503949245994663,7810,1.0,5.15625,6.5
raw,net_profit,223,7104,7135,32,0.007422924041748047,0.07526629794493818,7842,1.0,5.34375,8.0
raw,net_profit,224,7136,7167,32,-0.003918427973985672,0.07343435192664557,7874,1.0,5.328125,8.0
raw,net_profit,225,7168,7199,32,-0.37886059284210205,1.34703643455669,7907,1.03125,5.109375,6.5
raw,net_profit,226,7200,7231,32,0.5040419697761536,1.0009094557875267,7939,1.0,5.328125,15.0
raw,net_profit,227,7232,7263,32,-0.6499301195144653,1.266299547522311,7971,1.0,5.171875,6.0
raw,net_profit,228,7264,7295,32,-0.05363564193248749,0.44651575612150496,8003,1.0,5.703125,8.0
raw,net_profit,229,7296,7327,32,-0.21501076221466064,1.1077928265531491,8036,1.03125,5.078125,8.0
raw,net_profit,230,7328,7359,32,-0.6336280107498169,1.264643571048491,8068,1.0,5.296875,6.5
raw,net_profit,231,7360,7391,32,0.0032903477549552917,0.08706077739797989,8100,1.0,5.4375,15.0
raw,net_profit,232,7392,7423,32,-0.013402089476585388,0.16269548097565634,8132,1.0,5.234375,6.0
raw,net_profit,233,7424,7455,32,-0.026489388197660446,0.21663502196492546,8164,1.0,5.09375,6.5
raw,net_profit,234,7456,7487,32,0.0002530589699745178,0.09379098715653389,8196,1.0,4.859375,6.5
raw,net_profit,235,7488,7519,32,-0.6461063027381897,1.6047803708448363,8228,1.0,4.84375,8.0
raw,net_profit,236,7520,7551,32,-0.7353641986846924,0.9722166729942961,8260,1.0,5.40625,6.5
raw,net_profit,237,7552,7583,32,-0.4581075608730316,0.81270377360359,8293,1.03125,5.03125,8.0
raw,net_profit,238,7584,7615,32,-0.6298168301582336,0.97216979028786,8325,1.0,5.40625,8.0
raw,net_profit,239,7616,7647,32,0.008712723851203918,0.1089278363242901,8357,1.0,4.9375,6.0
raw,net_profit,240,7648,7679,32,-0.030000537633895874,0.2535840774480073,8389,1.0,5.15625,6.0
raw,net_profit,241,7680,7711,32,0.030907869338989258,0.26035429582092945,8421,1.0,4.625,6.0
raw,net_profit,242,7712,7743,32,-0.057698674499988556,0.5171467121234209,8453,1.0,5.75,6.0
raw,net_profit,243,7744,7775,32,-0.013987764716148376,0.12954689560776403,8485,1.0,4.96875,6.0
raw,net_profit,244,7776,7807,32,0.8037294745445251,1.853529316699299,8518,1.03125,5.1875,8.0
raw,net_profit,245,7808,7839,32,0.0022638924419879913,0.04929957158724533,8550,1.0,4.953125,6.5
raw,net_profit,246,7840,7871,32,-0.8026630878448486,1.6350582106671474,8582,1.0,4.84375,8.0
raw,net_profit,247,7872,7903,32,0.24448361992835999,0.6828660263796151,8615,1.03125,5.515625,15.0
raw,net_profit,248,7904,7935,32,-0.03439471125602722,0.29943687327540347,8647,1.0,5.1875,8.0
raw,net_profit,249,7936,7967,32,-0.018928974866867065,0.1861199307639622,8679,1.0,5.28125,8.0
raw,net_profit,250,7968,7999,32,-0.01886671781539917,0.16692817179537559,8711,1.0,5.359375,8.0
raw,net_profit,251,8000,8031,32,0.27358493208885193,0.4309790909749401,8744,1.03125,4.78125,6.0
raw,net_profit,252,8032,8063,32,-0.6018381118774414,1.2839833567816388,8778,1.0625,5.21875,8.0
raw,net_profit,253,8064,8095,32,-0.01971016824245453,0.19952420191840692,8810,1.0,5.4375,8.0
raw,net_profit,254,8096,8127,32,-1.133739709854126,2.3939381342127346,8844,1.0625,5.40625,8.0
raw,net_profit,255,8128,8159,32,-0.0003948807716369629,0.055316198516661634,8876,1.0,5.28125,6.5
raw,net_profit,256,8160,8191,32,-0.042607828974723816,0.3657231690690776,8908,1.0,5.21875,6.0
raw,net_profit,257,8192,8223,32,0.010204266756772995,0.11045866273200321,8940,1.0,5.296875,6.5
raw,net_profit,258,8224,8255,32,-0.024009771645069122,0.21539948478657214,8972,1.0,5.25,8.0
raw,net_profit,259,8256,8287,32,0.002065308392047882,0.04060543849613013,9004,1.0,5.0625,6.0
raw,net_profit,260,8288,8319,32,-0.025020986795425415,0.23414942099992048,9036,1.0,5.28125,8.0
raw,net_profit,261,8320,8351,32,-0.003109261393547058,0.04751988584284742,9068,1.0,5.03125,6.0
raw,net_profit,262,8352,8383,32,0.01565764844417572,0.1549132645825392,9100,1.0,4.515625,6.5
raw,net_profit,263,8384,8415,32,0.662483274936676,1.480359215391118,9132,1.0,5.34375,8.0
raw,net_profit,264,8416,8447,32,0.0005139783024787903,0.03268093997843083,9164,1.0,5.390625,6.5
raw,net_profit,265,8448,8479,32,-0.008554354310035706,0.10133025522061526,9196,1.0,4.96875,6.0
raw,net_profit,266,8480,8511,32,-0.023959755897521973,0.20295335431108152,9228,1.0,5.453125,8.0
raw,net_profit,267,8512,8543,32,-0.6854232549667358,1.6066730731285588,9261,1.03125,4.84375,6.0
raw,net_profit,268,8544,8575,32,-0.0048467665910720825,0.056625815057183226,9293,1.0,5.09375,6.5
raw,net_profit,269,8576,8607,32,-0.003211747854948044,0.053880793053831484,9325,1.0,5.265625,6.0
raw,net_profit,270,8608,8639,32,-0.009715460240840912,0.10672678595709433,9357,1.0,5.578125,6.5
raw,net_profit,271,8640,8671,32,-0.02228900045156479,0.21430908166840365,9389,1.0,5.484375,8.0
raw,net_profit,272,8672,8703,32,0.0003946051001548767,0.031258105704488386,9421,1.0,5.21875,8.0
raw,net_profit,273,8704,8735,32,-0.003854401409626007,0.04567064353358635,9453,1.0,5.34375,6.5
raw,net_profit,274,8736,8767,32,0.933476984500885,1.8198681016236338,9487,1.0625,5.21875,8.0
raw,net_profit,275,8768,8799,32,0.48043057322502136,1.1707741387976076,9520,1.03125,5.171875,6.5
raw,net_profit,276,8800,8831,32,0.020604755729436874,0.1979928844363243,9552,1.0,5.171875,8.0
raw,net_profit,277,8832,8863,32,-0.4186922311782837,1.014558163684863,9585,1.03125,4.75,6.0
raw,net_profit,278,8864,8895,32,0.3176126778125763,0.7874509177797093,9618,1.03125,5.375,8.0
raw,net_profit,279,8896,8927,32,-0.8889063000679016,1.667219854594219,9650,1.0,5.125,6.0
raw,net_profit,280,8928,8959,32,0.016830801963806152,1.3159162888157616,9683,1.03125,5.484375,8.0
raw,net_profit,281,8960,8991,32,0.003152191638946533,0.05454739674236538,9715,1.0,5.53125,8.0
raw,net_profit,282,8992,9023,32,0.7377648949623108,1.3087165605085715,9747,1.0,5.15625,8.0
raw,net_profit,283,9024,9055,32,-0.6094988584518433,1.123156228518268,9780,1.03125,5.28125,6.5
raw,net_profit,284,9056,9087,32,0.5174291729927063,1.6775853684990543,9812,1.0,5.4375,6.0
raw,net_profit,285,9088,9119,32,0.42024901509284973,1.0356526580342433,9845,1.03125,5.09375,6.0
raw,net_profit,286,9120,9151,32,-0.02242894470691681,0.20241392334967512,9877,1.0,5.140625,8.0
raw,net_profit,287,9152,9183,32,0.007281497120857239,0.10275795464398176,9909,1.0,4.8125,8.0
raw,net_profit,288,9184,9215,32,0.35675016045570374,0.8624297019813579,9942,1.03125,5.484375,8.0
raw,net_profit,289,9216,9247,32,-0.09802203625440598,0.7783883289839441,9977,1.09375,5.203125,8.0
raw,net_profit,290,9248,9279,32,0.7204777002334595,1.4924523819221378,10010,1.03125,5.640625,15.0
raw,net_profit,291,9280,9311,32,-0.02404877543449402,1.4890672973383476,10043,1.03125,5.28125,6.0
raw,net_profit,292,9312,9343,32,-0.004016611725091934,0.1813737723355563,10075,1.0,4.78125,8.0
raw,net_profit,293,9344,9375,32,-0.3816825747489929,0.7084291149062539,10108,1.03125,5.390625,6.5
raw,net_profit,294,9376,9407,32,-1.767737865447998,3.6670086686266767,10140,1.0,5.515625,8.0
raw,net_profit,295,9408,9439,32,0.27669814229011536,1.2779544019698006,10176,1.125,4.625,6.0
raw,net_profit,296,9440,9471,32,-0.49543195962905884,1.3931293177383621,10208,1.0,5.390625,8.0
raw,net_profit,297,9472,9503,32,-0.3716362416744232,1.3304546959892862,10241,1.03125,5.0625,8.0
raw,net_profit,298,9504,9535,32,0.9067460298538208,2.414092224646387,10276,1.09375,4.96875,6.5
raw,net_profit,299,9536,9567,32,-0.49498575925827026,0.7792135676347023,10309,1.03125,5.484375,8.0
raw,net_profit,300,9568,9599,32,-0.444202721118927,1.4729926455748352,10342,1.03125,5.15625,8.0
raw,net_profit,301,9600,9631,32,-0.39975035190582275,0.9614798073933792,10375,1.03125,5.15625,6.0
raw,net_profit,302,9632,9663,32,-0.5443272590637207,0.9889004482755203,10407,1.0,5.46875,8.0
raw,net_profit,303,9664,9695,32,0.0066898539662361145,0.17486841637938472,10439,1.0,5.1875,8.0
raw,net_profit,304,9696,9727,32,-0.6256090998649597,1.1329518953448772,10473,1.0625,5.40625,8.0
raw,net_profit,305,9728,9759,32,-0.5807045698165894,1.250548515642753,10506,1.03125,5.328125,6.5
raw,net_profit,306,9760,9791,32,-1.0425885915756226,2.019801773728629,10541,1.09375,5.359375,8.0
raw,net_profit,307,9792,9823,32,0.033849067986011505,0.7978487023153592,10573,1.0,5.078125,8.0
raw,net_profit,308,9824,9855,32,-0.0012694895267486572,0.06696758744308745,10605,1.0,5.03125,8.0
raw,net_profit,309,9856,9887,32,-0.0035148225724697113,0.07029526130434326,10637,1.0,5.453125,8.0
raw,net_profit,310,9888,9919,32,-0.7309977412223816,1.2718484303604984,10670,1.03125,5.203125,6.0
raw,net_profit,311,9920,9951,32,-0.5021740198135376,0.7529582279727416,10703,1.03125,5.34375,8.0
raw,net_profit,312,9952,9983,32,-0.005525127053260803,0.05352736296730152,10735,1.0,5.0625,6.5
raw,net_profit,313,9984,10015,32,-0.581594705581665,1.1865611670454779,10768,1.03125,4.546875,6.0
raw,net_profit,314,10016,10047,32,0.00583803653717041,0.056361289052225844,10800,1.0,5.671875,8.0
raw,net_profit,315,10048,10079,32,0.007505595684051514,0.07557021754298304,10832,1.0,4.8125,8.0
raw,net_profit,316,10080,10111,32,0.0010380223393440247,0.01992058574105766,10864,1.0,5.328125,8.0
raw,net_profit,317,10112,10143,32,-0.006584644317626953,0.07387383682730023,10896,1.0,5.09375,6.0
raw,net_profit,318,10144,10175,32,-0.005068600177764893,0.056830546373129585,10928,1.0,5.34375,6.5
raw,net_profit,319,10176,10207,32,0.001291610300540924,0.01812111910590122,10960,1.0,5.375,8.0
raw,net_profit,320,10208,10239,32,-0.0023479610681533813,0.0279218805619159,10992,1.0,5.3125,6.5
raw,net_profit,321,10240,10271,32,-0.00107496976852417,0.015247443279429283,11024,1.0,5.328125,6.5
raw,net_profit,322,10272,10303,32,-0.0028468146920204163,0.03261043770310084,11056,1.0,5.484375,6.5
raw,net_profit,323,10304,10335,32,-0.0022410303354263306,0.03035032691030355,11088,1.0,5.5,8.0
raw,net_profit,324,10336,10367,32,0.00032432377338409424,0.006729614013308663,11120,1.0,5.0625,8.0
raw,net_profit,325,10368,10399,32,0.0008018165826797485,0.011554977411662021,11152,1.0,5.109375,8.0
raw,net_profit,326,10400,10431,32,0.00018294155597686768,0.005420200196594536,11184,1.0,5.21875,8.0
raw,net_profit,327,10432,10463,32,0.0008151531219482422,0.012453046265516325,11216,1.0,5.390625,8.0
raw,net_profit,328,10464,10495,32,-0.0007438063621520996,0.011118827486962515,11248,1.0,5.5,6.0
raw,net_profit,329,10496,10527,32,0.008154496550559998,0.08624700649419528,11280,1.0,5.0,8.0
raw,net_profit,330,10528,10559,32,-0.000227317214012146,0.003446967469624102,11312,1.0,5.15625,6.5
raw,net_profit,331,10560,10591,32,-0.0012479126453399658,0.016715286887914144,11344,1.0,5.625,8.0
raw,net_profit,332,10592,10623,32,-3.291666507720947e-05,0.002658190743409138,11376,1.0,5.125,8.0
raw,net_profit,333,10624,10655,32,-0.00044076889753341675,0.007091905934049649,11408,1.0,5.21875,8.0
raw,net_profit,334,10656,10687,32,-0.0007672756910324097,0.010391398325454977,11440,1.0,5.15625,6.0
raw,net_profit,335,10688,10719,32,-0.001539386808872223,0.019463000385129887,11472,1.0,5.5625,6.5
raw,net_profit,336,10720,10751,32,0.0013783201575279236,0.01794733082167363,11505,1.03125,5.25,15.0
raw,net_profit,337,10752,10783,32,0.000943697988986969,0.01319752021075526,11537,1.0,4.890625,6.5
raw,net_profit,338,10784,10815,32,-6.243586540222168e-05,0.002039559911697972,11569,1.0,4.40625,6.0
raw,net_profit,339,10816,10847,32,0.000321805477142334,0.005700171710653945,11601,1.0,4.71875,6.0
raw,net_profit,340,10848,10879,32,-0.0024399906396865845,0.028686862600033277,11633,1.0,5.734375,8.0
raw,net_profit,341,10880,10911,32,-0.0005714744329452515,0.00831398270872632,11665,1.0,5.53125,8.0
raw,net_profit,342,10912,10943,32,-0.0006029009819030762,0.008761279174550688,11697,1.0,5.28125,6.0
raw,net_profit,343,10944,10975,32,-0.0005378127098083496,0.007484317140285922,11729,1.0,5.125,6.0
raw,net_profit,344,10976,11007,32,8.548051118850708e-05,0.002956086021312524,11761,1.0,5.140625,6.5
raw,net_profit,345,11008,11039,32,-0.0002545565366744995,0.005475542104767796,11793,1.0,5.5,8.0
raw,net_profit,346,11040,11071,32,0.0005953013896942139,0.007427122446206363,11825,1.0,5.28125,6.5
raw,net_profit,347,11072,11103,32,0.00033670663833618164,0.005830752427778487,11857,1.0,5.4375,8.0
raw,net_profit,348,11104,11135,32,-6.867945194244385e-05,0.0019711306623201364,11889,1.0,4.75,8.0
raw,net_profit,349,11136,11167,32,-0.0004571974277496338,0.008757542665226612,11921,1.0,5.65625,15.0
raw,net_profit,350,11168,11199,32,0.00016011297702789307,0.002729898382723636,11953,1.0,5.0625,6.0
raw,net_profit,351,11200,11231,32,-0.00048314034938812256,0.006974254039930977,11985,1.0,4.84375,6.0
raw,net_profit,352,11232,11263,32,-0.0001195073127746582,0.0026944083583308885,12017,1.0,5.3125,8.0
raw,net_profit,353,11264,11295,32,-0.0004779919981956482,0.007057148063989034,12049,1.0,5.359375,6.5
raw,net_profit,354,11296,11327,32,0.001068711280822754,0.013578065090228741,12081,1.0,5.09375,6.0
raw,net_profit,355,11328,11359,32,-0.0006709247827529907,0.00949692027721149,12113,1.0,4.84375,6.0
raw,net_profit,356,11360,11391,32,0.0007020831108093262,0.009004032331652083,12145,1.0,5.125,8.0
raw,net_profit,357,11392,11423,32,-0.0005402117967605591,0.010061542191646436,12177,1.0,5.65625,6.0
raw,net_profit,358,11424,11455,32,0.0001574307680130005,0.002774970494883114,12209,1.0,5.28125,8.0
raw,net_profit,359,11456,11487,32,-0.0002071857452392578,0.003920774653867711,12241,1.0,5.3125,6.0
raw,net_profit,360,11488,11519,32,-0.00032286345958709717,0.004506417840227893,12273,1.0,4.90625,8.0
raw,net_profit,361,11520,11551,32,-0.0012305080890655518,0.01680307541771873,12305,1.0,5.578125,8.0
raw,net_profit,362,11552,11583,32,-0.0007025822997093201,0.009041485514121086,12337,1.0,5.109375,6.5
raw,net_profit,363,11584,11615,32,-2.3655593395233154e-05,0.001989733204535626,12369,1.0,5.671875,8.0
raw,net_profit,364,11616,11647,32,-0.002026110887527466,0.025879075708808853,12401,1.0,5.390625,6.5
raw,net_profit,365,11648,11679,32,-0.0004625469446182251,0.006207027862369786,12433,1.0,5.28125,8.0
raw,net_profit,366,11680,11711,32,-0.0002948939800262451,0.004696773383978264,12465,1.0,5.4375,8.0
raw,net_profit,367,11712,11743,32,0.0002255365252494812,0.003045716934482005,12497,1.0,5.734375,8.0
raw,net_profit,368,11744,11775,32,0.0009469389915466309,0.011831362353889891,12529,1.0,4.78125,8.0
raw,net_profit,369,11776,11807,32,-0.0017645210027694702,0.021736717268740387,12561,1.0,5.265625,6.0
raw,net_profit,370,11808,11839,32,0.0001236945390701294,0.002657806428882402,12593,1.0,5.09375,8.0
raw,net_profit,371,11840,11871,32,0.0016499608755111694,0.019548099297269698,12625,1.0,5.25,6.5
raw,net_profit,372,11872,11903,32,-0.0011004656553268433,0.013672410619345331,12657,1.0,4.984375,8.0
raw,net_profit,373,11904,11935,32,-0.001685597002506256,0.021010807006375046,12689,1.0,5.203125,8.0
raw,net_profit,374,11936,11967,32,0.00033599138259887695,0.004665856431767791,12721,1.0,5.65625,8.0
raw,net_profit,375,11968,11999,32,0.0004953891038894653,0.007150449264940582,12753,1.0,5.296875,6.5
raw,net_profit,376,12000,12031,32,0.00042387843132019043,0.005936890523488944,12785,1.0,4.8125,8.0
raw,net_profit,377,12032,12063,32,0.0004567280411720276,0.006675508047345862,12817,1.0,4.8125,6.5
raw,net_profit,378,12064,12095,32,0.00018961727619171143,0.0032747434422371637,12849,1.0,4.578125,8.0
raw,net_profit,379,12096,12127,32,-0.0012540817260742188,0.01571226572399096,12881,1.0,5.0625,6.0
raw,net_profit,380,12128,12159,32,0.0010913684964179993,0.014221204208324598,12913,1.0,5.234375,8.0
raw,net_profit,381,12160,12191,32,-0.0012112259864807129,0.015424670115733145,12945,1.0,5.28125,8.0
raw,net_profit,382,12192,12223,32,-0.0006345361471176147,0.009157535536266623,12977,1.0,5.359375,6.5
raw,net_profit,383,12224,12255,32,0.00032007694244384766,0.0049199400126112855,13009,1.0,5.21875,6.0
raw,net_profit,384,12256,12287,32,-0.00047460198402404785,0.006217627660090434,13041,1.0,4.796875,6.0
raw,net_profit,385,12288,12319,32,-0.0005367472767829895,0.0072791319006404506,13073,1.0,5.296875,8.0
raw,net_profit,386,12320,12351,32,0.0015482529997825623,0.01859573282229908,13105,1.0,5.375,8.0
raw,net_profit,387,12352,12383,32,-0.0002789795398712158,0.004100121451399173,13137,1.0,5.265625,6.5
raw,net_profit,388,12384,12415,32,-0.0015358105301856995,0.01984523169883198,13169,1.0,5.203125,6.0
raw,net_profit,389,12416,12447,32,-0.003058120608329773,0.03429679059281819,13201,1.0,5.0,8.0
raw,net_profit,390,12448,12479,32,-0.0002442002296447754,0.004422542904565285,13233,1.0,5.3125,6.0
raw,net_profit,391,12480,12511,32,0.0005335137248039246,0.0073464635920035305,13265,1.0,5.28125,8.0
raw,net_profit,392,12512,12543,32,0.0003800392150878906,0.005288529063500522,13297,1.0,5.40625,6.0
raw,net_profit,393,12544,12575,32,-0.0007333904504776001,0.010739766169368399,13329,1.0,5.59375,8.0
raw,net_profit,394,12576,12607,32,-0.00013911724090576172,0.002907073150067293,13361,1.0,5.640625,8.0
raw,net_profit,395,12608,12639,32,-0.0005417764186859131,0.007848418589743675,13393,1.0,5.5625,8.0
raw,net_profit,396,12640,12671,32,-0.0001671910285949707,0.004454529451716328,13425,1.0,4.90625,8.0
raw,net_profit,397,12672,12703,32,-0.0014200285077095032,0.01812161003142146,13457,1.0,5.421875,8.0
raw,net_profit,398,12704,12735,32,-0.00017302483320236206,0.00441824439718193,13489,1.0,5.484375,6.5
raw,net_profit,399,12736,12767,32,0.0008566528558731079,0.010749598643361832,13521,1.0,4.765625,8.0
raw,net_profit,400,12768,12799,32,0.00020729005336761475,0.005632247215029103,13553,1.0,5.0625,6.0
raw,net_profit,401,12800,12831,32,0.00022520124912261963,0.003377202827625334,13585,1.0,4.90625,8.0
raw,net_profit,402,12832,12863,32,0.0003988891839981079,0.005604804382757588,13617,1.0,4.71875,6.0
raw,net_profit,403,12864,12895,32,-0.001027718186378479,0.013983236411437998,13649,1.0,5.375,6.0
raw,net_profit,404,12896,12927,32,0.00026882439851760864,0.006284036924386171,13681,1.0,5.265625,8.0
raw,net_profit,405,12928,12959,32,-0.0005368292331695557,0.007531887379306029,13713,1.0,5.1875,8.0
raw,net_profit,406,12960,12991,32,0.0003041774034500122,0.004514888323741551,13745,1.0,5.09375,6.0
raw,net_profit,407,12992,13023,32,0.00010719895362854004,0.005782285366931228,13777,1.0,5.25,8.0
raw,net_profit,408,13024,13055,32,0.00012826919555664062,0.0031290057711857947,13809,1.0,4.65625,6.0
raw,net_profit,409,13056,13087,32,-0.0015228837728500366,0.018937909399955058,13841,1.0,5.0625,6.0
raw,net_profit,410,13088,13119,32,0.00011993944644927979,0.005192261323144785,13873,1.0,5.109375,8.0
raw,net_profit,411,13120,13151,32,0.00024584680795669556,0.003601647157425629,13905,1.0,5.59375,15.0
raw,net_profit,412,13152,13183,32,-0.0002860724925994873,0.004534718632224589,13937,1.0,5.6875,8.0
raw,net_profit,413,13184,13215,32,-0.0011036619544029236,0.01373466259122568,13969,1.0,5.546875,8.0
raw,net_profit,414,13216,13247,32,-0.0003062635660171509,0.004597156097417106,14001,1.0,5.5,6.0
raw,net_profit,415,13248,13279,32,-8.411705493927002e-05,0.003765153273712791,14033,1.0,5.25,6.0
raw,net_profit,416,13280,13311,32,0.002256743609905243,0.028660469205162176,14065,1.0,5.421875,15.0
raw,net_profit,417,13312,13343,32,-0.0008628666400909424,0.012248636120355635,14097,1.0,5.28125,6.0
raw,net_profit,418,13344,13375,32,-0.0007543563842773438,0.00987397793116951,14129,1.0,5.09375,6.5
raw,net_profit,419,13376,13407,32,-1.1175870895385742e-05,0.002212876409746057,14161,1.0,5.296875,6.5
raw,net_profit,420,13408,13439,32,-0.000609174370765686,0.008439465536486428,14193,1.0,5.25,6.5
raw,net_profit,421,13440,13471,32,-0.0010518580675125122,0.013890340650967607,14225,1.0,5.453125,8.0
raw,net_profit,422,13472,13503,32,2.4631619453430176e-05,0.0015916313730077783,14257,1.0,5.15625,8.0
raw,net_profit,423,13504,13535,32,-0.00016190111637115479,0.004601621615408033,14289,1.0,5.3125,6.5
raw,net_profit,424,13536,13567,32,-0.000493958592414856,0.007194493060544382,14321,1.0,5.3125,8.0
raw,net_profit,425,13568,13599,32,-0.0005552321672439575,0.008385560884039252,14353,1.0,5.09375,6.0
raw,net_profit,426,13600,13631,32,-0.00036973506212234497,0.004824249346360088,14385,1.0,4.984375,6.5
raw,net_profit,427,13632,13663,32,0.0001432076096534729,0.002587845117048147,14417,1.0,5.328125,8.0
raw,net_profit,428,13664,13695,32,-0.00015185773372650146,0.004454107057379232,14449,1.0,5.765625,15.0
raw,net_profit,429,13696,13727,32,-0.0004865601658821106,0.00703783588788728,14481,1.0,5.328125,8.0
raw,net_profit,430,13728,13759,32,0.00013315677642822266,0.003363278247122709,14513,1.0,5.4375,8.0
raw,net_profit,431,13760,13791,32,0.0005995556712150574,0.008413928522087047,14545,1.0,5.28125,8.0
raw,net_profit,432,13792,13823,32,-0.0009492039680480957,0.01197869438083824,14577,1.0,4.96875,6.0
raw,net_profit,433,13824,13855,32,5.8025121688842773e-05,0.0027738506652366214,14609,1.0,4.890625,6.5
raw,net_profit,434,13856,13887,32,0.0001928284764289856,0.0033638138244429096,14641,1.0,5.453125,6.5
raw,net_profit,435,13888,13919,32,-0.0009750872850418091,0.013217829557195101,14673,1.0,5.46875,6.0
raw,net_profit,436,13920,13951,32,-0.002424478530883789,0.031242057902217263,14705,1.0,5.46875,6.0
raw,net_profit,437,13952,13983,32,7.256865501403809e-06,0.0018251584152916066,14737,1.0,5.09375,6.0
raw,net_profit,438,13984,14015,32,0.000774681568145752,0.010265539081868568,14769,1.0,5.171875,8.0
raw,net_profit,439,14016,14047,32,0.00019699335098266602,0.0033947607227452522,14801,1.0,5.0625,8.0
raw,net_profit,440,14048,14079,32,-0.00017629563808441162,0.004061198119643286,14833,1.0,5.328125,6.5
raw,net_profit,441,14080,14111,32,-0.0012134164571762085,0.015319402597681662,14865,1.0,5.03125,6.0
raw,net_profit,442,14112,14143,32,-0.0007267966866493225,0.00995729723689786,14897,1.0,5.359375,8.0
raw,net_profit,443,14144,14175,32,0.6577764749526978,1.3173622386416008,14930,1.03125,5.28125,8.0
raw,net_profit,444,14176,14207,32,0.0012976676225662231,0.015435591773423794,14962,1.0,5.1875,8.0
raw,net_profit,445,14208,14239,32,0.0002265647053718567,0.006767957466215506,14994,1.0,5.34375,8.0
raw,net_profit,446,14240,14271,32,-0.0011222288012504578,0.015131556096179995,15026,1.0,5.359375,6.0
raw,net_profit,447,14272,14303,32,0.0006912127137184143,0.010220319144318049,15058,1.0,4.765625,8.0
raw,net_profit,448,14304,14335,32,-0.0003078728914260864,0.006450555177603858,15090,1.0,5.03125,8.0
raw,net_profit,449,14336,14367,32,-0.0005852952599525452,0.008644620460094114,15122,1.0,5.375,8.0
raw,net_profit,450,14368,14399,32,0.0009705275297164917,0.014766903762022063,15154,1.0,5.28125,8.0
raw,net_profit,451,14400,14431,32,-0.00122775137424469,0.0171994904930069,15186,1.0,5.546875,8.0
raw,net_profit,452,14432,14463,32,-6.642937660217285e-05,0.005201240618192767,15218,1.0,5.15625,6.0
raw,net_profit,453,14464,14495,32,-0.0037509799003601074,0.04247491326780108,15250,1.0,5.25,8.0
raw,net_profit,454,14496,14527,32,0.0014688968658447266,0.018559947032376244,15282,1.0,5.265625,8.0
raw,net_profit,455,14528,14559,32,0.00039346516132354736,0.006700280672831146,15314,1.0,5.4375,6.0
raw,net_profit,456,14560,14591,32,-0.002567209303379059,0.032040397137147646,15346,1.0,5.828125,8.0
raw,net_profit,457,14592,14623,32,-0.0032238587737083435,0.03982793207072952,15378,1.0,5.0625,6.5
raw,net_profit,458,14624,14655,32,0.0016108006238937378,0.019813624706734773,15410,1.0,5.15625,6.0
raw,net_profit,459,14656,14687,32,0.00018658488988876343,0.011726093487149359,15442,1.0,5.59375,8.0
raw,net_profit,460,14688,14719,32,-0.0019527450203895569,0.02512247279855709,15474,1.0,5.375,6.0
raw,net_profit,461,14720,14751,32,0.0018072351813316345,0.030584940620448003,15506,1.0,5.421875,8.0
raw,net_profit,462,14752,14783,32,0.0015574097633361816,0.019040915243261514,15538,1.0,5.25,8.0
raw,net_profit,463,14784,14815,32,-0.002805367112159729,0.03460093576613323,15570,1.0,5.28125,6.0
raw,net_profit,464,14816,14847,32,0.0036955103278160095,0.03933921132041915,15602,1.0,5.3125,8.0
raw,net_profit,465,14848,14879,32,-0.001667603850364685,0.02032763093255667,15634,1.0,5.4375,8.0
raw,net_profit,466,14880,14911,32,-0.0036487430334091187,0.044558511058660016,15666,1.0,4.90625,6.0
raw,net_profit,467,14912,14943,32,-0.0025695860385894775,0.02860192930917873,15698,1.0,5.625,8.0
raw,net_profit,468,14944,14975,32,-0.00241195410490036,0.029796778765856038,15730,1.0,5.671875,8.0
raw,net_profit,469,14976,15007,32,0.0021062642335891724,0.027296867054839077,15762,1.0,5.4375,8.0
raw,net_profit,470,15008,15039,32,1.1653268337249756,2.067438894136162,15794,1.0,5.234375,8.0
raw,net_profit,471,15040,15071,32,0.003181472420692444,0.03482604813576008,15826,1.0,5.140625,6.5
raw,net_profit,472,15072,15103,32,-0.0017165765166282654,0.0256581326295407,15858,1.0,5.359375,8.0
raw,net_profit,473,15104,15135,32,-0.001087769865989685,0.018628659939776946,15890,1.0,4.90625,6.0
raw,net_profit,474,15136,15167,32,0.002636052668094635,0.03410574681999435,15922,1.0,5.40625,8.0
raw,net_profit,475,15168,15199,32,-0.00469285249710083,0.05100255368881598,15954,1.0,5.59375,8.0
raw,net_profit,476,15200,15231,32,-0.006630659103393555,0.06816602818661782,15986,1.0,5.15625,6.0
raw,net_profit,477,15232,15263,32,-0.006693899631500244,0.06236417965827678,16018,1.0,5.40625,8.0
raw,net_profit,478,15264,15295,32,-0.007856488227844238,0.08087705016996925,16050,1.0,5.328125,8.0
raw,net_profit,479,15296,15327,32,-0.009568944573402405,0.1006248253262014,16082,1.0,5.3125,8.0
raw,net_profit,480,15328,15359,32,0.00496518611907959,0.04662568059006465,16114,1.0,4.65625,8.0
raw,net_profit,481,15360,15391,32,-0.009331591427326202,0.08786157368078082,16146,1.0,5.25,8.0
raw,net_profit,482,15392,15423,32,0.3801347613334656,0.8342144670708846,16179,1.03125,5.15625,8.0
raw,net_profit,483,15424,15455,32,-0.003981590270996094,0.04310283031109562,16211,1.0,5.109375,8.0
raw,net_profit,484,15456,15487,32,-0.010442622005939484,0.10350118512835442,16243,1.0,5.328125,6.5
raw,net_profit,485,15488,15519,32,-0.007455945014953613,0.07917767457287582,16275,1.0,5.140625,6.5
raw,net_profit,486,15520,15551,32,0.004762370139360428,0.06397097665701915,16307,1.0,5.609375,8.0
raw,net_profit,487,15552,15583,32,-0.03753604739904404,0.3351301276026495,16339,1.0,5.671875,8.0
raw,net_profit,488,15584,15615,32,0.40367552638053894,0.9856672995594425,16372,1.03125,5.15625,8.0
raw,net_profit,489,15616,15647,32,-0.01837557554244995,0.1774407937743247,16404,1.0,5.484375,8.0
raw,net_profit,490,15648,15679,32,-0.01830952614545822,0.1819798253148988,16436,1.0,5.3125,6.0
raw,net_profit,491,15680,15711,32,-0.0065883249044418335,0.08136093754833928,16468,1.0,4.9375,6.0
raw,net_profit,492,15712,15743,32,-0.021433763206005096,0.18458835173633317,16500,1.0,5.5625,8.0
raw,net_profit,493,15744,15775,32,-0.041841939091682434,0.36579182990196774,16532,1.0,5.3125,6.0
raw,net_profit,494,15776,15807,32,-0.02335873246192932,0.2081669484672093,16564,1.0,5.40625,8.0
raw,net_profit,495,15808,15839,32,0.025310594588518143,0.17460657738074495,16596,1.0,5.296875,6.5
raw,net_profit,496,15840,15871,32,-0.930779218673706,1.8354432019748737,16628,1.0,5.375,8.0
raw,net_profit,497,15872,15903,32,0.01248207688331604,0.1115345994036719,16660,1.0,4.859375,6.5
raw,net_profit,498,15904,15935,32,0.023511946201324463,0.22140174980914726,16692,1.0,5.03125,6.0
raw,net_profit,499,15936,15967,32,1.05424165725708,2.273111694258583,16725,1.03125,5.125,6.0
raw,net_profit,500,15968,15999,32,0.5333780646324158,0.9532437520161494,16757,1.0,4.984375,8.0
raw,net_profit,501,16000,16031,32,-0.022679530084133148,0.21795528684373175,16789,1.0,5.53125,8.0
raw,net_profit,502,16032,16063,32,-0.6606226563453674,1.5366037524883664,16821,1.0,5.203125,8.0
raw,net_profit,503,16064,16095,32,-0.06409378349781036,0.5267603225105005,16853,1.0,5.453125,6.0
raw,net_profit,504,16096,16127,32,-0.23865535855293274,0.4729134750605681,16887,1.0625,5.1875,6.0
raw,net_profit,505,16128,16159,32,1.9526109099388123e-05,0.18675011732756192,16919,1.0,5.703125,15.0
raw,net_profit,506,16160,16191,32,-0.28099554777145386,1.1296417900216107,16952,1.03125,4.9375,6.0
raw,net_profit,507,16192,16223,32,0.8259260058403015,2.219610631915181,16985,1.03125,5.328125,8.0
raw,net_profit,508,16224,16255,32,-0.3771288990974426,0.8580566389328075,17020,1.09375,5.109375,6.5
raw,net_profit,509,16256,16287,32,-1.028385043144226,1.8039146404165471,17054,1.0625,5.453125,8.0
raw,net_profit,510,16288,16319,32,0.9798122048377991,3.124959635773019,17089,1.09375,5.125,6.0
raw,net_profit,511,16320,16351,32,-0.34527984261512756,1.2887110275236413,17122,1.03125,5.25,8.0
raw,net_profit,512,16352,16383,32,0.8511345982551575,1.3986550301002965,17159,1.15625,5.171875,8.0
raw,net_profit,513,16384,16415,32,-0.40511906147003174,1.4728380952204552,17195,1.125,4.875,8.0
raw,net_profit,514,16416,16447,32,-0.3172203302383423,0.5195119900088355,17228,1.03125,4.921875,6.5
raw,net_profit,515,16448,16479,32,-0.2784844636917114,0.42401847712599905,17263,1.09375,5.34375,8.0
raw,net_profit,516,16480,16511,32,1.1575474739074707,1.2204284743005,17297,1.0625,4.59375,6.0
raw,net_profit,517,16512,16543,32,0.4000125527381897,1.5983093943970146,17332,1.09375,4.6875,8.0
raw,net_profit,518,16544,16575,32,-0.8744357824325562,1.6520050738916976,17372,1.25,5.140625,6.5
raw,net_profit,519,16576,16607,32,0.21183621883392334,0.9917379359492531,17406,1.0625,5.296875,8.0
raw,net_profit,520,16608,16639,32,-0.9852702617645264,1.703932175257408,17442,1.125,5.140625,6.5
raw,net_profit,521,16640,16671,32,-0.8963554501533508,1.0984261839351392,17479,1.15625,5.40625,8.0
raw,net_profit,522,16672,16703,32,0.17930589616298676,1.3693625196426884,17513,1.0625,4.984375,8.0
raw,net_profit,523,16704,16735,32,1.6745823621749878,3.725559811949977,17552,1.21875,5.203125,14.0
raw,net_profit,524,16736,16767,32,-0.5278461575508118,0.8133775368212188,17593,1.28125,5.015625,8.0
raw,net_profit,525,16768,16799,32,-0.27397221326828003,0.7256253663198503,17629,1.125,4.65625,6.5
raw,net_profit,526,16800,16831,32,-0.5620027780532837,1.11763223411338,17665,1.125,4.734375,6.0
raw,net_profit,527,16832,16863,32,-1.9674561023712158,1.8897867542073936,17702,1.15625,4.78125,6.0
raw,net_profit,528,16864,16895,32,0.11588795483112335,0.8440294281748546,17739,1.15625,4.984375,8.0
raw,net_profit,529,16896,16927,32,0.7324433922767639,0.5219245462828076,17778,1.21875,4.859375,15.0
raw,net_profit,530,16928,16959,32,-0.12149083614349365,0.8218124972758403,17815,1.15625,4.90625,8.0
raw,net_profit,531,16960,16991,32,-0.723475992679596,2.1849203530277257,17853,1.1875,5.0,6.5
raw,net_profit,532,16992,17023,32,-0.5949855446815491,1.4335160109480583,17891,1.1875,4.71875,8.0
raw,net_profit,533,17024,17055,32,0.23190583288669586,1.2163054762971044,17931,1.25,4.875,6.0
raw,net_profit,534,17056,17087,32,-0.6102606058120728,1.1962911100958151,17976,1.40625,4.46875,6.0
raw,net_profit,535,17088,17119,32,-0.6649526953697205,0.9190991643241714,18015,1.21875,4.71875,6.0
raw,net_profit,536,17120,17151,32,-0.10328881442546844,2.314637238470805,18051,1.125,4.90625,6.0
raw,net_profit,537,17152,17183,32,0.9061627984046936,1.538446742105493,18089,1.1875,4.5625,6.0
raw,net_profit,538,17184,17215,32,-1.3618495464324951,1.27974324855621,18128,1.21875,4.9375,8.0
raw,net_profit,539,17216,17247,32,0.8712947368621826,3.5054934963449136,18166,1.1875,4.59375,6.0
raw,net_profit,540,17248,17279,32,-0.9616832733154297,2.6957631560946713,18213,1.46875,4.421875,7.0
raw,net_profit,541,17280,17311,32,-0.32834407687187195,1.5754240771598156,18255,1.3125,4.734375,6.5
raw,net_profit,542,17312,17343,32,-1.7876927852630615,1.4739688676677076,18303,1.5,4.484375,8.0
raw,net_profit,543,17344,17375,32,-1.0556933879852295,2.085867795399447,18345,1.3125,4.703125,8.0
raw,net_profit,544,17376,17407,32,5.618556022644043,3.414945179657456,18382,1.15625,6.046875,52.0
raw,net_profit,545,17408,17439,32,0.17276713252067566,0.9243102086133534,18425,1.34375,4.625,6.0
raw,net_profit,546,17440,17471,32,-1.6007044315338135,1.5176291412461245,18471,1.4375,4.40625,6.0
raw,net_profit,547,17472,17503,32,-1.1803603172302246,3.0987555802373126,18524,1.65625,4.328125,8.0
raw,net_profit,548,17504,17535,32,-1.192126989364624,0.713960980397975,18569,1.40625,4.03125,6.0
raw,net_profit,549,17536,17567,32,-0.3768918216228485,1.2189494660622664,18625,1.75,3.78125,6.5
raw,net_profit,550,17568,17599,32,-0.5797910094261169,1.4597592536836184,18674,1.53125,4.5,8.0
raw,net_profit,551,17600,17631,32,-0.89650559425354,1.4636469494323514,18721,1.46875,4.4375,6.0
raw,net_profit,552,17632,17663,32,-0.0855257511138916,3.1928202920913873,18773,1.625,3.921875,8.0
raw,net_profit,553,17664,17695,32,-0.958657443523407,1.0439901033876788,18825,1.625,4.453125,12.0
raw,net_profit,554,17696,17727,32,0.22511056065559387,2.1683872366591537,18873,1.5,4.3125,6.0
raw,net_profit,555,17728,17759,32,-0.9615769982337952,2.99538729896845,18918,1.40625,4.328125,6.0
raw,net_profit,556,17760,17791,32,-0.4997410178184509,1.4920259737557904,18965,1.46875,4.265625,6.0
raw,net_profit,557,17792,17823,32,0.5824059247970581,2.4427914040813916,19012,1.46875,3.9375,7.0
raw,net_profit,558,17824,17855,32,-1.3543622493743896,1.5564377443769322,19066,1.6875,4.03125,8.0
raw,net_profit,559,17856,17887,32,0.4180529713630676,1.3589754086944383,19118,1.625,3.90625,6.0
raw,net_profit,560,17888,17919,32,-0.6116797924041748,2.5189784796332466,19170,1.625,3.734375,6.0
raw,net_profit,561,17920,17951,32,-1.4530926942825317,1.4572511851349772,19220,1.5625,4.59375,8.0
raw,net_profit,562,17952,17983,32,0.22604528069496155,1.9464467841928321,19276,1.75,4.03125,8.0
raw,net_profit,563,17984,18015,32,-1.5380418300628662,1.0940677403613044,19330,1.6875,3.96875,6.0
raw,net_profit,564,18016,18047,32,-1.0163137912750244,1.276815842648733,19373,1.34375,4.53125,6.0
raw,net_profit,565,18048,18079,32,-1.3616255521774292,1.1402095730914978,19423,1.5625,4.3125,6.0
raw,net_profit,566,18080,18111,32,-0.38732588291168213,1.8040484628571578,19478,1.71875,3.9375,6.0
raw,net_profit,567,18112,18143,32,-0.6566798686981201,1.8120771953821506,19524,1.4375,4.375,6.0
raw,net_profit,568,18144,18175,32,0.385343998670578,1.6517490980034837,19577,1.65625,4.0625,15.0
raw,net_profit,569,18176,18207,32,-0.6542364954948425,1.8053678504320978,19633,1.75,4.09375,6.0
raw,net_profit,570,18208,18239,32,-1.7730216979980469,2.061499091016616,19687,1.6875,4.21875,8.0
raw,net_profit,571,18240,18271,32,-0.6118164658546448,0.9607284763908562,19738,1.59375,3.890625,6.0
raw,net_profit,572,18272,18303,32,-2.3138623237609863,0.9697768406598383,19790,1.625,4.296875,7.0
raw,net_profit,573,18304,18335,32,-1.4285297393798828,3.1334051000882144,19835,1.40625,4.890625,6.5
raw,net_profit,574,18336,18367,32,-1.40634024143219,1.936233975727128,19889,1.6875,4.375,8.0
raw,net_profit,575,18368,18399,32,-0.3700779974460602,0.8308003075875107,19935,1.4375,4.46875,6.0
raw,net_profit,576,18400,18431,32,-1.4405335187911987,1.3399105657853394,19980,1.40625,4.53125,6.5
raw,net_profit,577,18432,18463,32,-0.8165483474731445,1.9413163053614904,20035,1.71875,4.15625,6.0
raw,net_profit,578,18464,18495,32,-0.6202976703643799,4.33925200513591,20085,1.5625,6.046875,55.0
raw,net_profit,579,18496,18527,32,0.08097606897354126,1.4970001912169733,20136,1.59375,4.0625,6.0
raw,net_profit,580,18528,18559,32,-0.2785181999206543,2.1664277345488347,20177,1.28125,4.75,7.0
raw,net_profit,581,18560,18591,32,-0.6659300327301025,2.253640590753025,20216,1.21875,4.75,6.0
raw,net_profit,582,18592,18623,32,-0.3827565908432007,1.168691399927214,20262,1.4375,4.0,6.0
raw,net_profit,583,18624,18655,32,0.4161722660064697,1.5076205169798265,20298,1.125,4.90625,6.5
raw,net_profit,584,18656,18687,32,-0.6902080774307251,0.8652199476067163,20343,1.40625,4.859375,8.0
raw,net_profit,585,18688,18719,32,-1.4201154708862305,1.5821325149744534,20388,1.40625,4.421875,6.0
raw,net_profit,586,18720,18751,32,0.3990859389305115,1.2483778867773734,20438,1.5625,4.375,6.5
raw,net_profit,587,18752,18783,32,-1.6704154014587402,5.252624831686881,20485,1.46875,4.4375,8.0
raw,net_profit,588,18784,18815,32,-1.4614520072937012,0.9801562396612273,20526,1.28125,4.75,8.0
raw,net_profit,589,18816,18847,32,-0.007741272449493408,1.2927648271268892,20574,1.5,4.640625,6.5
raw,net_profit,590,18848,18879,32,-0.1295551359653473,1.0192167706272908,20624,1.5625,4.21875,6.0
raw,net_profit,591,18880,18911,32,0.19608336687088013,1.1325054821533462,20671,1.46875,4.53125,8.0
raw,net_profit,592,18912,18943,32,-0.20943927764892578,1.4539341847563332,20715,1.375,4.875,8.0
raw,net_profit,593,18944,18975,32,0.11110694706439972,0.7844503381102682,20751,1.125,5.1875,8.0
raw,net_profit,594,18976,19007,32,-0.8995110988616943,1.4127207373433335,20799,1.5,4.8125,8.0
raw,net_profit,595,19008,19039,32,-1.3191190958023071,1.159175618427474,20853,1.6875,4.421875,6.0
raw,net_profit,596,19040,19071,32,-0.3644150197505951,1.4940495715711355,20892,1.21875,5.09375,15.0
raw,net_profit,597,19072,19103,32,-0.20829612016677856,0.8564890325246673,20934,1.3125,5.078125,8.0
raw,net_profit,598,19104,19135,32,-0.6005162000656128,0.5292445624324187,20980,1.4375,4.421875,6.5
raw,net_profit,599,19136,19167,32,0.042288362979888916,1.713164932476754,21020,1.25,5.109375,8.0
raw,net_profit,600,19168,19199,32,-2.1222500801086426,2.4774648211731494,21062,1.3125,4.703125,6.0
raw,net_profit,601,19200,19231,32,-1.1108756065368652,1.3282206260645117,21113,1.59375,4.015625,6.0
raw,net_profit,602,19232,19263,32,-1.323546290397644,2.3250262554905983,21152,1.21875,4.640625,8.0
raw,net_profit,603,19264,19295,32,1.2435359954833984,2.4575319670101257,21195,1.34375,4.84375,8.0
raw,net_profit,604,19296,19327,32,-1.2104123830795288,1.51093516175237,21237,1.3125,4.75,6.0
raw,net_profit,605,19328,19359,32,-0.776206374168396,1.8131931710720124,21278,1.28125,4.75,8.0
raw,net_profit,606,19360,19391,32,-1.4888806343078613,2.3045066334841606,21318,1.25,5.375,8.0
raw,net_profit,607,19392,19423,32,-0.5005542635917664,0.7579447249344747,21359,1.28125,4.984375,8.0
raw,net_profit,608,19424,19455,32,-0.8998803496360779,1.1856460868656493,21402,1.34375,4.9375,8.0
raw,net_profit,609,19456,19487,32,-1.2646207809448242,1.0056553521187792,21447,1.40625,4.65625,6.5
raw,net_profit,610,19488,19519,32,-0.8048978447914124,1.6307121641328084,21492,1.40625,4.875,8.0
raw,net_profit,611,19520,19551,32,-0.4793841242790222,1.0819708158639298,21538,1.4375,4.296875,6.0
raw,net_profit,612,19552,19583,32,0.6147706508636475,3.7894674133671957,21578,1.25,4.78125,6.0
raw,net_profit,613,19584,19615,32,-0.25282591581344604,2.262426254384291,21629,1.59375,4.15625,6.0
raw,net_profit,614,19616,19647,32,-0.25756213068962097,0.393339690092245,21677,1.5,4.4375,8.0
raw,net_profit,615,19648,19679,32,0.4863751530647278,1.501371258304033,21716,1.21875,4.984375,6.5
raw,net_profit,616,19680,19711,32,0.45633774995803833,1.3358667109741214,21764,1.5,4.703125,6.5
raw,net_profit,617,19712,19743,32,0.44115257263183594,2.1230473654012374,21814,1.5625,4.515625,6.5
raw,net_profit,618,19744,19775,32,0.14625880122184753,2.7118790122510146,21871,1.78125,4.03125,6.0
raw,net_profit,619,19776,19807,32,0.3327045142650604,2.0875612458374886,21916,1.40625,4.796875,8.0
raw,net_profit,620,19808,19839,32,-1.6157474517822266,3.0496952797099044,21967,1.59375,4.15625,6.0
raw,net_profit,621,19840,19871,32,-0.7153928279876709,1.6871171751468768,22018,1.59375,4.609375,8.0
raw,net_profit,622,19872,19903,32,-0.3241024613380432,1.1973724714938943,22080,1.9375,4.015625,8.0
raw,net_profit,623,19904,19935,32,-0.43078821897506714,0.5358837631876967,22126,1.4375,4.78125,8.0
raw,net_profit,624,19936,19967,32,0.12023869156837463,1.2266255134004684,22174,1.5,4.578125,8.0
raw,net_profit,625,19968,19999,32,-0.7832357883453369,3.0402950265394004,22231,1.78125,3.96875,8.0
raw,net_profit,626,20000,20031,32,-0.11731069535017014,1.71570249790607,22276,1.40625,4.78125,8.0
raw,net_profit,627,20032,20063,32,-0.23193763196468353,1.0571790484783306,22322,1.4375,4.71875,8.0
raw,net_profit,628,20064,20095,32,0.5904604196548462,2.2130960155763297,22376,1.6875,4.671875,8.0
raw,net_profit,629,20096,20127,32,0.3528411388397217,0.5622912957648393,22428,1.625,3.8125,6.0
raw,net_profit,630,20128,20159,32,-1.177709937095642,1.0167390732554062,22476,1.5,4.4375,6.5
raw,net_profit,631,20160,20191,32,1.0473031997680664,1.1610966745668323,22528,1.625,3.796875,6.0
raw,net_profit,632,20192,20223,32,-0.7862368822097778,2.3498558136244205,22572,1.375,4.78125,8.0
raw,net_profit,633,20224,20255,32,-0.9850964546203613,1.984934347830399,22621,1.53125,4.53125,6.0
raw,net_profit,634,20256,20287,32,-0.21013611555099487,1.776666784881011,22662,1.28125,3.78125,6.0
raw,net_profit,635,20288,20319,32,-0.28041529655456543,1.6907856810866608,22706,1.375,4.625,8.0
raw,net_profit,636,20320,20351,32,-0.2343667596578598,1.49247297456571,22758,1.625,4.265625,6.5
raw,net_profit,637,20352,20383,32,0.02174106240272522,0.4641277988264063,22800,1.3125,5.0625,8.0
raw,net_profit,638,20384,20415,32,-0.6631851196289062,2.68248193564422,22846,1.4375,4.75,8.0
raw,net_profit,639,20416,20447,32,-0.6193904876708984,1.0749009392654838,22891,1.40625,4.234375,6.5
raw,net_profit,640,20448,20479,32,0.40107300877571106,1.1971772757324055,22927,1.125,5.171875,8.0
raw,net_profit,641,20480,20511,32,-0.7188350558280945,0.9232348684442143,22971,1.375,4.75,8.0
raw,net_profit,642,20512,20543,32,-1.2244137525558472,1.3114084450310974,23015,1.375,4.90625,8.0
raw,net_profit,643,20544,20575,32,-1.2250065803527832,2.3061101544363876,23058,1.34375,4.8125,8.0
raw,net_profit,644,20576,20607,32,-0.08911612629890442,0.5731904591470403,23094,1.125,5.71875,15.0
raw,net_profit,645,20608,20639,32,-0.8034956455230713,0.8469437747315232,23134,1.25,4.921875,8.0
raw,net_profit,646,20640,20671,32,0.2497100532054901,1.2510550820674275,23171,1.15625,5.1875,6.5
raw,net_profit,647,20672,20703,32,-0.21807533502578735,1.34891324136147,23215,1.375,4.5,8.0
raw,net_profit,648,20704,20735,32,-0.528735876083374,1.1517619840150621,23251,1.125,4.828125,8.0
raw,net_profit,649,20736,20767,32,-0.8353411555290222,1.3943794948490416,23301,1.5625,4.5625,6.0
raw,net_profit,650,20768,20799,32,-0.9817012548446655,0.9896738996624701,23336,1.09375,5.5625,8.0
raw,net_profit,651,20800,20831,32,-0.11782115697860718,1.936852274312935,23378,1.3125,4.71875,6.0
raw,net_profit,652,20832,20863,32,-0.8235343098640442,1.7957861314982542,23412,1.0625,4.6875,6.0
raw,net_profit,653,20864,20895,32,0.2518940567970276,1.272132937374254,23453,1.28125,4.59375,8.0
raw,net_profit,654,20896,20927,32,-0.22064748406410217,1.297706908539624,23485,1.0,5.53125,8.0
raw,net_profit,655,20928,20959,32,-0.04736412316560745,1.1820430843176961,23524,1.21875,4.9375,6.5
raw,net_profit,656,20960,20991,32,-0.3388350307941437,1.8296285447270295,23564,1.25,4.859375,6.5
raw,net_profit,657,20992,21023,32,0.11275795847177505,2.901318613540726,23610,1.4375,4.71875,6.0
raw,net_profit,658,21024,21055,32,-0.780099630355835,0.7811662073980997,23656,1.4375,4.671875,6.5
raw,net_profit,659,21056,21087,32,0.3358028829097748,1.6933527612857455,23696,1.25,4.84375,8.0
raw,net_profit,660,21088,21119,32,-0.4933095872402191,1.5519977719490081,23738,1.3125,4.828125,8.0
raw,net_profit,661,21120,21151,32,-0.17215189337730408,0.574441259112006,23774,1.125,5.0,8.0
raw,net_profit,662,21152,21183,32,-0.5890992879867554,1.0864134300196187,23820,1.4375,4.28125,6.0
raw,net_profit,663,21184,21215,32,0.3113478422164917,0.8830700566210338,23868,1.5,4.3125,6.0
raw,net_profit,664,21216,21247,32,-0.3246782124042511,1.1220506902306076,23915,1.46875,4.65625,6.0
raw,net_profit,665,21248,21279,32,0.8641136884689331,3.543535263077743,23961,1.4375,4.90625,6.5
raw,net_profit,666,21280,21311,32,0.09857982397079468,1.1908366746540646,24003,1.3125,4.6875,8.0
raw,net_profit,667,21312,21343,32,-0.8444413542747498,1.001564656059906,24041,1.1875,4.96875,6.5
raw,net_profit,668,21344,21375,32,-0.07453466206789017,1.5368343491513243,24091,1.5625,4.40625,6.5
raw,net_profit,669,21376,21407,32,-0.16389262676239014,2.4349019275581134,24135,1.375,4.5,6.5
raw,net_profit,670,21408,21439,32,-0.3184201121330261,1.0819184026278559,24181,1.4375,4.46875,8.0
raw,net_profit,671,21440,21471,32,-0.5098667740821838,1.3647445751266998,24231,1.5625,4.265625,8.0
raw,net_profit,672,21472,21503,32,-0.12362739443778992,2.3127503541804697,24273,1.3125,4.921875,6.5
raw,net_profit,673,21504,21535,32,0.5585745573043823,1.8448644372642733,24322,1.53125,4.265625,7.0
raw,net_profit,674,21536,21567,32,0.056499600410461426,1.7446738259050907,24365,1.34375,4.40625,6.0
raw,net_profit,675,21568,21599,32,-0.33434826135635376,1.9559368445245322,24416,1.59375,4.40625,8.0
raw,net_profit,676,21600,21631,32,-0.09855608642101288,2.9664750676784037,24462,1.4375,4.953125,6.0
raw,net_profit,677,21632,21663,32,-1.4520437717437744,2.895648431927541,24507,1.40625,5.0625,6.0
raw,net_profit,678,21664,21695,32,-0.9443336725234985,1.005510364473774,24555,1.5,4.46875,8.0
raw,net_profit,679,21696,21727,32,-0.853874921798706,1.5997755615767884,24619,2.0,4.046875,6.5
raw,net_profit,680,21728,21759,32,-0.27506792545318604,3.3270912200103946,24674,1.71875,4.40625,8.0
raw,net_profit,681,21760,21791,32,2.8491058349609375,5.253574423543054,24726,1.625,5.828125,54.0
raw,net_profit,682,21792,21823,32,-0.20452570915222168,2.5765239172817536,24775,1.53125,4.546875,8.0
raw,net_profit,683,21824,21855,32,-1.2309162616729736,1.323092694938766,24830,1.71875,3.96875,8.0
raw,net_profit,684,21856,21887,32,-0.7302404642105103,1.3554113241262606,24874,1.375,4.5,8.0
raw,net_profit,685,21888,21919,32,-1.6470544338226318,1.3099133024355025,24933,1.84375,4.0,6.0
raw,net_profit,686,21920,21951,32,-0.9441092610359192,2.630743832127946,24988,1.71875,4.40625,8.0
raw,net_profit,687,21952,21983,32,-0.9185717105865479,1.3853886750304871,25046,1.8125,3.9375,6.0
raw,net_profit,688,21984,22015,32,-1.3881617784500122,1.0316490015870567,25096,1.5625,4.40625,8.0
raw,net_profit,689,22016,22047,32,-1.241727590560913,2.6164396543792408,25139,1.34375,4.6875,6.0
raw,net_profit,690,22048,22079,32,-1.5830168724060059,1.9692922012944913,25191,1.625,4.0,6.0
raw,net_profit,691,22080,22111,32,-2.4086546897888184,2.252520812618617,25244,1.65625,4.140625,6.0
raw,net_profit,692,22112,22143,32,-0.9016547203063965,2.1149814115795764,25308,2.0,3.3125,6.0
raw,net_profit,693,22144,22175,32,-0.6237860321998596,1.1332400696899971,25358,1.5625,3.984375,6.0
raw,net_profit,694,22176,22207,32,0.6300639510154724,1.3472266912051263,25403,1.40625,4.46875,8.0
raw,net_profit,695,22208,22239,32,-0.4343709945678711,1.154020994873695,25464,1.90625,4.109375,8.0
raw,net_profit,696,22240,22271,32,1.4704599380493164,1.4896974616446559,25524,1.875,3.671875,8.0
raw,net_profit,697,22272,22303,32,-1.585938572883606,1.575019248683237,25568,1.375,4.15625,6.0
raw,net_profit,698,22304,22335,32,-0.5311734676361084,1.2258803600171566,25624,1.75,3.484375,6.0
raw,net_profit,699,22336,22367,32,-0.28155726194381714,1.4144539275294703,25680,1.75,4.484375,6.0
raw,net_profit,700,22368,22399,32,0.20327581465244293,1.8133758711768573,25745,2.03125,3.65625,6.0
raw,net_profit,701,22400,22431,32,-0.3920588493347168,1.0413685562637403,25789,1.375,4.484375,8.0
raw,net_profit,702,22432,22463,32,-1.3334598541259766,2.2866370050932283,25842,1.65625,4.375,6.0
raw,net_profit,703,22464,22495,32,0.5154332518577576,1.233209410243211,25896,1.6875,4.0625,6.0
raw,net_profit,704,22496,22527,32,-0.018919527530670166,1.3411232386527678,25943,1.46875,4.4375,6.5
raw,net_profit,705,22528,22559,32,0.41021728515625,1.7208713553730361,25991,1.5,4.78125,12.0
raw,net_profit,706,22560,22591,32,-0.208462655544281,2.2065194793505896,26036,1.40625,4.265625,8.0
raw,net_profit,707,22592,22623,32,-0.2757365107536316,0.9859584792305911,26089,1.65625,4.09375,6.0
raw,net_profit,708,22624,22655,32,1.1922450065612793,0.9353853226782779,26147,1.8125,4.09375,8.0
raw,net_profit,709,22656,22687,32,-1.1862424612045288,1.1693752260620114,26192,1.40625,4.359375,6.5
raw,net_profit,710,22688,22719,32,-0.11404809355735779,1.2169548901165095,26249,1.78125,3.8125,8.0
raw,net_profit,711,22720,22751,32,-1.0406113862991333,0.8196533606140509,26305,1.75,3.859375,6.0
raw,net_profit,712,22752,22783,32,-0.28192031383514404,1.7464427543549499,26344,1.21875,4.46875,8.0
raw,net_profit,713,22784,22815,32,-0.3867851495742798,0.7540467661432069,26388,1.375,4.578125,7.0
raw,net_profit,714,22816,22847,32,-1.20802903175354,1.152443387919923,26440,1.625,3.84375,8.0
raw,net_profit,715,22848,22879,32,-0.7985606789588928,1.3574370842518313,26486,1.4375,4.421875,6.0
raw,net_profit,716,22880,22911,32,0.15013901889324188,1.2080528625929217,26542,1.75,4.1875,7.0
raw,net_profit,717,22912,22943,32,-1.1244267225265503,1.1723920002595267,26594,1.625,4.296875,8.0
raw,net_profit,718,22944,22975,32,0.4498096704483032,0.5865340400144418,26654,1.875,3.921875,6.5
raw,net_profit,719,22976,23007,32,-0.4908992648124695,1.3510825091433125,26697,1.34375,4.515625,7.0
raw,net_profit,720,23008,23039,32,-1.5366264581680298,0.8814078797368212,26749,1.625,4.015625,6.5
raw,net_profit,721,23040,23071,32,-2.3407280445098877,1.6413597424578303,26795,1.4375,4.734375,6.0
raw,net_profit,722,23072,23103,32,-1.0404133796691895,1.1470534013591087,26845,1.5625,4.328125,6.0
raw,net_profit,723,23104,23135,32,-0.9805381298065186,1.2742966794155821,26894,1.53125,4.140625,6.5
raw,net_profit,724,23136,23167,32,-0.5211195945739746,1.1016428542739845,26947,1.65625,4.34375,12.0
raw,net_profit,725,23168,23199,32,0.5891678333282471,1.55547708699759,26995,1.5,4.21875,7.0
raw,net_profit,726,23200,23231,32,-1.3263628482818604,0.7890667874036944,27040,1.40625,4.53125,6.0
raw,net_profit,727,23232,23263,32,-1.4784743785858154,0.99872919537736,27091,1.59375,4.234375,6.0
raw,net_profit,728,23264,23295,32,-0.2746962308883667,1.0289615090411077,27142,1.59375,4.125,8.0
raw,net_profit,729,23296,23327,32,-2.4780101776123047,1.1871609961107075,27193,1.59375,4.15625,6.0
raw,net_profit,730,23328,23359,32,-0.4508116543292999,1.6770151634864987,27237,1.375,4.484375,7.0
raw,net_profit,731,23360,23391,32,-2.877643346786499,1.4263788323385573,27281,1.375,4.71875,8.0
raw,net_profit,732,23392,23423,32,-2.1565067768096924,1.005370905731426,27329,1.5,4.21875,8.0
raw,net_profit,733,23424,23455,32,-0.12467867136001587,1.2865573844202316,27385,1.75,3.890625,6.5
raw,net_profit,734,23456,23487,32,-1.340520977973938,1.3241030288712181,27441,1.75,3.5,6.0
raw,net_profit,735,23488,23519,32,0.710658609867096,1.7401381348926757,27487,1.4375,3.6875,5.0
raw,net_profit,736,23520,23551,32,-1.5378994941711426,1.020757042782493,27543,1.75,4.0,6.0
raw,net_profit,737,23552,23583,32,0.825400710105896,0.7237056352613874,27602,1.84375,3.75,6.0
raw,net_profit,738,23584,23615,32,-0.8583985567092896,0.5590752891552524,27664,1.9375,3.671875,6.5
raw,net_profit,739,23616,23647,32,0.1800624132156372,1.3766973205924127,27720,1.75,3.640625,7.0
raw,net_profit,740,23648,23679,32,-1.5256032943725586,1.7813865206237216,27771,1.59375,3.875,6.5
raw,net_profit,741,23680,23711,32,0.4784253239631653,0.9392893727182104,27829,1.8125,3.953125,8.0
raw,net_profit,742,23712,23743,32,0.011134207248687744,1.692181948228786,27887,1.8125,3.640625,7.0
raw,net_profit,743,23744,23775,32,-0.025959603488445282,1.1664209405826118,27938,1.59375,4.4375,12.0
raw,net_profit,744,23776,23807,32,-0.7296517491340637,1.8926642543274237,27998,1.875,3.765625,6.5
raw,net_profit,745,23808,23839,32,-1.3913452625274658,0.7459528539604565,28067,2.15625,3.453125,6.0
raw,net_profit,746,23840,23871,32,0.2239181399345398,1.030791411245905,28124,1.78125,3.625,7.0
raw,net_profit,747,23872,23903,32,-1.473127007484436,0.5917676605161574,28174,1.5625,3.875,6.0
raw,net_profit,748,23904,23935,32,0.44416552782058716,0.5196353083315314,28227,1.65625,3.5625,6.0
raw,net_profit,749,23936,23967,32,-1.1249470710754395,0.7883283285741525,28285,1.8125,3.71875,6.0
raw,net_profit,750,23968,23999,32,-0.522911787033081,1.4563197199570463,28347,1.9375,3.875,8.0
raw,net_profit,751,24000,24031,32,-1.1924560070037842,2.0391258174686566,28396,1.53125,4.0,6.0
raw,net_profit,752,24032,24063,32,-0.1103050708770752,1.5022163881296733,28452,1.75,3.859375,6.0
raw,net_profit,753,24064,24095,32,-0.9347475171089172,0.6500985850954903,28505,1.65625,4.34375,7.0
raw,net_profit,754,24096,24127,32,-0.3480880856513977,1.3619922521392949,28567,1.9375,3.65625,6.0
raw,net_profit,755,24128,24159,32,0.21344640851020813,1.4348616889394314,28625,1.8125,3.890625,7.0
raw,net_profit,756,24160,24191,32,-0.4553193151950836,0.8489965622961343,28689,2.0,3.3125,6.0
raw,net_profit,757,24192,24223,32,0.08782634139060974,1.3689536474954336,28740,1.59375,4.03125,8.0
raw,net_profit,758,24224,24255,32,-0.36034974455833435,0.9465177298610751,28799,1.84375,3.765625,6.0
raw,net_profit,759,24256,24287,32,-1.8181906938552856,1.1012349821345477,28857,1.8125,3.71875,6.0
raw,net_profit,760,24288,24319,32,-1.2289423942565918,1.7946036144614401,28920,1.96875,3.65625,6.0
raw,net_profit,761,24320,24351,32,-0.26851916313171387,0.8179169660089189,28981,1.90625,3.25,6.0
raw,net_profit,762,24352,24383,32,-0.747539758682251,1.1995041458224212,29038,1.78125,3.703125,6.0
raw,net_profit,763,24384,24415,32,-0.6910380125045776,1.422433774840319,29092,1.6875,4.0,8.0
raw,net_profit,764,24416,24447,32,-0.09392207860946655,1.1875987324921111,29155,1.96875,3.203125,6.0
raw,net_profit,765,24448,24479,32,-0.4852030873298645,1.6098685102344765,29217,1.9375,3.734375,7.0
raw,net_profit,766,24480,24511,32,2.0539426803588867,3.2066936525113157,29277,1.875,5.328125,55.0
raw,net_profit,767,24512,24543,32,0.5879517793655396,1.8851907005344388,29334,1.78125,3.640625,6.0
raw,net_profit,768,24544,24575,32,-2.0427632331848145,1.176135849953358,29394,1.875,3.6875,6.0
raw,net_profit,769,24576,24607,32,-1.399488091468811,1.5055467645949985,29462,2.125,3.59375,6.0
raw,net_profit,770,24608,24639,32,0.43785154819488525,1.1438476869416183,29532,2.1875,3.421875,6.0
raw,net_profit,771,24640,24671,32,-1.3110276460647583,2.55373296756425,29598,2.0625,3.34375,6.0
raw,net_profit,772,24672,24703,32,-1.3206287622451782,1.3157789017947104,29665,2.09375,3.609375,6.0
raw,net_profit,773,24704,24735,32,-0.5930656790733337,1.2160812553099283,29731,2.0625,3.40625,6.0
raw,net_profit,774,24736,24767,32,-0.521761417388916,1.2002287446164743,29782,1.59375,3.984375,6.0
raw,net_profit,775,24768,24799,32,-0.8659076690673828,0.99593992821018,29855,2.28125,3.328125,6.0
raw,net_profit,776,24800,24831,32,-0.7215315103530884,2.1129119927871782,29916,1.90625,3.671875,6.5
raw,net_profit,777,24832,24863,32,-0.8245358467102051,1.0460319940573546,29984,2.125,3.59375,6.0
raw,net_profit,778,24864,24895,32,-1.4441218376159668,1.2541254719576342,30057,2.28125,3.375,6.0
raw,net_profit,779,24896,24927,32,-2.004364013671875,2.9236155635711514,30122,2.03125,3.90625,12.0
raw,net_profit,780,24928,24959,32,-0.7276889085769653,1.989289075789055,30192,2.1875,3.625,6.5
raw,net_profit,781,24960,24991,32,-2.6143887042999268,3.243257212004434,30255,1.96875,3.984375,6.0
raw,net_profit,782,24992,25023,32,0.4316446781158447,2.6654725167500826,30325,2.1875,3.59375,8.0
raw,net_profit,783,25024,25055,32,1.552893042564392,3.2195956921098774,30389,2.0,3.84375,8.0
raw,net_profit,784,25056,25087,32,2.2246546745300293,2.911762064085839,30458,2.15625,2.984375,7.0
raw,net_profit,785,25088,25119,32,-0.46713685989379883,0.8671375979077404,30537,2.46875,2.984375,6.5
raw,net_profit,786,25120,25151,32,-0.4722050130367279,1.24071011459786,30615,2.4375,3.109375,8.0
raw,net_profit,787,25152,25183,32,-1.0146265029907227,1.4529275662097474,30688,2.28125,2.875,6.0
raw,net_profit,788,25184,25215,32,-1.1181906461715698,1.5192864881442931,30761,2.28125,3.3125,6.5
raw,net_profit,789,25216,25247,32,0.3501419425010681,1.4173316802729439,30836,2.34375,2.96875,6.0
raw,net_profit,790,25248,25279,32,0.12890152633190155,1.4757665618837315,30908,2.25,3.40625,7.0
raw,net_profit,791,25280,25311,32,-0.19078989326953888,1.5843814248902532,30980,2.25,3.515625,7.0
raw,net_profit,792,25312,25343,32,-0.8764378428459167,2.020401383892704,31048,2.125,3.53125,6.0
raw,net_profit,793,25344,25375,32,0.017487645149230957,1.534594847784139,31120,2.25,2.9375,6.0
raw,net_profit,794,25376,25407,32,-1.2604838609695435,1.9875621207800118,31188,2.125,3.703125,6.0
raw,net_profit,795,25408,25439,32,-0.7388210892677307,1.3348098238208612,31264,2.375,3.03125,6.0
raw,net_profit,796,25440,25471,32,0.8520122766494751,1.2093260749754808,31342,2.4375,2.796875,6.0
raw,net_profit,797,25472,25503,32,-2.0500340461730957,3.0138628474158837,31413,2.21875,3.59375,6.0
raw,net_profit,798,25504,25535,32,-0.6950624585151672,1.2390734978246236,31498,2.65625,2.546875,6.0
raw,net_profit,799,25536,25567,32,-1.119035243988037,1.8806110197193284,31562,2.0,3.703125,6.0
raw,net_profit,800,25568,25599,32,1.3945326805114746,3.5412414514607344,31627,2.03125,3.5625,6.0
raw,net_profit,801,25600,25631,32,0.570203959941864,2.6753052850383683,31703,2.375,3.03125,6.0
raw,net_profit,802,25632,25663,32,-2.119443655014038,2.77472781082945,31765,1.9375,3.8125,6.0
raw,net_profit,803,25664,25695,32,-0.4249311089515686,1.1988925692036023,31844,2.46875,3.1875,6.0
raw,net_profit,804,25696,25727,32,-0.8468220829963684,3.6255509857874877,31921,2.40625,3.46875,12.0
raw,net_profit,805,25728,25759,32,1.0224435329437256,1.7607411030312115,32003,2.5625,3.21875,6.0
raw,net_profit,806,25760,25791,32,-0.8187296986579895,1.987439164100112,32066,1.96875,3.640625,7.0
raw,net_profit,807,25792,25823,32,0.28419214487075806,3.4236025390400417,32151,2.65625,3.03125,8.0
raw,net_profit,808,25824,25855,32,-0.6457281112670898,2.2739094564463747,32232,2.53125,3.25,8.0
raw,net_profit,809,25856,25887,32,-1.487462043762207,1.9297180653971253,32305,2.28125,3.546875,8.0
raw,net_profit,810,25888,25919,32,-0.760862410068512,3.5880957713953903,32381,2.375,3.015625,8.0
raw,net_profit,811,25920,25951,32,-0.9184108376502991,2.0967306826612533,32460,2.46875,2.875,6.0
raw,net_profit,812,25952,25983,32,0.9124519228935242,2.2600304470699504,32542,2.5625,2.78125,6.0
raw,net_profit,813,25984,26015,32,-0.13165771961212158,1.6828701772383454,32616,2.3125,3.53125,6.0
raw,net_profit,814,26016,26047,32,-0.32325848937034607,4.225542058119626,32688,2.25,3.390625,6.0
raw,net_profit,815,26048,26079,32,-0.1658032238483429,3.00891690636226,32770,2.5625,3.125,8.0
raw,net_profit,816,26080,26111,32,-1.7103676795959473,3.7779516305227383,32841,2.21875,3.34375,6.0
raw,net_profit,817,26112,26143,32,-0.1464681476354599,1.813323766418992,32915,2.3125,3.359375,6.5
raw,net_profit,818,26144,26175,32,-0.39094245433807373,1.8727311180675992,32994,2.46875,3.0625,6.0
raw,net_profit,819,26176,26207,32,-0.4741691052913666,0.7737521434309638,33069,2.34375,3.15625,6.5
raw,net_profit,820,26208,26239,32,-0.654432475566864,1.8085255044151824,33139,2.1875,3.546875,6.0
raw,net_profit,821,26240,26271,32,-1.194682002067566,0.9242270841618039,33212,2.28125,3.15625,6.0
raw,net_profit,822,26272,26303,32,0.49315905570983887,2.7197423703419537,33289,2.40625,3.4375,6.0
raw,net_profit,823,26304,26335,32,0.36897173523902893,2.2719269639588053,33363,2.3125,3.203125,6.5
raw,net_profit,824,26336,26367,32,0.15228459239006042,3.265706169900759,33443,2.5,2.96875,6.0
raw,net_profit,825,26368,26399,32,-0.22751176357269287,3.500351073302931,33509,2.0625,4.03125,6.0
raw,net_profit,826,26400,26431,32,0.3250589966773987,2.8124978487733703,33578,2.15625,3.3125,6.0
raw,net_profit,827,26432,26463,32,-0.5339371562004089,1.7519754019767133,33662,2.625,2.8125,6.0
raw,net_profit,828,26464,26495,32,-0.8142542839050293,1.4919192755481254,33728,2.0625,3.796875,8.0
raw,net_profit,829,26496,26527,32,-0.1121329665184021,0.7613987566093358,33791,1.96875,2.984375,6.0
raw,net_profit,830,26528,26559,32,-0.011674702167510986,1.5304131802378707,33858,2.09375,3.703125,8.0
raw,net_profit,831,26560,26591,32,0.8358994722366333,2.466672635411451,33919,1.90625,3.59375,8.0
raw,net_profit,832,26592,26623,32,-1.3015527725219727,1.8292175783035194,33982,1.96875,3.90625,6.0
raw,net_profit,833,26624,26655,32,-0.667760968208313,1.4540579247584522,34063,2.53125,2.96875,8.0
raw,net_profit,834,26656,26687,32,0.08654987812042236,2.882253737821383,34123,1.875,4.0,8.0
raw,net_profit,835,26688,26719,32,-1.316260814666748,1.6383406920483314,34185,1.9375,3.65625,6.0
raw,net_profit,836,26720,26751,32,-2.0712132453918457,1.7127510897662777,34248,1.96875,3.671875,6.0
raw,net_profit,837,26752,26783,32,-0.5874400734901428,1.5453989026516737,34312,2.0,3.8125,6.0
raw,net_profit,838,26784,26815,32,-2.1223509311676025,1.5368282971362075,34368,1.75,3.84375,6.0
raw,net_profit,839,26816,26847,32,-1.1692757606506348,2.1280740854285733,34432,2.0,3.84375,6.0
raw,net_profit,840,26848,26879,32,-0.6883058547973633,1.1982606502658324,34500,2.125,3.59375,6.0
raw,net_profit,841,26880,26911,32,0.43154802918434143,1.629348988910472,34570,2.1875,3.5625,6.5
raw,net_profit,842,26912,26943,32,-0.07295678555965424,1.9563834178616986,34623,1.65625,4.78125,15.0
raw,net_profit,843,26944,26975,32,-1.9609371423721313,1.9073537638445763,34688,2.03125,3.875,6.0
raw,net_profit,844,26976,27007,32,1.4178094863891602,1.4428269697201557,34738,1.5625,3.75,8.0
raw,net_profit,845,27008,27039,32,-0.2638818621635437,1.3286967298423908,34793,1.71875,3.9375,6.0
raw,net_profit,846,27040,27071,32,-3.2218217849731445,2.764517486635639,34853,1.875,4.3125,8.0
raw,net_profit,847,27072,27103,32,0.36169156432151794,1.7744887541891379,34915,1.9375,3.90625,6.0
raw,net_profit,848,27104,27135,32,-0.3110540509223938,1.7474987861494442,34968,1.65625,4.5,6.0
raw,net_profit,849,27136,27167,32,-0.8861508369445801,1.489699064902352,35037,2.15625,3.40625,6.0
raw,net_profit,850,27168,27199,32,-1.4589663743972778,1.9655031843024353,35093,1.75,4.15625,6.0
raw,net_profit,851,27200,27231,32,-0.27874213457107544,1.38596319613844,35147,1.6875,4.25,6.0
raw,net_profit,852,27232,27263,32,-1.5784670114517212,2.426583750621474,35205,1.8125,3.8125,6.0
raw,net_profit,853,27264,27295,32,-1.2828363180160522,2.390514419333995,35263,1.8125,3.640625,8.0
raw,net_profit,854,27296,27327,32,-1.3541280031204224,2.7150734385293402,35323,1.875,3.78125,6.0
raw,net_profit,855,27328,27359,32,-2.6453633308410645,4.870785058051842,35380,1.78125,4.5,6.0
raw,net_profit,856,27360,27391,32,-0.925896942615509,0.93403348205166,35448,2.125,3.546875,6.0
raw,net_profit,857,27392,27423,32,-1.6391851902008057,1.7751292433465697,35508,1.875,4.015625,6.0
raw,net_profit,858,27424,27455,32,-0.5476474761962891,2.6684660706117125,35582,2.3125,3.15625,6.0
raw,net_profit,859,27456,27487,32,-0.28384488821029663,2.0069200866803363,35654,2.25,3.25,6.0
raw,net_profit,860,27488,27519,32,-1.5949925184249878,1.8978956323659435,35725,2.21875,3.1875,6.0
raw,net_profit,861,27520,27551,32,0.5704846978187561,5.468823377300969,35797,2.25,3.6875,8.0
raw,net_profit,862,27552,27583,32,0.0072638168931007385,1.1730058682153766,35862,2.03125,4.0,8.0
raw,net_profit,863,27584,27615,32,-0.9941990375518799,3.747956455269818,35912,1.5625,4.65625,8.0
raw,net_profit,864,27616,27647,32,-1.2138495445251465,3.94303510049726,35974,1.9375,4.203125,15.0
raw,net_profit,865,27648,27679,32,-0.7708956003189087,0.41416925661176157,36058,2.625,3.078125,6.0
raw,net_profit,866,27680,27711,32,-0.2739078402519226,1.1732908478306232,36126,2.125,3.1875,6.5
raw,net_profit,867,27712,27743,32,-0.7543079853057861,1.5198694634602756,36194,2.125,3.40625,6.0
raw,net_profit,868,27744,27775,32,-0.8825299739837646,1.922734114270836,36256,1.9375,3.8125,8.0
raw,net_profit,869,27776,27807,32,-1.2993381023406982,2.4862665830123745,36316,1.875,3.84375,6.0
raw,net_profit,870,27808,27839,32,-0.2447023093700409,2.7046102750543697,36384,2.125,3.796875,8.0
raw,net_profit,871,27840,27871,32,-1.5645684003829956,1.4122195745977615,36450,2.0625,3.71875,6.0
raw,net_profit,872,27872,27903,32,0.42271214723587036,1.2493413903962822,36514,2.0,3.671875,6.5
raw,net_profit,873,27904,27935,32,0.4123185873031616,1.8310804601337454,36584,2.1875,3.3125,6.5
raw,net_profit,874,27936,27967,32,-1.835529088973999,3.2918577540642495,36644,1.875,4.390625,6.5
raw,net_profit,875,27968,27999,32,0.03151674568653107,2.6471671223840794,36726,2.5625,2.96875,8.0
raw,net_profit,876,28000,28031,32,-0.08685463666915894,1.6879975393325821,36792,2.0625,4.25,15.0
raw,net_profit,877,28032,28063,32,-0.3255680203437805,0.5955617365770524,36860,2.125,3.453125,6.5
raw,net_profit,878,28064,28095,32,-0.08137892931699753,1.3964111802339347,36930,2.1875,3.71875,8.0
raw,net_profit,879,28096,28127,32,0.7101199626922607,3.353799890748975,36998,2.125,3.6875,8.0
raw,net_profit,880,28128,28159,32,-0.25209280848503113,4.357153854063198,37062,2.0,3.46875,6.0
raw,net_profit,881,28160,28191,32,-0.567133903503418,0.7740871549780669,37126,2.0,3.875,6.0
raw,net_profit,882,28192,28223,32,-0.40274935960769653,0.4858316826190039,37182,1.75,4.25,6.5
raw,net_profit,883,28224,28255,32,-1.506803274154663,6.026609539479002,37236,1.6875,4.171875,8.0
raw,net_profit,884,28256,28287,32,0.10581237077713013,4.422862443933282,37298,1.9375,3.625,6.5
raw,net_profit,885,28288,28319,32,0.3120492398738861,0.8800652453839424,37362,2.0,4.03125,8.0
raw,net_profit,886,28320,28351,32,-0.1366225779056549,1.3081759175700083,37422,1.875,3.78125,6.0
raw,net_profit,887,28352,28383,32,-0.4792056679725647,1.40974563087041,37482,1.875,4.1875,6.5
raw,net_profit,888,28384,28415,32,-0.05304533243179321,0.8716718268986392,37540,1.8125,4.296875,6.0
raw,net_profit,889,28416,28447,32,-1.2534223794937134,5.902866797001435,37586,1.4375,4.796875,6.5
raw,net_profit,890,28448,28479,32,-0.2978854477405548,2.2120234436122264,37634,1.5,4.1875,6.0
raw,net_profit,891,28480,28511,32,-0.6708449721336365,0.8161521774882545,37694,1.875,4.1875,8.0
raw,net_profit,892,28512,28543,32,-0.6211027503013611,1.5951930094669897,37748,1.6875,4.453125,8.0
raw,net_profit,893,28544,28575,32,0.19702954590320587,1.0035570674933763,37792,1.375,4.90625,8.0
raw,net_profit,894,28576,28607,32,-0.23038196563720703,1.9730260088227165,37844,1.625,4.125,6.0
raw,net_profit,895,28608,28639,32,-0.5799251794815063,0.7044031905667121,37890,1.4375,4.734375,6.0
raw,net_profit,896,28640,28671,32,-0.6213177442550659,3.5716154225680667,37934,1.375,4.875,8.0
raw,net_profit,897,28672,28703,32,-0.7290159463882446,3.5535772985168332,37999,2.03125,3.71875,6.0
raw,net_profit,898,28704,28735,32,-0.3036583960056305,2.234455587487342,38055,1.75,4.640625,15.0
raw,net_profit,899,28736,28767,32,-1.5276316404342651,6.845646676676047,38111,1.75,4.140625,6.0
raw,net_profit,900,28768,28799,32,-0.5637681484222412,3.2206187276955154,38165,1.6875,4.0625,6.0
raw,net_profit,901,28800,28831,32,-0.3187752366065979,4.5715066242124225,38223,1.8125,4.53125,12.0
raw,net_profit,902,28832,28863,32,-0.5124549865722656,2.888137063607442,38291,2.125,3.25,6.0
raw,net_profit,903,28864,28895,32,-0.4119504690170288,0.6054270699637176,38355,2.0,3.703125,8.0
raw,net_profit,904,28896,28927,32,-0.3946555554866791,4.949802917001629,38423,2.125,3.4375,6.0
raw,net_profit,905,28928,28959,32,-0.8227161169052124,8.773505327245745,38495,2.25,4.015625,12.0
raw,net_profit,906,28960,28991,32,0.24460230767726898,1.995913123687748,38561,2.0625,3.796875,6.0
raw,net_profit,907,28992,29023,32,-1.1605994701385498,3.830889880617274,38639,2.4375,3.5,6.0
raw,net_profit,908,29024,29055,32,-0.2710697054862976,1.3142455631878756,38727,2.75,2.859375,6.0
raw,net_profit,909,29056,29087,32,-0.23968711495399475,0.8197720628686749,38815,2.75,3.015625,6.5
raw,net_profit,910,29088,29119,32,-0.16484840214252472,0.34651460444406895,38907,2.875,2.734375,6.0
raw,net_profit,911,29120,29151,32,0.00940459594130516,0.51844700791718,38993,2.6875,2.890625,6.0
raw,net_profit,912,29152,29183,32,0.47723230719566345,2.7796101950991,39085,2.875,2.609375,5.0
raw,net_profit,913,29184,29215,32,0.8057949542999268,4.487723354451892,39175,2.8125,2.96875,12.0
raw,net_profit,914,29216,29247,32,-0.7523625493049622,3.4597915756052573,39255,2.5,2.875,6.0
raw,net_profit,915,29248,29279,32,0.1939428448677063,2.261178897127383,39349,2.9375,2.546875,4.0
raw,net_profit,916,29280,29311,32,0.24901607632637024,1.556417911603319,39435,2.6875,2.75,6.5
raw,net_profit,917,29312,29343,32,0.37651604413986206,2.27022511391949,39527,2.875,2.53125,6.0
raw,net_profit,918,29344,29375,32,-0.46841418743133545,1.4689620438029758,39621,2.9375,2.40625,6.0
raw,net_profit,919,29376,29407,32,0.34336167573928833,1.461149560162857,39711,2.8125,2.25,6.0
raw,net_profit,920,29408,29439,32,-0.36090824007987976,0.9652080587006682,39797,2.6875,2.6875,6.0
raw,net_profit,921,29440,29471,32,-0.6377303004264832,3.1002659694265278,39883,2.6875,2.765625,6.0
raw,net_profit,922,29472,29503,32,0.14090439677238464,1.3384658196971593,39973,2.8125,2.59375,6.0
raw,net_profit,923,29504,29535,32,-0.4379504919052124,1.0708598652127206,40063,2.8125,2.953125,6.0
raw,net_profit,924,29536,29567,32,-0.6960228681564331,2.300609427802059,40153,2.8125,2.671875,6.0
raw,net_profit,925,29568,29599,32,-0.8691186904907227,2.9310873599843594,40245,2.875,2.6875,6.0
raw,net_profit,926,29600,29631,32,-0.5502605438232422,1.4759720345646516,40335,2.8125,2.53125,6.0
raw,net_profit,927,29632,29663,32,0.5062233209609985,2.3592603303042217,40425,2.8125,2.765625,8.0
raw,net_profit,928,29664,29695,32,-0.5986042022705078,0.8231089346701592,40519,2.9375,2.671875,5.0
raw,net_profit,929,29696,29727,32,0.727592408657074,3.699791542791037,40611,2.875,2.875,6.0
raw,net_profit,930,29728,29759,32,-0.12184165418148041,0.5282011319119299,40701,2.8125,2.6875,6.0
raw,net_profit,931,29760,29791,32,0.23273348808288574,1.7926063012359088,40795,2.9375,2.59375,5.0
raw,net_profit,932,29792,29823,32,0.7883681058883667,2.9053676929066437,40883,2.75,2.703125,6.0
raw,net_profit,933,29824,29855,32,0.31049293279647827,1.8067269606108662,40975,2.875,2.796875,8.0
raw,net_profit,934,29856,29887,32,-0.01041063666343689,0.7087379280761897,41063,2.75,3.0,6.0
raw,net_profit,935,29888,29919,32,0.06840182840824127,1.1147427527821887,41153,2.8125,2.96875,6.0
raw,net_profit,936,29920,29951,32,-0.8557869791984558,2.936445372175791,41241,2.75,2.796875,6.0
raw,net_profit,937,29952,29983,32,0.11057060956954956,1.4500579201050439,41325,2.625,2.734375,6.0
raw,net_profit,938,29984,30015,32,0.2084883153438568,1.654191954867091,41419,2.9375,2.40625,5.0
raw,net_profit,939,30016,30047,32,0.36956724524497986,1.9335418819663903,41505,2.6875,2.875,6.0
raw,net_profit,940,30048,30079,32,0.9911556243896484,5.195632945648593,41595,2.8125,2.421875,6.5
raw,net_profit,941,30080,30111,32,-0.26295006275177,0.6612650222726827,41681,2.6875,2.75,6.0
raw,net_profit,942,30112,30143,32,0.22787153720855713,2.2767601818554453,41767,2.6875,2.71875,6.0
raw,net_profit,943,30144,30175,32,-0.5367478728294373,1.0161256814384967,41853,2.6875,2.8125,6.0
raw,net_profit,944,30176,30207,32,-0.6892694234848022,1.1948156592083914,41941,2.75,2.734375,6.0
raw,net_profit,945,30208,30239,32,0.035473816096782684,1.1258512437479182,42025,2.625,2.875,6.0
raw,net_profit,946,30240,30271,32,-0.9280059337615967,0.5106903462928332,42113,2.75,3.0,6.0
raw,net_profit,947,30272,30303,32,-0.9340376853942871,1.3462208603917474,42197,2.625,2.90625,6.0
raw,net_profit,948,30304,30335,32,-0.47657355666160583,0.26895328088905224,42285,2.75,2.875,6.0
raw,net_profit,949,30336,30367,32,-1.0973819494247437,4.9889334414395154,42365,2.5,3.3125,6.0
raw,net_profit,950,30368,30399,32,1.1949259042739868,3.098441393491673,42454,2.78125,2.9375,6.0
raw,net_profit,951,30400,30431,32,0.9633255004882812,4.797651095914206,42538,2.625,3.046875,8.0
raw,net_profit,952,30432,30463,32,-1.146686315536499,2.0370464731424316,42620,2.5625,2.796875,6.0
raw,net_profit,953,30464,30495,32,-0.9144725203514099,1.6976953213136763,42700,2.5,2.828125,6.0
raw,net_profit,954,30496,30527,32,-0.24089404940605164,1.7773493040775117,42776,2.375,3.21875,6.0
raw,net_profit,955,30528,30559,32,0.5817771553993225,5.743639694885299,42852,2.375,3.40625,8.0
raw,net_profit,956,30560,30591,32,-1.086914300918579,4.827576567414887,42926,2.3125,3.265625,6.0
raw,net_profit,957,30592,30623,32,-0.45608046650886536,4.80048484981306,42998,2.25,3.59375,8.0
raw,net_profit,958,30624,30655,32,-1.532448172569275,6.066115799327682,43080,2.5625,2.953125,6.0
raw,net_profit,959,30656,30687,32,-1.0432430505752563,3.000392966206363,43150,2.1875,3.71875,6.0
raw,net_profit,960,30688,30719,32,0.4699758291244507,2.1880817154114696,43234,2.625,2.890625,6.5
raw,net_profit,961,30720,30751,32,-1.6526389122009277,8.108975687883094,43310,2.375,3.25,6.0
raw,net_profit,962,30752,30783,32,-1.1230915784835815,5.248462013411788,43386,2.375,3.4375,6.0
raw,net_profit,963,30784,30815,32,0.599402666091919,3.6135679708686257,43470,2.625,2.84375,6.0
raw,net_profit,964,30816,30847,32,-0.2696797847747803,0.767388055488219,43558,2.75,2.84375,6.0
raw,net_profit,965,30848,30879,32,0.04881417751312256,1.946500146874702,43644,2.6875,3.25,6.0
raw,net_profit,966,30880,30911,32,-0.7177600860595703,2.431804006543172,43728,2.625,2.875,6.0
raw,net_profit,967,30912,30943,32,-0.6370033025741577,0.7100897246626247,43818,2.8125,2.703125,6.0
raw,net_profit,968,30944,30975,32,0.03532000631093979,1.25828936079134,43910,2.875,2.625,8.0
raw,net_profit,969,30976,31007,32,0.3737827241420746,0.8238653091131757,43994,2.625,2.46875,6.0
raw,net_profit,970,31008,31039,32,-0.2480912059545517,0.4058260543704917,44086,2.875,2.640625,6.0
raw,net_profit,971,31040,31071,32,-0.8298967480659485,1.7121652329401933,44178,2.875,2.53125,6.0
raw,net_profit,972,31072,31103,32,0.5697850584983826,2.542155945936635,44270,2.875,2.375,5.5
raw,net_profit,973,31104,31135,32,-0.29908236861228943,2.0358638980480817,44362,2.875,2.53125,6.0
raw,net_profit,974,31136,31167,32,0.7479138374328613,3.4538054586733207,44454,2.875,2.3125,5.0
raw,net_profit,975,31168,31199,32,0.01427219808101654,0.6322497859063517,44540,2.6875,2.859375,6.0
raw,net_profit,976,31200,31231,32,-0.36553725600242615,0.6226891627485077,44634,2.9375,2.53125,6.0
raw,net_profit,977,31232,31263,32,-0.5322702527046204,2.112718698815583,44728,2.9375,2.953125,12.0
raw,net_profit,978,31264,31295,32,-0.6760044693946838,2.11572465330394,44818,2.8125,2.78125,6.0
raw,net_profit,979,31296,31327,32,-0.7088078856468201,1.8207853178056301,44903,2.65625,3.0,6.0
raw,net_profit,980,31328,31359,32,0.2916231155395508,0.9888614309256009,44993,2.8125,2.546875,6.0
raw,net_profit,981,31360,31391,32,-0.44232743978500366,1.603912038842454,45087,2.9375,2.28125,6.0
raw,net_profit,982,31392,31423,32,-1.486854910850525,5.914559821115082,45177,2.8125,2.703125,6.0
raw,net_profit,983,31424,31455,32,0.8259912729263306,3.6087821669952778,45267,2.8125,2.671875,5.0
raw,net_profit,984,31456,31487,32,-0.25656047463417053,0.5365703356591492,45359,2.875,2.65625,5.0
raw,net_profit,985,31488,31519,32,0.21584036946296692,1.3954251249258445,45449,2.8125,2.4375,6.0
raw,net_profit,986,31520,31551,32,0.7057260274887085,2.448247591836833,45535,2.6875,2.703125,6.0
raw,net_profit,987,31552,31583,32,0.8193291425704956,3.4048442430714108,45627,2.875,2.625,5.0
raw,net_profit,988,31584,31615,32,-0.4447314739227295,0.9173176419584885,45721,2.9375,2.546875,6.0
raw,net_profit,989,31616,31647,32,-0.7104725241661072,2.5801783998082892,45811,2.8125,2.65625,6.0
raw,net_profit,990,31648,31679,32,-1.0414986610412598,3.7223409180366605,45899,2.75,2.75,6.0
raw,net_profit,991,31680,31711,32,-0.04587381333112717,0.32116714889838405,45995,3.0,2.484375,5.0
raw,net_profit,992,31712,31743,32,1.3863904476165771,5.340286824900736,46085,2.8125,2.859375,6.0
raw,net_profit,993,31744,31775,32,-0.6367530226707458,2.5278974652612507,46175,2.8125,2.890625,6.0
raw,net_profit,994,31776,31807,32,-0.02395576238632202,0.20322059439916873,46271,3.0,2.125,3.5
raw,net_profit,995,31808,31839,32,-0.08098232746124268,0.8114189895058158,46367,3.0,2.5625,3.5
raw,net_profit,996,31840,31871,32,-0.5241042971611023,1.5253714721417655,46461,2.9375,2.46875,6.0
raw,net_profit,997,31872,31903,32,-0.45606476068496704,1.2230236644746562,46551,2.8125,2.625,6.0
raw,net_profit,998,31904,31935,32,1.7055407762527466,6.756457242251479,46637,2.6875,3.0625,15.0
raw,net_profit,999,31936,31967,32,0.7714608907699585,2.8222103107943717,46729,2.875,2.359375,5.0
raw,net_profit,1000,31968,31999,32,1.082238793373108,4.467256982208048,46813,2.625,2.546875,6.0
raw,stake_scaled_net_profit,1,0,31,32,-0.28603395819664,0.09800311350838666,44,1.375,0.75,1.1666666666666667
raw,stake_scaled_net_profit,2,32,63,32,0.07570038735866547,0.12893349903705173,95,1.59375,0.6067708333333333,1.0833333333333333
raw,stake_scaled_net_profit,3,64,95,32,0.11504019796848297,0.10093478013475218,138,1.34375,0.71875,1.0833333333333333
raw,stake_scaled_net_profit,4,96,127,32,-0.18037734925746918,0.12060774639055315,176,1.1875,0.7734374999999999,1.0
raw,stake_scaled_net_profit,5,128,159,32,-0.12093783169984818,0.06795508146396277,224,1.5,0.6197916666666667,1.0
raw,stake_scaled_net_profit,6,160,191,32,-0.28252989053726196,0.16357412831429857,268,1.375,0.7630208333333333,1.1666666666666667
raw,stake_scaled_net_profit,7,192,223,32,-0.23508940637111664,0.11298843843400096,317,1.53125,0.6458333333333331,1.1666666666666667
raw,stake_scaled_net_profit,8,224,255,32,0.04101954400539398,0.21073624299531513,369,1.625,0.6692708333333334,1.3333333333333333
raw,stake_scaled_net_profit,9,256,287,32,-0.2326243370771408,0.08575150790194475,414,1.40625,0.7083333333333333,1.0
raw,stake_scaled_net_profit,10,288,319,32,-0.12245511263608932,0.07303068205106712,459,1.40625,0.6614583333333334,1.0
raw,stake_scaled_net_profit,11,320,351,32,-0.13361139595508575,0.09811809950005893,502,1.34375,0.755208333333333,1.3333333333333333
raw,stake_scaled_net_profit,12,352,383,32,-0.4097789227962494,0.07264584199258922,550,1.5,0.7421875000000001,1.1666666666666667
raw,stake_scaled_net_profit,13,384,415,32,-0.040452077984809875,0.0745122664485325,591,1.28125,0.7447916666666666,1.0
raw,stake_scaled_net_profit,14,416,447,32,-0.4678994119167328,0.11482057742709544,647,1.75,0.6614583333333331,1.3333333333333333
raw,stake_scaled_net_profit,15,448,479,32,-0.09180521219968796,0.1286749434642028,697,1.5625,0.6796875,1.0
raw,stake_scaled_net_profit,16,480,511,32,-0.2446300983428955,0.06369763698789085,748,1.59375,0.6901041666666666,1.1666666666666667
raw,stake_scaled_net_profit,17,512,543,32,0.0465853214263916,0.1873141137570007,798,1.5625,0.6796875000000001,1.0
raw,stake_scaled_net_profit,18,544,575,32,-0.225949227809906,0.1098318294164141,837,1.21875,0.6927083333333333,1.0
raw,stake_scaled_net_profit,19,576,607,32,-0.08130103349685669,0.19240991899500393,885,1.5,0.7239583333333331,2.5
raw,stake_scaled_net_profit,20,608,639,32,-0.2318553626537323,0.1602624328950121,931,1.4375,0.7057291666666666,1.0833333333333333
raw,stake_scaled_net_profit,21,640,671,32,0.5005419254302979,0.2656506357869614,972,1.28125,0.7916666666666666,2.0
raw,stake_scaled_net_profit,22,672,703,32,0.17963586747646332,0.2320864844361811,1015,1.34375,0.6536458333333333,1.0833333333333333
raw,stake_scaled_net_profit,23,704,735,32,-0.3675239384174347,0.18948326617020003,1061,1.4375,0.6874999999999999,1.0
raw,stake_scaled_net_profit,24,736,767,32,-0.09234246611595154,0.1930482843895387,1106,1.40625,0.6848958333333334,1.1666666666666667
raw,stake_scaled_net_profit,25,768,799,32,-0.2127811163663864,0.18650002537091967,1153,1.46875,0.7682291666666665,1.1666666666666667
raw,stake_scaled_net_profit,26,800,831,32,-0.18709763884544373,0.27387472015917863,1198,1.40625,0.6614583333333334,1.0
raw,stake_scaled_net_profit,27,832,863,32,-0.4022790193557739,0.11866137430673726,1239,1.28125,0.734375,1.0
raw,stake_scaled_net_profit,28,864,895,32,-0.12449237704277039,0.341139246144902,1297,1.8125,0.6119791666666667,1.3333333333333333
raw,stake_scaled_net_profit,29,896,927,32,-0.1278832107782364,0.21900446609289506,1344,1.46875,0.7083333333333334,1.1666666666666667
raw,stake_scaled_net_profit,30,928,959,32,-0.16075165569782257,0.23452755492151386,1393,1.53125,0.6979166666666666,1.3333333333333333
raw,stake_scaled_net_profit,31,960,991,32,-0.07584574818611145,0.1637929166326842,1437,1.375,0.7057291666666667,1.3333333333333333
raw,stake_scaled_net_profit,32,992,1023,32,-0.3745430111885071,0.13932448507356476,1480,1.34375,0.7760416666666666,1.0
raw,stake_scaled_net_profit,33,1024,1055,32,-0.28319039940834045,0.18877174452920106,1518,1.1875,0.8072916666666666,1.1666666666666667
raw,stake_scaled_net_profit,34,1056,1087,32,-0.17586585879325867,0.4117855812647064,1557,1.21875,0.7552083333333333,1.0
raw,stake_scaled_net_profit,35,1088,1119,32,-0.005564149469137192,0.1494393425781632,1595,1.1875,0.8046874999999999,1.3333333333333333
raw,stake_scaled_net_profit,36,1120,1151,32,-0.015284202992916107,0.1614419894039236,1637,1.3125,0.8072916666666665,2.3333333333333335
raw,stake_scaled_net_profit,37,1152,1183,32,-0.008284755051136017,0.1570841340747413,1676,1.21875,0.7291666666666666,1.0833333333333333
raw,stake_scaled_net_profit,38,1184,1215,32,-0.2036553919315338,0.1079746636149852,1713,1.15625,0.7604166666666666,1.0
raw,stake_scaled_net_profit,39,1216,1247,32,-0.22345677018165588,0.10162392486067597,1759,1.4375,0.7447916666666664,1.3333333333333333
raw,stake_scaled_net_profit,40,1248,1279,32,-0.3317182958126068,0.15077810015428214,1792,1.03125,0.841145833333333,1.0
raw,stake_scaled_net_profit,41,1280,1311,32,-0.4457381069660187,0.18601315617623387,1833,1.28125,0.8255208333333333,1.3333333333333333
raw,stake_scaled_net_profit,42,1312,1343,32,-0.26684609055519104,0.16656176605318515,1877,1.375,0.7604166666666666,1.3333333333333333
raw,stake_scaled_net_profit,43,1344,1375,32,-0.035438619554042816,0.20812156501253887,1917,1.25,0.7161458333333331,1.1666666666666667
raw,stake_scaled_net_profit,44,1376,1407,32,-0.028312433511018753,0.09335843872598026,1961,1.375,0.708333333333333,1.0833333333333333
raw,stake_scaled_net_profit,45,1408,1439,32,-0.12665291130542755,0.09630814641389691,2003,1.3125,0.7473958333333333,1.0
raw,stake_scaled_net_profit,46,1440,1471,32,-0.0427611842751503,0.1197446318269783,2041,1.1875,0.7604166666666665,1.3333333333333333
raw,stake_scaled_net_profit,47,1472,1503,32,-0.25208574533462524,0.32156447823340545,2081,1.25,0.7994791666666666,1.0
raw,stake_scaled_net_profit,48,1504,1535,32,0.021332085132598877,0.47411549528049773,2118,1.15625,0.7630208333333333,1.3333333333333333
raw,stake_scaled_net_profit,49,1536,1567,32,0.16791948676109314,0.24625067020020544,2163,1.40625,0.7500000000000001,2.5
raw,stake_scaled_net_profit,50,1568,1599,32,-0.39908450841903687,0.30488507770518114,2205,1.3125,0.7760416666666666,1.3333333333333333
raw,stake_scaled_net_profit,51,1600,1631,32,-0.0989287942647934,0.12364544765505127,2247,1.3125,0.7369791666666666,1.3333333333333333
raw,stake_scaled_net_profit,52,1632,1663,32,-0.08744339644908905,0.2933764179139827,2287,1.25,0.7994791666666666,2.5
raw,stake_scaled_net_profit,53,1664,1695,32,0.03316110372543335,0.20795354017879875,2323,1.125,0.7942708333333331,1.0
raw,stake_scaled_net_profit,54,1696,1727,32,0.09939750283956528,0.31790847242548875,2366,1.34375,0.7343750000000001,1.0
raw,stake_scaled_net_profit,55,1728,1759,32,-0.4901833236217499,0.3575003950217367,2406,1.25,0.6927083333333333,1.0
raw,stake_scaled_net_profit,56,1760,1791,32,-0.222005695104599,0.11468846156134362,2443,1.15625,0.7994791666666667,1.3333333333333333
raw,stake_scaled_net_profit,57,1792,1823,32,0.12152768671512604,0.11459803009102905,2478,1.09375,0.7916666666666666,1.3333333333333333
raw,stake_scaled_net_profit,58,1824,1855,32,0.008379057049751282,0.3241374969089392,2521,1.34375,0.7395833333333334,1.0833333333333333
raw,stake_scaled_net_profit,59,1856,1887,32,0.03078506886959076,0.15158503848897475,2555,1.0625,0.7968749999999998,1.3333333333333333
raw,stake_scaled_net_profit,60,1888,1919,32,-0.4307512640953064,0.45718350832291704,2595,1.25,0.8125000000000001,1.3333333333333333
raw,stake_scaled_net_profit,61,1920,1951,32,-0.10224460065364838,0.14453582010490001,2630,1.09375,0.8385416666666667,1.0833333333333333
raw,stake_scaled_net_profit,62,1952,1983,32,-0.1546599119901657,0.2545531686763794,2664,1.0625,0.7656250000000001,1.0
raw,stake_scaled_net_profit,63,1984,2015,32,0.00039356155321002007,0.23192068836637042,2703,1.21875,0.8359374999999998,1.3333333333333333
raw,stake_scaled_net_profit,64,2016,2047,32,-0.00033761560916900635,0.4018577606099916,2739,1.125,0.7968749999999999,1.0833333333333333
raw,stake_scaled_net_profit,65,2048,2079,32,-0.2427750527858734,0.35396159460350823,2773,1.0625,0.8281250000000001,1.0
raw,stake_scaled_net_profit,66,2080,2111,32,-0.005133992061018944,0.2273219746075172,2806,1.03125,0.895833333333333,2.5
raw,stake_scaled_net_profit,67,2112,2143,32,-0.10673245787620544,0.203528134704635,2840,1.0625,0.8723958333333331,1.1666666666666667
raw,stake_scaled_net_profit,68,2144,2175,32,0.07206270843744278,0.1918209061117071,2873,1.03125,0.8958333333333334,1.3333333333333333
raw,stake_scaled_net_profit,69,2176,2207,32,-0.1961333006620407,0.09017100536244756,2906,1.03125,0.8489583333333333,1.3333333333333333
raw,stake_scaled_net_profit,70,2208,2239,32,-0.4711305499076843,0.7169090484537979,2940,1.0625,0.8541666666666666,1.0
raw,stake_scaled_net_profit,71,2240,2271,32,-0.0525021068751812,0.20579024828904444,2974,1.0625,0.8802083333333333,1.0
raw,stake_scaled_net_profit,72,2272,2303,32,0.00497308699414134,0.0403853088024078,3006,1.0,0.8463541666666667,1.3333333333333333
raw,stake_scaled_net_profit,73,2304,2335,32,-0.0014921093825250864,0.02405009104364272,3038,1.0,0.9010416666666664,1.3333333333333333
raw,stake_scaled_net_profit,74,2336,2367,32,-0.2122083604335785,0.44513412405596103,3070,1.0,0.9062499999999999,1.3333333333333333
raw,stake_scaled_net_profit,75,2368,2399,32,-0.0002792326267808676,0.014689783441795551,3102,1.0,0.8697916666666667,1.3333333333333333
raw,stake_scaled_net_profit,76,2400,2431,32,-0.003309126477688551,0.029612687934371898,3134,1.0,0.8828125,1.3333333333333333
raw,stake_scaled_net_profit,77,2432,2463,32,-0.0009582240600138903,0.012093212790659816,3166,1.0,0.9244791666666664,1.3333333333333333
raw,stake_scaled_net_profit,78,2464,2495,32,0.07476255297660828,0.16973851118852704,3199,1.03125,0.8697916666666665,1.0
raw,stake_scaled_net_profit,79,2496,2527,32,-0.0013067619875073433,0.01472459513765414,3231,1.0,0.875,1.3333333333333333
raw,stake_scaled_net_profit,80,2528,2559,32,-0.0032554068602621555,0.03008832884898978,3263,1.0,0.8828125,1.3333333333333333
raw,stake_scaled_net_profit,81,2560,2591,32,0.00014991615898907185,0.005579749815894342,3295,1.0,0.9166666666666665,1.3333333333333333
raw,stake_scaled_net_profit,82,2592,2623,32,0.0002643250045366585,0.0060358293345984795,3327,1.0,0.8697916666666665,1.0833333333333333
raw,stake_scaled_net_profit,83,2624,2655,32,-0.0014001126401126385,0.01408273438401138,3359,1.0,0.8932291666666665,1.3333333333333333
raw,stake_scaled_net_profit,84,2656,2687,32,-0.0016162644606083632,0.01656005116464127,3391,1.0,0.8932291666666667,1.0833333333333333
raw,stake_scaled_net_profit,85,2688,2719,32,-0.1518542617559433,0.3119502935663777,3423,1.0,0.8802083333333333,1.0833333333333333
raw,stake_scaled_net_profit,86,2720,2751,32,-0.00015711039304733276,0.0035853052506534646,3455,1.0,0.8385416666666666,1.0
raw,stake_scaled_net_profit,87,2752,2783,32,-0.002157272072508931,0.022554849994641146,3487,1.0,0.9218750000000001,1.3333333333333333
raw,stake_scaled_net_profit,88,2784,2815,32,0.00014886626740917563,0.0036759245139970586,3519,1.0,0.9322916666666665,1.3333333333333333
raw,stake_scaled_net_profit,89,2816,2847,32,-0.000260125903878361,0.0037943886421737266,3551,1.0,0.8359375000000001,1.0833333333333333
raw,stake_scaled_net_profit,90,2848,2879,32,-0.0003933087282348424,0.005737724863122104,3583,1.0,0.9739583333333333,2.5
raw,stake_scaled_net_profit,91,2880,2911,32,-0.00026441740919835865,0.003866958831652615,3615,1.0,0.8750000000000001,1.0
raw,stake_scaled_net_profit,92,2912,2943,32,-0.0008170902729034424,0.009470541998040616,3647,1.0,0.8854166666666666,1.0
raw,stake_scaled_net_profit,93,2944,2975,32,0.00035545474383980036,0.004665857731397187,3679,1.0,0.9218749999999999,2.5
raw,stake_scaled_net_profit,94,2976,3007,32,0.0001222950522787869,0.0024006478894140937,3711,1.0,0.8645833333333333,1.0
raw,stake_scaled_net_profit,95,3008,3039,32,4.994496703147888e-05,0.0019169853603025918,3743,1.0,0.8203125,1.3333333333333333
raw,stake_scaled_net_profit,96,3040,3071,32,-0.00018440309213474393,0.003498324141309373,3775,1.0,0.8645833333333335,1.0833333333333333
raw,stake_scaled_net_profit,97,3072,3103,32,0.0003975865547545254,0.0046015423337248396,3807,1.0,0.9531249999999999,1.3333333333333333
raw,stake_scaled_net_profit,98,3104,3135,32,-0.0009672269807197154,0.011424146810926818,3839,1.0,0.8802083333333331,1.0
raw,stake_scaled_net_profit,99,3136,3167,32,-2.125653554685414e-05,0.00151150353417535,3871,1.0,0.880208333333333,1.0
raw,stake_scaled_net_profit,100,3168,3199,32,9.469191718380898e-05,0.0019405883038824054,3903,1.0,0.9270833333333334,1.3333333333333333
raw,stake_scaled_net_profit,101,3200,3231,32,-0.0004567230644170195,0.005562665027716878,3935,1.0,0.8385416666666665,1.0
raw,stake_scaled_net_profit,102,3232,3263,32,-0.13413181900978088,0.2708733022343851,3968,1.03125,0.8880208333333333,2.5
raw,stake_scaled_net_profit,103,3264,3295,32,-0.0010355215054005384,0.012068999670811834,4000,1.0,0.9218749999999999,1.3333333333333333
raw,stake_scaled_net_profit,104,3296,3327,32,0.00019345183682162315,0.0025506764946494785,4032,1.0,0.8385416666666666,1.0
raw,stake_scaled_net_profit,105,3328,3359,32,0.00019736835383810103,0.0027165821603079296,4064,1.0,0.859375,1.3333333333333333
raw,stake_scaled_net_profit,106,3360,3391,32,-0.0003520424070302397,0.004322579133183516,4096,1.0,0.8489583333333333,1.3333333333333333
raw,stake_scaled_net_profit,107,3392,3423,32,-0.0003608142724260688,0.004495898609958633,4128,1.0,0.9166666666666666,1.3333333333333333
raw,stake_scaled_net_profit,108,3424,3455,32,3.160287451464683e-05,0.0009922710906255878,4160,1.0,0.9062499999999998,1.3333333333333333
raw,stake_scaled_net_profit,109,3456,3487,32,-0.0004521260561887175,0.00584742043623707,4192,1.0,0.8906249999999999,1.3333333333333333
raw,stake_scaled_net_profit,110,3488,3519,32,-0.00010000169277191162,0.0014656728484917867,4224,1.0,0.8359375,1.3333333333333333
raw,stake_scaled_net_profit,111,3520,3551,32,-0.0001472235016990453,0.002009147108944843,4256,1.0,0.8749999999999998,1.0
raw,stake_scaled_net_profit,112,3552,3583,32,2.9381350032053888e-05,0.0010003335490352402,4288,1.0,0.9921874999999999,2.5
raw,stake_scaled_net_profit,113,3584,3615,32,-0.00020076830696780235,0.0025208145775442743,4320,1.0,0.8489583333333333,1.3333333333333333
raw,stake_scaled_net_profit,114,3616,3647,32,-0.00011514001380419359,0.0017361707400134607,4352,1.0,0.8906249999999999,1.0833333333333333
raw,stake_scaled_net_profit,115,3648,3679,32,-0.00014555329107679427,0.0019524591763632544,4384,1.0,0.8671874999999999,1.0833333333333333
raw,stake_scaled_net_profit,116,3680,3711,32,-5.3887561080046e-05,0.0011603467551245085,4416,1.0,0.888020833333333,1.0833333333333333
raw,stake_scaled_net_profit,117,3712,3743,32,2.6074558263644576e-05,0.0009601095371894774,4448,1.0,0.8333333333333333,1.0
raw,stake_scaled_net_profit,118,3744,3775,32,-0.00042971473885700107,0.005271742908480177,4480,1.0,0.9270833333333331,1.3333333333333333
raw,stake_scaled_net_profit,119,3776,3807,32,7.20769094186835e-05,0.0012651982715693956,4512,1.0,0.8437499999999998,1.0
raw,stake_scaled_net_profit,120,3808,3839,32,-5.692986451322213e-05,0.0010528895659108726,4544,1.0,0.8541666666666665,1.3333333333333333
raw,stake_scaled_net_profit,121,3840,3871,32,-5.389252692111768e-05,0.001053389598344771,4576,1.0,0.8802083333333333,1.0
raw,stake_scaled_net_profit,122,3872,3903,32,5.144129318068735e-05,0.0009449504653067198,4608,1.0,0.8229166666666669,1.0
raw,stake_scaled_net_profit,123,3904,3935,32,0.00011514623474795371,0.0015144402192567553,4640,1.0,0.8437499999999999,1.0
raw,stake_scaled_net_profit,124,3936,3967,32,-0.0001348132936982438,0.0019795101094931466,4672,1.0,0.9114583333333331,1.3333333333333333
raw,stake_scaled_net_profit,125,3968,3999,32,0.1440623551607132,0.28171402892533015,4704,1.0,0.8098958333333333,1.0
raw,stake_scaled_net_profit,126,4000,4031,32,-0.00042470419430173934,0.005389069585697433,4736,1.0,0.9244791666666666,1.0833333333333333
raw,stake_scaled_net_profit,127,4032,4063,32,5.490830517373979e-05,0.001004823209750924,4768,1.0,0.9140624999999998,1.3333333333333333
raw,stake_scaled_net_profit,128,4064,4095,32,7.41804760764353e-05,0.0014186875389360152,4800,1.0,0.7942708333333333,1.0833333333333333
raw,stake_scaled_net_profit,129,4096,4127,32,-3.4323587897233665e-05,0.0011703886235135722,4832,1.0,0.8984375,1.3333333333333333
raw,stake_scaled_net_profit,130,4128,4159,32,-0.00018358728266321123,0.00244087124593902,4864,1.0,0.9062499999999999,1.0
raw,stake_scaled_net_profit,131,4160,4191,32,0.0003523590858094394,0.004221844665638135,4896,1.0,0.8984374999999999,1.3333333333333333
raw,stake_scaled_net_profit,132,4192,4223,32,-5.850445450050756e-05,0.0012230618398254922,4929,1.03125,0.8541666666666665,1.3333333333333333
raw,stake_scaled_net_profit,133,4224,4255,32,0.00011388584971427917,0.0017390809697684906,4961,1.0,0.9036458333333333,1.0833333333333333
raw,stake_scaled_net_profit,134,4256,4287,32,0.00020291034888941795,0.002393739270547443,4993,1.0,0.8124999999999999,1.0
raw,stake_scaled_net_profit,135,4288,4319,32,-0.00033302605152130127,0.004310032875646494,5025,1.0,0.9218749999999998,1.3333333333333333
raw,stake_scaled_net_profit,136,4320,4351,32,-0.0006118342280387878,0.007260704723767857,5057,1.0,0.8958333333333331,1.0
raw,stake_scaled_net_profit,137,4352,4383,32,-0.0002886007132474333,0.003681479658445349,5089,1.0,0.8723958333333333,1.3333333333333333
raw,stake_scaled_net_profit,138,4384,4415,32,-0.0004143056576140225,0.004968759329568987,5121,1.0,0.8098958333333333,1.0833333333333333
raw,stake_scaled_net_profit,139,4416,4447,32,0.00011531633208505809,0.0020999608327379213,5153,1.0,0.8437499999999999,1.0
raw,stake_scaled_net_profit,140,4448,4479,32,-0.0003873780369758606,0.004739263820782614,5185,1.0,0.890625,1.3333333333333333
raw,stake_scaled_net_profit,141,4480,4511,32,-1.5072524547576904e-05,0.0016097030467855824,5217,1.0,0.7968749999999999,1.0
raw,stake_scaled_net_profit,142,4512,4543,32,-0.0002411691239103675,0.0029816282775598883,5249,1.0,0.9244791666666667,1.3333333333333333
raw,stake_scaled_net_profit,143,4544,4575,32,-0.0002977451076731086,0.0036079256227362815,5281,1.0,0.8229166666666666,1.3333333333333333
raw,stake_scaled_net_profit,144,4576,4607,32,0.0005812470917589962,0.006784989863724395,5313,1.0,0.8359375,1.3333333333333333
raw,stake_scaled_net_profit,145,4608,4639,32,-0.0002253254351671785,0.00285911874931676,5345,1.0,0.8697916666666665,1.0
raw,stake_scaled_net_profit,146,4640,4671,32,0.00015850488853175193,0.0023409923240125066,5377,1.0,0.9348958333333331,1.3333333333333333
raw,stake_scaled_net_profit,147,4672,4703,32,-0.0001380716566927731,0.002217321290422884,5409,1.0,0.8697916666666667,1.0833333333333333
raw,stake_scaled_net_profit,148,4704,4735,32,-0.00014355781604535878,0.002268016160363227,5441,1.0,0.8645833333333333,1.0
raw,stake_scaled_net_profit,149,4736,4767,32,-0.00010951358126476407,0.0020703483548630136,5473,1.0,0.875,1.3333333333333333
raw,stake_scaled_net_profit,150,4768,4799,32,-0.00027578326989896595,0.003696071185770993,5505,1.0,0.8229166666666666,1.0
raw,stake_scaled_net_profit,151,4800,4831,32,5.390310980146751e-05,0.0022815387528059105,5537,1.0,0.9296874999999999,1.3333333333333333
raw,stake_scaled_net_profit,152,4832,4863,32,-0.0009348118910565972,0.010393029200643973,5569,1.0,0.9609375,1.0833333333333333
raw,stake_scaled_net_profit,153,4864,4895,32,-0.001254630507901311,0.013902049836332801,5601,1.0,0.9739583333333331,1.3333333333333333
raw,stake_scaled_net_profit,154,4896,4927,32,-0.00047734257532283664,0.0059161335663951735,5633,1.0,0.9218749999999999,1.0
raw,stake_scaled_net_profit,155,4928,4959,32,-0.000391945184674114,0.004556217128123323,5665,1.0,0.890625,1.3333333333333333
raw,stake_scaled_net_profit,156,4960,4991,32,0.0002115964744007215,0.003515983622252266,5697,1.0,0.8385416666666665,1.0833333333333333
raw,stake_scaled_net_profit,157,4992,5023,32,0.0008579045534133911,0.009634554475720284,5729,1.0,0.9166666666666664,1.3333333333333333
raw,stake_scaled_net_profit,158,5024,5055,32,1.7105288861785084e-05,0.0016785085322471682,5761,1.0,0.9140625,1.0833333333333333
raw,stake_scaled_net_profit,159,5056,5087,32,0.0003411074576433748,0.0041115690195532364,5793,1.0,0.8776041666666664,1.3333333333333333
raw,stake_scaled_net_profit,160,5088,5119,32,0.00010189908789470792,0.0020719807569548063,5825,1.0,0.9036458333333331,1.3333333333333333
raw,stake_scaled_net_profit,161,5120,5151,32,-0.1642773598432541,0.3306877797370381,5857,1.0,0.90625,1.3333333333333333
raw,stake_scaled_net_profit,162,5152,5183,32,0.0005738920881412923,0.006544733598837355,5889,1.0,0.8802083333333331,1.3333333333333333
raw,stake_scaled_net_profit,163,5184,5215,32,-0.0001422762725269422,0.002528267685207224,5921,1.0,0.8932291666666666,1.3333333333333333
raw,stake_scaled_net_profit,164,5216,5247,32,2.9607370379380882e-05,0.001386019796250216,5953,1.0,0.8776041666666666,1.3333333333333333
raw,stake_scaled_net_profit,165,5248,5279,32,0.00025324273156002164,0.0032058336380195794,5985,1.0,0.8567708333333331,1.3333333333333333
raw,stake_scaled_net_profit,166,5280,5311,32,-0.0009165555238723755,0.010366276835987618,6017,1.0,0.8541666666666667,1.0
raw,stake_scaled_net_profit,167,5312,5343,32,-0.00020315495203249156,0.0028266504207348324,6049,1.0,0.9270833333333331,1.3333333333333333
raw,stake_scaled_net_profit,168,5344,5375,32,-0.00043076276779174805,0.005066250492529019,6081,1.0,0.9010416666666667,1.0833333333333333
raw,stake_scaled_net_profit,169,5376,5407,32,-9.596101881470531e-05,0.001873716785522555,6113,1.0,0.8723958333333334,1.0
raw,stake_scaled_net_profit,170,5408,5439,32,0.00012031695951009169,0.0018049393572755628,6145,1.0,0.9453124999999998,1.3333333333333333
raw,stake_scaled_net_profit,171,5440,5471,32,-0.0002597235143184662,0.0031318760800828206,6177,1.0,0.9765624999999999,2.5
raw,stake_scaled_net_profit,172,5472,5503,32,-9.322290861746296e-05,0.0017979367582434055,6209,1.0,0.9322916666666666,1.0833333333333333
raw,stake_scaled_net_profit,173,5504,5535,32,-7.89898112998344e-05,0.00154392414415622,6241,1.0,0.9088541666666664,1.0833333333333333
raw,stake_scaled_net_profit,174,5536,5567,32,-0.000638635188806802,0.007996921999262588,6273,1.0,0.9296874999999999,1.0833333333333333
raw,stake_scaled_net_profit,175,5568,5599,32,-0.0002387364802416414,0.0029903766178859454,6305,1.0,0.9218750000000001,2.5
raw,stake_scaled_net_profit,176,5600,5631,32,6.275500345509499e-05,0.001158896284708545,6337,1.0,0.8776041666666664,1.3333333333333333
raw,stake_scaled_net_profit,177,5632,5663,32,0.0001567316649015993,0.0021526258864943797,6369,1.0,0.8723958333333333,1.3333333333333333
raw,stake_scaled_net_profit,178,5664,5695,32,-0.00033749392605386674,0.004207110223374475,6401,1.0,0.9843749999999998,2.5
raw,stake_scaled_net_profit,179,5696,5727,32,-0.00012743350816890597,0.0019098243893222629,6433,1.0,0.8932291666666665,1.0833333333333333
raw,stake_scaled_net_profit,180,5728,5759,32,-0.2144327163696289,0.3972264278125905,6465,1.0,0.8177083333333333,1.0833333333333333
raw,stake_scaled_net_profit,181,5760,5791,32,-8.304541552206501e-05,0.0012045431022289499,6497,1.0,0.9192708333333334,1.3333333333333333
raw,stake_scaled_net_profit,182,5792,5823,32,-9.218354534823447e-05,0.0012860196431188427,6529,1.0,0.9166666666666667,1.3333333333333333
raw,stake_scaled_net_profit,183,5824,5855,32,-0.0001156305443146266,0.0016405008855685332,6561,1.0,0.7812499999999999,1.0
raw,stake_scaled_net_profit,184,5856,5887,32,-4.40552867075894e-05,0.0007306105931339618,6593,1.0,0.8385416666666665,1.0
raw,stake_scaled_net_profit,185,5888,5919,32,-0.00010287886834703386,0.001388507303424988,6625,1.0,0.9192708333333333,1.3333333333333333
raw,stake_scaled_net_profit,186,5920,5951,32,5.02169132232666e-05,0.0007392428874258149,6657,1.0,0.7526041666666667,1.0833333333333333
raw,stake_scaled_net_profit,187,5952,5983,32,6.321819455479272e-06,0.0003448216078932239,6689,1.0,0.9088541666666666,1.3333333333333333
raw,stake_scaled_net_profit,188,5984,6015,32,-1.4105193258728832e-05,0.00034292565957176385,6721,1.0,0.8203125,1.0833333333333333
raw,stake_scaled_net_profit,189,6016,6047,32,3.70095185644459e-05,0.0005428359755111013,6753,1.0,0.8098958333333335,1.0833333333333333
raw,stake_scaled_net_profit,190,6048,6079,32,-2.0995736122131348e-05,0.000389412699199891,6785,1.0,0.7708333333333334,1.3333333333333333
raw,stake_scaled_net_profit,191,6080,6111,32,-7.534027099609375e-05,0.0011325438090821053,6817,1.0,0.8958333333333331,1.0
raw,stake_scaled_net_profit,192,6112,6143,32,-4.517038905760273e-05,0.0006852889751994774,6849,1.0,0.8828125,1.3333333333333333
raw,stake_scaled_net_profit,193,6144,6175,32,-2.9556453227996826e-05,0.00047080775508589535,6881,1.0,0.9010416666666666,1.3333333333333333
raw,stake_scaled_net_profit,194,6176,6207,32,1.6642110495013185e-05,0.00031308322730111784,6913,1.0,0.7916666666666666,1.0
raw,stake_scaled_net_profit,195,6208,6239,32,-4.50064726464916e-05,0.0006679776873588304,6945,1.0,0.9010416666666667,2.5
raw,stake_scaled_net_profit,196,6240,6271,32,-9.05059278011322e-05,0.0013107463847572777,6977,1.0,0.9296874999999999,1.3333333333333333
raw,stake_scaled_net_profit,197,6272,6303,32,-8.482113480567932e-05,0.001206395720111152,7009,1.0,0.8932291666666665,1.0
raw,stake_scaled_net_profit,198,6304,6335,32,-2.1162133634788916e-05,0.00037217478659569387,7041,1.0,0.8177083333333333,1.0
raw,stake_scaled_net_profit,199,6336,6367,32,1.619507747818716e-05,0.0002972383798333864,7073,1.0,0.8307291666666665,1.3333333333333333
raw,stake_scaled_net_profit,200,6368,6399,32,-3.2629817724227905e-05,0.0005047320415280377,7105,1.0,0.8932291666666665,1.3333333333333333
raw,stake_scaled_net_profit,201,6400,6431,32,2.9377639293670654e-05,0.0004849538396470444,7137,1.0,0.8932291666666664,1.3333333333333333
raw,stake_scaled_net_profit,202,6432,6463,32,4.460419404495042e-06,0.00037163978540628715,7169,1.0,0.8333333333333334,1.3333333333333333
raw,stake_scaled_net_profit,203,6464,6495,32,-7.45430588722229e-05,0.0011264591977556083,7201,1.0,0.9427083333333331,1.3333333333333333
raw,stake_scaled_net_profit,204,6496,6527,32,-5.396952110459097e-05,0.0007887244481127058,7233,1.0,0.8671874999999998,1.0833333333333333
raw,stake_scaled_net_profit,205,6528,6559,32,-2.5642410037107766e-05,0.00041612242510336315,7265,1.0,0.8671874999999998,1.0833333333333333
raw,stake_scaled_net_profit,206,6560,6591,32,-2.76776645478094e-05,0.000490582658192862,7297,1.0,0.9270833333333334,1.0833333333333333
raw,stake_scaled_net_profit,207,6592,6623,32,-2.1019328414695337e-05,0.00035585455424584265,7329,1.0,0.9192708333333331,1.0833333333333333
raw,stake_scaled_net_profit,208,6624,6655,32,6.021312401571777e-06,0.000208485876908561,7361,1.0,0.9036458333333331,1.3333333333333333
raw,stake_scaled_net_profit,209,6656,6687,32,-2.2467225790023804e-05,0.00037120167355625486,7393,1.0,0.9036458333333333,1.3333333333333333
raw,stake_scaled_net_profit,210,6688,6719,32,2.5056297090486623e-05,0.0003943609153404677,7425,1.0,0.8958333333333331,1.3333333333333333
raw,stake_scaled_net_profit,211,6720,6751,32,3.091989128733985e-06,0.00019294461401661608,7457,1.0,0.8697916666666666,1.3333333333333333
raw,stake_scaled_net_profit,212,6752,6783,32,-3.653392195701599e-05,0.0005604753465335761,7489,1.0,0.9010416666666665,1.0
raw,stake_scaled_net_profit,213,6784,6815,32,-2.971788308059331e-05,0.00046244301080900516,7521,1.0,0.8749999999999999,1.0
raw,stake_scaled_net_profit,214,6816,6847,32,-7.25934878573753e-05,0.0011285875359041961,7553,1.0,0.9140625000000001,1.3333333333333333
raw,stake_scaled_net_profit,215,6848,6879,32,-7.656712841708213e-05,0.0010880664513255175,7585,1.0,0.875,1.3333333333333333
raw,stake_scaled_net_profit,216,6880,6911,32,-2.672272330528358e-06,0.00015256635811266404,7617,1.0,0.8645833333333331,1.0
raw,stake_scaled_net_profit,217,6912,6943,32,-3.35077456838917e-05,0.0005408754932988907,7649,1.0,0.9218749999999998,1.0
raw,stake_scaled_net_profit,218,6944,6975,32,-6.395578384399414e-05,0.0009222183985640077,7681,1.0,0.765625,1.0
raw,stake_scaled_net_profit,219,6976,7007,32,-1.8784156054607593e-05,0.00033778997620369694,7713,1.0,0.8671874999999999,1.0833333333333333
raw,stake_scaled_net_profit,220,7008,7039,32,-3.996492159785703e-05,0.0005956687865123639,7745,1.0,0.8489583333333334,1.3333333333333333
raw,stake_scaled_net_profit,221,7040,7071,32,4.730001091957092e-05,0.0006671507141259085,7777,1.0,0.9166666666666666,1.3333333333333333
raw,stake_scaled_net_profit,222,7072,7103,32,-5.426506504591089e-06,0.00017677985635634059,7809,1.0,0.8645833333333331,1.0833333333333333
raw,stake_scaled_net_profit,223,7104,7135,32,2.2533042283612303e-05,0.00035236604049063017,7841,1.0,0.8906249999999999,1.3333333333333333
raw,stake_scaled_net_profit,224,7136,7167,32,-1.5214085578918457e-05,0.0002996992783357075,7873,1.0,0.8880208333333333,1.3333333333333333
raw,stake_scaled_net_profit,225,7168,7199,32,-4.363059997558594e-05,0.0006567810348203281,7905,1.0,0.8671874999999998,1.0833333333333333
raw,stake_scaled_net_profit,226,7200,7231,32,9.114543354371563e-05,0.0012835606752293655,7937,1.0,0.8932291666666666,2.5
raw,stake_scaled_net_profit,227,7232,7263,32,-3.520275276969187e-05,0.0005559153577584862,7969,1.0,0.8671875,1.0
raw,stake_scaled_net_profit,228,7264,7295,32,-8.081148553173989e-05,0.001195161521129391,8001,1.0,0.9505208333333331,1.3333333333333333
raw,stake_scaled_net_profit,229,7296,7327,32,-5.549938214244321e-05,0.0008261608473989056,8033,1.0,0.8619791666666669,1.3333333333333333
raw,stake_scaled_net_profit,230,7328,7359,32,-3.0120214432827197e-05,0.0004797237836904089,8065,1.0,0.8880208333333331,1.0833333333333333
raw,stake_scaled_net_profit,231,7360,7391,32,-5.662441253662109e-07,0.0001415645912196479,8097,1.0,0.90625,2.5
raw,stake_scaled_net_profit,232,7392,7423,32,1.81160921783885e-05,0.000279311382484063,8129,1.0,0.8723958333333331,1.0
raw,stake_scaled_net_profit,233,7424,7455,32,-4.911298310616985e-05,0.0007118907171555121,8161,1.0,0.8489583333333331,1.0833333333333333
raw,stake_scaled_net_profit,234,7456,7487,32,-2.4239216145360842e-06,0.00023049129009229728,8193,1.0,0.8098958333333334,1.0833333333333333
raw,stake_scaled_net_profit,235,7488,7519,32,2.2864587663207203e-05,0.0003704182149440352,8225,1.0,0.8125,1.3333333333333333
raw,stake_scaled_net_profit,236,7520,7551,32,-0.00011280675971647725,0.0016379215731260053,8257,1.0,0.90625,1.0833333333333333
raw,stake_scaled_net_profit,237,7552,7583,32,-3.0289094866020605e-05,0.0004874393381531786,8289,1.0,0.8489583333333334,1.3333333333333333
raw,stake_scaled_net_profit,238,7584,7615,32,-0.21937218308448792,0.4080842783575469,8321,1.0,0.9010416666666665,1.3333333333333333
raw,stake_scaled_net_profit,239,7616,7647,32,1.3912715076003224e-05,0.0002647492873312216,8353,1.0,0.8229166666666667,1.0
raw,stake_scaled_net_profit,240,7648,7679,32,-3.39051075570751e-05,0.0005318282376661949,8385,1.0,0.8593749999999999,1.0
raw,stake_scaled_net_profit,241,7680,7711,32,3.9522845327155665e-05,0.0006014258240105548,8417,1.0,0.7708333333333333,1.0
raw,stake_scaled_net_profit,242,7712,7743,32,-5.7456396461930126e-05,0.0009241592639434033,8449,1.0,0.9583333333333334,1.0
raw,stake_scaled_net_profit,243,7744,7775,32,-2.1333496988518164e-05,0.00033832615347668884,8481,1.0,0.8281249999999998,1.0
raw,stake_scaled_net_profit,244,7776,7807,32,1.4478960110864136e-06,8.477988215231944e-05,8513,1.0,0.8749999999999999,1.3333333333333333
raw,stake_scaled_net_profit,245,7808,7839,32,-3.814697265625e-06,7.840052134909731e-05,8545,1.0,0.8255208333333334,1.0833333333333333
raw,stake_scaled_net_profit,246,7840,7871,32,-9.926658094627783e-06,0.00016654066320877448,8577,1.0,0.8125,1.3333333333333333
raw,stake_scaled_net_profit,247,7872,7903,32,-1.3399869203567505e-05,0.00022417712122061047,8609,1.0,0.9296874999999999,2.5
raw,stake_scaled_net_profit,248,7904,7935,32,-2.464403587509878e-05,0.0003999734516410818,8641,1.0,0.8645833333333333,1.3333333333333333
raw,stake_scaled_net_profit,249,7936,7967,32,-1.553446054458618e-05,0.00026350178750589293,8673,1.0,0.8802083333333331,1.3333333333333333
raw,stake_scaled_net_profit,250,7968,7999,32,-7.386008746834705e-06,0.0001343115001395186,8705,1.0,0.8932291666666666,1.3333333333333333
raw,stake_scaled_net_profit,251,8000,8031,32,1.1352201909176074e-05,0.00019179909648092078,8737,1.0,0.8072916666666666,1.0
raw,stake_scaled_net_profit,252,8032,8063,32,2.9355278456932865e-06,5.537566093125267e-05,8769,1.0,0.8854166666666666,1.3333333333333333
raw,stake_scaled_net_profit,253,8064,8095,32,-1.076112221198855e-05,0.00018804596772430856,8801,1.0,0.9062499999999998,1.3333333333333333
raw,stake_scaled_net_profit,254,8096,8127,32,-3.73770762962522e-06,7.65566442771002e-05,8833,1.0,0.9218749999999999,1.3333333333333333
raw,stake_scaled_net_profit,255,8128,8159,32,1.127521045418689e-06,4.732487205994747e-05,8865,1.0,0.8802083333333331,1.0833333333333333
raw,stake_scaled_net_profit,256,8160,8191,32,-1.8554428606876172e-05,0.0003118860289997351,8897,1.0,0.8697916666666665,1.0
raw,stake_scaled_net_profit,257,8192,8223,32,3.993510745203821e-06,8.52430083739497e-05,8929,1.0,0.8828124999999998,1.0833333333333333
raw,stake_scaled_net_profit,258,8224,8255,32,-1.2772778063663282e-05,0.0002156968367495975,8961,1.0,0.875,1.3333333333333333
raw,stake_scaled_net_profit,259,8256,8287,32,1.8427764416628634e-06,4.0088674002429226e-05,8993,1.0,0.84375,1.0
raw,stake_scaled_net_profit,260,8288,8319,32,-1.582006734679453e-05,0.0002689543768564569,9025,1.0,0.8802083333333331,1.3333333333333333
raw,stake_scaled_net_profit,261,8320,8351,32,-3.295640453870874e-06,6.72599649357397e-05,9057,1.0,0.8385416666666665,1.0
raw,stake_scaled_net_profit,262,8352,8383,32,9.213883458869532e-06,0.00016106258183589146,9089,1.0,0.7526041666666666,1.0833333333333333
raw,stake_scaled_net_profit,263,8384,8415,32,-4.651646122511011e-06,8.977009086317219e-05,9121,1.0,0.8958333333333331,1.3333333333333333
raw,stake_scaled_net_profit,264,8416,8447,32,-1.4180939160723938e-06,3.330308866777142e-05,9153,1.0,0.8984374999999999,1.0833333333333333
raw,stake_scaled_net_profit,265,8448,8479,32,-4.271666512067895e-06,8.435707052443931e-05,9185,1.0,0.8281250000000001,1.0
raw,stake_scaled_net_profit,266,8480,8511,32,-1.1766949683078565e-05,0.000196931649838376,9217,1.0,0.9088541666666666,1.3333333333333333
raw,stake_scaled_net_profit,267,8512,8543,32,7.172425284807105e-06,0.0001300674175206483,9249,1.0,0.8177083333333334,1.0
raw,stake_scaled_net_profit,268,8544,8575,32,-2.3593502191943116e-06,4.528888182470861e-05,9281,1.0,0.848958333333333,1.0833333333333333
raw,stake_scaled_net_profit,269,8576,8607,32,-8.779263680480653e-07,3.258635313025816e-05,9313,1.0,0.8776041666666666,1.0
raw,stake_scaled_net_profit,270,8608,8639,32,-6.7763035076495726e-06,0.00012442007995423727,9345,1.0,0.9296874999999999,1.0833333333333333
raw,stake_scaled_net_profit,271,8640,8671,32,-7.937352165754419e-06,0.0001444637791548036,9377,1.0,0.9140624999999999,1.3333333333333333
raw,stake_scaled_net_profit,272,8672,8703,32,1.944601535797119e-06,4.017018071760763e-05,9409,1.0,0.8697916666666666,1.3333333333333333
raw,stake_scaled_net_profit,273,8704,8735,32,6.407495902749361e-07,2.3816327429480702e-05,9441,1.0,0.8906249999999999,1.0833333333333333
raw,stake_scaled_net_profit,274,8736,8767,32,8.928278475650586e-06,0.00016142460380885376,9473,1.0,0.890625,1.3333333333333333
raw,stake_scaled_net_profit,275,8768,8799,32,-3.5402676985540893e-06,6.992448589251625e-05,9505,1.0,0.8723958333333333,1.0833333333333333
raw,stake_scaled_net_profit,276,8800,8831,32,6.960084192542126e-06,0.00012646876467855788,9537,1.0,0.8619791666666666,1.3333333333333333
raw,stake_scaled_net_profit,277,8832,8863,32,-3.6433341392694274e-06,6.863415324464119e-05,9569,1.0,0.8020833333333333,1.0
raw,stake_scaled_net_profit,278,8864,8895,32,-7.599591071993927e-07,3.3073180790580484e-05,9601,1.0,0.9062499999999999,1.3333333333333333
raw,stake_scaled_net_profit,279,8896,8927,32,-4.803141564480029e-06,8.990855435302963e-05,9633,1.0,0.859375,1.0
raw,stake_scaled_net_profit,280,8928,8959,32,-2.478559508745093e-06,4.818380833580514e-05,9665,1.0,0.9296874999999998,1.3333333333333333
raw,stake_scaled_net_profit,281,8960,8991,32,6.568930643879867e-07,2.2801504116170754e-05,9697,1.0,0.9218749999999999,1.3333333333333333
raw,stake_scaled_net_profit,282,8992,9023,32,5.061428055341821e-06,9.184967096232224e-05,9729,1.0,0.8645833333333331,1.3333333333333333
raw,stake_scaled_net_profit,283,9024,9055,32,-5.982816219329834e-06,0.00010904882211744158,9761,1.0,0.8906249999999999,1.0833333333333333
raw,stake_scaled_net_profit,284,9056,9087,32,-8.098781108856201e-06,0.00015182997444310254,9793,1.0,0.9114583333333335,1.0
raw,stake_scaled_net_profit,285,9088,9119,32,-4.758437171403784e-06,8.721852226593244e-05,9825,1.0,0.8593750000000001,1.0
raw,stake_scaled_net_profit,286,9120,9151,32,-5.5283308029174805e-06,9.909217813179388e-05,9857,1.0,0.8567708333333333,1.3333333333333333
raw,stake_scaled_net_profit,287,9152,9183,32,2.664824251041864e-06,5.077495287840251e-05,9889,1.0,0.8020833333333333,1.3333333333333333
raw,stake_scaled_net_profit,288,9184,9215,32,-2.0849208794970764e-06,4.377828178389881e-05,9921,1.0,0.9244791666666665,1.3333333333333333
raw,stake_scaled_net_profit,289,9216,9247,32,7.5623393058776855e-06,0.0001320307240428468,9953,1.0,0.8984374999999998,1.3333333333333333
raw,stake_scaled_net_profit,290,9248,9279,32,7.636846248715301e-07,2.8663291952262513e-05,9985,1.0,0.9505208333333331,2.5
raw,stake_scaled_net_profit,291,9280,9311,32,-1.576046270201914e-05,0.0002743243156666781,10017,1.0,0.8958333333333333,1.0
raw,stake_scaled_net_profit,292,9312,9343,32,-2.3668007997912355e-06,4.987722145783729e-05,10049,1.0,0.796875,1.3333333333333333
raw,stake_scaled_net_profit,293,9344,9375,32,-4.475315108720679e-06,8.072492988452306e-05,10081,1.0,0.9088541666666665,1.0833333333333333
raw,stake_scaled_net_profit,294,9376,9407,32,-8.23289155960083e-06,0.00014166212568218214,10113,1.0,0.9348958333333331,1.3333333333333333
raw,stake_scaled_net_profit,295,9408,9439,32,6.844599738542456e-06,0.00011670615402656336,10145,1.0,0.8125,1.0
raw,stake_scaled_net_profit,296,9440,9471,32,2.854814283637097e-06,5.6914129613499205e-05,10177,1.0,0.9036458333333334,1.3333333333333333
raw,stake_scaled_net_profit,297,9472,9503,32,2.6151537895202637e-06,5.303922859082574e-05,10209,1.0,0.8541666666666665,1.3333333333333333
raw,stake_scaled_net_profit,298,9504,9535,32,-3.126760475424817e-06,5.81289998873921e-05,10241,1.0,0.8593750000000001,1.0833333333333333
raw,stake_scaled_net_profit,299,9536,9567,32,-3.0125179364404175e-06,6.411707709755831e-05,10273,1.0,0.9244791666666664,1.3333333333333333
raw,stake_scaled_net_profit,300,9568,9599,32,2.7467808649817016e-06,5.243581214243753e-05,10305,1.0,0.875,1.3333333333333333
raw,stake_scaled_net_profit,301,9600,9631,32,-6.8793688114965335e-06,0.00012228160058668717,10337,1.0,0.8749999999999998,1.0
raw,stake_scaled_net_profit,302,9632,9663,32,-1.942118160513928e-06,4.9238125870978264e-05,10369,1.0,0.9166666666666666,1.3333333333333333
raw,stake_scaled_net_profit,303,9664,9695,32,1.038114078255603e-06,3.5869099889832176e-05,10401,1.0,0.8645833333333333,1.3333333333333333
raw,stake_scaled_net_profit,304,9696,9727,32,-1.0808309525600635e-05,0.00019526486803470098,10433,1.0,0.921875,1.3333333333333333
raw,stake_scaled_net_profit,305,9728,9759,32,-2.3258230612555053e-06,4.7233427785550954e-05,10465,1.0,0.8984375000000001,1.0833333333333333
raw,stake_scaled_net_profit,306,9760,9791,32,-8.245309800258838e-06,0.00014752396182574122,10497,1.0,0.9296874999999998,1.3333333333333333
raw,stake_scaled_net_profit,307,9792,9823,32,4.737327344628284e-06,8.256149212990764e-05,10529,1.0,0.8567708333333334,1.3333333333333333
raw,stake_scaled_net_profit,308,9824,9855,32,7.102887593646301e-07,2.44653836790128e-05,10561,1.0,0.8385416666666666,1.3333333333333333
raw,stake_scaled_net_profit,309,9856,9887,32,-9.213888461090392e-07,2.5548450146185582e-05,10593,1.0,0.9088541666666665,1.3333333333333333
raw,stake_scaled_net_profit,310,9888,9919,32,-9.054939255292993e-06,0.00016070584967494138,10625,1.0,0.8776041666666665,1.0
raw,stake_scaled_net_profit,311,9920,9951,32,-9.941558346326929e-06,0.00017678128036912043,10657,1.0,0.9010416666666667,1.3333333333333333
raw,stake_scaled_net_profit,312,9952,9983,32,-3.1640131510357605e-06,5.564522864535727e-05,10689,1.0,0.8437499999999998,1.0833333333333333
raw,stake_scaled_net_profit,313,9984,10015,32,-6.285806193773169e-06,0.00011329056603138711,10721,1.0,0.7682291666666665,1.0
raw,stake_scaled_net_profit,314,10016,10047,32,9.561578053762787e-07,2.6875229058397334e-05,10753,1.0,0.9453124999999999,1.3333333333333333
raw,stake_scaled_net_profit,315,10048,10079,32,3.988543539890088e-06,7.26545745327857e-05,10785,1.0,0.8020833333333331,1.3333333333333333
raw,stake_scaled_net_profit,316,10080,10111,32,6.07222318649292e-07,2.861641607118535e-05,10817,1.0,0.8880208333333331,1.3333333333333333
raw,stake_scaled_net_profit,317,10112,10143,32,-8.615354090579785e-06,0.00015397031785496397,10849,1.0,0.8489583333333333,1.0
raw,stake_scaled_net_profit,318,10144,10175,32,-4.752228505822131e-06,9.08754279926016e-05,10881,1.0,0.8906249999999999,1.0833333333333333
raw,stake_scaled_net_profit,319,10176,10207,32,1.2815000900445739e-06,3.6191634810637196e-05,10913,1.0,0.8958333333333333,1.3333333333333333
raw,stake_scaled_net_profit,320,10208,10239,32,-5.791584953840356e-06,0.00010219818315790509,10945,1.0,0.8854166666666665,1.0833333333333333
raw,stake_scaled_net_profit,321,10240,10271,32,-4.676481239584973e-06,8.752454866443677e-05,10977,1.0,0.8880208333333333,1.0833333333333333
raw,stake_scaled_net_profit,322,10272,10303,32,-6.71297357257572e-06,0.00011673441580777708,11009,1.0,0.9140624999999999,1.0833333333333333
raw,stake_scaled_net_profit,323,10304,10335,32,-1.2526908903964795e-05,0.00022685756782113233,11041,1.0,0.9166666666666665,1.3333333333333333
raw,stake_scaled_net_profit,324,10336,10367,32,1.9297003746032715e-06,4.130301167187298e-05,11073,1.0,0.84375,1.3333333333333333
raw,stake_scaled_net_profit,325,10368,10399,32,4.366040229797363e-06,8.05621779117542e-05,11105,1.0,0.8515624999999998,1.3333333333333333
raw,stake_scaled_net_profit,326,10400,10431,32,3.653268549896893e-06,6.817075961317062e-05,11137,1.0,0.8697916666666665,1.3333333333333333
raw,stake_scaled_net_profit,327,10432,10463,32,8.456408977508545e-06,0.00014897781934038198,11169,1.0,0.8984374999999999,1.3333333333333333
raw,stake_scaled_net_profit,328,10464,10495,32,-2.0836794192291563e-06,5.4305326106161466e-05,11201,1.0,0.9166666666666665,1.0
raw,stake_scaled_net_profit,329,10496,10527,32,7.55240489525022e-06,0.00013461537600834914,11233,1.0,0.8333333333333333,1.3333333333333333
raw,stake_scaled_net_profit,330,10528,10559,32,1.907349087559851e-06,4.1781270460253794e-05,11265,1.0,0.8593749999999999,1.0833333333333333
raw,stake_scaled_net_profit,331,10560,10591,32,-1.1476377949293237e-05,0.00020307635038864595,11297,1.0,0.9375,1.3333333333333333
raw,stake_scaled_net_profit,332,10592,10623,32,4.321338451518386e-07,2.0886026296931195e-05,11329,1.0,0.8541666666666667,1.3333333333333333
raw,stake_scaled_net_profit,333,10624,10655,32,-1.7099080196203431e-06,5.021242958956198e-05,11361,1.0,0.8697916666666665,1.3333333333333333
raw,stake_scaled_net_profit,334,10656,10687,32,-5.4339570851880126e-06,9.708207676270538e-05,11393,1.0,0.8593749999999998,1.0
raw,stake_scaled_net_profit,335,10688,10719,32,-4.955877557222266e-06,9.380042843826021e-05,11425,1.0,0.9270833333333331,1.0833333333333333
raw,stake_scaled_net_profit,336,10720,10751,32,6.4807632043084595e-06,0.0001226328550528442,11457,1.0,0.8749999999999997,2.5
raw,stake_scaled_net_profit,337,10752,10783,32,9.119509741140064e-06,0.00015899020399523254,11489,1.0,0.8151041666666667,1.0833333333333333
raw,stake_scaled_net_profit,338,10784,10815,32,-1.5969078503985656e-06,3.5626844502499385e-05,11521,1.0,0.734375,1.0
raw,stake_scaled_net_profit,339,10816,10847,32,-3.062188852709369e-06,6.246027879085342e-05,11553,1.0,0.7864583333333333,1.0
raw,stake_scaled_net_profit,340,10848,10879,32,-1.1627872481767554e-05,0.00020040771776346872,11585,1.0,0.9557291666666666,1.3333333333333333
raw,stake_scaled_net_profit,341,10880,10911,32,-8.48621129989624e-06,0.00015108565372534913,11617,1.0,0.9218749999999999,1.3333333333333333
raw,stake_scaled_net_profit,342,10912,10943,32,-5.448857791634509e-06,0.00010711107270438832,11649,1.0,0.8802083333333331,1.0
raw,stake_scaled_net_profit,343,10944,10975,32,-5.076329216535669e-06,9.240197097892596e-05,11681,1.0,0.8541666666666665,1.0
raw,stake_scaled_net_profit,344,10976,11007,32,-2.7591981961450074e-06,6.22383152978817e-05,11713,1.0,0.8567708333333334,1.0833333333333333
raw,stake_scaled_net_profit,345,11008,11039,32,-1.9172823613189394e-06,5.110542721300783e-05,11745,1.0,0.9166666666666667,1.3333333333333333
raw,stake_scaled_net_profit,346,11040,11071,32,-1.6801061519799987e-06,4.5075306724483775e-05,11777,1.0,0.8802083333333334,1.0833333333333333
raw,stake_scaled_net_profit,347,11072,11103,32,-1.0505323189136107e-06,3.20486711876532e-05,11809,1.0,0.9062499999999999,1.3333333333333333
raw,stake_scaled_net_profit,348,11104,11135,32,2.2600079319090582e-07,2.528300069080215e-05,11841,1.0,0.7916666666666666,1.3333333333333333
raw,stake_scaled_net_profit,349,11136,11167,32,2.495944272595807e-06,5.3184616122400844e-05,11873,1.0,0.9427083333333334,2.5
raw,stake_scaled_net_profit,350,11168,11199,32,3.566344275895972e-06,6.538620536033635e-05,11905,1.0,0.8437499999999999,1.0
raw,stake_scaled_net_profit,351,11200,11231,32,-8.11864902061643e-06,0.00014277755959749586,11937,1.0,0.8072916666666666,1.0
raw,stake_scaled_net_profit,352,11232,11263,32,1.174707904283423e-06,3.7298652010499954e-05,11969,1.0,0.8854166666666666,1.3333333333333333
raw,stake_scaled_net_profit,353,11264,11295,32,-1.0923793524852954e-05,0.00018918651287897254,12001,1.0,0.8932291666666664,1.0833333333333333
raw,stake_scaled_net_profit,354,11296,11327,32,6.315608516160864e-06,0.00010860033978946723,12033,1.0,0.8489583333333334,1.0
raw,stake_scaled_net_profit,355,11328,11359,32,-1.0900200322794262e-05,0.0001907704225470123,12065,1.0,0.8072916666666665,1.0
raw,stake_scaled_net_profit,356,11360,11391,32,2.806383463394013e-07,2.271834873920458e-05,12097,1.0,0.8541666666666664,1.3333333333333333
raw,stake_scaled_net_profit,357,11392,11423,32,-1.4526148333970923e-05,0.0002657143754848123,12129,1.0,0.9427083333333333,1.0
raw,stake_scaled_net_profit,358,11424,11455,32,-1.5397868082800414e-06,3.395633753071235e-05,12161,1.0,0.8802083333333333,1.3333333333333333
raw,stake_scaled_net_profit,359,11456,11487,32,-9.38276389206294e-06,0.0001718396438100253,12193,1.0,0.8854166666666665,1.0
raw,stake_scaled_net_profit,360,11488,11519,32,-9.561579190631164e-07,2.4642844414667132e-05,12225,1.0,0.8177083333333333,1.3333333333333333
raw,stake_scaled_net_profit,361,11520,11551,32,-1.1961907148361206e-05,0.00021319019560990207,12257,1.0,0.9296874999999999,1.3333333333333333
raw,stake_scaled_net_profit,362,11552,11583,32,-8.394322321692016e-07,3.387379441377272e-05,12289,1.0,0.8515624999999999,1.0833333333333333
raw,stake_scaled_net_profit,363,11584,11615,32,1.2417634707162506e-06,2.536525096495117e-05,12321,1.0,0.9453124999999999,1.3333333333333333
raw,stake_scaled_net_profit,364,11616,11647,32,-1.4983117580413818e-05,0.0002650359561565884,12353,1.0,0.8984375,1.0833333333333333
raw,stake_scaled_net_profit,365,11648,11679,32,-4.569692464428954e-07,2.3952571146275877e-05,12385,1.0,0.8802083333333334,1.3333333333333333
raw,stake_scaled_net_profit,366,11680,11711,32,-6.449718966905493e-06,0.00011962235734666898,12417,1.0,0.9062499999999999,1.3333333333333333
raw,stake_scaled_net_profit,367,11712,11743,32,1.964469674931024e-06,3.680747607472473e-05,12449,1.0,0.9557291666666664,1.3333333333333333
raw,stake_scaled_net_profit,368,11744,11775,32,4.885097041551489e-06,8.64750188905063e-05,12481,1.0,0.796875,1.3333333333333333
raw,stake_scaled_net_profit,369,11776,11807,32,-4.149973392486572e-06,7.742170742252337e-05,12513,1.0,0.8776041666666665,1.0
raw,stake_scaled_net_profit,370,11808,11839,32,-6.208815648278687e-07,2.340448750590842e-05,12545,1.0,0.8489583333333333,1.3333333333333333
raw,stake_scaled_net_profit,371,11840,11871,32,-5.339518338587368e-08,3.2961154252505414e-05,12577,1.0,0.8749999999999999,1.0833333333333333
raw,stake_scaled_net_profit,372,11872,11903,32,-2.900759682233911e-06,5.366628993002758e-05,12609,1.0,0.8307291666666667,1.3333333333333333
raw,stake_scaled_net_profit,373,11904,11935,32,-9.309500455856323e-06,0.0001616307482130848,12641,1.0,0.8671874999999999,1.3333333333333333
raw,stake_scaled_net_profit,374,11936,11967,32,-2.0613265405700076e-07,2.212424484303323e-05,12673,1.0,0.9427083333333333,1.3333333333333333
raw,stake_scaled_net_profit,375,11968,11999,32,3.5812449823424686e-06,6.75940189375508e-05,12705,1.0,0.8828124999999999,1.0833333333333333
raw,stake_scaled_net_profit,376,12000,12031,32,1.1349716260156129e-06,3.4499342365297424e-05,12737,1.0,0.8020833333333334,1.3333333333333333
raw,stake_scaled_net_profit,377,12032,12063,32,2.474834218446631e-06,4.922946405380476e-05,12769,1.0,0.8020833333333331,1.0833333333333333
raw,stake_scaled_net_profit,378,12064,12095,32,2.8833746910095215e-06,5.521330021758706e-05,12801,1.0,0.7630208333333331,1.3333333333333333
raw,stake_scaled_net_profit,379,12096,12127,32,-3.0125183911877684e-06,6.165829777936959e-05,12833,1.0,0.84375,1.0
raw,stake_scaled_net_profit,380,12128,12159,32,2.2699432520312257e-06,5.017056870853284e-05,12865,1.0,0.8723958333333331,1.3333333333333333
raw,stake_scaled_net_profit,381,12160,12191,32,-4.5696901906921994e-07,3.7560511252951805e-05,12897,1.0,0.8802083333333335,1.3333333333333333
raw,stake_scaled_net_profit,382,12192,12223,32,-3.984819159086328e-06,8.067240595514004e-05,12929,1.0,0.8932291666666665,1.0833333333333333
raw,stake_scaled_net_profit,383,12224,12255,32,-3.5464765915094176e-06,6.776190074059129e-05,12961,1.0,0.8697916666666666,1.0
raw,stake_scaled_net_profit,384,12256,12287,32,2.4338521598110674e-07,3.019417191105678e-05,12993,1.0,0.7994791666666666,1.0
raw,stake_scaled_net_profit,385,12288,12319,32,-3.80600454263913e-06,7.209223938544205e-05,13025,1.0,0.8828124999999998,1.3333333333333333
raw,stake_scaled_net_profit,386,12320,12351,32,7.025898412393872e-06,0.00012447757488524432,13057,1.0,0.895833333333333,1.3333333333333333
raw,stake_scaled_net_profit,387,12352,12383,32,-1.2467303349694703e-06,2.937142635538928e-05,13089,1.0,0.8776041666666665,1.0833333333333333
raw,stake_scaled_net_profit,388,12384,12415,32,-8.384387001569849e-06,0.00014782101589332395,13121,1.0,0.8671875000000002,1.0
raw,stake_scaled_net_profit,389,12416,12447,32,4.5200113163446076e-07,3.4403588534577907e-05,13153,1.0,0.8333333333333334,1.3333333333333333
raw,stake_scaled_net_profit,390,12448,12479,32,-3.439684633121942e-06,6.595476579231167e-05,13185,1.0,0.8854166666666665,1.0
raw,stake_scaled_net_profit,391,12480,12511,32,-9.971361123461975e-07,2.8411050566631302e-05,13217,1.0,0.880208333333333,1.3333333333333333
raw,stake_scaled_net_profit,392,12512,12543,32,-3.5117075185553404e-06,7.163251803193389e-05,13249,1.0,0.9010416666666664,1.0
raw,stake_scaled_net_profit,393,12544,12575,32,-9.673336535342969e-06,0.0001771738648395925,13281,1.0,0.9322916666666667,1.3333333333333333
raw,stake_scaled_net_profit,394,12576,12607,32,-1.8390518334854278e-06,4.564609486174315e-05,13313,1.0,0.9401041666666666,1.3333333333333333
raw,stake_scaled_net_profit,395,12608,12639,32,-4.7385697143909056e-06,9.093050760094837e-05,13345,1.0,0.9270833333333333,1.3333333333333333
raw,stake_scaled_net_profit,396,12640,12671,32,-4.3983263822156005e-06,7.927029823365541e-05,13377,1.0,0.8177083333333333,1.3333333333333333
raw,stake_scaled_net_profit,397,12672,12703,32,-6.457169547502417e-06,0.00011674799934468471,13409,1.0,0.9036458333333331,1.3333333333333333
raw,stake_scaled_net_profit,398,12704,12735,32,-6.32554292678833e-06,0.00011975874290222995,13441,1.0,0.9140625,1.0833333333333333
raw,stake_scaled_net_profit,399,12736,12767,32,3.3900146263476927e-06,5.939710104350957e-05,13473,1.0,0.7942708333333334,1.3333333333333333
raw,stake_scaled_net_profit,400,12768,12799,32,6.298223524936475e-06,0.00011504706301673166,13505,1.0,0.8437500000000001,1.0
raw,stake_scaled_net_profit,401,12800,12831,32,1.8129730960936286e-07,2.2866290050225606e-05,13537,1.0,0.8177083333333333,1.3333333333333333
raw,stake_scaled_net_profit,402,12832,12863,32,1.0554986147326417e-06,2.9074715954734144e-05,13569,1.0,0.7864583333333333,1.0
raw,stake_scaled_net_profit,403,12864,12895,32,-1.083811184798833e-05,0.00019106586052307665,13601,1.0,0.8958333333333333,1.0
raw,stake_scaled_net_profit,404,12896,12927,32,-4.361073479230981e-06,8.341255095603479e-05,13633,1.0,0.8776041666666666,1.3333333333333333
raw,stake_scaled_net_profit,405,12928,12959,32,-1.0306635886081494e-05,0.00017889150218580624,13665,1.0,0.8645833333333334,1.3333333333333333
raw,stake_scaled_net_profit,406,12960,12991,32,2.818802840920398e-06,5.0039543151639963e-05,13697,1.0,0.8489583333333331,1.0
raw,stake_scaled_net_profit,407,12992,13023,32,-1.8253924736200133e-06,4.270246495184502e-05,13729,1.0,0.8749999999999999,1.3333333333333333
raw,stake_scaled_net_profit,408,13024,13055,32,-2.1681191810785094e-06,4.6526319085691485e-05,13761,1.0,0.7760416666666666,1.0
raw,stake_scaled_net_profit,409,13056,13087,32,-6.052354819985339e-06,0.00010949229831692405,13793,1.0,0.8437499999999999,1.0
raw,stake_scaled_net_profit,410,13088,13119,32,5.432714715425391e-06,9.871565134224616e-05,13825,1.0,0.8515625000000001,1.3333333333333333
raw,stake_scaled_net_profit,411,13120,13151,32,3.6259473290556343e-07,2.9151207258974644e-05,13857,1.0,0.9322916666666667,2.5
raw,stake_scaled_net_profit,412,13152,13183,32,-7.5226030276098754e-06,0.0001340955781476393,13889,1.0,0.9479166666666666,1.3333333333333333
raw,stake_scaled_net_profit,413,13184,13215,32,-7.506459951400757e-06,0.0001313396195198202,13921,1.0,0.9244791666666665,1.3333333333333333
raw,stake_scaled_net_profit,414,13216,13247,32,-7.5151529017603025e-06,0.0001355438101436222,13953,1.0,0.9166666666666664,1.0
raw,stake_scaled_net_profit,415,13248,13279,32,-3.6930043734173523e-06,7.069771236261989e-05,13985,1.0,0.8749999999999998,1.0
raw,stake_scaled_net_profit,416,13280,13311,32,6.824731372034876e-06,0.00012850064795092846,14017,1.0,0.9036458333333331,2.5
raw,stake_scaled_net_profit,417,13312,13343,32,-9.057423085323535e-06,0.00016543467084012643,14049,1.0,0.8802083333333334,1.0
raw,stake_scaled_net_profit,418,13344,13375,32,-5.283703103486914e-06,9.50165263201587e-05,14081,1.0,0.8489583333333333,1.0833333333333333
raw,stake_scaled_net_profit,419,13376,13407,32,1.2318291737756226e-06,3.380093570160328e-05,14113,1.0,0.8828124999999999,1.0833333333333333
raw,stake_scaled_net_profit,420,13408,13439,32,-6.309400305326562e-06,0.00010847047230197084,14145,1.0,0.8750000000000001,1.0833333333333333
raw,stake_scaled_net_profit,421,13440,13471,32,-6.880611181259155e-06,0.00012287526940839657,14177,1.0,0.9088541666666666,1.3333333333333333
raw,stake_scaled_net_profit,422,13472,13503,32,2.6201205400866456e-06,5.184696351877019e-05,14209,1.0,0.8593749999999997,1.3333333333333333
raw,stake_scaled_net_profit,423,13504,13535,32,-1.4243025816540467e-06,4.550695379138151e-05,14241,1.0,0.8854166666666666,1.0833333333333333
raw,stake_scaled_net_profit,424,13536,13567,32,-6.457169092755066e-06,0.00011781212745299288,14273,1.0,0.8854166666666666,1.3333333333333333
raw,stake_scaled_net_profit,425,13568,13599,32,-7.326404556806665e-06,0.00012917036844063332,14305,1.0,0.8489583333333333,1.0
raw,stake_scaled_net_profit,426,13600,13631,32,-2.5865933821478393e-06,4.576876348571916e-05,14337,1.0,0.8307291666666664,1.0833333333333333
raw,stake_scaled_net_profit,427,13632,13663,32,-1.5497205367864808e-06,3.5865067857223e-05,14369,1.0,0.8880208333333333,1.3333333333333333
raw,stake_scaled_net_profit,428,13664,13695,32,-3.002583525812952e-06,7.035267048073885e-05,14401,1.0,0.9609374999999999,2.5
raw,stake_scaled_net_profit,429,13696,13727,32,1.1213124935238739e-06,2.9087083448187245e-05,14433,1.0,0.8880208333333331,1.3333333333333333
raw,stake_scaled_net_profit,430,13728,13759,32,5.12103179062251e-06,9.38860176467149e-05,14465,1.0,0.90625,1.3333333333333333
raw,stake_scaled_net_profit,431,13760,13791,32,-3.6880371681036195e-06,6.888434325886087e-05,14497,1.0,0.8802083333333333,1.3333333333333333
raw,stake_scaled_net_profit,432,13792,13823,32,-4.380941390991211e-06,7.94210114075153e-05,14529,1.0,0.828125,1.0
raw,stake_scaled_net_profit,433,13824,13855,32,6.712973117828369e-06,0.00011776870278798803,14561,1.0,0.8151041666666666,1.0833333333333333
raw,stake_scaled_net_profit,434,13856,13887,32,-3.334134817123413e-06,6.897348595550621e-05,14593,1.0,0.9088541666666666,1.0833333333333333
raw,stake_scaled_net_profit,435,13888,13919,32,-1.0361274689785205e-05,0.0001833729506386674,14625,1.0,0.9114583333333333,1.0
raw,stake_scaled_net_profit,436,13920,13951,32,-2.1383166313171387e-05,0.00037227956532947035,14657,1.0,0.9114583333333333,1.0
raw,stake_scaled_net_profit,437,13952,13983,32,2.2103301944298437e-07,2.8677455505177766e-05,14689,1.0,0.8489583333333333,1.0
raw,stake_scaled_net_profit,438,13984,14015,32,4.985679879609961e-06,9.191293993677915e-05,14721,1.0,0.8619791666666666,1.3333333333333333
raw,stake_scaled_net_profit,439,14016,14047,32,-1.1796748822234804e-06,3.150145058162114e-05,14753,1.0,0.84375,1.3333333333333333
raw,stake_scaled_net_profit,440,14048,14079,32,-3.576280960260192e-07,2.2378068922555432e-05,14785,1.0,0.888020833333333,1.0833333333333333
raw,stake_scaled_net_profit,441,14080,14111,32,-6.256004326132825e-06,0.00011091951609664774,14817,1.0,0.8385416666666665,1.0
raw,stake_scaled_net_profit,442,14112,14143,32,-1.0120375009137206e-06,3.755311837284177e-05,14849,1.0,0.8932291666666666,1.3333333333333333
raw,stake_scaled_net_profit,443,14144,14175,32,-6.303191184997559e-06,0.00010857998810824669,14881,1.0,0.890625,1.3333333333333333
raw,stake_scaled_net_profit,444,14176,14207,32,4.733602054329822e-06,8.418407447357678e-05,14913,1.0,0.8645833333333334,1.3333333333333333
raw,stake_scaled_net_profit,445,14208,14239,32,-5.02169132232666e-06,9.312468548544381e-05,14945,1.0,0.8906249999999999,1.3333333333333333
raw,stake_scaled_net_profit,446,14240,14271,32,-1.2218954452691833e-06,4.128637104378055e-05,14977,1.0,0.8932291666666667,1.0
raw,stake_scaled_net_profit,447,14272,14303,32,4.390875346871326e-06,8.448225139633238e-05,15009,1.0,0.7942708333333333,1.3333333333333333
raw,stake_scaled_net_profit,448,14304,14335,32,-5.140902885614196e-07,2.7772150925216072e-05,15041,1.0,0.8385416666666666,1.3333333333333333
raw,stake_scaled_net_profit,449,14336,14367,32,7.698936315136962e-07,3.3948259703070736e-05,15073,1.0,0.8958333333333331,1.3333333333333333
raw,stake_scaled_net_profit,450,14368,14399,32,2.436339855194092e-06,5.4417052381411225e-05,15105,1.0,0.8802083333333333,1.3333333333333333
raw,stake_scaled_net_profit,451,14400,14431,32,-7.3512392191332765e-06,0.00013443911144226807,15137,1.0,0.9244791666666665,1.3333333333333333
raw,stake_scaled_net_profit,452,14432,14463,32,-3.452107648627134e-07,2.941259915530043e-05,15169,1.0,0.8593749999999999,1.0
raw,stake_scaled_net_profit,453,14464,14495,32,-8.737047210161109e-06,0.000153084618190417,15201,1.0,0.8749999999999999,1.3333333333333333
raw,stake_scaled_net_profit,454,14496,14527,32,1.6155340745171998e-06,4.689240077122057e-05,15233,1.0,0.8776041666666666,1.3333333333333333
raw,stake_scaled_net_profit,455,14528,14559,32,-1.6465789940411923e-06,3.8969891769511906e-05,15265,1.0,0.9062499999999999,1.0
raw,stake_scaled_net_profit,456,14560,14591,32,-1.0263175681757275e-05,0.00018069205634942294,15297,1.0,0.9713541666666665,1.3333333333333333
raw,stake_scaled_net_profit,457,14592,14623,32,-5.754332050855737e-06,0.0001143967077013525,15329,1.0,0.8437499999999999,1.0833333333333333
raw,stake_scaled_net_profit,458,14624,14655,32,3.3477938359283144e-06,6.194451438071551e-05,15361,1.0,0.8593749999999997,1.0
raw,stake_scaled_net_profit,459,14656,14687,32,2.252558715554187e-06,5.000707556160161e-05,15393,1.0,0.9322916666666665,1.3333333333333333
raw,stake_scaled_net_profit,460,14688,14719,32,-1.3324121937330347e-05,0.00023045469232494049,15425,1.0,0.8958333333333333,1.0
raw,stake_scaled_net_profit,461,14720,14751,32,-1.8191830122304964e-06,4.9583912617133946e-05,15457,1.0,0.9036458333333333,1.3333333333333333
raw,stake_scaled_net_profit,462,14752,14783,32,-2.570450533312396e-06,4.789748092773892e-05,15489,1.0,0.8749999999999998,1.3333333333333333
raw,stake_scaled_net_profit,463,14784,14815,32,-5.183121174923144e-06,9.998879627797007e-05,15521,1.0,0.8802083333333333,1.0
raw,stake_scaled_net_profit,464,14816,14847,32,-1.4329950772662414e-06,4.557948458430988e-05,15553,1.0,0.8854166666666666,1.3333333333333333
raw,stake_scaled_net_profit,465,14848,14879,32,-2.816319920384558e-06,5.429346531074913e-05,15585,1.0,0.90625,1.3333333333333333
raw,stake_scaled_net_profit,466,14880,14911,32,-1.0053317055280786e-05,0.00018074932744059486,15617,1.0,0.8177083333333331,1.0
raw,stake_scaled_net_profit,467,14912,14943,32,-7.4009085437865e-07,3.0355383488448106e-05,15649,1.0,0.9375,1.3333333333333333
raw,stake_scaled_net_profit,468,14944,14975,32,-5.165735728951404e-06,9.955625324288663e-05,15681,1.0,0.9453125,1.3333333333333333
raw,stake_scaled_net_profit,469,14976,15007,32,1.1598067430895753e-06,3.507145915794674e-05,15713,1.0,0.9062500000000001,1.3333333333333333
raw,stake_scaled_net_profit,470,15008,15039,32,5.815178155899048e-06,0.00011464427751068915,15745,1.0,0.8776041666666664,1.3333333333333333
raw,stake_scaled_net_profit,471,15040,15071,32,-3.961226866522338e-07,3.505960141098034e-05,15777,1.0,0.8567708333333331,1.0833333333333333
raw,stake_scaled_net_profit,472,15072,15103,32,-4.058083050040295e-06,7.827871224660857e-05,15809,1.0,0.8932291666666666,1.3333333333333333
raw,stake_scaled_net_profit,473,15104,15135,32,-1.2939174212078797e-06,3.966361771951406e-05,15841,1.0,0.8177083333333335,1.0
raw,stake_scaled_net_profit,474,15136,15167,32,2.844879645635956e-06,6.191420476637835e-05,15873,1.0,0.9010416666666664,1.3333333333333333
raw,stake_scaled_net_profit,475,15168,15199,32,-4.764646746480139e-06,8.808515760863724e-05,15905,1.0,0.9322916666666669,1.3333333333333333
raw,stake_scaled_net_profit,476,15200,15231,32,-2.888341668949579e-06,6.184618846031634e-05,15937,1.0,0.859375,1.0
raw,stake_scaled_net_profit,477,15232,15263,32,-3.38504742103396e-06,6.013296961892312e-05,15969,1.0,0.9010416666666667,1.3333333333333333
raw,stake_scaled_net_profit,478,15264,15295,32,-6.680686965410132e-06,0.00011475012918889932,16001,1.0,0.8880208333333334,1.3333333333333333
raw,stake_scaled_net_profit,479,15296,15327,32,-5.600353233603528e-06,0.00010848737339464106,16033,1.0,0.8854166666666667,1.3333333333333333
raw,stake_scaled_net_profit,480,15328,15359,32,9.213881639880128e-07,2.896899196173715e-05,16065,1.0,0.7760416666666666,1.3333333333333333
raw,stake_scaled_net_profit,481,15360,15391,32,-4.301468834455591e-06,7.966481893452027e-05,16097,1.0,0.875,1.3333333333333333
raw,stake_scaled_net_profit,482,15392,15423,32,-8.245310709753539e-07,3.1201014367269935e-05,16129,1.0,0.8697916666666667,1.3333333333333333
raw,stake_scaled_net_profit,483,15424,15455,32,-1.8949310742755188e-06,3.835802822446274e-05,16161,1.0,0.8515624999999998,1.3333333333333333
raw,stake_scaled_net_profit,484,15456,15487,32,-3.690521225507837e-06,6.893315362210106e-05,16193,1.0,0.8880208333333334,1.0833333333333333
raw,stake_scaled_net_profit,485,15488,15519,32,-5.225341283221496e-06,9.988880325359411e-05,16225,1.0,0.8567708333333335,1.0833333333333333
raw,stake_scaled_net_profit,486,15520,15551,32,6.010131983202882e-07,3.344012458508372e-05,16257,1.0,0.9348958333333331,1.3333333333333333
raw,stake_scaled_net_profit,487,15552,15583,32,-1.5159447684709448e-05,0.00026751365552006985,16289,1.0,0.9453124999999999,1.3333333333333333
raw,stake_scaled_net_profit,488,15584,15615,32,1.616775875845633e-06,3.462676429176709e-05,16321,1.0,0.8697916666666665,1.3333333333333333
raw,stake_scaled_net_profit,489,15616,15647,32,-1.099953988159541e-05,0.00019204825607453509,16353,1.0,0.9140624999999998,1.3333333333333333
raw,stake_scaled_net_profit,490,15648,15679,32,-8.334716767421924e-06,0.0001499281444025205,16385,1.0,0.8854166666666667,1.0
raw,stake_scaled_net_profit,491,15680,15711,32,-2.6995935513696168e-06,5.613458625037734e-05,16417,1.0,0.8229166666666667,1.0
raw,stake_scaled_net_profit,492,15712,15743,32,-1.639128186070593e-06,4.2380244423323965e-05,16449,1.0,0.9270833333333331,1.3333333333333333
raw,stake_scaled_net_profit,493,15744,15775,32,-7.547437689936487e-06,0.00014085943445454083,16481,1.0,0.8854166666666664,1.0
raw,stake_scaled_net_profit,494,15776,15807,32,-1.1622901183727663e-06,4.4523667122095366e-05,16513,1.0,0.9010416666666666,1.3333333333333333
raw,stake_scaled_net_profit,495,15808,15839,32,-1.850228272815002e-07,3.48410540463056e-05,16545,1.0,0.8828124999999998,1.0833333333333333
raw,stake_scaled_net_profit,496,15840,15871,32,-3.481905196167645e-06,6.822261180871892e-05,16577,1.0,0.9010416666666665,1.3333333333333333
raw,stake_scaled_net_profit,497,15872,15903,32,1.9744049950531917e-07,2.2917166447868513e-05,16609,1.0,0.8098958333333333,1.0833333333333333
raw,stake_scaled_net_profit,498,15904,15935,32,5.97536563873291e-06,0.00010812763597885407,16641,1.0,0.8385416666666664,1.0
raw,stake_scaled_net_profit,499,15936,15967,32,-5.83877181270509e-06,0.0001043277538032771,16673,1.0,0.8697916666666666,1.0
raw,stake_scaled_net_profit,500,15968,15999,32,-8.046628181546112e-07,3.114105106635895e-05,16705,1.0,0.8359374999999999,1.3333333333333333
raw,stake_scaled_net_profit,501,16000,16031,32,-5.068877726444043e-06,9.095707410535159e-05,16737,1.0,0.921875,1.3333333333333333
raw,stake_scaled_net_profit,502,16032,16063,32,2.0228328594384948e-06,4.084521656858527e-05,16769,1.0,0.8723958333333331,1.3333333333333333
raw,stake_scaled_net_profit,503,16064,16095,32,-7.204711437225342e-06,0.00013221496773006694,16801,1.0,0.9088541666666666,1.0
raw,stake_scaled_net_profit,504,16096,16127,32,-4.32133674621582e-06,8.601510105365863e-05,16833,1.0,0.8854166666666665,1.0
raw,stake_scaled_net_profit,505,16128,16159,32,-2.9839577564416686e-06,6.407218819562452e-05,16865,1.0,0.950520833333333,2.5
raw,stake_scaled_net_profit,506,16160,16191,32,-4.395840278448304e-07,4.204258341092196e-05,16897,1.0,0.8385416666666667,1.0
raw,stake_scaled_net_profit,507,16192,16223,32,-5.518396847037366e-06,9.798103725352848e-05,16929,1.0,0.9036458333333333,1.3333333333333333
raw,stake_scaled_net_profit,508,16224,16255,32,-3.4334761949139647e-06,5.968038018844812e-05,16961,1.0,0.8828125,1.0833333333333333
raw,stake_scaled_net_profit,509,16256,16287,32,-1.0692824616853613e-05,0.000186475320111568,16993,1.0,0.9296874999999998,1.3333333333333333
raw,stake_scaled_net_profit,510,16288,16319,32,-5.826354026794434e-06,0.00010979019764443714,17025,1.0,0.890625,1.3333333333333333
raw,stake_scaled_net_profit,511,16320,16351,32,-3.496805902614142e-06,6.290521481248203e-05,17057,1.0,0.8906250000000001,1.3333333333333333
raw,stake_scaled_net_profit,512,16352,16383,32,3.4533441066741943e-06,7.375260254592298e-05,17089,1.0,0.9140624999999997,1.3333333333333333
raw,stake_scaled_net_profit,513,16384,16415,32,-8.847564458847046e-06,0.00015218086762078812,17121,1.0,0.8593750000000001,1.3333333333333333
raw,stake_scaled_net_profit,514,16416,16447,32,1.6813478396215942e-06,3.856739209392104e-05,17153,1.0,0.8307291666666666,1.0833333333333333
raw,stake_scaled_net_profit,515,16448,16479,32,-1.1734661029549898e-06,4.159851923719582e-05,17185,1.0,0.9166666666666666,1.3333333333333333
raw,stake_scaled_net_profit,516,16480,16511,32,1.1575718417589087e-05,0.00020086691313910007,17217,1.0,0.7916666666666666,1.0
raw,stake_scaled_net_profit,517,16512,16543,32,-1.490116005697928e-06,3.558987824775304e-05,17249,1.0,0.8072916666666666,1.3333333333333333
raw,stake_scaled_net_profit,518,16544,16575,32,-3.11434268951416e-06,6.235739966047403e-05,17281,1.0,0.9348958333333333,1.3333333333333333
raw,stake_scaled_net_profit,519,16576,16607,32,4.256764896126697e-06,7.473984594856103e-05,17313,1.0,0.9088541666666665,1.3333333333333333
raw,stake_scaled_net_profit,520,16608,16639,32,-1.004089972411748e-05,0.00017683020060138557,17345,1.0,0.9036458333333334,1.0833333333333333
raw,stake_scaled_net_profit,521,16640,16671,32,-5.764265551988501e-06,0.00010760142292854942,17377,1.0,0.9427083333333333,1.3333333333333333
raw,stake_scaled_net_profit,522,16672,16703,32,5.41160488864989e-06,9.83509218043996e-05,17409,1.0,0.8463541666666669,1.3333333333333333
raw,stake_scaled_net_profit,523,16704,16735,32,-1.1734663303286652e-06,3.579875383359543e-05,17441,1.0,0.9453124999999999,2.5
raw,stake_scaled_net_profit,524,16736,16767,32,-4.071741841471521e-06,8.036802898806367e-05,17473,1.0,0.9244791666666667,1.3333333333333333
raw,stake_scaled_net_profit,525,16768,16799,32,-1.754611957949237e-06,4.013927064407289e-05,17505,1.0,0.817708333333333,1.0833333333333333
raw,stake_scaled_net_profit,526,16800,16831,32,-3.6880368270431063e-07,2.6796696923149557e-05,17537,1.0,0.8411458333333333,1.0833333333333333
raw,stake_scaled_net_profit,527,16832,16863,32,-9.96639300865354e-06,0.0001782045909073068,17569,1.0,0.8489583333333333,1.0
raw,stake_scaled_net_profit,528,16864,16895,32,-2.2339327188092284e-06,4.507208161902857e-05,17601,1.0,0.8828125,1.3333333333333333
raw,stake_scaled_net_profit,529,16896,16927,32,2.3966033495526062e-06,5.2191768760814625e-05,17633,1.0,0.8776041666666669,2.5
raw,stake_scaled_net_profit,530,16928,16959,32,5.935628450970398e-06,9.742685777868307e-05,17665,1.0,0.859375,1.3333333333333333
raw,stake_scaled_net_profit,531,16960,16991,32,-4.67151403427124e-06,8.172724225967281e-05,17697,1.0,0.8958333333333331,1.0833333333333333
raw,stake_scaled_net_profit,532,16992,17023,32,-4.125138730159961e-06,7.884922863745062e-05,17729,1.0,0.8489583333333334,1.3333333333333333
raw,stake_scaled_net_profit,533,17024,17055,32,-1.8328429405300994e-06,4.056214070088159e-05,17761,1.0,0.8854166666666665,1.0
raw,stake_scaled_net_profit,534,17056,17087,32,-4.3486561480676755e-06,8.460538954937012e-05,17793,1.0,0.8697916666666666,1.0
raw,stake_scaled_net_profit,535,17088,17119,32,-6.57886266708374e-06,0.00012308072109750806,17825,1.0,0.8489583333333334,1.0
raw,stake_scaled_net_profit,536,17120,17151,32,-7.3015689849853516e-06,0.00013031816052465713,17857,1.0,0.8802083333333333,1.0
raw,stake_scaled_net_profit,537,17152,17183,32,5.106131538923364e-06,9.074462762353173e-05,17889,1.0,0.828125,1.0
raw,stake_scaled_net_profit,538,17184,17215,32,-2.1457672119140625e-06,5.1777936949663284e-05,17921,1.0,0.9270833333333333,1.3333333333333333
raw,stake_scaled_net_profit,539,17216,17247,32,-3.543993443599902e-06,6.744246510325444e-05,17953,1.0,0.8437499999999998,1.0
raw,stake_scaled_net_profit,540,17248,17279,32,-1.1667609214782715e-05,0.0002031459187495707,17985,1.0,0.8932291666666667,1.3333333333333333
raw,stake_scaled_net_profit,541,17280,17311,32,-5.0080320761480834e-06,8.915290118621028e-05,18017,1.0,0.9088541666666665,1.0833333333333333
raw,stake_scaled_net_profit,542,17312,17343,32,-9.094675078813452e-06,0.00016011086888130098,18049,1.0,0.8984374999999999,1.3333333333333333
raw,stake_scaled_net_profit,543,17344,17375,32,-4.932284355163574e-06,9.131102135594665e-05,18081,1.0,0.9140624999999999,1.3333333333333333
raw,stake_scaled_net_profit,544,17376,17407,32,1.837561467255e-05,0.00033449131594534705,18113,1.0,1.0859375,9.166666666666666
raw,stake_scaled_net_profit,545,17408,17439,32,3.1540764666715404e-07,2.742493310333004e-05,18145,1.0,0.8854166666666666,1.0
raw,stake_scaled_net_profit,546,17440,17471,32,-8.15341900306521e-06,0.00014584976566170082,18177,1.0,0.8958333333333333,1.0
raw,stake_scaled_net_profit,547,17472,17503,32,-2.6362633889220888e-06,5.6273664664822314e-05,18209,1.0,0.9088541666666666,1.3333333333333333
raw,stake_scaled_net_profit,548,17504,17535,32,-8.712211638339795e-06,0.00015165100023368115,18241,1.0,0.8020833333333333,1.0
raw,stake_scaled_net_profit,549,17536,17567,32,1.2305881682550535e-06,3.9939437599915985e-05,18273,1.0,0.8229166666666666,1.3333333333333333
raw,stake_scaled_net_profit,550,17568,17599,32,-6.260971076699207e-06,0.00011052694414754985,18305,1.0,0.8854166666666666,1.3333333333333333
raw,stake_scaled_net_profit,551,17600,17631,32,-6.653368927800329e-06,0.00012184642396968188,18337,1.0,0.8958333333333333,1.0
raw,stake_scaled_net_profit,552,17632,17663,32,3.3204755709448364e-06,6.748004744755653e-05,18369,1.0,0.8619791666666666,1.3333333333333333
raw,stake_scaled_net_profit,553,17664,17695,32,-7.351239673880627e-06,0.00012913810982805797,18401,1.0,0.9348958333333331,2.5
raw,stake_scaled_net_profit,554,17696,17727,32,-3.3204751161974855e-06,6.468931625196628e-05,18433,1.0,0.859375,1.3333333333333333
raw,stake_scaled_net_profit,555,17728,17759,32,-7.356206424447009e-06,0.00013094587822618423,18465,1.0,0.8619791666666666,1.0833333333333333
raw,stake_scaled_net_profit,556,17760,17791,32,-9.313223472418031e-07,3.6174446516801354e-05,18497,1.0,0.8723958333333333,1.0833333333333333
raw,stake_scaled_net_profit,557,17792,17823,32,3.812217528320616e-07,3.526715673723433e-05,18529,1.0,0.8229166666666666,1.3333333333333333
raw,stake_scaled_net_profit,558,17824,17855,32,-6.064772605895996e-06,0.00011179347793418353,18561,1.0,0.8750000000000001,1.3333333333333333
raw,stake_scaled_net_profit,559,17856,17887,32,-3.763785116461804e-06,6.645412845677878e-05,18593,1.0,0.8489583333333331,1.0833333333333333
raw,stake_scaled_net_profit,560,17888,17919,32,-2.2972628812567564e-06,4.482752435081139e-05,18625,1.0,0.825520833333333,1.0
raw,stake_scaled_net_profit,561,17920,17951,32,-2.409021590210614e-06,5.453906401182199e-05,18657,1.0,0.9427083333333333,1.3333333333333333
raw,stake_scaled_net_profit,562,17952,17983,32,2.1184484921832336e-06,5.2599062548915485e-05,18689,1.0,0.9166666666666666,1.3333333333333333
raw,stake_scaled_net_profit,563,17984,18015,32,-1.0107954039995093e-05,0.00017925979232322927,18721,1.0,0.8593749999999999,1.0
raw,stake_scaled_net_profit,564,18016,18047,32,-7.500250831071753e-06,0.00012917700837447197,18753,1.0,0.8645833333333334,1.0
raw,stake_scaled_net_profit,565,18048,18079,32,-2.9044842904113466e-06,5.887084561952059e-05,18785,1.0,0.9010416666666665,1.0833333333333333
raw,stake_scaled_net_profit,566,18080,18111,32,-5.339575182006229e-07,3.0479540946402727e-05,18817,1.0,0.875,1.0
raw,stake_scaled_net_profit,567,18112,18143,32,-6.631016731262207e-07,4.5384273203256463e-05,18849,1.0,0.8645833333333334,1.0
raw,stake_scaled_net_profit,568,18144,18175,32,2.4636578928038944e-06,4.852403485426577e-05,18881,1.0,0.8854166666666665,2.5
raw,stake_scaled_net_profit,569,18176,18207,32,-3.74515889234317e-06,6.994300784684319e-05,18913,1.0,0.9010416666666664,1.0
raw,stake_scaled_net_profit,570,18208,18239,32,-7.6070427894592285e-06,0.00013495009898526893,18945,1.0,0.9010416666666666,1.3333333333333333
raw,stake_scaled_net_profit,571,18240,18271,32,1.1945767255383544e-06,3.4934995803960654e-05,18977,1.0,0.8307291666666667,1.0
raw,stake_scaled_net_profit,572,18272,18303,32,-1.3036031305091456e-05,0.00022985769423430652,19009,1.0,0.8932291666666665,1.3333333333333333
raw,stake_scaled_net_profit,573,18304,18335,32,-1.006325055641355e-05,0.00018419981880274277,19041,1.0,0.9296874999999999,1.0833333333333333
raw,stake_scaled_net_profit,574,18336,18367,32,-7.561096936115064e-06,0.00014052976700580893,19073,1.0,0.9270833333333333,1.3333333333333333
raw,stake_scaled_net_profit,575,18368,18399,32,-3.616015192164923e-06,6.605007705310875e-05,19105,1.0,0.8749999999999999,1.0
raw,stake_scaled_net_profit,576,18400,18431,32,-4.640470251615625e-06,8.654004154315212e-05,19137,1.0,0.8802083333333334,1.0833333333333333
raw,stake_scaled_net_profit,577,18432,18463,32,-2.3332734144787537e-06,4.892291502655064e-05,19169,1.0,0.880208333333333,1.0833333333333333
raw,stake_scaled_net_profit,578,18464,18495,32,-3.6160145100438967e-06,6.680736738439256e-05,19201,1.0,1.169270833333333,9.166666666666666
raw,stake_scaled_net_profit,579,18496,18527,32,8.866188636602601e-07,3.4878199640977985e-05,19233,1.0,0.8333333333333333,1.0
raw,stake_scaled_net_profit,580,18528,18559,32,-9.24617052078247e-06,0.000161621038187085,19265,1.0,0.8958333333333333,1.3333333333333333
raw,stake_scaled_net_profit,581,18560,18591,32,-4.855295628658496e-06,9.247976367372042e-05,19297,1.0,0.8593749999999999,1.0
raw,stake_scaled_net_profit,582,18592,18623,32,-7.723770067968871e-07,2.952521139225974e-05,19329,1.0,0.796875,1.0
raw,stake_scaled_net_profit,583,18624,18655,32,3.878026745951502e-06,6.779103933799831e-05,19361,1.0,0.8593749999999999,1.0833333333333333
raw,stake_scaled_net_profit,584,18656,18687,32,-3.3254423215112183e-06,6.732812855129223e-05,19393,1.0,0.9244791666666665,1.3333333333333333
raw,stake_scaled_net_profit,585,18688,18719,32,-6.622324235650012e-06,0.00012201857163256811,19425,1.0,0.8567708333333331,1.0833333333333333
raw,stake_scaled_net_profit,586,18720,18751,32,4.4405460357666016e-06,7.715580105014239e-05,19457,1.0,0.8645833333333335,1.0833333333333333
raw,stake_scaled_net_profit,587,18752,18783,32,-4.917387741443235e-07,3.304786870302223e-05,19489,1.0,0.8802083333333331,1.3333333333333333
raw,stake_scaled_net_profit,588,18784,18815,32,-1.0140241101908032e-05,0.0001790304010779315,19521,1.0,0.8697916666666667,1.3333333333333333
raw,stake_scaled_net_profit,589,18816,18847,32,5.066392532171449e-07,3.1533107353077116e-05,19553,1.0,0.9088541666666664,1.0833333333333333
raw,stake_scaled_net_profit,590,18848,18879,32,-1.087784767150879e-06,3.143295343709712e-05,19585,1.0,0.8489583333333331,1.0
raw,stake_scaled_net_profit,591,18880,18911,32,4.0034456105786376e-06,7.392052192466683e-05,19617,1.0,0.8593749999999999,1.3333333333333333
raw,stake_scaled_net_profit,592,18912,18943,32,2.9951331725897035e-06,5.763685789284593e-05,19649,1.0,0.9062499999999999,1.3333333333333333
raw,stake_scaled_net_profit,593,18944,18975,32,-3.762543201446533e-06,6.884488323729432e-05,19681,1.0,0.9062499999999999,1.3333333333333333
raw,stake_scaled_net_profit,594,18976,19007,32,-8.121131941152271e-06,0.00014638130730924715,19713,1.0,0.9114583333333335,1.3333333333333333
raw,stake_scaled_net_profit,595,19008,19039,32,-7.2121624725696165e-06,0.00013973190910090104,19745,1.0,0.9140624999999998,1.0833333333333333
raw,stake_scaled_net_profit,596,19040,19071,32,-1.5919404177111574e-06,4.012290367613723e-05,19777,1.0,0.90625,2.5
raw,stake_scaled_net_profit,597,19072,19103,32,5.912034794164356e-06,0.0001075342119819263,19809,1.0,0.9244791666666665,1.3333333333333333
raw,stake_scaled_net_profit,598,19104,19135,32,-5.094954758533277e-06,9.590382286335709e-05,19841,1.0,0.8307291666666665,1.0833333333333333
raw,stake_scaled_net_profit,599,19136,19167,32,-3.2422440199297853e-06,6.340766668659596e-05,19873,1.0,0.9192708333333333,1.3333333333333333
raw,stake_scaled_net_profit,600,19168,19199,32,-1.0204811587755103e-05,0.00018120234715043805,19905,1.0,0.8567708333333333,1.0
raw,stake_scaled_net_profit,601,19200,19231,32,-1.8378068489255384e-07,4.241902756725213e-05,19937,1.0,0.7890625,1.0833333333333333
raw,stake_scaled_net_profit,602,19232,19263,32,-6.725390448991675e-06,0.00012057061467485662,19969,1.0,0.8411458333333331,1.3333333333333333
raw,stake_scaled_net_profit,603,19264,19295,32,-2.858539119188208e-06,5.596436774333081e-05,20001,1.0,0.9010416666666665,1.3333333333333333
raw,stake_scaled_net_profit,604,19296,19327,32,-2.0193556338199414e-05,0.00035854528903363545,20033,1.0,0.8697916666666665,1.0
raw,stake_scaled_net_profit,605,19328,19359,32,-8.943180546339136e-06,0.00015452339696633312,20065,1.0,0.8437499999999998,1.3333333333333333
raw,stake_scaled_net_profit,606,19360,19391,32,-1.564621925354004e-05,0.00027937064094349075,20097,1.0,0.9635416666666666,1.3333333333333333
raw,stake_scaled_net_profit,607,19392,19423,32,-2.1457672119140625e-06,4.6125072883015286e-05,20129,1.0,0.9036458333333331,1.3333333333333333
raw,stake_scaled_net_profit,608,19424,19455,32,-5.555650204769336e-06,0.00010365424466066062,20161,1.0,0.9114583333333334,1.3333333333333333
raw,stake_scaled_net_profit,609,19456,19487,32,-8.453926056972705e-06,0.0001585281614691914,20193,1.0,0.8489583333333335,1.0833333333333333
raw,stake_scaled_net_profit,610,19488,19519,32,-1.0810792446136475e-05,0.0001925892354392701,20225,1.0,0.9010416666666667,1.3333333333333333
raw,stake_scaled_net_profit,611,19520,19551,32,8.444021659670398e-08,3.3420923996753976e-05,20257,1.0,0.8307291666666667,1.0
raw,stake_scaled_net_profit,612,19552,19583,32,-8.222957148973364e-06,0.00014412693605098285,20289,1.0,0.8645833333333334,1.0
raw,stake_scaled_net_profit,613,19584,19615,32,-3.4347176551818848e-06,6.100831773727814e-05,20321,1.0,0.8489583333333333,1.0
raw,stake_scaled_net_profit,614,19616,19647,32,1.2541795513243414e-07,2.7119695801553438e-05,20353,1.0,0.8645833333333334,1.3333333333333333
raw,stake_scaled_net_profit,615,19648,19679,32,-6.407501587091247e-07,2.6681302162683117e-05,20385,1.0,0.8932291666666667,1.0833333333333333
raw,stake_scaled_net_profit,616,19680,19711,32,7.751086741336621e-06,0.0001319630740632982,20417,1.0,0.9140624999999999,1.3333333333333333
raw,stake_scaled_net_profit,617,19712,19743,32,1.5882153547863709e-06,3.656290187599337e-05,20449,1.0,0.8932291666666667,1.3333333333333333
raw,stake_scaled_net_profit,618,19744,19775,32,2.284844640598749e-06,4.355106034453988e-05,20481,1.0,0.859375,1.3333333333333333
raw,stake_scaled_net_profit,619,19776,19807,32,-3.6756210874955286e-07,2.5217829568319938e-05,20513,1.0,0.9140624999999999,1.3333333333333333
raw,stake_scaled_net_profit,620,19808,19839,32,-1.4034409105079249e-05,0.0002472499645738451,20545,1.0,0.859375,1.0
raw,stake_scaled_net_profit,621,19840,19871,32,-7.562339874311874e-07,4.712702913010734e-05,20577,1.0,0.9244791666666665,1.3333333333333333
raw,stake_scaled_net_profit,622,19872,19903,32,-2.1569421733147465e-06,4.9190082709958025e-05,20609,1.0,0.8932291666666667,1.3333333333333333
raw,stake_scaled_net_profit,623,19904,19935,32,-1.2268621958355652e-06,4.514690082385156e-05,20641,1.0,0.890625,1.3333333333333333
raw,stake_scaled_net_profit,624,19936,19967,32,5.200505711400183e-06,9.489048618031414e-05,20673,1.0,0.8723958333333331,1.3333333333333333
raw,stake_scaled_net_profit,625,19968,19999,32,-5.687276370736072e-06,0.00010319065719882713,20705,1.0,0.8437499999999999,1.3333333333333333
raw,stake_scaled_net_profit,626,20000,20031,32,-1.485149255131546e-06,3.8403684906776515e-05,20737,1.0,0.9114583333333331,1.3333333333333333
raw,stake_scaled_net_profit,627,20032,20063,32,-7.403392828564392e-06,0.00013408630952720793,20769,1.0,0.9010416666666667,1.3333333333333333
raw,stake_scaled_net_profit,628,20064,20095,32,-2.597769253043225e-06,5.477690297795305e-05,20801,1.0,0.9453124999999999,1.3333333333333333
raw,stake_scaled_net_profit,629,20096,20127,32,2.4884934646252077e-06,5.181438938255032e-05,20833,1.0,0.7760416666666667,1.0
raw,stake_scaled_net_profit,630,20128,20159,32,-6.464621037594043e-06,0.00011756313460056207,20865,1.0,0.8697916666666665,1.0833333333333333
raw,stake_scaled_net_profit,631,20160,20191,32,7.300327069970081e-06,0.0001307402479646993,20897,1.0,0.7786458333333333,1.0833333333333333
raw,stake_scaled_net_profit,632,20192,20223,32,2.011656533795758e-06,4.287295615511407e-05,20929,1.0,0.9062499999999999,1.3333333333333333
raw,stake_scaled_net_profit,633,20224,20255,32,-6.606181159440894e-06,0.00011418988923810049,20961,1.0,0.8906249999999999,1.0
raw,stake_scaled_net_profit,634,20256,20287,32,-1.0584791198198218e-05,0.00018286265281421753,20993,1.0,0.6927083333333335,1.0
raw,stake_scaled_net_profit,635,20288,20319,32,-4.505117885855725e-06,8.396309384983847e-05,21025,1.0,0.8593749999999999,1.3333333333333333
raw,stake_scaled_net_profit,636,20320,20351,32,3.5328166632098146e-06,7.244034616816141e-05,21057,1.0,0.8671875,1.0833333333333333
raw,stake_scaled_net_profit,637,20352,20383,32,1.742193489917554e-06,3.797273181574574e-05,21089,1.0,0.921875,1.3333333333333333
raw,stake_scaled_net_profit,638,20384,20415,32,2.1830201148986816e-06,4.528033087337793e-05,21121,1.0,0.90625,1.3333333333333333
raw,stake_scaled_net_profit,639,20416,20447,32,-1.1226782589801587e-05,0.0001973071891581507,21153,1.0,0.8151041666666666,1.0833333333333333
raw,stake_scaled_net_profit,640,20448,20479,32,5.5705504564684816e-06,9.825330614755363e-05,21185,1.0,0.8984375,1.3333333333333333
raw,stake_scaled_net_profit,641,20480,20511,32,-7.517635822296143e-06,0.00013418620655025217,21217,1.0,0.8854166666666666,1.3333333333333333
raw,stake_scaled_net_profit,642,20512,20543,32,-5.505979061126709e-06,9.864494987465571e-05,21249,1.0,0.919270833333333,1.3333333333333333
raw,stake_scaled_net_profit,643,20544,20575,32,-1.2973943739780225e-05,0.00022404034605739428,21281,1.0,0.8958333333333333,1.3333333333333333
raw,stake_scaled_net_profit,644,20576,20607,32,-5.2153836804791354e-08,2.847203054119974e-05,21313,1.0,0.9843749999999999,2.5
raw,stake_scaled_net_profit,645,20608,20639,32,-1.0423362255096436e-05,0.0001825060180373091,21345,1.0,0.8828125,1.3333333333333333
raw,stake_scaled_net_profit,646,20640,20671,32,-1.7161169125756714e-06,4.074607299018474e-05,21377,1.0,0.8958333333333333,1.0833333333333333
raw,stake_scaled_net_profit,647,20672,20703,32,5.0067901611328125e-06,8.84633753868629e-05,21409,1.0,0.8541666666666665,1.3333333333333333
raw,stake_scaled_net_profit,648,20704,20735,32,-1.1738389730453491e-05,0.0002045580404225689,21441,1.0,0.8411458333333331,1.3333333333333333
raw,stake_scaled_net_profit,649,20736,20767,32,-1.2375414371490479e-05,0.00021406972659745397,21473,1.0,0.9166666666666665,1.0
raw,stake_scaled_net_profit,650,20768,20799,32,-1.0115405530086718e-05,0.00018117082259789556,21505,1.0,0.9635416666666664,1.3333333333333333
raw,stake_scaled_net_profit,651,20800,20831,32,-5.3122639656066895e-06,9.768993275820353e-05,21537,1.0,0.8645833333333334,1.0
raw,stake_scaled_net_profit,652,20832,20863,32,-8.319818789459532e-07,2.828453729147914e-05,21569,1.0,0.8020833333333335,1.0
raw,stake_scaled_net_profit,653,20864,20895,32,6.936490535736084e-06,0.0001208977530620662,21601,1.0,0.8437499999999999,1.3333333333333333
raw,stake_scaled_net_profit,654,20896,20927,32,-3.6060812362848083e-06,7.133939955791727e-05,21633,1.0,0.921875,1.3333333333333333
raw,stake_scaled_net_profit,655,20928,20959,32,2.3730099201202393e-06,5.8248914316758456e-05,21665,1.0,0.8802083333333334,1.0833333333333333
raw,stake_scaled_net_profit,656,20960,20991,32,-7.957219168019947e-06,0.00014818879954175168,21697,1.0,0.8567708333333334,1.0833333333333333
raw,stake_scaled_net_profit,657,20992,21023,32,-2.0836794192291563e-06,4.676273320271646e-05,21729,1.0,0.8958333333333333,1.0
raw,stake_scaled_net_profit,658,21024,21055,32,-1.1997918591077905e-05,0.0002132953624341912,21761,1.0,0.8880208333333335,1.0833333333333333
raw,stake_scaled_net_profit,659,21056,21087,32,4.818041929866013e-07,3.883238374421446e-05,21793,1.0,0.8697916666666666,1.3333333333333333
raw,stake_scaled_net_profit,660,21088,21119,32,-5.473692908708472e-06,0.00010064997195423803,21825,1.0,0.8880208333333333,1.3333333333333333
raw,stake_scaled_net_profit,661,21120,21151,32,-3.896654106938513e-06,7.044788620406293e-05,21857,1.0,0.8645833333333333,1.3333333333333333
raw,stake_scaled_net_profit,662,21152,21183,32,-3.245969764975598e-06,6.457058342093992e-05,21889,1.0,0.8333333333333334,1.0
raw,stake_scaled_net_profit,663,21184,21215,32,-2.508359102648683e-07,3.8099510093043436e-05,21921,1.0,0.8333333333333333,1.0
raw,stake_scaled_net_profit,664,21216,21247,32,-3.1466283871850464e-06,6.793184644014024e-05,21953,1.0,0.8958333333333333,1.3333333333333333
raw,stake_scaled_net_profit,665,21248,21279,32,-2.1892292352276854e-06,4.7679020035135594e-05,21985,1.0,0.9374999999999999,1.3333333333333333
raw,stake_scaled_net_profit,666,21280,21311,32,-2.011656533795758e-06,3.868898491735383e-05,22017,1.0,0.8645833333333331,1.3333333333333333
raw,stake_scaled_net_profit,667,21312,21343,32,4.1971605924118194e-07,2.3387331112366415e-05,22049,1.0,0.8854166666666666,1.0833333333333333
raw,stake_scaled_net_profit,668,21344,21375,32,4.303952209738782e-06,8.417135637844721e-05,22081,1.0,0.8802083333333333,1.0833333333333333
raw,stake_scaled_net_profit,669,21376,21407,32,-8.69238192535704e-09,2.909062104661978e-05,22113,1.0,0.8281249999999999,1.0833333333333333
raw,stake_scaled_net_profit,670,21408,21439,32,-3.6954877487005433e-06,6.84553747947095e-05,22145,1.0,0.84375,1.3333333333333333
raw,stake_scaled_net_profit,671,21440,21471,32,-1.8365681171417236e-06,4.3974123498758484e-05,22177,1.0,0.8411458333333334,1.3333333333333333
raw,stake_scaled_net_profit,672,21472,21503,32,-9.109577149502002e-06,0.00015222318010993356,22209,1.0,0.9192708333333331,1.0833333333333333
raw,stake_scaled_net_profit,673,21504,21535,32,-1.0567403023742372e-06,3.630382776073629e-05,22241,1.0,0.8619791666666665,1.3333333333333333
raw,stake_scaled_net_profit,674,21536,21567,32,-6.357828624459216e-06,0.00011028870640771765,22273,1.0,0.8229166666666666,1.0
raw,stake_scaled_net_profit,675,21568,21599,32,1.0617081898089964e-06,3.460566902203551e-05,22305,1.0,0.8958333333333331,1.3333333333333333
raw,stake_scaled_net_profit,676,21600,21631,32,-2.8063850550097413e-06,6.329902402033033e-05,22337,1.0,0.9401041666666665,1.0833333333333333
raw,stake_scaled_net_profit,677,21632,21663,32,-1.4046827345737256e-05,0.00025273700960180996,22369,1.0,0.953125,1.0
raw,stake_scaled_net_profit,678,21664,21695,32,-6.670753464277368e-06,0.00012099564964635994,22401,1.0,0.8854166666666664,1.3333333333333333
raw,stake_scaled_net_profit,679,21696,21727,32,2.1122395992279053e-06,4.2472658270180026e-05,22433,1.0,0.9296874999999999,1.0833333333333333
raw,stake_scaled_net_profit,680,21728,21759,32,-3.6184992495691404e-06,6.847154856879471e-05,22465,1.0,0.9166666666666665,1.3333333333333333
raw,stake_scaled_net_profit,681,21760,21791,32,1.5156964764173608e-05,0.0002670068153429913,22497,1.0,1.1536458333333335,9.166666666666666
raw,stake_scaled_net_profit,682,21792,21823,32,-5.451341621665051e-06,0.00010147996804357658,22529,1.0,0.9140624999999998,1.3333333333333333
raw,stake_scaled_net_profit,683,21824,21855,32,-7.137656666600378e-06,0.00013038545342475107,22561,1.0,0.8541666666666666,1.3333333333333333
raw,stake_scaled_net_profit,684,21856,21887,32,-6.983677849348169e-06,0.00011944515440546078,22593,1.0,0.8645833333333333,1.3333333333333333
raw,stake_scaled_net_profit,685,21888,21919,32,-9.864568710327148e-06,0.00017321451286005156,22625,1.0,0.8854166666666666,1.3333333333333333
raw,stake_scaled_net_profit,686,21920,21951,32,-1.395742037857417e-05,0.00024825407978051455,22657,1.0,0.9166666666666667,1.3333333333333333
raw,stake_scaled_net_profit,687,21952,21983,32,-8.503595381625928e-06,0.00014703220181691492,22689,1.0,0.8645833333333334,1.3333333333333333
raw,stake_scaled_net_profit,688,21984,22015,32,-7.68651625548955e-06,0.0001384777717747345,22721,1.0,0.8958333333333333,1.3333333333333333
raw,stake_scaled_net_profit,689,22016,22047,32,2.6573707145871595e-07,4.1218140539250306e-05,22753,1.0,0.9010416666666665,1.0
raw,stake_scaled_net_profit,690,22048,22079,32,-5.796551704406738e-06,0.00010418961174067602,22785,1.0,0.8541666666666665,1.0
raw,stake_scaled_net_profit,691,22080,22111,32,-1.9105771571048535e-05,0.00033688855373448814,22817,1.0,0.8723958333333331,1.0833333333333333
raw,stake_scaled_net_profit,692,22112,22143,32,8.419149253313662e-07,3.2014644232061864e-05,22849,1.0,0.8124999999999999,1.0
raw,stake_scaled_net_profit,693,22144,22175,32,-1.0115404620592017e-05,0.00017569331329890945,22881,1.0,0.8515624999999999,1.0833333333333333
raw,stake_scaled_net_profit,694,22176,22207,32,2.0662937458837405e-06,4.815637288593449e-05,22913,1.0,0.8593749999999998,1.3333333333333333
raw,stake_scaled_net_profit,695,22208,22239,32,-6.094575383031042e-06,0.00010736849806415296,22945,1.0,0.9453124999999998,1.3333333333333333
raw,stake_scaled_net_profit,696,22240,22271,32,1.1761982023017481e-05,0.0002095570383022451,22977,1.0,0.8671874999999998,1.3333333333333333
raw,stake_scaled_net_profit,697,22272,22303,32,-1.0964770808641333e-05,0.0001875773830334258,23009,1.0,0.8333333333333334,1.0
raw,stake_scaled_net_profit,698,22304,22335,32,-4.954633823217591e-07,3.6409956872185284e-05,23041,1.0,0.7890625,1.0
raw,stake_scaled_net_profit,699,22336,22367,32,-2.178052909584949e-06,4.909575209364017e-05,23073,1.0,0.9401041666666665,1.0833333333333333
raw,stake_scaled_net_profit,700,22368,22399,32,1.783171683200635e-06,4.1881629773406236e-05,23105,1.0,0.8802083333333331,1.0
raw,stake_scaled_net_profit,701,22400,22431,32,1.2939171938342042e-06,3.0334074926268702e-05,23137,1.0,0.8828125,1.3333333333333333
raw,stake_scaled_net_profit,702,22432,22463,32,-1.4846522390143946e-05,0.00026410051396681466,23169,1.0,0.9270833333333331,1.0
raw,stake_scaled_net_profit,703,22464,22495,32,-2.910693638114026e-06,5.7562877670789705e-05,23201,1.0,0.8697916666666664,1.0833333333333333
raw,stake_scaled_net_profit,704,22496,22527,32,1.2554223758343142e-06,3.926390643258475e-05,23233,1.0,0.9010416666666667,1.3333333333333333
raw,stake_scaled_net_profit,705,22528,22559,32,-3.823389306489844e-06,7.000866428253914e-05,23265,1.0,0.9687499999999999,2.5
raw,stake_scaled_net_profit,706,22560,22591,32,-6.6943466663360596e-06,0.0001195843314080346,23297,1.0,0.8359375,1.3333333333333333
raw,stake_scaled_net_profit,707,22592,22623,32,4.775822162628174e-06,8.281908412458431e-05,23329,1.0,0.8854166666666665,1.0
raw,stake_scaled_net_profit,708,22624,22655,32,1.6738969861762598e-05,0.00028112024519438925,23361,1.0,0.9270833333333333,1.3333333333333333
raw,stake_scaled_net_profit,709,22656,22687,32,-3.28818987327395e-06,7.19918935450751e-05,23393,1.0,0.8671874999999999,1.0833333333333333
raw,stake_scaled_net_profit,710,22688,22719,32,8.27013991511194e-07,3.515226682186133e-05,23425,1.0,0.8333333333333331,1.3333333333333333
raw,stake_scaled_net_profit,711,22720,22751,32,-9.145587682723999e-06,0.00016369887361581314,23457,1.0,0.8567708333333331,1.0
raw,stake_scaled_net_profit,712,22752,22783,32,1.827875166782178e-06,4.172267527456287e-05,23489,1.0,0.8437499999999999,1.3333333333333333
raw,stake_scaled_net_profit,713,22784,22815,32,-1.6006329133233521e-06,4.219034915884616e-05,23521,1.0,0.8984374999999998,1.3333333333333333
raw,stake_scaled_net_profit,714,22816,22847,32,-5.848705768585205e-06,0.0001042347316600124,23553,1.0,0.7968749999999999,1.3333333333333333
raw,stake_scaled_net_profit,715,22848,22879,32,-1.1061629265896045e-05,0.00018976094938704372,23585,1.0,0.8932291666666667,1.0833333333333333
raw,stake_scaled_net_profit,716,22880,22911,32,1.3659400792676024e-06,4.551149498902555e-05,23617,1.0,0.921875,1.3333333333333333
raw,stake_scaled_net_profit,717,22912,22943,32,-3.21120023727417e-06,8.354290688478376e-05,23649,1.0,0.9140625,1.3333333333333333
raw,stake_scaled_net_profit,718,22944,22975,32,6.414949893951416e-06,0.0001136745164563218,23681,1.0,0.9088541666666665,1.3333333333333333
raw,stake_scaled_net_profit,719,22976,23007,32,3.1366948860522825e-06,5.7015188759739815e-05,23713,1.0,0.8828124999999999,1.3333333333333333
raw,stake_scaled_net_profit,720,23008,23039,32,-7.859121069486719e-06,0.0001439552510601477,23745,1.0,0.8359375,1.0833333333333333
raw,stake_scaled_net_profit,721,23040,23071,32,-1.4423082575376611e-05,0.0002556138989944445,23777,1.0,0.9348958333333334,1.0833333333333333
raw,stake_scaled_net_profit,722,23072,23103,32,-1.3042241334915161e-05,0.00022513618008523158,23809,1.0,0.8984374999999998,1.0833333333333333
raw,stake_scaled_net_profit,723,23104,23135,32,-8.463859558105469e-06,0.00014770594659814287,23841,1.0,0.8776041666666666,1.0833333333333333
raw,stake_scaled_net_profit,724,23136,23167,32,-3.087023742409656e-06,6.77876217067071e-05,23873,1.0,0.9114583333333331,2.5
raw,stake_scaled_net_profit,725,23168,23199,32,-1.8800301404553466e-06,4.642064567026192e-05,23905,1.0,0.8958333333333331,1.3333333333333333
raw,stake_scaled_net_profit,726,23200,23231,32,-7.825593456800561e-06,0.00014349371088368334,23937,1.0,0.9322916666666666,1.0
raw,stake_scaled_net_profit,727,23232,23263,32,-1.1261552572250366e-05,0.00019645987260489008,23969,1.0,0.9140625,1.0833333333333333
raw,stake_scaled_net_profit,728,23264,23295,32,-1.953294031409314e-06,4.5280902470652394e-05,24001,1.0,0.895833333333333,1.3333333333333333
raw,stake_scaled_net_profit,729,23296,23327,32,-1.2290974154893775e-05,0.00021952900011503428,24033,1.0,0.90625,1.3333333333333333
raw,stake_scaled_net_profit,730,23328,23359,32,1.562138550070813e-06,4.2311274764609755e-05,24065,1.0,0.9088541666666664,1.3333333333333333
raw,stake_scaled_net_profit,731,23360,23391,32,-1.6167759895324707e-05,0.00028477909939592875,24097,1.0,0.9270833333333333,1.3333333333333333
raw,stake_scaled_net_profit,732,23392,23423,32,-1.3704101547773462e-05,0.00024263383622977685,24129,1.0,0.8854166666666669,1.3333333333333333
raw,stake_scaled_net_profit,733,23424,23455,32,-7.777164682920557e-06,0.00013103729330974688,24161,1.0,0.8619791666666666,1.3333333333333333
raw,stake_scaled_net_profit,734,23456,23487,32,-3.7153563425817993e-06,7.382261049499749e-05,24193,1.0,0.828125,1.3333333333333333
raw,stake_scaled_net_profit,735,23488,23519,32,1.1995430213573854e-06,4.267577645792393e-05,24225,1.0,0.796875,1.0
raw,stake_scaled_net_profit,736,23520,23551,32,-8.97298195923213e-06,0.00016130276887496705,24257,1.0,0.9218749999999999,1.3333333333333333
raw,stake_scaled_net_profit,737,23552,23583,32,8.64515641296748e-06,0.00015401012722672804,24289,1.0,0.8854166666666665,1.0
raw,stake_scaled_net_profit,738,23584,23615,32,-3.919005393981934e-06,7.439060017005323e-05,24321,1.0,0.8932291666666665,1.0833333333333333
raw,stake_scaled_net_profit,739,23616,23647,32,7.7858567237854e-06,0.00014195902147598005,24353,1.0,0.8776041666666667,1.3333333333333333
raw,stake_scaled_net_profit,740,23648,23679,32,-8.273869752883911e-06,0.0001430075982639053,24385,1.0,0.84375,1.0833333333333333
raw,stake_scaled_net_profit,741,23680,23711,32,2.0091733858862426e-06,4.4627315417382735e-05,24417,1.0,0.9088541666666665,1.3333333333333333
raw,stake_scaled_net_profit,742,23712,23743,32,-1.0839352398761548e-05,0.00018011538343923472,24449,1.0,0.8619791666666666,1.3333333333333333
raw,stake_scaled_net_profit,743,23744,23775,32,2.418955318717053e-06,5.811695128366564e-05,24481,1.0,0.9583333333333331,2.5
raw,stake_scaled_net_profit,744,23776,23807,32,-1.430511474609375e-06,4.042556758399149e-05,24513,1.0,0.8828124999999999,1.0833333333333333
raw,stake_scaled_net_profit,745,23808,23839,32,-8.602935849921778e-06,0.0001557411454462668,24545,1.0,0.9036458333333333,1.3333333333333333
raw,stake_scaled_net_profit,746,23840,23871,32,8.617832918389468e-07,3.3630081027864345e-05,24577,1.0,0.8697916666666667,1.3333333333333333
raw,stake_scaled_net_profit,747,23872,23903,32,-3.3552446438989136e-06,7.061837202115369e-05,24609,1.0,0.8177083333333334,1.0
raw,stake_scaled_net_profit,748,23904,23935,32,6.3478951233264524e-06,0.0001136523964051804,24641,1.0,0.8125000000000001,1.0
raw,stake_scaled_net_profit,749,23936,23967,32,-2.416471943433862e-06,5.582212544808056e-05,24673,1.0,0.8749999999999999,1.0
raw,stake_scaled_net_profit,750,23968,23999,32,4.4008097574987914e-06,8.034545027499446e-05,24705,1.0,0.9010416666666666,1.3333333333333333
raw,stake_scaled_net_profit,751,24000,24031,32,-8.38687083160039e-06,0.00014325376193171694,24737,1.0,0.8437499999999999,1.0
raw,stake_scaled_net_profit,752,24032,24063,32,2.2314479792839848e-06,4.753078316822111e-05,24769,1.0,0.8880208333333331,1.3333333333333333
raw,stake_scaled_net_profit,753,24064,24095,32,-9.114542990573682e-06,0.00016170833257814546,24801,1.0,0.9427083333333334,1.3333333333333333
raw,stake_scaled_net_profit,754,24096,24127,32,-1.2516975402832031e-05,0.0002136415256945052,24833,1.0,0.8906249999999998,1.0
raw,stake_scaled_net_profit,755,24128,24159,32,-5.563097147387452e-07,3.1527199211612116e-05,24865,1.0,0.9140625000000001,1.3333333333333333
raw,stake_scaled_net_profit,756,24160,24191,32,-1.4305120430435636e-06,4.472103636795533e-05,24897,1.0,0.8489583333333333,1.0
raw,stake_scaled_net_profit,757,24192,24223,32,4.892547622148413e-06,0.00010935970205903568,24929,1.0,0.8645833333333334,1.3333333333333333
raw,stake_scaled_net_profit,758,24224,24255,32,2.6685497687140014e-06,5.753330082484486e-05,24961,1.0,0.9036458333333333,1.0833333333333333
raw,stake_scaled_net_profit,759,24256,24287,32,-7.1227555054065306e-06,0.0001425475594904418,24993,1.0,0.8645833333333333,1.0
raw,stake_scaled_net_profit,760,24288,24319,32,-1.2417694961186498e-07,3.103551297789383e-05,25025,1.0,0.9010416666666666,1.3333333333333333
raw,stake_scaled_net_profit,761,24320,24351,32,-3.4645239566089003e-07,2.720453509750488e-05,25057,1.0,0.8124999999999999,1.0833333333333333
raw,stake_scaled_net_profit,762,24352,24383,32,-5.2153950491629075e-08,2.9426522044229483e-05,25089,1.0,0.8515624999999999,1.0833333333333333
raw,stake_scaled_net_profit,763,24384,24415,32,-6.571412086486816e-06,0.0001158233353741674,25121,1.0,0.8802083333333333,1.3333333333333333
raw,stake_scaled_net_profit,764,24416,24447,32,1.1262800398981199e-06,3.3934357497546666e-05,25153,1.0,0.8151041666666666,1.0
raw,stake_scaled_net_profit,765,24448,24479,32,-2.0588440747815184e-06,5.202264067949757e-05,25185,1.0,0.8828124999999999,1.3333333333333333
raw,stake_scaled_net_profit,766,24480,24511,32,3.6172568798065186e-06,9.687940450312868e-05,25217,1.0,1.1484375,9.166666666666666
raw,stake_scaled_net_profit,767,24512,24543,32,8.359551429748535e-06,0.00014715067421632058,25249,1.0,0.8567708333333333,1.0
raw,stake_scaled_net_profit,768,24544,24575,32,-7.6045594141760375e-06,0.0001458881189342134,25281,1.0,0.8697916666666666,1.0
raw,stake_scaled_net_profit,769,24576,24607,32,-3.305573500256287e-06,6.86481497252971e-05,25313,1.0,0.9270833333333334,1.3333333333333333
raw,stake_scaled_net_profit,770,24608,24639,32,6.668269634246826e-06,0.00011857883672440438,25345,1.0,0.8828124999999999,1.3333333333333333
raw,stake_scaled_net_profit,771,24640,24671,32,-1.965711589946295e-06,4.641423039765664e-05,25377,1.0,0.859375,1.3333333333333333
raw,stake_scaled_net_profit,772,24672,24703,32,5.066392532171449e-07,4.131851613235016e-05,25409,1.0,0.8932291666666666,1.3333333333333333
raw,stake_scaled_net_profit,773,24704,24735,32,-6.183981895446777e-06,0.00011487548963478157,25441,1.0,0.8802083333333333,1.0
raw,stake_scaled_net_profit,774,24736,24767,32,-4.199644536129199e-06,7.679833057585115e-05,25473,1.0,0.8671874999999999,1.3333333333333333
raw,stake_scaled_net_profit,775,24768,24799,32,-8.945664376369677e-06,0.00015952984611866572,25505,1.0,0.8671875,1.0
raw,stake_scaled_net_profit,776,24800,24831,32,-1.000240445137024e-05,0.00017841723428801054,25537,1.0,0.8984374999999999,1.0833333333333333
raw,stake_scaled_net_profit,777,24832,24863,32,-1.1275212273176294e-05,0.00019640536957657155,25569,1.0,0.90625,1.0
raw,stake_scaled_net_profit,778,24864,24895,32,-8.42908957565669e-06,0.00015245810411757267,25601,1.0,0.9062499999999999,1.0
raw,stake_scaled_net_profit,779,24896,24927,32,-9.765227332536597e-06,0.0001723911026549125,25633,1.0,0.9375000000000002,2.5
raw,stake_scaled_net_profit,780,24928,24959,32,-1.799314986783429e-06,5.0218920988666345e-05,25665,1.0,0.9062499999999999,1.3333333333333333
raw,stake_scaled_net_profit,781,24960,24991,32,-6.4385435507574584e-06,0.00013546178565141428,25697,1.0,0.9296874999999997,1.0833333333333333
raw,stake_scaled_net_profit,782,24992,25023,32,-9.946519412551424e-07,3.115641261032132e-05,25729,1.0,0.9218749999999999,1.3333333333333333
raw,stake_scaled_net_profit,783,25024,25055,32,5.775441877631238e-06,0.00010431782099582212,25761,1.0,0.8906249999999999,1.3333333333333333
raw,stake_scaled_net_profit,784,25056,25087,32,6.708005912514636e-06,0.0001309597628916412,25793,1.0,0.7994791666666664,1.3333333333333333
raw,stake_scaled_net_profit,785,25088,25119,32,7.537501005572267e-07,3.877630129575937e-05,25825,1.0,0.8671874999999999,1.0833333333333333
raw,stake_scaled_net_profit,786,25120,25151,32,-2.1954374460619874e-06,5.156692526164392e-05,25857,1.0,0.8723958333333334,1.3333333333333333
raw,stake_scaled_net_profit,787,25152,25183,32,-1.2874603271484375e-05,0.00022041818425136907,25889,1.0,0.7968749999999999,1.0
raw,stake_scaled_net_profit,788,25184,25215,32,-4.839152552449377e-06,9.07925993671597e-05,25921,1.0,0.8854166666666665,1.0833333333333333
raw,stake_scaled_net_profit,789,25216,25247,32,1.9644699023046996e-06,4.6519896751416227e-05,25953,1.0,0.8385416666666666,1.0
raw,stake_scaled_net_profit,790,25248,25279,32,4.343688488006592e-06,8.25748109386689e-05,25985,1.0,0.8749999999999998,1.3333333333333333
raw,stake_scaled_net_profit,791,25280,25311,32,-3.63712570106145e-06,7.382730847832322e-05,26017,1.0,0.9244791666666665,1.3333333333333333
raw,stake_scaled_net_profit,792,25312,25343,32,-1.110135826820624e-06,4.3989877644360996e-05,26049,1.0,0.9010416666666666,1.3333333333333333
raw,stake_scaled_net_profit,793,25344,25375,32,-3.5588939226727234e-06,7.0320717127938e-05,26081,1.0,0.7916666666666667,1.0
raw,stake_scaled_net_profit,794,25376,25407,32,-6.98616122463136e-06,0.000125969087455678,26113,1.0,0.9296875,1.3333333333333333
raw,stake_scaled_net_profit,795,25408,25439,32,-3.4322340525250183e-06,6.7762923524005e-05,26145,1.0,0.8697916666666667,1.3333333333333333
raw,stake_scaled_net_profit,796,25440,25471,32,4.80686640003114e-06,9.046918756057597e-05,26177,1.0,0.8098958333333333,1.3333333333333333
raw,stake_scaled_net_profit,797,25472,25503,32,-9.55412815528689e-06,0.00016578473508724946,26209,1.0,0.9322916666666663,1.3333333333333333
raw,stake_scaled_net_profit,798,25504,25535,32,-1.09896086541994e-06,3.427626496991011e-05,26241,1.0,0.8098958333333334,1.3333333333333333
raw,stake_scaled_net_profit,799,25536,25567,32,-1.1709829777828418e-05,0.00019485210990362873,26273,1.0,0.9036458333333334,1.0833333333333333
raw,stake_scaled_net_profit,800,25568,25599,32,7.502735115849646e-06,0.00013706882481282436,26305,1.0,0.8749999999999998,1.0
raw,stake_scaled_net_profit,801,25600,25631,32,3.608563929446973e-06,7.26325441827307e-05,26337,1.0,0.8802083333333333,1.3333333333333333
raw,stake_scaled_net_profit,802,25632,25663,32,-1.0351339369663037e-05,0.00018345665858081475,26369,1.0,0.8802083333333333,1.3333333333333333
raw,stake_scaled_net_profit,803,25664,25695,32,-7.577240012324182e-06,0.00014301837047139615,26401,1.0,0.8697916666666665,1.3333333333333333
raw,stake_scaled_net_profit,804,25696,25727,32,5.166977643966675e-06,0.00010136572490483332,26433,1.0,0.9374999999999999,2.5
raw,stake_scaled_net_profit,805,25728,25759,32,8.178254574886523e-06,0.00014489029160450216,26465,1.0,0.9322916666666666,1.3333333333333333
raw,stake_scaled_net_profit,806,25760,25791,32,-8.376936420972925e-06,0.00014595966350209049,26497,1.0,0.8619791666666664,1.3333333333333333
raw,stake_scaled_net_profit,807,25792,25823,32,-4.447996616363525e-06,9.361849513597267e-05,26529,1.0,0.8749999999999999,1.3333333333333333
raw,stake_scaled_net_profit,808,25824,25855,32,-1.0988364010700025e-05,0.00018952514484070525,26561,1.0,0.9010416666666666,1.3333333333333333
raw,stake_scaled_net_profit,809,25856,25887,32,-2.7070445867138915e-06,6.251688789861043e-05,26593,1.0,0.9244791666666664,1.3333333333333333
raw,stake_scaled_net_profit,810,25888,25919,32,-9.607522770238575e-06,0.0001664068819272603,26625,1.0,0.7994791666666667,1.3333333333333333
raw,stake_scaled_net_profit,811,25920,25951,32,1.7508864402770996e-06,4.7037672173671565e-05,26657,1.0,0.8229166666666667,1.0
raw,stake_scaled_net_profit,812,25952,25983,32,4.158665888098767e-06,7.8875154098435e-05,26689,1.0,0.8593749999999997,1.3333333333333333
raw,stake_scaled_net_profit,813,25984,26015,32,-4.882614121015649e-06,9.850803646226455e-05,26721,1.0,0.9270833333333333,1.3333333333333333
raw,stake_scaled_net_profit,814,26016,26047,32,4.897514827462146e-06,8.66778104733027e-05,26753,1.0,0.8984374999999999,1.0833333333333333
raw,stake_scaled_net_profit,815,26048,26079,32,-4.2294459490221925e-06,8.95266008156454e-05,26785,1.0,0.90625,1.3333333333333333
raw,stake_scaled_net_profit,816,26080,26111,32,2.9553996228059987e-07,3.325441791620558e-05,26817,1.0,0.8489583333333333,1.3333333333333333
raw,stake_scaled_net_profit,817,26112,26143,32,-5.456308372231433e-06,0.0001063357003813031,26849,1.0,0.8723958333333334,1.0833333333333333
raw,stake_scaled_net_profit,818,26144,26175,32,-1.3129164472047705e-05,0.00022683927798657067,26881,1.0,0.875,1.0833333333333333
raw,stake_scaled_net_profit,819,26176,26207,32,-6.24731183052063e-06,0.00011413612676461487,26913,1.0,0.8645833333333333,1.0833333333333333
raw,stake_scaled_net_profit,820,26208,26239,32,-9.263557103622588e-07,3.824067315663478e-05,26945,1.0,0.8723958333333333,1.0833333333333333
raw,stake_scaled_net_profit,821,26240,26271,32,-7.82310962677002e-06,0.0001524136617792267,26977,1.0,0.8489583333333334,1.0
raw,stake_scaled_net_profit,822,26272,26303,32,-4.947185516357422e-06,9.692443954032548e-05,27009,1.0,0.9374999999999998,1.0833333333333333
raw,stake_scaled_net_profit,823,26304,26335,32,7.363656550296582e-06,0.00012940802604014017,27041,1.0,0.8828124999999999,1.0833333333333333
raw,stake_scaled_net_profit,824,26336,26367,32,9.51190145315195e-07,3.861184227305062e-05,27073,1.0,0.8489583333333334,1.0
raw,stake_scaled_net_profit,825,26368,26399,32,-4.562239155347925e-06,9.560336241082161e-05,27105,1.0,0.9479166666666666,1.3333333333333333
raw,stake_scaled_net_profit,826,26400,26431,32,-5.898376457480481e-06,0.0001071887570732684,27137,1.0,0.8541666666666666,1.0
raw,stake_scaled_net_profit,827,26432,26463,32,7.703900337219238e-06,0.00013871948041436452,27169,1.0,0.8697916666666667,1.3333333333333333
raw,stake_scaled_net_profit,828,26464,26495,32,-4.14748956245603e-06,7.623874779326357e-05,27201,1.0,0.9036458333333333,1.3333333333333333
raw,stake_scaled_net_profit,829,26496,26527,32,-4.197162866148574e-07,2.634884577360965e-05,27233,1.0,0.7317708333333333,1.0833333333333333
raw,stake_scaled_net_profit,830,26528,26559,32,-1.7906229459185852e-06,4.135122543804824e-05,27265,1.0,0.9088541666666667,1.3333333333333333
raw,stake_scaled_net_profit,831,26560,26591,32,1.6242256606346928e-06,3.7747230108002554e-05,27297,1.0,0.8541666666666665,1.3333333333333333
raw,stake_scaled_net_profit,832,26592,26623,32,-3.032386302947998e-06,7.588641736804728e-05,27329,1.0,0.9218749999999997,1.3333333333333333
raw,stake_scaled_net_profit,833,26624,26655,32,-2.0861630218860228e-06,5.0908045908284106e-05,27361,1.0,0.8541666666666665,1.3333333333333333
raw,stake_scaled_net_profit,834,26656,26687,32,-3.4123659133911133e-06,6.586897788290287e-05,27393,1.0,0.9114583333333331,1.3333333333333333
raw,stake_scaled_net_profit,835,26688,26719,32,-6.089607268222608e-06,0.00011282334749821583,27425,1.0,0.8645833333333331,1.0
raw,stake_scaled_net_profit,836,26720,26751,32,-1.5273690223693848e-05,0.0002630227017263655,27457,1.0,0.8359375,1.0833333333333333
raw,stake_scaled_net_profit,837,26752,26783,32,1.0083113011205569e-06,3.416635915419145e-05,27489,1.0,0.8697916666666665,1.0
raw,stake_scaled_net_profit,838,26784,26815,32,-5.364418029785156e-06,0.00010765210794005463,27521,1.0,0.8541666666666666,1.3333333333333333
raw,stake_scaled_net_profit,839,26816,26847,32,-1.2661021173698828e-05,0.0002232058148605661,27553,1.0,0.9062499999999998,1.0
raw,stake_scaled_net_profit,840,26848,26879,32,-1.7682707493804628e-06,3.928062254337977e-05,27585,1.0,0.8958333333333331,1.3333333333333333
raw,stake_scaled_net_profit,841,26880,26911,32,7.142622507672058e-06,0.00012709237291141522,27617,1.0,0.875,1.0833333333333333
raw,stake_scaled_net_profit,842,26912,26943,32,4.192193046037573e-06,8.181674556750478e-05,27649,1.0,0.9895833333333331,2.5
raw,stake_scaled_net_profit,843,26944,26975,32,-1.13298492578906e-05,0.00021128626568378558,27681,1.0,0.9166666666666666,1.0
raw,stake_scaled_net_profit,844,26976,27007,32,1.2682130545726977e-05,0.00022225000532578252,27713,1.0,0.7864583333333331,1.3333333333333333
raw,stake_scaled_net_profit,845,27008,27039,32,4.115204319532495e-06,7.786011767176025e-05,27745,1.0,0.8385416666666666,1.0
raw,stake_scaled_net_profit,846,27040,27071,32,-2.7867654353030957e-05,0.000473778859189302,27777,1.0,0.9583333333333331,1.3333333333333333
raw,stake_scaled_net_profit,847,27072,27103,32,3.578761379685602e-06,7.66948694398608e-05,27809,1.0,0.8906249999999999,1.3333333333333333
raw,stake_scaled_net_profit,848,27104,27135,32,-1.019736191665288e-05,0.0001770042701894121,27841,1.0,0.921875,1.3333333333333333
raw,stake_scaled_net_profit,849,27136,27167,32,-6.0896081777173094e-06,0.00011026771793269541,27873,1.0,0.8489583333333331,1.3333333333333333
raw,stake_scaled_net_profit,850,27168,27199,32,-1.6583751857979223e-05,0.0002770318885067194,27905,1.0,0.9010416666666665,1.3333333333333333
raw,stake_scaled_net_profit,851,27200,27231,32,-1.1160969734191895e-05,0.00019329206008108,27937,1.0,0.8906249999999999,1.0
raw,stake_scaled_net_profit,852,27232,27263,32,-2.8039021344739012e-06,6.582267992000908e-05,27969,1.0,0.8645833333333333,1.0
raw,stake_scaled_net_profit,853,27264,27295,32,-4.018346771772485e-06,7.437662649359305e-05,28001,1.0,0.8203124999999999,1.3333333333333333
raw,stake_scaled_net_profit,854,27296,27327,32,-6.258487701416016e-06,0.00011573504481646026,28033,1.0,0.8281249999999999,1.0
raw,stake_scaled_net_profit,855,27328,27359,32,-1.9744038581848145e-05,0.0003438172836938653,28065,1.0,0.9427083333333331,1.3333333333333333
raw,stake_scaled_net_profit,856,27360,27391,32,-5.230308033787878e-06,9.86594727345045e-05,28097,1.0,0.8776041666666666,1.0833333333333333
raw,stake_scaled_net_profit,857,27392,27423,32,-9.793788194656372e-06,0.0001738495174775279,28129,1.0,0.9036458333333333,1.0833333333333333
raw,stake_scaled_net_profit,858,27424,27455,32,2.2749100025976077e-06,6.101139994862951e-05,28161,1.0,0.8489583333333333,1.3333333333333333
raw,stake_scaled_net_profit,859,27456,27487,32,-1.7285346984863281e-06,5.7595410401067344e-05,28193,1.0,0.8645833333333333,1.3333333333333333
raw,stake_scaled_net_profit,860,27488,27519,32,-5.876024715689709e-06,0.00010501186684936433,28225,1.0,0.8281250000000001,1.0
raw,stake_scaled_net_profit,861,27520,27551,32,2.2600079319090582e-07,3.5148757019583483e-05,28257,1.0,0.9322916666666666,1.3333333333333333
raw,stake_scaled_net_profit,862,27552,27583,32,7.450579460055451e-07,4.495197376492103e-05,28289,1.0,0.9322916666666669,1.3333333333333333
raw,stake_scaled_net_profit,863,27584,27615,32,-1.1531015843502246e-05,0.00020131901833768824,28321,1.0,0.9114583333333333,1.3333333333333333
raw,stake_scaled_net_profit,864,27616,27647,32,2.694626800803235e-06,5.767034240904986e-05,28353,1.0,0.9244791666666664,2.5
raw,stake_scaled_net_profit,865,27648,27679,32,-1.5636285752407275e-05,0.0002654782165789765,28385,1.0,0.9192708333333329,1.0833333333333333
raw,stake_scaled_net_profit,866,27680,27711,32,-2.8933004614373203e-07,4.916513841804822e-05,28417,1.0,0.796875,1.0833333333333333
raw,stake_scaled_net_profit,867,27712,27743,32,-7.425745025102515e-06,0.00013154074036024732,28449,1.0,0.8489583333333331,1.0
raw,stake_scaled_net_profit,868,27744,27775,32,-1.0833145097421948e-05,0.00018936049173281955,28481,1.0,0.859375,1.3333333333333333
raw,stake_scaled_net_profit,869,27776,27807,32,-2.0886457150481874e-06,5.569058609663033e-05,28513,1.0,0.8489583333333333,1.0
raw,stake_scaled_net_profit,870,27808,27839,32,-5.664925083692651e-06,0.00010982699471099642,28545,1.0,0.8828125,1.3333333333333333
raw,stake_scaled_net_profit,871,27840,27871,32,-1.72803811437916e-05,0.00029592445411158865,28577,1.0,0.890625,1.0
raw,stake_scaled_net_profit,872,27872,27903,32,6.341685548250098e-06,0.00011676705616073562,28609,1.0,0.8619791666666666,1.0833333333333333
raw,stake_scaled_net_profit,873,27904,27935,32,1.187001726066228e-05,0.00020081759631503744,28641,1.0,0.8489583333333333,1.0833333333333333
raw,stake_scaled_net_profit,874,27936,27967,32,-1.5015404642326757e-05,0.00026208619434000326,28673,1.0,0.9557291666666666,1.3333333333333333
raw,stake_scaled_net_profit,875,27968,27999,32,3.7203230931481812e-06,7.222491603495083e-05,28705,1.0,0.8697916666666666,1.3333333333333333
raw,stake_scaled_net_profit,876,28000,28031,32,2.6697907742345706e-06,5.9520846777841916e-05,28737,1.0,0.9583333333333334,2.5
raw,stake_scaled_net_profit,877,28032,28063,32,-2.266217961732764e-06,5.297706611110925e-05,28769,1.0,0.8411458333333333,1.0833333333333333
raw,stake_scaled_net_profit,878,28064,28095,32,-1.780688762664795e-06,6.004083862252336e-05,28801,1.0,0.9218750000000001,1.3333333333333333
raw,stake_scaled_net_profit,879,28096,28127,32,7.82310962677002e-06,0.00014076976589680123,28833,1.0,0.8802083333333331,1.3333333333333333
raw,stake_scaled_net_profit,880,28128,28159,32,9.51687525230227e-06,0.0001619164282091195,28865,1.0,0.8333333333333333,1.3333333333333333
raw,stake_scaled_net_profit,881,28160,28191,32,-6.027519702911377e-06,0.00011329463153982941,28897,1.0,0.8802083333333333,1.0
raw,stake_scaled_net_profit,882,28192,28223,32,-1.2064972906955518e-05,0.00020232123136270153,28929,1.0,0.8958333333333335,1.0833333333333333
raw,stake_scaled_net_profit,883,28224,28255,32,-3.63836716132937e-06,7.582131528215007e-05,28961,1.0,0.8567708333333331,1.3333333333333333
raw,stake_scaled_net_profit,884,28256,28287,32,2.6722752863861388e-06,5.4140468784379486e-05,28993,1.0,0.8385416666666666,1.0833333333333333
raw,stake_scaled_net_profit,885,28288,28319,32,4.5970073188073e-06,9.203247181707226e-05,29025,1.0,0.9062499999999998,1.3333333333333333
raw,stake_scaled_net_profit,886,28320,28351,32,-4.49518893219647e-07,4.334582107339415e-05,29057,1.0,0.8489583333333335,1.0
raw,stake_scaled_net_profit,887,28352,28383,32,-3.5191576444049133e-06,7.252816354068363e-05,29089,1.0,0.9166666666666665,1.0833333333333333
raw,stake_scaled_net_profit,888,28384,28415,32,-3.993511199951172e-06,7.16319550938624e-05,29121,1.0,0.9192708333333331,1.3333333333333333
raw,stake_scaled_net_profit,889,28416,28447,32,-1.739958861435298e-05,0.00031558442650997783,29153,1.0,0.8776041666666666,1.0833333333333333
raw,stake_scaled_net_profit,890,28448,28479,32,1.6589956430834718e-06,3.763174325853204e-05,29185,1.0,0.8229166666666665,1.0
raw,stake_scaled_net_profit,891,28480,28511,32,-5.369385235098889e-06,0.00011457243597138181,29217,1.0,0.9010416666666666,1.3333333333333333
raw,stake_scaled_net_profit,892,28512,28543,32,1.4727316965945647e-06,5.552501961945281e-05,29249,1.0,0.8984375,1.3333333333333333
raw,stake_scaled_net_profit,893,28544,28575,32,4.184743374935351e-06,8.033862518316917e-05,29281,1.0,0.911458333333333,1.3333333333333333
raw,stake_scaled_net_profit,894,28576,28607,32,4.2691826820373535e-06,7.492660344044186e-05,29313,1.0,0.828125,1.0
raw,stake_scaled_net_profit,895,28608,28639,32,-9.741635039972607e-06,0.00017392679800173387,29345,1.0,0.8984375,1.0
raw,stake_scaled_net_profit,896,28640,28671,32,-1.6490619145770324e-06,5.431814831097357e-05,29377,1.0,0.9062499999999999,1.3333333333333333
raw,stake_scaled_net_profit,897,28672,28703,32,6.295740604400635e-06,0.00011114160093968851,29409,1.0,0.8802083333333335,1.3333333333333333
raw,stake_scaled_net_profit,898,28704,28735,32,1.1449053545220522e-06,4.432194696276e-05,29441,1.0,0.9453124999999998,2.5
raw,stake_scaled_net_profit,899,28736,28767,32,-7.66788889450254e-06,0.00013721014512092642,29473,1.0,0.8828125,1.0833333333333333
raw,stake_scaled_net_profit,900,28768,28799,32,-7.244447715493152e-06,0.00013318820114247422,29505,1.0,0.8489583333333334,1.0
raw,stake_scaled_net_profit,901,28800,28831,32,-3.509223461151123e-06,7.758819155518406e-05,29537,1.0,0.9583333333333333,2.5
raw,stake_scaled_net_profit,902,28832,28863,32,1.6391272765758913e-06,3.8505177394671785e-05,29569,1.0,0.7916666666666665,1.0
raw,stake_scaled_net_profit,903,28864,28895,32,5.985293682897463e-07,3.721440586309641e-05,29601,1.0,0.8359374999999999,1.3333333333333333
raw,stake_scaled_net_profit,904,28896,28927,32,1.0654330253601074e-06,5.1013753402187345e-05,29633,1.0,0.8385416666666666,1.0
raw,stake_scaled_net_profit,905,28928,28959,32,-7.872780770412646e-06,0.00013697708266997206,29665,1.0,0.9817708333333331,2.5
raw,stake_scaled_net_profit,906,28960,28991,32,2.0625693650799803e-06,5.282194516550944e-05,29697,1.0,0.8984375,1.0833333333333333
raw,stake_scaled_net_profit,907,28992,29023,32,-1.5969077139743604e-05,0.00027771053818599726,29729,1.0,0.9427083333333334,1.3333333333333333
raw,stake_scaled_net_profit,908,29024,29055,32,-9.375314220960718e-06,0.00016345523132365604,29761,1.0,0.8984374999999999,1.0
raw,stake_scaled_net_profit,909,29056,29087,32,-4.934767275699414e-06,9.763578624759753e-05,29793,1.0,0.9244791666666665,1.3333333333333333
raw,stake_scaled_net_profit,910,29088,29119,32,-7.285426363523584e-06,0.0001274724949871532,29825,1.0,0.9244791666666665,1.3333333333333333
raw,stake_scaled_net_profit,911,29120,29151,32,6.308162028290099e-07,4.0607058599964764e-05,29857,1.0,0.8880208333333334,1.3333333333333333
raw,stake_scaled_net_profit,912,29152,29183,32,3.3912549497472355e-06,6.706338710410606e-05,29889,1.0,0.8880208333333331,1.0833333333333333
raw,stake_scaled_net_profit,913,29184,29215,32,-1.2479723409342114e-05,0.0002125602209397993,29921,1.0,0.9322916666666665,2.5
raw,stake_scaled_net_profit,914,29216,29247,32,1.9595020148699405e-06,6.340883967305758e-05,29953,1.0,0.8385416666666665,1.3333333333333333
raw,stake_scaled_net_profit,915,29248,29279,32,-5.835046522406628e-06,0.00010919716284560867,29985,1.0,0.9088541666666666,1.0833333333333333
raw,stake_scaled_net_profit,916,29280,29311,32,-3.295640453870874e-06,6.591647162909488e-05,30017,1.0,0.8177083333333333,1.3333333333333333
raw,stake_scaled_net_profit,917,29312,29343,32,-4.542370334092993e-06,9.284019146303718e-05,30049,1.0,0.8906249999999998,1.0833333333333333
raw,stake_scaled_net_profit,918,29344,29375,32,-5.739430434914539e-06,0.00010105584201460472,30081,1.0,0.8854166666666666,1.0
raw,stake_scaled_net_profit,919,29376,29407,32,1.061210878106067e-05,0.0001835236623370004,30113,1.0,0.7968749999999999,1.0
raw,stake_scaled_net_profit,920,29408,29439,32,-3.159046173095703e-06,6.555365223693837e-05,30145,1.0,0.8385416666666666,1.0
raw,stake_scaled_net_profit,921,29440,29471,32,-1.2790155778930057e-06,5.3775023405264556e-05,30177,1.0,0.8515624999999999,1.3333333333333333
raw,stake_scaled_net_profit,922,29472,29503,32,-4.221931249048794e-08,3.740043224921854e-05,30209,1.0,0.8697916666666665,1.3333333333333333
raw,stake_scaled_net_profit,923,29504,29535,32,-1.3622146070702001e-05,0.00023257671497889338,30241,1.0,0.9453124999999999,1.3333333333333333
raw,stake_scaled_net_profit,924,29536,29567,32,-8.920827895053662e-06,0.00015456178635281853,30273,1.0,0.8984375,1.0833333333333333
raw,stake_scaled_net_profit,925,29568,29599,32,4.552304289973108e-06,7.43727913116463e-05,30305,1.0,0.9166666666666666,1.0
raw,stake_scaled_net_profit,926,29600,29631,32,-2.8510887659649597e-06,7.138174780597597e-05,30337,1.0,0.8281249999999998,1.0
raw,stake_scaled_net_profit,927,29632,29663,32,-5.38925360160647e-06,9.572143785334225e-05,30369,1.0,0.8984374999999999,1.3333333333333333
raw,stake_scaled_net_profit,928,29664,29695,32,-2.2973865270614624e-05,0.0004028746603742279,30401,1.0,0.8984375,1.0833333333333333
raw,stake_scaled_net_profit,929,29696,29727,32,-1.1640291631920263e-05,0.0002022754920806154,30433,1.0,0.9479166666666665,1.3333333333333333
raw,stake_scaled_net_profit,930,29728,29759,32,-1.1528531103977002e-05,0.00019962040943875378,30465,1.0,0.9010416666666666,1.0833333333333333
raw,stake_scaled_net_profit,931,29760,29791,32,-1.7156204194179736e-05,0.0002915819195141904,30497,1.0,0.9010416666666665,1.0833333333333333
raw,stake_scaled_net_profit,932,29792,29823,32,5.682309165422339e-06,0.0001060490534476062,30529,1.0,0.8723958333333331,1.0833333333333333
raw,stake_scaled_net_profit,933,29824,29855,32,2.9305615498742554e-06,6.374061212314179e-05,30561,1.0,0.9192708333333333,1.3333333333333333
raw,stake_scaled_net_profit,934,29856,29887,32,-1.8179418930230895e-06,5.2238167063465774e-05,30593,1.0,0.9218749999999999,1.3333333333333333
raw,stake_scaled_net_profit,935,29888,29919,32,-5.369384325604187e-06,0.00010149304897480303,30625,1.0,0.9479166666666666,1.3333333333333333
raw,stake_scaled_net_profit,936,29920,29951,32,2.294778823852539e-06,5.6482503423457176e-05,30657,1.0,0.8880208333333334,1.3333333333333333
raw,stake_scaled_net_profit,937,29952,29983,32,-1.043081283569336e-07,4.4539284079866545e-05,30689,1.0,0.8463541666666666,1.0
raw,stake_scaled_net_profit,938,29984,30015,32,-1.681347953308432e-06,4.3415940374147404e-05,30721,1.0,0.8541666666666667,1.3333333333333333
raw,stake_scaled_net_profit,939,30016,30047,32,-2.0464262888708618e-06,4.621459335440615e-05,30753,1.0,0.8697916666666664,1.3333333333333333
raw,stake_scaled_net_profit,940,30048,30079,32,4.597008228302002e-06,8.253814749158987e-05,30785,1.0,0.8098958333333333,1.3333333333333333
raw,stake_scaled_net_profit,941,30080,30111,32,-7.358690254477551e-06,0.0001303393136137354,30817,1.0,0.8645833333333333,1.3333333333333333
raw,stake_scaled_net_profit,942,30112,30143,32,9.95894424704602e-07,3.798245762611635e-05,30849,1.0,0.875,1.3333333333333333
raw,stake_scaled_net_profit,943,30144,30175,32,-4.490217179409228e-06,8.643126278412863e-05,30881,1.0,0.8749999999999999,1.0833333333333333
raw,stake_scaled_net_profit,944,30176,30207,32,-1.0907649993896484e-05,0.0001900547707641602,30913,1.0,0.8463541666666666,1.0833333333333333
raw,stake_scaled_net_profit,945,30208,30239,32,-1.2765331121045165e-06,5.172032912419976e-05,30945,1.0,0.8854166666666666,1.0
raw,stake_scaled_net_profit,946,30240,30271,32,-2.154956200683955e-05,0.00037247875270873815,30977,1.0,0.921875,1.0
raw,stake_scaled_net_profit,947,30272,30303,32,-1.632918974792119e-05,0.00028456065522241387,31009,1.0,0.8437499999999999,1.0
raw,stake_scaled_net_profit,948,30304,30335,32,-6.680690489702101e-07,4.8482056358956314e-05,31041,1.0,0.9166666666666666,1.3333333333333333
raw,stake_scaled_net_profit,949,30336,30367,32,-1.8378113963990472e-07,3.5234096762638966e-05,31073,1.0,0.9270833333333331,1.3333333333333333
raw,stake_scaled_net_profit,950,30368,30399,32,1.1064116733905394e-06,4.7345949416405236e-05,31105,1.0,0.9375000000000001,1.3333333333333333
raw,stake_scaled_net_profit,951,30400,30431,32,4.823008566745557e-06,9.45700838502493e-05,31137,1.0,0.8984374999999998,1.3333333333333333
raw,stake_scaled_net_profit,952,30432,30463,32,8.543329386156984e-07,4.2029844110297834e-05,31169,1.0,0.8307291666666665,1.0833333333333333
raw,stake_scaled_net_profit,953,30464,30495,32,-3.7029385566711426e-06,7.517174913865102e-05,31201,1.0,0.8515625,1.0
raw,stake_scaled_net_profit,954,30496,30527,32,-1.5119710951694287e-05,0.00025637326261995075,31233,1.0,0.8802083333333331,1.3333333333333333
raw,stake_scaled_net_profit,955,30528,30559,32,-6.309399395831861e-06,0.0001217726414462563,31265,1.0,0.8958333333333334,1.3333333333333333
raw,stake_scaled_net_profit,956,30560,30591,32,-2.2140648070489988e-06,6.34070669239213e-05,31297,1.0,0.8411458333333333,1.0833333333333333
raw,stake_scaled_net_profit,957,30592,30623,32,1.0974705219268799e-05,0.00018475892650450512,31329,1.0,0.895833333333333,1.3333333333333333
raw,stake_scaled_net_profit,958,30624,30655,32,-1.2878327652288135e-05,0.00022348703947710645,31361,1.0,0.8671875,1.0833333333333333
raw,stake_scaled_net_profit,959,30656,30687,32,-6.114443294791272e-06,0.00013089034987239908,31393,1.0,0.9010416666666666,1.3333333333333333
raw,stake_scaled_net_profit,960,30688,30719,32,1.2497108400566503e-05,0.00021079040218314682,31425,1.0,0.8723958333333333,1.3333333333333333
raw,stake_scaled_net_profit,961,30720,30751,32,1.4081597328186035e-06,5.56890718444306e-05,31457,1.0,0.8697916666666666,1.0
raw,stake_scaled_net_profit,962,30752,30783,32,-1.1408081263653003e-05,0.00019698727255434327,31489,1.0,0.9010416666666666,1.3333333333333333
raw,stake_scaled_net_profit,963,30784,30815,32,-4.2691826820373535e-06,7.943445252846049e-05,31521,1.0,0.8802083333333331,1.3333333333333333
raw,stake_scaled_net_profit,964,30816,30847,32,-8.968015208665747e-06,0.0001644375131663726,31553,1.0,0.8958333333333331,1.3333333333333333
raw,stake_scaled_net_profit,965,30848,30879,32,-1.3088187188259326e-05,0.0002255801724207847,31585,1.0,0.9635416666666665,1.3333333333333333
raw,stake_scaled_net_profit,966,30880,30911,32,-4.688898570748279e-06,9.097114215315506e-05,31617,1.0,0.8854166666666665,1.0
raw,stake_scaled_net_profit,967,30912,30943,32,-1.6796093404991552e-05,0.00029423123560595954,31649,1.0,0.8880208333333333,1.0
raw,stake_scaled_net_profit,968,30944,30975,32,-6.49939011054812e-06,0.00011994588491874564,31681,1.0,0.8906249999999999,1.3333333333333333
raw,stake_scaled_net_profit,969,30976,31007,32,7.567306511191418e-06,0.00014376443000231154,31713,1.0,0.7864583333333333,1.0
raw,stake_scaled_net_profit,970,31008,31039,32,-1.2307117685850244e-05,0.0002095888541527308,31745,1.0,0.8932291666666665,1.3333333333333333
raw,stake_scaled_net_profit,971,31040,31071,32,-9.606282219465356e-06,0.00017519981551082558,31777,1.0,0.8906249999999999,1.0
raw,stake_scaled_net_profit,972,31072,31103,32,-2.708285819608136e-06,5.63791545592248e-05,31809,1.0,0.8333333333333331,1.0833333333333333
raw,stake_scaled_net_profit,973,31104,31135,32,5.309780135576148e-06,0.00010626713720958457,31841,1.0,0.8906249999999999,1.3333333333333333
raw,stake_scaled_net_profit,974,31136,31167,32,-6.919106454006396e-06,0.00012020426861253847,31873,1.0,0.8229166666666665,1.0
raw,stake_scaled_net_profit,975,31168,31199,32,1.5509619970544009e-06,5.1844742924228925e-05,31905,1.0,0.8671874999999999,1.0833333333333333
raw,stake_scaled_net_profit,976,31200,31231,32,-5.088746547698975e-06,9.645643305108028e-05,31937,1.0,0.8749999999999999,1.3333333333333333
raw,stake_scaled_net_profit,977,31232,31263,32,3.120552264590515e-06,6.867396979823248e-05,31969,1.0,0.9765624999999999,2.5
raw,stake_scaled_net_profit,978,31264,31295,32,4.6193599700927734e-07,3.965654019847109e-05,32001,1.0,0.8854166666666666,1.3333333333333333
raw,stake_scaled_net_profit,979,31296,31327,32,-5.219132617639843e-06,0.00010872126612579462,32033,1.0,0.8854166666666666,1.0833333333333333
raw,stake_scaled_net_profit,980,31328,31359,32,7.4344375207147095e-06,0.0001429657928333016,32065,1.0,0.8776041666666665,1.3333333333333333
raw,stake_scaled_net_profit,981,31360,31391,32,-1.0753669812402222e-06,4.385035700025716e-05,32097,1.0,0.8333333333333331,1.0833333333333333
raw,stake_scaled_net_profit,982,31392,31423,32,5.628913640975952e-06,9.50189587377004e-05,32129,1.0,0.8723958333333333,1.3333333333333333
raw,stake_scaled_net_profit,983,31424,31455,32,-5.64257334190188e-06,0.00010216919970947917,32161,1.0,0.8828124999999999,1.0833333333333333
raw,stake_scaled_net_profit,984,31456,31487,32,-5.806485660286853e-06,0.00011344361203982994,32193,1.0,0.9114583333333333,1.0
raw,stake_scaled_net_profit,985,31488,31519,32,-2.6697912289819214e-06,5.952453247867678e-05,32225,1.0,0.8281249999999999,1.0
raw,stake_scaled_net_profit,986,31520,31551,32,1.2819964467780665e-05,0.00022575834019095484,32257,1.0,0.8723958333333333,1.3333333333333333
raw,stake_scaled_net_profit,987,31552,31583,32,4.380940481496509e-06,7.574928005804167e-05,32289,1.0,0.8906249999999999,1.3333333333333333
raw,stake_scaled_net_profit,988,31584,31615,32,-1.4004607692186255e-05,0.00023692701385113132,32321,1.0,0.8776041666666666,1.3333333333333333
raw,stake_scaled_net_profit,989,31616,31647,32,2.736845544859534e-06,6.407163848902671e-05,32353,1.0,0.880208333333333,1.3333333333333333
raw,stake_scaled_net_profit,990,31648,31679,32,-2.074987150990637e-06,5.084795943428338e-05,32385,1.0,0.8802083333333334,1.0833333333333333
raw,stake_scaled_net_profit,991,31680,31711,32,-7.037073373794556e-06,0.00011594604404971063,32417,1.0,0.9140624999999998,1.3333333333333333
raw,stake_scaled_net_profit,992,31712,31743,32,-1.0902683698077453e-06,4.7643162192614155e-05,32449,1.0,0.9140624999999999,1.3333333333333333
raw,stake_scaled_net_profit,993,31744,31775,32,2.806385964504443e-06,7.409557389513312e-05,32481,1.0,0.9348958333333334,1.3333333333333333
raw,stake_scaled_net_profit,994,31776,31807,32,-4.31885382567998e-06,7.958627497975733e-05,32513,1.0,0.8072916666666664,1.0833333333333333
raw,stake_scaled_net_profit,995,31808,31839,32,-2.5544315576553345e-05,0.0004392564891696597,32545,1.0,0.9270833333333333,1.0833333333333333
raw,stake_scaled_net_profit,996,31840,31871,32,-8.431574315181933e-06,0.0001436364251445168,32577,1.0,0.8958333333333335,1.3333333333333333
raw,stake_scaled_net_profit,997,31872,31903,32,-7.2630741669854615e-06,0.00013085403531453612,32609,1.0,0.8749999999999999,1.0833333333333333
raw,stake_scaled_net_profit,998,31904,31935,32,-1.346816588920774e-05,0.00022918757329947647,32641,1.0,0.9322916666666665,2.5
raw,stake_scaled_net_profit,999,31936,31967,32,1.1151032595080324e-06,6.0364277338611806e-05,32673,1.0,0.8463541666666666,1.0833333333333333
raw,stake_scaled_net_profit,1000,31968,31999,32,-9.16421504371101e-06,0.00015285241287849944,32705,1.0,0.7994791666666665,1.0833333333333333
features,net_profit,1,0,31,32,-1.7340738773345947,0.6434306223097045,44,1.375,4.5,7.0
features,net_profit,2,32,63,32,0.36347314715385437,0.8690461786053734,95,1.59375,3.671875,6.5
features,net_profit,3,64,95,32,0.7119834423065186,0.6406435898173903,138,1.34375,4.3125,6.5
features,net_profit,4,96,127,32,-1.080413818359375,0.7343295965397619,176,1.1875,4.640625,6.0
features,net_profit,5,128,159,32,-0.7314054369926453,0.4442841645146661,224,1.5,3.71875,6.0
features,net_profit,6,160,191,32,-1.5626059770584106,1.0260120125430383,268,1.375,4.546875,7.0
features,net_profit,7,192,223,32,-1.2017879486083984,0.896472218554191,316,1.5,3.84375,7.0
features,net_profit,8,224,255,32,0.07701486349105835,1.0040773229799878,368,1.625,3.828125,8.0
features,net_profit,9,256,287,32,-1.3474135398864746,0.7977454583763167,412,1.375,4.21875,6.0
features,net_profit,10,288,319,32,-0.5263492465019226,0.5774539742426564,457,1.40625,4.03125,6.0
features,net_profit,11,320,351,32,-0.35389864444732666,0.983327505225161,500,1.34375,4.5,7.0
features,net_profit,12,352,383,32,-2.3202157020568848,0.9607953321484125,546,1.4375,4.515625,8.0
features,net_profit,13,384,415,32,-0.789768397808075,0.9533933852941331,589,1.34375,4.34375,6.0
features,net_profit,14,416,447,32,-2.9037981033325195,1.3393250347152208,643,1.6875,4.28125,8.0
features,net_profit,15,448,479,32,-0.9218317866325378,1.144087085569109,693,1.5625,4.015625,6.5
features,net_profit,16,480,511,32,-1.7145588397979736,0.7799264658373679,742,1.53125,4.171875,8.0
features,net_profit,17,512,543,32,0.254358172416687,0.8699473690818151,790,1.5,4.140625,6.0
features,net_profit,18,544,575,32,-1.6121562719345093,0.9810777682548111,834,1.375,3.8125,6.0
features,net_profit,19,576,607,32,-0.12075819075107574,0.9569528454503999,879,1.40625,4.46875,15.0
features,net_profit,20,608,639,32,-0.9739677906036377,1.1752857860143364,922,1.34375,4.109375,6.0
features,net_profit,21,640,671,32,2.916645050048828,1.5939366054051831,966,1.375,4.703125,14.0
features,net_profit,22,672,703,32,1.301241159439087,1.488637205631406,1006,1.25,4.109375,6.0
features,net_profit,23,704,735,32,-1.7867268323898315,1.8612511499731876,1052,1.4375,4.0625,6.0
features,net_profit,24,736,767,32,-0.7083704471588135,2.450602039596919,1089,1.15625,4.359375,7.0
features,net_profit,25,768,799,32,-1.0377174615859985,1.7967603659936844,1138,1.53125,4.390625,6.0
features,net_profit,26,800,831,32,-0.6969270706176758,1.5082632878444415,1175,1.15625,4.375,6.0
features,net_profit,27,832,863,32,-2.1454780101776123,1.6523061891524602,1217,1.3125,4.21875,6.0
features,net_profit,28,864,895,32,0.8258622288703918,1.2098344525798896,1261,1.375,4.375,8.0
features,net_profit,29,896,927,32,-0.7640752792358398,0.8759021944532746,1304,1.34375,4.5,8.0
features,net_profit,30,928,959,32,-1.0050899982452393,1.7789020442229329,1350,1.4375,4.3125,7.0
features,net_profit,31,960,991,32,-0.13514444231987,1.0666271547946506,1393,1.34375,4.390625,7.0
features,net_profit,32,992,1023,32,-1.8841718435287476,1.78317325193641,1434,1.28125,4.59375,6.0
features,net_profit,33,1024,1055,32,-1.967000126838684,0.5879028603747051,1475,1.28125,4.875,8.0
features,net_profit,34,1056,1087,32,-0.9191159009933472,1.382052979608078,1509,1.0625,4.90625,6.0
features,net_profit,35,1088,1119,32,-0.11104856431484222,1.7271123925182152,1549,1.25,4.546875,8.0
features,net_profit,36,1120,1151,32,0.6407169103622437,1.1800593487048867,1585,1.125,5.15625,13.0
features,net_profit,37,1152,1183,32,-0.3959839344024658,0.8674336296205726,1624,1.21875,4.6875,6.5
features,net_profit,38,1184,1215,32,-0.8504929542541504,1.2203226636720508,1660,1.125,4.46875,6.0
features,net_profit,39,1216,1247,32,-1.017263650894165,2.4993147545509453,1695,1.09375,4.84375,7.0
features,net_profit,40,1248,1279,32,-2.0971035957336426,1.20708391389998,1732,1.15625,4.984375,6.5
features,net_profit,41,1280,1311,32,-2.1859519481658936,1.1505500265992594,1769,1.15625,5.015625,8.0
features,net_profit,42,1312,1343,32,-1.2082343101501465,0.9560423515290342,1804,1.09375,4.8125,7.0
features,net_profit,43,1344,1375,32,0.07520535588264465,1.4126110406026255,1841,1.15625,4.265625,8.0
features,net_profit,44,1376,1407,32,-0.23746258020401,1.3656574849609686,1883,1.3125,4.40625,6.5
features,net_profit,45,1408,1439,32,-0.631074070930481,0.6885719730582156,1919,1.125,4.671875,6.5
features,net_profit,46,1440,1471,32,0.13548706471920013,0.8956182708584619,1960,1.28125,4.46875,6.0
features,net_profit,47,1472,1503,32,-1.6743395328521729,2.118187041419267,2000,1.25,4.765625,7.0
features,net_profit,48,1504,1535,32,-0.16359248757362366,1.2996041702371572,2037,1.15625,4.421875,8.0
features,net_profit,49,1536,1567,32,0.8631476759910583,1.3503991439434668,2074,1.15625,4.875,15.0
features,net_profit,50,1568,1599,32,-1.8938145637512207,0.79010212151366,2111,1.15625,4.84375,8.0
features,net_profit,51,1600,1631,32,-0.49733132123947144,3.035764475115257,2148,1.15625,4.640625,8.0
features,net_profit,52,1632,1663,32,-0.23912084102630615,1.079117228497692,2188,1.25,4.890625,15.0
features,net_profit,53,1664,1695,32,-0.42272305488586426,2.471319238526128,2231,1.34375,4.234375,7.0
features,net_profit,54,1696,1727,32,0.07419872283935547,0.6565077374608634,2269,1.1875,4.3125,6.5
features,net_profit,55,1728,1759,32,-2.1345572471618652,1.6388148338629358,2305,1.125,4.1875,6.0
features,net_profit,56,1760,1791,32,-0.9495141506195068,1.2127821591508046,2343,1.1875,4.796875,7.0
features,net_profit,57,1792,1823,32,0.8367794156074524,1.751041443787467,2385,1.3125,4.0,7.0
features,net_profit,58,1824,1855,32,1.1746281385421753,1.9679509106929662,2423,1.1875,4.34375,6.0
features,net_profit,59,1856,1887,32,-0.08432585000991821,3.1496917276183893,2460,1.15625,4.46875,7.0
features,net_profit,60,1888,1919,32,-1.5900732278823853,1.1396919005252093,2496,1.125,5.0625,8.0
features,net_profit,61,1920,1951,32,-1.0379836559295654,2.2198856375810943,2537,1.28125,4.5,6.5
features,net_profit,62,1952,1983,32,-0.4928005039691925,1.4365487452471082,2572,1.09375,4.15625,6.0
features,net_profit,63,1984,2015,32,-0.04235436022281647,1.6499468374409043,2614,1.3125,4.359375,7.0
features,net_profit,64,2016,2047,32,-0.09643319249153137,1.6972788391396947,2648,1.0625,4.625,6.0
features,net_profit,65,2048,2079,32,-1.0248692035675049,1.345339654315302,2688,1.25,4.28125,6.0
features,net_profit,66,2080,2111,32,0.5201464891433716,0.801174257900923,2732,1.375,4.28125,14.0
features,net_profit,67,2112,2143,32,-0.6533002257347107,0.7516692972812926,2766,1.0625,4.828125,8.0
features,net_profit,68,2144,2175,32,-0.2331211268901825,2.0252125810039416,2807,1.28125,4.625,7.0
features,net_profit,69,2176,2207,32,-2.7513389587402344,1.2628970239157642,2843,1.125,4.5625,7.0
features,net_profit,70,2208,2239,32,-2.568532705307007,1.017910298682939,2882,1.21875,4.40625,6.0
features,net_profit,71,2240,2271,32,-1.9965059757232666,1.0435231046126412,2919,1.15625,4.625,6.0
features,net_profit,72,2272,2303,32,-0.07094033807516098,1.7362139138303188,2960,1.28125,4.265625,8.0
features,net_profit,73,2304,2335,32,-0.3019719421863556,0.7895383211005386,2995,1.09375,4.9375,7.0
features,net_profit,74,2336,2367,32,-1.013690710067749,0.8511425695736379,3031,1.125,4.90625,8.0
features,net_profit,75,2368,2399,32,-0.09621405601501465,1.6101463873438235,3065,1.0625,4.5625,8.0
features,net_profit,76,2400,2431,32,-0.5970613956451416,0.8096747755915983,3104,1.21875,4.359375,7.0
features,net_profit,77,2432,2463,32,-0.1291435956954956,0.9967129784816348,3143,1.21875,4.796875,8.0
features,net_profit,78,2464,2495,32,-0.15596941113471985,0.9594410092219812,3180,1.15625,4.4375,6.0
features,net_profit,79,2496,2527,32,-0.8890596032142639,0.8637868541107333,3217,1.15625,4.375,7.0
features,net_profit,80,2528,2559,32,-0.5472774505615234,1.5379177531479402,3257,1.25,4.609375,6.0
features,net_profit,81,2560,2591,32,0.2373388111591339,1.1375106092257952,3294,1.15625,4.75,8.0
features,net_profit,82,2592,2623,32,0.1382472664117813,2.078849564315643,3328,1.0625,4.53125,6.5
features,net_profit,83,2624,2655,32,-1.1439803838729858,2.1048653402577315,3373,1.40625,4.328125,8.0
features,net_profit,84,2656,2687,32,-0.9975143671035767,0.804661250523935,3413,1.25,4.390625,6.0
features,net_profit,85,2688,2719,32,-0.7563040256500244,1.321219868096044,3455,1.3125,4.3125,6.0
features,net_profit,86,2720,2751,32,-0.4155411422252655,0.6937977034304142,3491,1.125,4.4375,6.0
features,net_profit,87,2752,2783,32,-2.479708671569824,1.8149691529183267,3532,1.28125,4.65625,8.0
features,net_profit,88,2784,2815,32,-1.1402215957641602,1.8431282810989913,3570,1.1875,4.59375,7.0
features,net_profit,89,2816,2847,32,-0.6002110838890076,0.40925813188060717,3603,1.03125,4.453125,6.5
features,net_profit,90,2848,2879,32,-1.2617859840393066,1.6525429635842137,3644,1.28125,4.96875,14.0
features,net_profit,91,2880,2911,32,-0.4572109282016754,1.38100914778119,3680,1.125,4.4375,6.0
features,net_profit,92,2912,2943,32,-1.466494083404541,1.4267007862039331,3715,1.09375,4.59375,6.0
features,net_profit,93,2944,2975,32,0.7273048162460327,2.677538356241085,3752,1.15625,4.875,14.0
features,net_profit,94,2976,3007,32,-0.4748181402683258,2.0953399328615414,3789,1.15625,4.25,6.0
features,net_profit,95,3008,3039,32,-0.37377533316612244,1.623137301524707,3824,1.09375,4.265625,7.0
features,net_profit,96,3040,3071,32,-0.7710151076316833,1.8216911793585042,3865,1.28125,4.1875,6.0
features,net_profit,97,3072,3103,32,0.38514918088912964,1.1200202889629167,3898,1.03125,5.09375,7.0
features,net_profit,98,3104,3135,32,-2.2195699214935303,2.467067151665445,3931,1.03125,4.75,6.0
features,net_profit,99,3136,3167,32,-0.3767976760864258,1.4011623418132384,3968,1.15625,4.625,6.0
features,net_profit,100,3168,3199,32,-0.10612994432449341,0.9134382259224043,4001,1.03125,4.9375,8.0
features,net_profit,101,3200,3231,32,-0.5591517686843872,1.3867730521190305,4037,1.125,4.3125,6.0
features,net_profit,102,3232,3263,32,-0.37590351700782776,1.452512613671816,4071,1.0625,4.640625,14.0
features,net_profit,103,3264,3295,32,-1.8189568519592285,1.6478963060442102,4105,1.0625,4.875,8.0
features,net_profit,104,3296,3327,32,0.5723721981048584,1.5677748452927658,4143,1.1875,4.25,6.0
features,net_profit,105,3328,3359,32,0.2912246584892273,2.1307697668469543,4176,1.03125,4.5625,7.0
features,net_profit,106,3360,3391,32,-0.11963275074958801,2.6926387542474304,4210,1.0625,4.5,8.0
features,net_profit,107,3392,3423,32,-0.961755633354187,1.460975367695855,4243,1.03125,4.6875,8.0
features,net_profit,108,3424,3455,32,-0.4067291021347046,2.219593955629109,4276,1.03125,4.8125,8.0
features,net_profit,109,3456,3487,32,-1.5917198657989502,1.0525613292809721,4311,1.09375,4.625,8.0
features,net_profit,110,3488,3519,32,-0.46752500534057617,1.7070312619466421,4345,1.0625,4.359375,7.0
features,net_profit,111,3520,3551,32,-0.16639924049377441,1.0515137547749116,4377,1.0,4.625,6.0
features,net_profit,112,3552,3583,32,-0.09176582098007202,1.503438127891338,4410,1.03125,5.328125,15.0
features,net_profit,113,3584,3615,32,-1.272839903831482,2.2572067232515685,4445,1.09375,4.4375,8.0
features,net_profit,114,3616,3647,32,-0.7338762283325195,2.3135956602890566,4477,1.0,4.6875,6.0
features,net_profit,115,3648,3679,32,-0.007281303405761719,3.8525637082232267,4511,1.0625,4.609375,6.5
features,net_profit,116,3680,3711,32,-1.011057734489441,2.591462352546079,4546,1.09375,4.515625,6.5
features,net_profit,117,3712,3743,32,-0.8576703071594238,5.817243592519516,4579,1.03125,4.25,6.0
features,net_profit,118,3744,3775,32,-0.47042393684387207,4.57700598447204,4613,1.0625,4.75,8.0
features,net_profit,119,3776,3807,32,0.5954709053039551,1.714767272385179,4645,1.0,4.25,6.0
features,net_profit,120,3808,3839,32,-1.0823144912719727,6.096140513824992,4678,1.03125,4.5,7.0
features,net_profit,121,3840,3871,32,-0.07392585277557373,1.736305915914688,4710,1.0,4.59375,6.0
features,net_profit,122,3872,3903,32,-0.5356855392456055,5.426158341447193,4742,1.0,4.15625,6.0
features,net_profit,123,3904,3935,32,-0.13849414885044098,1.4694656705738953,4774,1.0,4.46875,6.0
features,net_profit,124,3936,3967,32,-1.3118163347244263,4.853337100492593,4806,1.0,4.84375,7.0
features,net_profit,125,3968,3999,32,0.8977144956588745,1.1045394341761217,4838,1.0,4.171875,6.0
features,net_profit,126,4000,4031,32,-1.1681863069534302,1.7624422732200415,4871,1.03125,4.765625,6.0
features,net_profit,127,4032,4063,32,-0.009115099906921387,0.5381010650346404,4903,1.0,4.546875,7.0
features,net_profit,128,4064,4095,32,0.5053344964981079,3.585883475312167,4936,1.03125,4.015625,6.5
features,net_profit,129,4096,4127,32,0.852486789226532,6.686252315921207,4969,1.03125,4.640625,7.0
features,net_profit,130,4128,4159,32,-0.3178177773952484,0.888032649029766,5001,1.0,4.5625,6.0
features,net_profit,131,4160,4191,32,-0.1679222583770752,2.9044932871081617,5033,1.0,4.640625,7.0
features,net_profit,132,4192,4223,32,0.23890042304992676,1.903730080648698,5065,1.0,4.4375,7.0
features,net_profit,133,4224,4255,32,1.1043739318847656,3.7903544684624153,5098,1.03125,4.484375,6.5
features,net_profit,134,4256,4287,32,0.23708441853523254,1.5111167445016092,5130,1.0,4.09375,6.0
features,net_profit,135,4288,4319,32,0.37157106399536133,5.767646691237983,5162,1.0,4.84375,8.0
features,net_profit,136,4320,4351,32,-1.3046241998672485,2.0157739643955557,5194,1.0,4.53125,6.0
features,net_profit,137,4352,4383,32,-0.49494487047195435,1.6420763860945453,5228,1.0625,4.546875,7.0
features,net_profit,138,4384,4415,32,-1.7958396673202515,6.481022423559651,5260,1.0,4.265625,6.0
features,net_profit,139,4416,4447,32,0.5384445190429688,4.065205634191432,5292,1.0,4.375,6.0
features,net_profit,140,4448,4479,32,-1.5960780382156372,3.2164535613068654,5325,1.03125,4.6875,7.0
features,net_profit,141,4480,4511,32,0.2553402781486511,0.9696453465837669,5357,1.0,4.0625,6.0
features,net_profit,142,4512,4543,32,0.06659601628780365,0.5247903768349708,5389,1.0,4.765625,7.0
features,net_profit,143,4544,4575,32,-0.16599233448505402,0.9962159398707047,5421,1.0,4.21875,7.0
features,net_profit,144,4576,4607,32,0.5841896533966064,0.658959028365304,5453,1.0,4.265625,7.0
features,net_profit,145,4608,4639,32,-0.4212518036365509,0.6800814484621687,5485,1.0,4.46875,6.0
features,net_profit,146,4640,4671,32,0.6760046482086182,3.7399210040998927,5517,1.0,4.859375,8.0
features,net_profit,147,4672,4703,32,0.08322340250015259,0.8040936475426774,5549,1.0,4.40625,6.5
features,net_profit,148,4704,4735,32,0.21956245601177216,3.89752517048308,5581,1.0,4.46875,6.0
features,net_profit,149,4736,4767,32,-0.6470373868942261,3.7709401820949218,5613,1.0,4.65625,7.0
features,net_profit,150,4768,4799,32,-0.8291887044906616,3.954250952369889,5646,1.03125,4.25,6.0
features,net_profit,151,4800,4831,32,-0.12301942706108093,2.367939486083114,5678,1.0,4.953125,8.0
features,net_profit,152,4832,4863,32,-0.8143682479858398,1.163702994552949,5711,1.03125,5.046875,6.0
features,net_profit,153,4864,4895,32,-2.2891247272491455,4.237492493464088,5744,1.03125,5.21875,8.0
features,net_profit,154,4896,4927,32,-0.7776336669921875,1.0474602877012753,5776,1.0,4.875,6.0
features,net_profit,155,4928,4959,32,-0.3315218687057495,1.4244189365208848,5808,1.0,4.625,7.0
features,net_profit,156,4960,4991,32,0.7400602698326111,2.4474784042760134,5840,1.0,4.4375,6.0
features,net_profit,157,4992,5023,32,0.2562516927719116,3.9469040146422687,5873,1.03125,4.75,7.0
features,net_profit,158,5024,5055,32,-0.001734904944896698,6.120736428377453,5905,1.0,4.859375,6.0
features,net_profit,159,5056,5087,32,0.33202943205833435,1.5672402279760018,5937,1.0,4.703125,7.0
features,net_profit,160,5088,5119,32,-0.4726085662841797,3.944966924365912,5969,1.0,4.859375,7.0
features,net_profit,161,5120,5151,32,-0.3506484627723694,2.7832820220115853,6001,1.0,4.875,7.0
features,net_profit,162,5152,5183,32,0.47450071573257446,0.4408472592299658,6033,1.0,4.59375,7.0
features,net_profit,163,5184,5215,32,-0.5429226160049438,2.2831599269215395,6066,1.03125,4.734375,8.0
features,net_profit,164,5216,5247,32,-0.19636321067810059,2.0600778321598057,6098,1.0,4.640625,8.0
features,net_profit,165,5248,5279,32,0.47256797552108765,1.1167663357606035,6130,1.0,4.453125,7.0
features,net_profit,166,5280,5311,32,-0.8195098638534546,2.379503624681386,6162,1.0,4.4375,6.0
features,net_profit,167,5312,5343,32,-1.2041243314743042,5.307147236109478,6194,1.0,4.875,7.0
features,net_profit,168,5344,5375,32,-0.03096354752779007,3.4918528910973263,6227,1.03125,4.65625,6.5
features,net_profit,169,5376,5407,32,0.000216558575630188,0.4528940649932023,6259,1.0,4.546875,6.0
features,net_profit,170,5408,5439,32,0.4384661316871643,5.33874007273066,6292,1.03125,4.984375,8.0
features,net_profit,171,5440,5471,32,0.08055225014686584,3.4450630948519887,6324,1.0,5.109375,15.0
features,net_profit,172,5472,5503,32,-0.5721596479415894,0.4834929173590902,6356,1.0,4.9375,6.0
features,net_profit,173,5504,5535,32,-1.2539939880371094,2.233014039203953,6389,1.03125,4.734375,6.0
features,net_profit,174,5536,5567,32,-2.890080690383911,4.770017200304819,6422,1.03125,4.890625,6.0
features,net_profit,175,5568,5599,32,-0.5821434855461121,1.4549933666683506,6454,1.0,4.84375,14.0
features,net_profit,176,5600,5631,32,0.5365822315216064,2.4399777760595067,6486,1.0,4.578125,7.0
features,net_profit,177,5632,5663,32,-0.5041482448577881,4.034660943386554,6519,1.03125,4.640625,7.0
features,net_profit,178,5664,5695,32,-0.3227759897708893,6.005091263801816,6551,1.0,5.25,15.0
features,net_profit,179,5696,5727,32,-0.9393743872642517,2.238137791351234,6583,1.0,4.703125,6.5
features,net_profit,180,5728,5759,32,1.7213366031646729,8.033193289821295,6615,1.0,4.46875,6.5
features,net_profit,181,5760,5791,32,-0.7553913593292236,5.595994326610051,6647,1.0,4.796875,7.0
features,net_profit,182,5792,5823,32,-0.9870725870132446,5.92625559215366,6679,1.0,4.875,7.0
features,net_profit,183,5824,5855,32,-0.7115657925605774,0.3511716927215336,6711,1.0,4.21875,6.0
features,net_profit,184,5856,5887,32,0.5326684713363647,7.868249226078723,6743,1.0,4.25,5.0
features,net_profit,185,5888,5919,32,-0.13236019015312195,3.993930416285934,6775,1.0,4.828125,7.0
features,net_profit,186,5920,5951,32,-0.5941605567932129,6.647155522250138,6807,1.0,3.921875,6.0
features,net_profit,187,5952,5983,32,-0.39880234003067017,1.3824271945875573,6839,1.0,4.953125,7.0
features,net_profit,188,5984,6015,32,0.2821810841560364,1.4156985924497894,6871,1.0,4.296875,6.0
features,net_profit,189,6016,6047,32,-0.11133864521980286,1.7612823710442451,6903,1.0,4.234375,6.0
features,net_profit,190,6048,6079,32,0.9105929136276245,8.268457498489802,6935,1.0,4.03125,7.0
features,net_profit,191,6080,6111,32,-0.5970015525817871,2.2803285621101534,6967,1.0,4.71875,6.0
features,net_profit,192,6112,6143,32,-0.6107207536697388,3.2979582994242675,7000,1.03125,4.609375,7.0
features,net_profit,193,6144,6175,32,-0.0648961067199707,2.9481484148308206,7032,1.0,4.84375,7.0
features,net_profit,194,6176,6207,32,-0.025746971368789673,2.5907762309634284,7064,1.0,4.15625,6.0
features,net_profit,195,6208,6239,32,-0.26763662695884705,2.359125633027196,7096,1.0,4.875,15.0
features,net_profit,196,6240,6271,32,-1.337033987045288,4.093543355479223,7128,1.0,5.171875,8.0
features,net_profit,197,6272,6303,32,-0.9652126431465149,6.426589784996477,7160,1.0,4.921875,6.0
features,net_profit,198,6304,6335,32,-0.43704575300216675,3.7509892478751197,7192,1.0,4.375,6.0
features,net_profit,199,6336,6367,32,0.45427465438842773,3.1013738843695817,7224,1.0,4.515625,7.0
features,net_profit,200,6368,6399,32,-0.4240323603153229,1.039091711822098,7256,1.0,4.953125,7.0
features,net_profit,201,6400,6431,32,0.3072301745414734,0.5471474966246593,7288,1.0,4.734375,8.0
features,net_profit,202,6432,6463,32,0.9564945697784424,3.07165842086249,7320,1.0,4.34375,7.0
features,net_profit,203,6464,6495,32,-0.9158533811569214,2.718957507319572,7352,1.0,4.9375,7.0
features,net_profit,204,6496,6527,32,-0.33951127529144287,5.4572644784082796,7384,1.0,4.546875,6.5
features,net_profit,205,6528,6559,32,-0.30665984749794006,5.562787721275539,7416,1.0,4.578125,6.5
features,net_profit,206,6560,6591,32,-1.4381022453308105,9.630099550493114,7448,1.0,5.0,6.0
features,net_profit,207,6592,6623,32,0.09189411997795105,3.4532452868094388,7480,1.0,4.921875,6.5
features,net_profit,208,6624,6655,32,-0.32339534163475037,4.68261773282296,7512,1.0,4.953125,8.0
features,net_profit,209,6656,6687,32,-0.5013729333877563,1.2141417303774797,7544,1.0,4.828125,7.0
features,net_profit,210,6688,6719,32,0.4720706343650818,4.70313121591161,7576,1.0,4.71875,8.0
features,net_profit,211,6720,6751,32,-0.5866528749465942,2.590288643279346,7608,1.0,4.71875,8.0
features,net_profit,212,6752,6783,32,-0.6383830308914185,5.544295021454016,7640,1.0,4.90625,6.0
features,net_profit,213,6784,6815,32,-0.6096667051315308,2.986994449572012,7672,1.0,4.71875,6.0
features,net_profit,214,6816,6847,32,-1.885252833366394,4.794146483501658,7704,1.0,4.953125,8.0
features,net_profit,215,6848,6879,32,-0.6055878400802612,1.7277645245366016,7736,1.0,4.8125,8.0
features,net_profit,216,6880,6911,32,-1.0604569911956787,4.400193179252435,7769,1.03125,4.5625,6.0
features,net_profit,217,6912,6943,32,-0.9124945402145386,2.8521410427248375,7801,1.0,4.8125,6.0
features,net_profit,218,6944,6975,32,-0.12147104740142822,4.433013468417717,7833,1.0,4.0625,6.0
features,net_profit,219,6976,7007,32,-0.43430066108703613,1.4225206306622318,7865,1.0,4.546875,6.0
features,net_profit,220,7008,7039,32,0.7402637004852295,7.84408536745989,7898,1.03125,4.40625,8.0
features,net_profit,221,7040,7071,32,0.4036690890789032,5.913218202289001,7930,1.0,4.78125,7.0
features,net_profit,222,7072,7103,32,0.21212415397167206,3.414137660320365,7962,1.0,4.53125,6.0
features,net_profit,223,7104,7135,32,0.04468245059251785,0.5935862811353574,7994,1.0,4.53125,7.0
features,net_profit,224,7136,7167,32,-1.5600107908248901,2.586954677051377,8027,1.03125,4.703125,8.0
features,net_profit,225,7168,7199,32,-1.0958341360092163,5.922278776615796,8059,1.0,4.609375,6.0
features,net_profit,226,7200,7231,32,0.4864659905433655,2.2956272507108473,8091,1.0,4.828125,14.0
features,net_profit,227,7232,7263,32,-0.8185290098190308,5.375183966321028,8123,1.0,4.671875,6.0
features,net_profit,228,7264,7295,32,-1.2627354860305786,2.8823171023209424,8155,1.0,5.140625,7.0
features,net_profit,229,7296,7327,32,-0.6340975761413574,0.9749135856592114,8187,1.0,4.578125,8.0
features,net_profit,230,7328,7359,32,-0.38986772298812866,2.871371880228575,8219,1.0,4.640625,6.0
features,net_profit,231,7360,7391,32,-0.2817921042442322,3.0309002917374372,8251,1.0,4.78125,14.0
features,net_profit,232,7392,7423,32,0.07029979676008224,7.493138523047245,8283,1.0,4.671875,6.0
features,net_profit,233,7424,7455,32,-0.2861631512641907,0.6998257654677069,8315,1.0,4.53125,6.5
features,net_profit,234,7456,7487,32,0.1409580111503601,2.7942323632772563,8347,1.0,4.296875,6.0
features,net_profit,235,7488,7519,32,0.3364346921443939,2.798209313714208,8379,1.0,4.34375,8.0
features,net_profit,236,7520,7551,32,-1.4438916444778442,0.6796048864977443,8411,1.0,4.8125,6.5
features,net_profit,237,7552,7583,32,-0.6774879097938538,4.686188563552582,8443,1.0,4.59375,7.0
features,net_profit,238,7584,7615,32,-0.6376463174819946,2.3534889780677832,8475,1.0,4.6875,7.0
features,net_profit,239,7616,7647,32,0.14065852761268616,5.8026266756951586,8507,1.0,4.21875,6.0
features,net_profit,240,7648,7679,32,-0.7548059225082397,1.9431981799818634,8539,1.0,4.46875,6.0
features,net_profit,241,7680,7711,32,0.8378300070762634,5.455834932451761,8571,1.0,4.09375,6.0
features,net_profit,242,7712,7743,32,-2.437851905822754,4.955981557966245,8603,1.0,5.25,6.0
features,net_profit,243,7744,7775,32,-0.33377695083618164,2.3451411930349897,8635,1.0,4.5,6.0
features,net_profit,244,7776,7807,32,-0.28180956840515137,1.1433141163556255,8667,1.0,4.6875,8.0
features,net_profit,245,7808,7839,32,0.13395264744758606,2.7636110040756945,8699,1.0,4.546875,6.0
features,net_profit,246,7840,7871,32,-0.6565489172935486,3.9477098212744033,8731,1.0,4.40625,8.0
features,net_profit,247,7872,7903,32,-0.22083084285259247,4.863825337229378,8763,1.0,5.078125,15.0
features,net_profit,248,7904,7935,32,-0.7408339381217957,6.244010095538711,8795,1.0,4.65625,8.0
features,net_profit,249,7936,7967,32,-0.9826866984367371,2.523720873130943,8827,1.0,4.65625,8.0
features,net_profit,250,7968,7999,32,-0.45608067512512207,3.37103612142942,8859,1.0,4.890625,7.0
features,net_profit,251,8000,8031,32,0.32149022817611694,4.229624782648917,8891,1.0,4.28125,6.0
features,net_profit,252,8032,8063,32,-0.882655918598175,4.545462163814961,8923,1.0,4.6875,7.0
features,net_profit,253,8064,8095,32,-0.9512503147125244,0.4539406560415726,8955,1.0,4.9375,8.0
features,net_profit,254,8096,8127,32,-0.562685489654541,1.1778901399799222,8987,1.0,5.0625,8.0
features,net_profit,255,8128,8159,32,-0.0502169132232666,0.6204902366238236,9019,1.0,4.78125,6.0
features,net_profit,256,8160,8191,32,-1.330031156539917,4.958734686626643,9051,1.0,4.78125,6.0
features,net_profit,257,8192,8223,32,0.7339746952056885,3.9137042179091375,9083,1.0,4.671875,6.0
features,net_profit,258,8224,8255,32,-0.580176591873169,0.5521007316337012,9115,1.0,4.71875,7.0
features,net_profit,259,8256,8287,32,-0.07525601983070374,2.2407565982375024,9147,1.0,4.5,6.0
features,net_profit,260,8288,8319,32,-0.7844433784484863,1.2293814580413682,9179,1.0,4.6875,7.0
features,net_profit,261,8320,8351,32,-0.5077121257781982,1.908401888989809,9211,1.0,4.40625,6.0
features,net_profit,262,8352,8383,32,0.6015266180038452,5.68149652264938,9243,1.0,3.984375,6.0
features,net_profit,263,8384,8415,32,-0.9796777367591858,2.611517118383908,9275,1.0,4.71875,7.0
features,net_profit,264,8416,8447,32,-0.03983020782470703,0.7152238577264676,9307,1.0,4.703125,6.0
features,net_profit,265,8448,8479,32,0.026234209537506104,4.436331114435929,9339,1.0,4.375,6.0
features,net_profit,266,8480,8511,32,-0.26651906967163086,0.3246491977392533,9371,1.0,4.640625,7.0
features,net_profit,267,8512,8543,32,0.6921013593673706,1.8110249142289045,9403,1.0,4.21875,6.0
features,net_profit,268,8544,8575,32,0.17102164030075073,0.9325901119934054,9435,1.0,4.40625,6.5
features,net_profit,269,8576,8607,32,-1.0251754522323608,2.0259795191833887,9468,1.03125,4.546875,6.0
features,net_profit,270,8608,8639,32,-0.6566324234008789,3.1034615363149007,9500,1.0,4.890625,6.0
features,net_profit,271,8640,8671,32,-1.0780378580093384,0.538110153073195,9532,1.0,4.921875,7.0
features,net_profit,272,8672,8703,32,0.9976075291633606,7.660769427272115,9564,1.0,4.46875,7.0
features,net_profit,273,8704,8735,32,0.18287916481494904,2.00858201190107,9596,1.0,4.75,6.5
features,net_profit,274,8736,8767,32,0.7998919486999512,2.8026494333655094,9628,1.0,4.6875,8.0
features,net_profit,275,8768,8799,32,-0.7233974933624268,4.1232687640345205,9660,1.0,4.546875,6.5
features,net_profit,276,8800,8831,32,1.0874786376953125,1.2519567621900807,9692,1.0,4.484375,7.0
features,net_profit,277,8832,8863,32,0.20255866646766663,1.6593854346414034,9724,1.0,4.21875,6.0
features,net_profit,278,8864,8895,32,0.0527530312538147,1.4084534536943973,9757,1.03125,4.71875,7.0
features,net_profit,279,8896,8927,32,-1.0546269416809082,2.3682860684514946,9789,1.0,4.59375,6.0
features,net_profit,280,8928,8959,32,-0.41247689723968506,7.098191697732165,9821,1.0,4.859375,8.0
features,net_profit,281,8960,8991,32,0.15836450457572937,0.7360236168022187,9853,1.0,5.09375,7.0
features,net_profit,282,8992,9023,32,0.2769387364387512,2.1079323865806883,9885,1.0,4.5625,7.0
features,net_profit,283,9024,9055,32,-0.6696529984474182,1.5763532233460258,9917,1.0,4.78125,6.5
features,net_profit,284,9056,9087,32,-2.370736598968506,2.6450956082094557,9950,1.03125,4.90625,6.0
features,net_profit,285,9088,9119,32,-0.7231223583221436,3.927779852951129,9982,1.0,4.40625,6.0
features,net_profit,286,9120,9151,32,-0.7522670030593872,3.343010285292397,10014,1.0,4.703125,7.0
features,net_profit,287,9152,9183,32,0.3668115735054016,1.1811544078896856,10046,1.0,4.28125,7.0
features,net_profit,288,9184,9215,32,0.0205991268157959,1.7558422147748767,10078,1.0,4.859375,7.0
features,net_profit,289,9216,9247,32,0.9517720341682434,1.5370316498298118,10111,1.03125,4.765625,7.0
features,net_profit,290,9248,9279,32,-0.306663453578949,3.2937905207227987,10143,1.0,4.984375,14.0
features,net_profit,291,9280,9311,32,-1.5401800870895386,1.294604464026933,10175,1.0,4.6875,6.0
features,net_profit,292,9312,9343,32,0.10907259583473206,0.694108219135772,10207,1.0,4.28125,8.0
features,net_profit,293,9344,9375,32,-0.17120355367660522,6.189282818124844,10240,1.03125,4.859375,6.5
features,net_profit,294,9376,9407,32,-0.24655985832214355,0.4035061321118293,10272,1.0,4.921875,7.0
features,net_profit,295,9408,9439,32,-0.03516359627246857,1.916615128120721,10304,1.0,4.34375,6.0
features,net_profit,296,9440,9471,32,0.04301142692565918,0.678578808418273,10336,1.0,4.765625,8.0
features,net_profit,297,9472,9503,32,1.1887283325195312,4.301644312120232,10368,1.0,4.5625,7.0
features,net_profit,298,9504,9535,32,-0.6347591876983643,3.6469801143895855,10400,1.0,4.4375,6.0
features,net_profit,299,9536,9567,32,-1.0690982341766357,2.0459003520163535,10432,1.0,4.890625,8.0
features,net_profit,300,9568,9599,32,0.7954015731811523,4.8497518907484976,10464,1.0,4.65625,8.0
features,net_profit,301,9600,9631,32,-1.3246150016784668,2.016950536702906,10498,1.0625,4.34375,6.0
features,net_profit,302,9632,9663,32,-1.0698864459991455,1.2690867260107352,10531,1.03125,4.78125,8.0
features,net_profit,303,9664,9695,32,0.3020852208137512,1.3672641527880365,10563,1.0,4.625,7.0
features,net_profit,304,9696,9727,32,-0.7205033302307129,4.465855236391978,10595,1.0,4.75,8.0
features,net_profit,305,9728,9759,32,-0.3325341045856476,1.3604258185589113,10627,1.0,4.671875,6.5
features,net_profit,306,9760,9791,32,-1.00592041015625,1.7031646191259828,10659,1.0,4.890625,7.0
features,net_profit,307,9792,9823,32,-0.5774142146110535,4.591504853427879,10691,1.0,4.421875,7.0
features,net_profit,308,9824,9855,32,0.5368609428405762,5.419291553697496,10723,1.0,4.375,7.0
features,net_profit,309,9856,9887,32,0.49651408195495605,1.2147707272993318,10755,1.0,4.765625,7.0
features,net_profit,310,9888,9919,32,-0.04313215613365173,3.0660967692197585,10788,1.03125,4.453125,6.0
features,net_profit,311,9920,9951,32,-0.8625367283821106,1.7939433163221299,10820,1.0,4.84375,8.0
features,net_profit,312,9952,9983,32,0.6657281517982483,4.377984617459326,10852,1.0,4.375,6.5
features,net_profit,313,9984,10015,32,-0.9139540791511536,3.1738398586000995,10884,1.0,4.046875,6.0
features,net_profit,314,10016,10047,32,-0.05219337344169617,0.5908311874573577,10916,1.0,4.984375,7.0
features,net_profit,315,10048,10079,32,-0.20981143414974213,3.2085369436773745,10948,1.0,4.34375,8.0
features,net_profit,316,10080,10111,32,-0.12562239170074463,1.4873211664865593,10980,1.0,4.671875,8.0
features,net_profit,317,10112,10143,32,-1.2853962182998657,3.735676917320126,11012,1.0,4.4375,6.0
features,net_profit,318,10144,10175,32,-0.5925515294075012,4.018593599763402,11044,1.0,4.59375,6.0
features,net_profit,319,10176,10207,32,0.08067072927951813,0.8125713931872605,11077,1.03125,4.71875,8.0
features,net_profit,320,10208,10239,32,-0.22143305838108063,1.8416915762588124,11109,1.0,4.5,6.0
features,net_profit,321,10240,10271,32,-0.36812978982925415,1.7728525547228715,11141,1.0,4.828125,6.5
features,net_profit,322,10272,10303,32,-1.1461752653121948,5.5133422582093035,11173,1.0,4.703125,6.0
features,net_profit,323,10304,10335,32,-1.7632930278778076,0.7932273949509722,11205,1.0,4.8125,7.0
features,net_profit,324,10336,10367,32,0.23195892572402954,3.8985723187746992,11237,1.0,4.28125,7.0
features,net_profit,325,10368,10399,32,0.9678640961647034,2.5115251991994696,11269,1.0,4.359375,7.0
features,net_profit,326,10400,10431,32,-0.4098384380340576,3.7281407228626637,11301,1.0,4.625,7.0
features,net_profit,327,10432,10463,32,0.27435314655303955,3.4127642625930616,11333,1.0,4.734375,7.0
features,net_profit,328,10464,10495,32,-0.446418821811676,2.6782011106467256,11365,1.0,4.78125,6.0
features,net_profit,329,10496,10527,32,0.22977086901664734,1.5150939160983068,11397,1.0,4.21875,7.0
features,net_profit,330,10528,10559,32,0.020572572946548462,2.4877356529517325,11429,1.0,4.46875,6.0
features,net_profit,331,10560,10591,32,-1.784773826599121,4.567252915627281,11461,1.0,4.84375,7.0
features,net_profit,332,10592,10623,32,0.11506655812263489,0.7400831636729917,11494,1.03125,4.3125,7.0
features,net_profit,333,10624,10655,32,0.3134172260761261,4.03439688306606,11526,1.0,4.375,7.0
features,net_profit,334,10656,10687,32,-0.22978806495666504,1.8619595396456443,11558,1.0,4.5,6.0
features,net_profit,335,10688,10719,32,-0.4782833158969879,1.4401233171248615,11590,1.0,4.75,6.0
features,net_profit,336,10720,10751,32,1.3867169618606567,2.8087994501263025,11622,1.0,4.75,15.0
features,net_profit,337,10752,10783,32,-0.3129729628562927,6.62706467653706,11654,1.0,4.328125,6.0
features,net_profit,338,10784,10815,32,0.3649553656578064,1.0096462107392286,11687,1.03125,3.84375,6.0
features,net_profit,339,10816,10847,32,-0.5537497997283936,1.351122854040761,11721,1.0625,3.96875,6.0
features,net_profit,340,10848,10879,32,-0.42448097467422485,2.4402761727174713,11753,1.0,5.046875,8.0
features,net_profit,341,10880,10911,32,-0.0353023037314415,5.289057979319619,11785,1.0,4.6875,7.0
features,net_profit,342,10912,10943,32,-1.4541627168655396,2.0622579154203953,11817,1.0,4.625,6.0
features,net_profit,343,10944,10975,32,-0.5225906372070312,0.42328085654432357,11849,1.0,4.46875,6.0
features,net_profit,344,10976,11007,32,-0.7200682163238525,2.170849264085353,11881,1.0,4.453125,6.5
features,net_profit,345,11008,11039,32,-1.4511276483535767,6.697707510977679,11913,1.0,5.03125,7.0
features,net_profit,346,11040,11071,32,-0.6629921793937683,0.5078432368523067,11945,1.0,4.65625,6.5
features,net_profit,347,11072,11103,32,-0.4200017750263214,2.2058563114268277,11977,1.0,4.78125,7.0
features,net_profit,348,11104,11135,32,0.4819685220718384,1.2102094601553794,12009,1.0,4.0,7.0
features,net_profit,349,11136,11167,32,0.606059730052948,4.017433800814929,12041,1.0,5.0625,15.0
features,net_profit,350,11168,11199,32,-0.1628262996673584,3.034581883211444,12073,1.0,4.3125,6.0
features,net_profit,351,11200,11231,32,-0.24305182695388794,2.8975099027958655,12105,1.0,4.09375,6.0
features,net_profit,352,11232,11263,32,0.20133548974990845,1.5466326500459087,12137,1.0,4.65625,8.0
features,net_profit,353,11264,11295,32,-0.4618481993675232,1.687677495712731,12169,1.0,4.796875,6.5
features,net_profit,354,11296,11327,32,0.1352425515651703,2.283415326806334,12203,1.0625,4.28125,6.0
features,net_profit,355,11328,11359,32,-1.3893826007843018,1.7677866914910498,12236,1.03125,4.15625,6.0
features,net_profit,356,11360,11391,32,0.46510374546051025,4.419843590666193,12268,1.0,4.4375,8.0
features,net_profit,357,11392,11423,32,-2.57534122467041,0.9605569323915272,12301,1.03125,4.96875,6.0
features,net_profit,358,11424,11455,32,0.6795405745506287,2.068546246853023,12334,1.03125,4.5,7.0
features,net_profit,359,11456,11487,32,-1.6740458011627197,2.1276799544073746,12366,1.0,4.71875,6.0
features,net_profit,360,11488,11519,32,0.11807747185230255,1.4742071501841396,12398,1.0,4.25,8.0
features,net_profit,361,11520,11551,32,-1.3046128749847412,0.5261298195711052,12430,1.0,5.015625,7.0
features,net_profit,362,11552,11583,32,-0.19192840158939362,1.6285224569089753,12462,1.0,4.390625,6.5
features,net_profit,363,11584,11615,32,-1.0047361850738525,5.130982461054942,12494,1.0,5.046875,8.0
features,net_profit,364,11616,11647,32,-1.8819704055786133,3.1157469228785706,12526,1.0,4.859375,6.5
features,net_profit,365,11648,11679,32,0.014789700508117676,0.5213144811327224,12558,1.0,4.59375,7.0
features,net_profit,366,11680,11711,32,-1.1338454484939575,2.697858921200473,12591,1.03125,4.6875,8.0
features,net_profit,367,11712,11743,32,-0.197135329246521,4.154936042060524,12623,1.0,5.015625,7.0
features,net_profit,368,11744,11775,32,0.11505308002233505,0.35479575543137254,12655,1.0,4.0625,7.0
features,net_profit,369,11776,11807,32,-1.3220864534378052,5.304022742831266,12688,1.03125,4.671875,6.0
features,net_profit,370,11808,11839,32,0.19858524203300476,1.4315598114910404,12721,1.03125,4.59375,7.0
features,net_profit,371,11840,11871,32,-0.020087003707885742,2.0688339394497577,12753,1.0,4.65625,6.0
features,net_profit,372,11872,11903,32,-0.12623225152492523,1.4069099307452082,12785,1.0,4.328125,7.0
features,net_profit,373,11904,11935,32,-0.3518182337284088,3.713959344887688,12817,1.0,4.515625,8.0
features,net_profit,374,11936,11967,32,0.14635610580444336,1.3731981291122193,12849,1.0,5.03125,8.0
features,net_profit,375,11968,11999,32,0.2884066700935364,0.8739818558957664,12881,1.0,4.796875,6.0
features,net_profit,376,12000,12031,32,-0.19100962579250336,2.388021009481433,12913,1.0,4.34375,7.0
features,net_profit,377,12032,12063,32,0.05455848574638367,0.9877129265419317,12945,1.0,4.25,6.0
features,net_profit,378,12064,12095,32,0.3733057379722595,1.5701678092962392,12977,1.0,3.953125,7.0
features,net_profit,379,12096,12127,32,-0.5527886748313904,0.396687830638395,13009,1.0,4.4375,6.0
features,net_profit,380,12128,12159,32,0.8606206178665161,2.950939863061756,13042,1.03125,4.703125,7.0
features,net_profit,381,12160,12191,32,-0.4109817147254944,3.2038572518531208,13075,1.03125,4.65625,7.0
features,net_profit,382,12192,12223,32,-0.5229686498641968,2.885816357777269,13109,1.0625,4.671875,6.5
features,net_profit,383,12224,12255,32,0.0047677308320999146,1.0014822774579413,13142,1.03125,4.59375,6.0
features,net_profit,384,12256,12287,32,0.32070058584213257,1.2077837097169692,13174,1.0,4.328125,6.0
features,net_profit,385,12288,12319,32,-0.8615492582321167,2.118836210105322,13206,1.0,4.703125,7.0
features,net_profit,386,12320,12351,32,0.6260434985160828,1.0584137527451352,13239,1.03125,4.71875,7.0
features,net_profit,387,12352,12383,32,0.29701507091522217,2.7271214400013593,13272,1.03125,4.640625,6.5
features,net_profit,388,12384,12415,32,-1.0649689435958862,1.0659925282918885,13305,1.03125,4.703125,6.0
features,net_profit,389,12416,12447,32,0.4237917959690094,1.8394044783369468,13337,1.0,4.4375,8.0
features,net_profit,390,12448,12479,32,-0.5046851634979248,0.8651362093914485,13369,1.0,4.84375,6.0
features,net_profit,391,12480,12511,32,0.10371348261833191,2.526453998175584,13402,1.03125,4.6875,8.0
features,net_profit,392,12512,12543,32,-0.8055697083473206,1.8130144282271017,13434,1.0,4.90625,6.0
features,net_profit,393,12544,12575,32,-1.4618452787399292,1.7187834823335792,13466,1.0,5.125,8.0
features,net_profit,394,12576,12607,32,-0.6252894997596741,1.6927766391365129,13498,1.0,5.015625,7.0
features,net_profit,395,12608,12639,32,-0.9671074151992798,0.7824565462688114,13530,1.0,4.78125,7.0
features,net_profit,396,12640,12671,32,-0.8520036339759827,1.9780724308851327,13563,1.03125,4.1875,7.0
features,net_profit,397,12672,12703,32,-0.9760720729827881,1.7079214097027775,13596,1.03125,4.734375,7.0
features,net_profit,398,12704,12735,32,-0.4753669500350952,6.083733039400673,13628,1.0,4.890625,6.0
features,net_profit,399,12736,12767,32,-0.1493818163871765,0.8627879087252647,13660,1.0,4.234375,7.0
features,net_profit,400,12768,12799,32,0.6807072758674622,2.3012233295386375,13693,1.03125,4.46875,6.0
features,net_profit,401,12800,12831,32,0.038285404443740845,0.7408677637028195,13725,1.0,4.28125,7.0
features,net_profit,402,12832,12863,32,-0.48129531741142273,2.3304450752914314,13758,1.03125,4.0625,6.0
features,net_profit,403,12864,12895,32,-0.8755420446395874,3.0010475454482606,13790,1.0,4.78125,6.0
features,net_profit,404,12896,12927,32,-0.6452890634536743,1.6639482005393027,13822,1.0,4.546875,7.0
features,net_profit,405,12928,12959,32,-0.6641454100608826,1.1286876874907266,13854,1.0,4.59375,8.0
features,net_profit,406,12960,12991,32,-0.4330577850341797,2.769526213155144,13886,1.0,4.5625,6.0
features,net_profit,407,12992,13023,32,-0.6277478337287903,4.267945187073608,13918,1.0,4.59375,7.0
features,net_profit,408,13024,13055,32,-0.6717402935028076,0.8468400881689158,13950,1.0,4.09375,6.0
features,net_profit,409,13056,13087,32,-0.7820979952812195,0.5585679017061906,13982,1.0,4.46875,6.0
features,net_profit,410,13088,13119,32,0.13085220754146576,3.783558680218744,14014,1.0,4.515625,8.0
features,net_profit,411,13120,13151,32,0.049353986978530884,1.6279331990482702,14046,1.0,5.0625,15.0
features,net_profit,412,13152,13183,32,-0.9829819202423096,5.124497829890053,14078,1.0,5.15625,7.0
features,net_profit,413,13184,13215,32,-0.3046759366989136,0.3642961522712107,14110,1.0,4.890625,8.0
features,net_profit,414,13216,13247,32,-0.4959787130355835,4.249475737299412,14142,1.0,5.0625,6.0
features,net_profit,415,13248,13279,32,-0.8963810801506042,0.955674204765174,14175,1.03125,4.625,6.0
features,net_profit,416,13280,13311,32,0.9630587100982666,0.47878187564275243,14207,1.0,4.859375,14.0
features,net_profit,417,13312,13343,32,-1.8606362342834473,6.488478381655798,14240,1.03125,4.65625,6.0
features,net_profit,418,13344,13375,32,-0.9283966422080994,1.5973698333774116,14273,1.03125,4.46875,6.5
features,net_profit,419,13376,13407,32,-0.32912036776542664,1.6703753112033726,14305,1.0,4.671875,6.5
features,net_profit,420,13408,13439,32,0.31619367003440857,1.472829745830709,14338,1.03125,4.625,6.0
features,net_profit,421,13440,13471,32,-0.8062295913696289,3.7690014371666907,14370,1.0,4.953125,8.0
features,net_profit,422,13472,13503,32,0.7054378986358643,2.2302668217710337,14403,1.03125,4.5625,7.0
features,net_profit,423,13504,13535,32,-0.6165820360183716,1.682546810773555,14435,1.0,4.71875,6.5
features,net_profit,424,13536,13567,32,-0.990504801273346,4.816806192182545,14468,1.03125,4.5,7.0
features,net_profit,425,13568,13599,32,-0.08074504137039185,6.0913624374205035,14500,1.0,4.46875,6.0
features,net_profit,426,13600,13631,32,0.28937163949012756,0.41524642207774465,14532,1.0,4.453125,6.5
features,net_profit,427,13632,13663,32,0.05639082193374634,2.6499651459379985,14564,1.0,4.671875,7.0
features,net_profit,428,13664,13695,32,-1.0587660074234009,0.5660617662054463,14596,1.0,5.171875,14.0
features,net_profit,429,13696,13727,32,0.3803619146347046,4.939876844243383,14628,1.0,4.671875,8.0
features,net_profit,430,13728,13759,32,0.45767462253570557,1.6878041856725896,14660,1.0,4.75,8.0
features,net_profit,431,13760,13791,32,-0.2977222800254822,0.5181327496356243,14692,1.0,4.78125,7.0
features,net_profit,432,13792,13823,32,-0.4754888117313385,2.823897245732946,14724,1.0,4.4375,6.0
features,net_profit,433,13824,13855,32,0.6393486261367798,0.8156946078520186,14757,1.03125,4.203125,6.5
features,net_profit,434,13856,13887,32,-1.0369240045547485,1.785094891682195,14790,1.03125,4.890625,6.5
features,net_profit,435,13888,13919,32,-0.8102937340736389,5.314399223281929,14822,1.0,4.8125,6.0
features,net_profit,436,13920,13951,32,-3.226060152053833,8.052269413952525,14856,1.0625,5.03125,6.0
features,net_profit,437,13952,13983,32,0.33487486839294434,0.4011669025571413,14888,1.0,4.65625,6.0
features,net_profit,438,13984,14015,32,0.6933708190917969,0.7507753125783744,14920,1.0,4.765625,8.0
features,net_profit,439,14016,14047,32,0.2885719835758209,2.29971907065852,14954,1.0625,4.625,8.0
features,net_profit,440,14048,14079,32,0.43892356753349304,1.6274810648717704,14987,1.03125,4.953125,6.0
features,net_profit,441,14080,14111,32,-0.5643978118896484,4.287572128369227,15019,1.0,4.59375,6.0
features,net_profit,442,14112,14143,32,-0.24033060669898987,1.8626401088150333,15052,1.03125,4.984375,8.0
features,net_profit,443,14144,14175,32,-0.18840685486793518,3.7204295747236396,15085,1.03125,4.84375,7.0
features,net_profit,444,14176,14207,32,0.18862199783325195,1.839197033461285,15117,1.0,4.5625,8.0
features,net_profit,445,14208,14239,32,-0.7074636220932007,3.1975813361524903,15151,1.0625,4.84375,8.0
features,net_profit,446,14240,14271,32,-0.8735807538032532,1.1195006656676427,15183,1.0,4.890625,6.0
features,net_profit,447,14272,14303,32,1.1089396476745605,2.8444145148692095,15217,1.0625,4.203125,8.0
features,net_profit,448,14304,14335,32,-0.261094868183136,1.3658670699705213,15250,1.03125,4.5625,7.0
features,net_profit,449,14336,14367,32,-0.1589709371328354,2.504611231801835,15283,1.03125,4.75,7.0
features,net_profit,450,14368,14399,32,-0.01913340389728546,2.959811158168791,15319,1.125,4.6875,8.0
features,net_profit,451,14400,14431,32,-1.0974266529083252,0.6617606889745454,15351,1.0,5.078125,8.0
features,net_profit,452,14432,14463,32,-0.5340636968612671,2.978692441312553,15384,1.03125,4.6875,6.0
features,net_profit,453,14464,14495,32,-0.9264982342720032,1.9276441612124706,15418,1.0625,4.6875,7.0
features,net_profit,454,14496,14527,32,-0.4115478992462158,1.6060781297099493,15455,1.15625,4.671875,7.0
features,net_profit,455,14528,14559,32,-0.3555312752723694,2.720107604902745,15488,1.03125,4.84375,6.0
features,net_profit,456,14560,14591,32,-1.4622838497161865,0.5121152794820232,15521,1.03125,5.328125,7.0
features,net_profit,457,14592,14623,32,-1.7414461374282837,2.0440266422178643,15557,1.125,4.375,6.0
features,net_profit,458,14624,14655,32,0.4011211693286896,0.8810149497049098,15592,1.09375,4.53125,6.0
features,net_profit,459,14656,14687,32,-0.5079878568649292,0.8602317973686046,15626,1.0625,4.875,7.0
features,net_profit,460,14688,14719,32,-1.6897882223129272,1.1698334740376533,15660,1.0625,4.65625,6.0
features,net_profit,461,14720,14751,32,-1.0359551906585693,1.4143966467356344,15692,1.0,4.828125,7.0
features,net_profit,462,14752,14783,32,0.6170315146446228,1.1996250558590051,15725,1.03125,4.6875,7.0
features,net_profit,463,14784,14815,32,-1.2686352729797363,2.6870984837933407,15759,1.0625,4.65625,6.0
features,net_profit,464,14816,14847,32,-0.5672047734260559,1.360899158874631,15791,1.0,4.71875,8.0
features,net_profit,465,14848,14879,32,-0.3406980037689209,1.3987425224678482,15824,1.03125,4.90625,7.0
features,net_profit,466,14880,14911,32,-1.3204052448272705,1.9608285958214517,15859,1.09375,4.25,6.0
features,net_profit,467,14912,14943,32,-0.13542819023132324,1.9461056944521176,15896,1.15625,5.03125,8.0
features,net_profit,468,14944,14975,32,-0.5199304819107056,1.5414436804289084,15931,1.09375,5.078125,8.0
features,net_profit,469,14976,15007,32,0.13283291459083557,1.4430982381279043,15963,1.0,4.90625,8.0
features,net_profit,470,15008,15039,32,0.8060189485549927,3.0457996994688363,15999,1.125,4.578125,7.0
features,net_profit,471,15040,15071,32,-0.21807339787483215,2.1118936151831758,16032,1.03125,4.484375,6.0
features,net_profit,472,15072,15103,32,-0.9282411336898804,1.4535007783996328,16066,1.0625,4.578125,8.0
features,net_profit,473,15104,15135,32,-0.5721438527107239,1.037220287445747,16099,1.03125,4.28125,6.0
features,net_profit,474,15136,15167,32,0.6140713691711426,2.048121210601581,16135,1.125,4.75,7.0
features,net_profit,475,15168,15199,32,-0.5794389247894287,1.729947250000481,16170,1.09375,4.75,7.0
features,net_profit,476,15200,15231,32,-0.931499719619751,1.9712017146951244,16205,1.09375,4.5625,6.0
features,net_profit,477,15232,15263,32,-0.030151277780532837,1.9647674130740425,16239,1.0625,4.78125,8.0
features,net_profit,478,15264,15295,32,-0.5158231258392334,0.8450361160030393,16271,1.0,4.546875,7.0
features,net_profit,479,15296,15327,32,-1.2493414878845215,1.8947988160206422,16308,1.15625,4.4375,8.0
features,net_profit,480,15328,15359,32,0.15914024412631989,1.4481710571591941,16344,1.125,3.9375,8.0
features,net_profit,481,15360,15391,32,-0.6607375144958496,3.3688874006029352,16380,1.125,4.65625,8.0
features,net_profit,482,15392,15423,32,-1.0098134279251099,1.429543685333964,16415,1.09375,4.53125,7.0
features,net_profit,483,15424,15455,32,0.32875674962997437,1.29946138887421,16449,1.0625,4.484375,8.0
features,net_profit,484,15456,15487,32,-0.13744504749774933,0.7910799658426937,16482,1.03125,4.609375,6.0
features,net_profit,485,15488,15519,32,-1.1185851097106934,2.3180520763561336,16517,1.09375,4.453125,6.5
features,net_profit,486,15520,15551,32,0.06803488731384277,0.7992901081377382,16551,1.0625,4.796875,8.0
features,net_profit,487,15552,15583,32,-2.229729175567627,1.0097004160180805,16585,1.0625,4.984375,7.0
features,net_profit,488,15584,15615,32,-0.6029459238052368,1.2752637681283099,16620,1.09375,4.6875,8.0
features,net_profit,489,15616,15647,32,-1.0319124460220337,1.360329810737187,16653,1.03125,4.859375,7.0
features,net_profit,490,15648,15679,32,-1.4550154209136963,1.6814644668596523,16690,1.15625,4.53125,6.0
features,net_profit,491,15680,15711,32,-0.021728515625,1.0976032856413218,16724,1.0625,4.3125,6.0
features,net_profit,492,15712,15743,32,-0.12396520376205444,1.094172909939803,16758,1.0625,4.8125,8.0
features,net_profit,493,15744,15775,32,-1.4409011602401733,1.0691570999562792,16793,1.09375,4.53125,6.0
features,net_profit,494,15776,15807,32,-0.5089505910873413,0.6219343094380029,16825,1.0,4.75,8.0
features,net_profit,495,15808,15839,32,-0.33212971687316895,1.1988501584365288,16860,1.09375,4.703125,6.0
features,net_profit,496,15840,15871,32,-0.6574028730392456,1.0565190601579506,16895,1.09375,4.6875,7.0
features,net_profit,497,15872,15903,32,-0.11678314208984375,1.657050181461771,16933,1.1875,4.109375,6.5
features,net_profit,498,15904,15935,32,0.7722749710083008,1.3150098475429697,16968,1.09375,4.3125,6.0
features,net_profit,499,15936,15967,32,-0.6172881126403809,1.1568602911979973,17006,1.1875,4.3125,6.0
features,net_profit,500,15968,15999,32,0.966277003288269,1.02099553880474,17043,1.15625,4.296875,7.0
features,net_profit,501,16000,16031,32,-1.3449535369873047,1.8113509894180542,17080,1.15625,4.8125,8.0
features,net_profit,502,16032,16063,32,0.021787047386169434,0.6539512041220237,17114,1.0625,4.421875,8.0
features,net_profit,503,16064,16095,32,-1.3318473100662231,2.648110126381795,17151,1.15625,4.609375,6.0
features,net_profit,504,16096,16127,32,-1.479020357131958,1.4842298423606899,17186,1.09375,4.625,6.0
features,net_profit,505,16128,16159,32,-0.6734004020690918,1.28475658042166,17221,1.09375,5.078125,14.0
features,net_profit,506,16160,16191,32,-1.4438965320587158,0.9393801220774953,17258,1.15625,4.21875,6.0
features,net_profit,507,16192,16223,32,-0.4816192388534546,1.2213553959764494,17296,1.1875,4.671875,7.0
features,net_profit,508,16224,16255,32,-0.5884660482406616,2.6498099449185886,17331,1.09375,4.484375,6.0
features,net_profit,509,16256,16287,32,-1.3219670057296753,1.1982879337895094,17369,1.1875,4.609375,7.0
features,net_profit,510,16288,16319,32,-1.2897807359695435,0.9949860162837412,17405,1.125,4.40625,8.0
features,net_profit,511,16320,16351,32,0.5281697511672974,1.7344088435724385,17440,1.09375,4.5,6.0
features,net_profit,512,16352,16383,32,0.7293838858604431,1.0844553057670043,17478,1.1875,4.515625,7.0
features,net_profit,513,16384,16415,32,-0.746265709400177,0.9325568719425719,17513,1.09375,4.5,8.0
features,net_profit,514,16416,16447,32,0.14850938320159912,1.2116656674111397,17552,1.21875,3.984375,6.0
features,net_profit,515,16448,16479,32,-1.7503025531768799,2.8954485625632747,17590,1.1875,4.625,7.0
features,net_profit,516,16480,16511,32,1.0969394445419312,1.122009444553828,17625,1.09375,3.875,6.0
features,net_profit,517,16512,16543,32,-0.9018300771713257,2.0026899338754536,17661,1.125,3.96875,6.0
features,net_profit,518,16544,16575,32,-0.8586117029190063,1.3286556821653066,17695,1.0625,4.765625,7.0
features,net_profit,519,16576,16607,32,-0.02607688680291176,2.3081129688292212,17735,1.25,4.359375,6.0
features,net_profit,520,16608,16639,32,-1.3634599447250366,1.1990202811190227,17770,1.09375,4.546875,6.0
features,net_profit,521,16640,16671,32,-1.0438505411148071,1.1810504318341952,17806,1.125,4.59375,7.0
features,net_profit,522,16672,16703,32,0.4963233172893524,1.7940423624911137,17845,1.21875,4.015625,7.0
features,net_profit,523,16704,16735,32,1.522583246231079,3.8053100989937234,17882,1.15625,4.765625,13.0
features,net_profit,524,16736,16767,32,-0.6970399618148804,1.479189058084801,17921,1.21875,4.421875,7.0
features,net_profit,525,16768,16799,32,-0.3864307701587677,1.7632371645501836,17961,1.25,3.8125,6.0
features,net_profit,526,16800,16831,32,-0.6188510656356812,1.2922433417981252,18000,1.21875,3.890625,5.5
features,net_profit,527,16832,16863,32,0.3641684055328369,4.219090000980255,18034,1.0625,4.3125,6.0
features,net_profit,528,16864,16895,32,0.9664509296417236,2.4518030956104337,18069,1.09375,4.328125,7.0
features,net_profit,529,16896,16927,32,0.9016280770301819,1.1454225812814682,18106,1.15625,4.265625,14.0
features,net_profit,530,16928,16959,32,-0.5819495916366577,1.2811632846824499,18144,1.1875,4.1875,7.0
features,net_profit,531,16960,16991,32,0.02284376323223114,1.112040798197679,18181,1.15625,4.3125,6.0
features,net_profit,532,16992,17023,32,-0.023184090852737427,2.203963564121225,18224,1.34375,3.96875,7.0
features,net_profit,533,17024,17055,32,0.29447880387306213,1.8207117185402832,18266,1.3125,4.15625,6.0
features,net_profit,534,17056,17087,32,-2.0079264640808105,2.8654857139593872,18308,1.3125,4.125,6.0
features,net_profit,535,17088,17119,32,-1.1058286428451538,1.7411228282692375,18346,1.1875,4.0625,6.0
features,net_profit,536,17120,17151,32,-0.9378063082695007,1.6150229290421092,18382,1.125,4.375,6.0
features,net_profit,537,17152,17183,32,-0.06181856989860535,1.120055441145058,18423,1.28125,3.875,6.0
features,net_profit,538,17184,17215,32,-2.2278196811676025,1.2353733244066238,18459,1.125,4.6875,7.0
features,net_profit,539,17216,17247,32,-0.39988887310028076,1.8543603467764425,18504,1.40625,3.96875,6.0
features,net_profit,540,17248,17279,32,-1.8796132802963257,2.1295041793789493,18546,1.3125,4.296875,6.0
features,net_profit,541,17280,17311,32,-1.0721982717514038,2.034612258171528,18587,1.28125,4.359375,6.0
features,net_profit,542,17312,17343,32,-1.518739938735962,1.6032608837465911,18638,1.59375,4.0,8.0
features,net_profit,543,17344,17375,32,-0.4839363396167755,1.302057860634777,18679,1.28125,4.421875,8.0
features,net_profit,544,17376,17407,32,5.361749649047852,5.372006113423057,18721,1.3125,5.515625,55.0
features,net_profit,545,17408,17439,32,-0.025777451694011688,1.7120654145981375,18769,1.5,3.96875,6.0
features,net_profit,546,17440,17471,32,-1.3443959951400757,1.4272307673353897,18817,1.5,4.09375,6.0
features,net_profit,547,17472,17503,32,-0.6805086135864258,1.1486106542149157,18860,1.34375,4.328125,7.0
features,net_profit,548,17504,17535,32,-1.2004563808441162,1.303598952851921,18902,1.3125,3.84375,6.0
features,net_profit,549,17536,17567,32,0.15976795554161072,1.5882335006744215,18946,1.375,3.96875,7.0
features,net_profit,550,17568,17599,32,-0.919748067855835,1.4916331434170207,18991,1.40625,4.09375,7.0
features,net_profit,551,17600,17631,32,-1.6326454877853394,1.1143695990275664,19037,1.4375,4.1875,6.0
features,net_profit,552,17632,17663,32,0.11242304742336273,1.8690533339269044,19084,1.46875,3.921875,7.0
features,net_profit,553,17664,17695,32,-0.7638698220252991,2.1980147840597177,19129,1.40625,4.421875,13.0
features,net_profit,554,17696,17727,32,-0.1258602738380432,1.2604037342851928,19177,1.5,3.96875,8.0
features,net_profit,555,17728,17759,32,-1.1920890808105469,1.569666420639733,19225,1.5,4.015625,6.0
features,net_profit,556,17760,17791,32,-1.0272067785263062,1.0405431244465724,19270,1.40625,4.015625,6.0
features,net_profit,557,17792,17823,32,0.35049110651016235,1.4669497579408222,19318,1.5,3.8125,6.0
features,net_profit,558,17824,17855,32,-1.2692536115646362,1.9873637765089966,19362,1.375,4.28125,8.0
features,net_profit,559,17856,17887,32,0.1956833451986313,1.4187010822411044,19406,1.375,4.0625,6.0
features,net_profit,560,17888,17919,32,0.04315084218978882,1.4550669516684471,19455,1.53125,3.703125,6.0
features,net_profit,561,17920,17951,32,-1.6960386037826538,2.21019139161961,19500,1.40625,4.53125,7.0
features,net_profit,562,17952,17983,32,0.21208536624908447,1.3883807122716287,19550,1.5625,4.09375,6.0
features,net_profit,563,17984,18015,32,-2.1041269302368164,1.4280932536112894,19598,1.5,3.84375,6.0
features,net_profit,564,18016,18047,32,-0.3526347279548645,1.863198266770261,19646,1.5,3.9375,6.0
features,net_profit,565,18048,18079,32,-1.336452603340149,1.8972157621261736,19699,1.65625,3.96875,6.0
features,net_profit,566,18080,18111,32,-0.9366024732589722,1.9691802327351529,19744,1.40625,4.03125,6.0
features,net_profit,567,18112,18143,32,-0.5438846945762634,0.9623482128619634,19797,1.65625,3.625,6.0
features,net_profit,568,18144,18175,32,0.37848109006881714,3.1658651576095225,19838,1.28125,4.375,15.0
features,net_profit,569,18176,18207,32,-0.022634387016296387,1.2180043048242097,19885,1.46875,4.0,5.0
features,net_profit,570,18208,18239,32,-0.9794778823852539,1.530226125467319,19930,1.40625,4.21875,7.0
features,net_profit,571,18240,18271,32,-0.1839998960494995,1.052403966334125,19972,1.3125,3.984375,6.0
features,net_profit,572,18272,18303,32,-1.9889620542526245,1.4352896717850194,20018,1.4375,4.171875,7.0
features,net_profit,573,18304,18335,32,-1.3392599821090698,2.4818789333449898,20067,1.53125,4.265625,6.0
features,net_profit,574,18336,18367,32,-1.7742533683776855,2.832501323519552,20113,1.4375,4.34375,7.0
features,net_profit,575,18368,18399,32,-1.306132435798645,2.832183286330433,20154,1.28125,4.34375,6.0
features,net_profit,576,18400,18431,32,-1.3367433547973633,1.4351980921208116,20198,1.375,4.125,6.0
features,net_profit,577,18432,18463,32,-0.29738056659698486,1.438769782560788,20243,1.40625,4.125,6.0
features,net_profit,578,18464,18495,32,0.034762561321258545,5.098249972581729,20287,1.375,5.984375,53.0
features,net_profit,579,18496,18527,32,-0.3247224986553192,1.623692631692706,20331,1.375,3.875,6.0
features,net_profit,580,18528,18559,32,-0.8990808129310608,2.16879075553978,20374,1.34375,4.46875,6.5
features,net_profit,581,18560,18591,32,-1.5609090328216553,1.7857785019580836,20418,1.375,4.09375,6.0
features,net_profit,582,18592,18623,32,0.09001481533050537,1.5351920183191237,20466,1.5,3.5625,6.0
features,net_profit,583,18624,18655,32,0.14438802003860474,2.2348785735629284,20510,1.375,4.15625,6.5
features,net_profit,584,18656,18687,32,-0.5472341775894165,1.495307065367414,20562,1.625,3.984375,6.0
features,net_profit,585,18688,18719,32,-1.0308829545974731,1.4173016544389205,20614,1.625,3.796875,6.0
features,net_profit,586,18720,18751,32,0.6076981425285339,2.3886811554083067,20662,1.5,3.875,5.5
features,net_profit,587,18752,18783,32,-0.0675971508026123,1.62792920124147,20715,1.65625,3.90625,6.0
features,net_profit,588,18784,18815,32,-1.6178511381149292,1.8738259127679218,20765,1.5625,3.90625,6.0
features,net_profit,589,18816,18847,32,0.6824341416358948,2.8039879052156342,20819,1.6875,3.890625,6.0
features,net_profit,590,18848,18879,32,0.17147433757781982,2.4140451656542763,20867,1.5,3.9375,6.0
features,net_profit,591,18880,18911,32,0.4746209979057312,3.4077696413617105,20922,1.71875,3.5625,8.0
features,net_profit,592,18912,18943,32,-2.0174858570098877,3.7334317130992236,20971,1.53125,4.15625,6.0
features,net_profit,593,18944,18975,32,-0.16644436120986938,1.8417658823566132,21022,1.59375,4.0,8.0
features,net_profit,594,18976,19007,32,-1.6010229587554932,1.6662127381113723,21075,1.65625,3.9375,7.0
features,net_profit,595,19008,19039,32,-2.5186197757720947,1.8547875066284885,21129,1.6875,3.984375,6.5
features,net_profit,596,19040,19071,32,-0.27360033988952637,2.494901176571057,21181,1.625,4.1875,15.0
features,net_profit,597,19072,19103,32,0.24114038050174713,1.822757267366045,21238,1.78125,3.890625,8.0
features,net_profit,598,19104,19135,32,-1.2204041481018066,1.3424465982026463,21285,1.46875,3.796875,6.5
features,net_profit,599,19136,19167,32,-0.15035200119018555,1.3349414537551703,21338,1.65625,3.921875,6.0
features,net_profit,600,19168,19199,32,-1.8714220523834229,1.3589265712594274,21392,1.6875,3.765625,6.0
features,net_profit,601,19200,19231,32,-1.4370293617248535,1.3439188347263766,21447,1.71875,3.390625,6.0
features,net_profit,602,19232,19263,32,-1.2296531200408936,1.5969563640857352,21494,1.46875,3.859375,8.0
features,net_profit,603,19264,19295,32,-0.25830739736557007,1.8377032275745164,21550,1.75,3.84375,6.0
features,net_profit,604,19296,19327,32,-3.805691719055176,2.1577307521823266,21598,1.5,3.9375,6.0
features,net_profit,605,19328,19359,32,-0.021483220160007477,3.4082083256186557,21651,1.65625,3.59375,7.0
features,net_profit,606,19360,19391,32,-4.153220176696777,4.324816328198637,21703,1.625,4.375,6.0
features,net_profit,607,19392,19423,32,-1.3520381450653076,1.884641140418413,21759,1.75,3.765625,6.0
features,net_profit,608,19424,19455,32,-1.4007292985916138,2.2775986289713326,21819,1.875,3.6875,7.0
features,net_profit,609,19456,19487,32,-2.102823257446289,1.7546431413508543,21883,2.0,3.53125,6.5
features,net_profit,610,19488,19519,32,-1.4716615676879883,1.6526040538831475,21936,1.65625,3.90625,7.0
features,net_profit,611,19520,19551,32,-0.6297135353088379,1.9950846034736216,21992,1.75,3.390625,6.0
features,net_profit,612,19552,19583,32,-1.9609432220458984,3.4228935694221074,22046,1.6875,3.71875,6.0
features,net_profit,613,19584,19615,32,0.27698642015457153,3.0928414037576455,22103,1.78125,3.53125,5.0
features,net_profit,614,19616,19647,32,-0.1657642126083374,2.3354234470369493,22148,1.40625,4.0625,8.0
features,net_profit,615,19648,19679,32,0.3955519199371338,1.726610791409973,22205,1.78125,3.765625,6.0
features,net_profit,616,19680,19711,32,-1.004683256149292,2.4968162697687526,22258,1.65625,3.921875,6.0
features,net_profit,617,19712,19743,32,0.2243746519088745,1.59827184203635,22307,1.53125,3.953125,6.0
features,net_profit,618,19744,19775,32,-1.2002277374267578,3.2081869045410896,22362,1.71875,3.65625,6.0
features,net_profit,619,19776,19807,32,-1.2928797006607056,3.9108366371410823,22417,1.71875,3.890625,6.0
features,net_profit,620,19808,19839,32,-1.618196725845337,1.1859846960087483,22472,1.71875,3.5625,5.0
features,net_profit,621,19840,19871,32,-0.2963365316390991,2.8567416666499104,22530,1.8125,3.859375,6.0
features,net_profit,622,19872,19903,32,-1.2235960960388184,2.7652624415813576,22583,1.65625,3.859375,7.0
features,net_profit,623,19904,19935,32,-0.1686106026172638,2.3122839539442177,22637,1.6875,3.78125,6.0
features,net_profit,624,19936,19967,32,0.07015630602836609,1.4166743643015447,22688,1.59375,3.765625,6.0
features,net_profit,625,19968,19999,32,-0.8011027574539185,2.6440114640843526,22741,1.65625,3.5,7.0
features,net_profit,626,20000,20031,32,-0.8198467493057251,1.7360296118471705,22794,1.65625,3.84375,7.0
features,net_profit,627,20032,20063,32,-0.27935025095939636,2.2508994849114385,22844,1.5625,3.9375,7.0
features,net_profit,628,20064,20095,32,-0.39031368494033813,2.474004552553356,22896,1.625,4.140625,7.0
features,net_profit,629,20096,20127,32,0.4408116042613983,2.407726740528901,22941,1.40625,3.46875,6.0
features,net_profit,630,20128,20159,32,-0.4876285195350647,2.6710173042853547,22993,1.625,3.71875,5.5
features,net_profit,631,20160,20191,32,1.6419988870620728,2.067845509157342,23038,1.40625,3.484375,6.0
features,net_profit,632,20192,20223,32,0.5317122936248779,1.4465326310983952,23087,1.53125,3.96875,7.0
features,net_profit,633,20224,20255,32,-0.68550044298172,1.7797607133071631,23135,1.5,3.875,6.0
features,net_profit,634,20256,20287,32,-1.2039235830307007,2.425482398768264,23183,1.5,3.09375,6.0
features,net_profit,635,20288,20319,32,-0.8170312643051147,5.081407032932147,23227,1.375,4.0,7.0
features,net_profit,636,20320,20351,32,-0.505817174911499,2.0224515319711656,23271,1.375,3.890625,6.0
features,net_profit,637,20352,20383,32,0.24551868438720703,3.3955408019661704,23316,1.40625,4.15625,7.0
features,net_profit,638,20384,20415,32,-1.0671844482421875,3.1770434838613255,23359,1.34375,4.1875,7.0
features,net_profit,639,20416,20447,32,-0.645261287689209,2.6880545642739926,23400,1.28125,3.765625,6.5
features,net_profit,640,20448,20479,32,0.21411049365997314,4.361387939241717,23442,1.3125,4.078125,7.0
features,net_profit,641,20480,20511,32,-1.7787967920303345,2.505907043178406,23480,1.1875,4.21875,7.0
features,net_profit,642,20512,20543,32,-0.5355472564697266,1.4073653604236163,23516,1.125,4.453125,7.0
features,net_profit,643,20544,20575,32,-0.7959119081497192,3.389715734472457,23558,1.3125,4.125,7.0
features,net_profit,644,20576,20607,32,-0.8320671319961548,4.869933557173738,23597,1.21875,4.71875,14.0
features,net_profit,645,20608,20639,32,-0.32429856061935425,1.6771398774415125,23638,1.28125,4.203125,7.0
features,net_profit,646,20640,20671,32,0.014688432216644287,1.6156356116261548,23672,1.0625,4.4375,6.0
features,net_profit,647,20672,20703,32,-0.0012914501130580902,0.7210119047800675,23706,1.0625,4.125,7.0
features,net_profit,648,20704,20735,32,0.69587641954422,3.4917075753510414,23741,1.09375,4.046875,7.0
features,net_profit,649,20736,20767,32,-0.03245048597455025,1.4141051968637468,23775,1.0625,4.4375,5.0
features,net_profit,650,20768,20799,32,-0.8488218784332275,1.648342425790526,23809,1.0625,4.75,7.0
features,net_profit,651,20800,20831,32,-0.031545430421829224,1.5358327846728925,23842,1.03125,4.25,5.0
features,net_profit,652,20832,20863,32,-0.9521049857139587,2.4025926408095737,23874,1.0,4.0,6.0
features,net_profit,653,20864,20895,32,-1.0,3.309398689700401,23908,1.0625,4.0625,7.0
features,net_profit,654,20896,20927,32,-0.8477697968482971,1.9023986974073677,23942,1.0625,4.46875,7.0
features,net_profit,655,20928,20959,32,0.003488222137093544,0.16474652347692806,23974,1.0,4.3125,5.5
features,net_profit,656,20960,20991,32,-0.5880639553070068,1.1016136943476464,24007,1.03125,4.171875,5.5
features,net_profit,657,20992,21023,32,-0.9160951375961304,1.9642553664226612,24039,1.0,4.40625,6.0
features,net_profit,658,21024,21055,32,-0.04256990924477577,0.40661291336565697,24071,1.0,4.359375,5.5
features,net_profit,659,21056,21087,32,0.0042275600135326385,0.09421837688307885,24103,1.0,4.28125,7.0
features,net_profit,660,21088,21119,32,-0.018573015928268433,0.17851615351482886,24135,1.0,4.359375,7.0
features,net_profit,661,21120,21151,32,-0.009165111929178238,0.1085633535403424,24167,1.0,4.25,7.0
features,net_profit,662,21152,21183,32,-0.010103188455104828,0.11467047285301547,24199,1.0,4.0625,5.0
features,net_profit,663,21184,21215,32,-0.4197853207588196,1.2572031610096417,24232,1.03125,4.03125,5.0
features,net_profit,664,21216,21247,32,-0.8333141207695007,1.8393437808528348,24264,1.0,4.40625,7.0
features,net_profit,665,21248,21279,32,-0.7645498514175415,1.932011980158591,24297,1.03125,4.59375,7.0
features,net_profit,666,21280,21311,32,0.6716792583465576,1.6566512198415384,24329,1.0,4.25,7.0
features,net_profit,667,21312,21343,32,-0.00259573757648468,0.03549401515655997,24361,1.0,4.34375,5.5
features,net_profit,668,21344,21375,32,0.002000320702791214,0.030672895829818855,24393,1.0,4.28125,5.5
features,net_profit,669,21376,21407,32,-0.004550844430923462,0.05272276604024968,24425,1.0,4.0625,5.5
features,net_profit,670,21408,21439,32,-0.00019445642828941345,0.020251145114292896,24457,1.0,4.15625,7.0
features,net_profit,671,21440,21471,32,0.0007816404104232788,0.02016942872376084,24489,1.0,4.109375,7.0
features,net_profit,672,21472,21503,32,-0.004974238574504852,0.058389590259025674,24521,1.0,4.515625,5.5
features,net_profit,673,21504,21535,32,0.001969996839761734,0.024719489453829246,24553,1.0,4.234375,7.0
features,net_profit,674,21536,21567,32,-0.7755944728851318,1.8125392123001376,24586,1.03125,3.96875,5.0
features,net_profit,675,21568,21599,32,0.8905731439590454,2.4110094635696684,24618,1.0,4.40625,7.0
features,net_profit,676,21600,21631,32,-0.002488657832145691,0.03289722660261536,24650,1.0,4.640625,5.5
features,net_profit,677,21632,21663,32,-0.007534056901931763,0.09615480139932166,24682,1.0,4.71875,5.0
features,net_profit,678,21664,21695,32,-0.0035508498549461365,0.045867713198057235,24714,1.0,4.375,7.0
features,net_profit,679,21696,21727,32,-0.0017688125371932983,0.024693858113773812,24746,1.0,4.578125,5.5
features,net_profit,680,21728,21759,32,5.091726779937744e-05,0.014976073296790621,24778,1.0,4.5,7.0
features,net_profit,681,21760,21791,32,0.01848549023270607,0.21389209421869318,24810,1.0,5.953125,54.0
features,net_profit,682,21792,21823,32,-0.0032345205545425415,0.03901709058121296,24842,1.0,4.515625,7.0
features,net_profit,683,21824,21855,32,-0.0027300864458084106,0.03913820175628317,24874,1.0,4.21875,7.0
features,net_profit,684,21856,21887,32,0.6767125129699707,1.5681692313873437,24907,1.03125,4.21875,7.0
features,net_profit,685,21888,21919,32,-0.004889398813247681,0.06327829801253693,24939,1.0,4.34375,7.0
features,net_profit,686,21920,21951,32,-0.00396525114774704,0.05440243209392375,24971,1.0,4.53125,7.0
features,net_profit,687,21952,21983,32,-0.0021828487515449524,0.03161550482905899,25003,1.0,4.21875,7.0
features,net_profit,688,21984,22015,32,-0.005076661705970764,0.06218931660427973,25035,1.0,4.40625,7.0
features,net_profit,689,22016,22047,32,-0.00200798362493515,0.03042400266050984,25067,1.0,4.40625,5.0
features,net_profit,690,22048,22079,32,-0.00378379225730896,0.047689937106251565,25099,1.0,4.15625,5.0
features,net_profit,691,22080,22111,32,-0.008914344012737274,0.10666134710753762,25131,1.0,4.296875,5.5
features,net_profit,692,22112,22143,32,-0.00401034951210022,0.04761337581462487,25163,1.0,3.96875,5.0
features,net_profit,693,22144,22175,32,-0.951727032661438,2.696590126128352,25195,1.0,4.203125,6.0
features,net_profit,694,22176,22207,32,0.0014127343893051147,0.022789236690848723,25227,1.0,4.21875,7.0
features,net_profit,695,22208,22239,32,-0.0004739053547382355,0.02266948873735371,25259,1.0,4.671875,7.0
features,net_profit,696,22240,22271,32,0.00036576390266418457,0.014644505296991626,25291,1.0,4.234375,7.0
features,net_profit,697,22272,22303,32,-0.0024323761463165283,0.03651787908902623,25323,1.0,4.0625,5.0
features,net_profit,698,22304,22335,32,-0.0007667690515518188,0.014331121806758136,25355,1.0,3.828125,5.0
features,net_profit,699,22336,22367,32,0.0010936781764030457,0.01673324806985967,25387,1.0,4.640625,5.5
features,net_profit,700,22368,22399,32,-0.0015574172139167786,0.02094527419324441,25419,1.0,4.28125,5.0
features,net_profit,701,22400,22431,32,0.0017474852502346039,0.021953556933114692,25451,1.0,4.328125,7.0
features,net_profit,702,22432,22463,32,-0.005588456988334656,0.0687052961974895,25483,1.0,4.5625,5.0
features,net_profit,703,22464,22495,32,0.0007695965468883514,0.012824478235629273,25515,1.0,4.28125,5.5
features,net_profit,704,22496,22527,32,0.0007467120885848999,0.013088196165529507,25547,1.0,4.40625,7.0
features,net_profit,705,22528,22559,32,-0.0002829916775226593,0.014245484975425828,25579,1.0,4.8125,14.0
features,net_profit,706,22560,22591,32,-0.00137348473072052,0.02256680577249157,25611,1.0,4.109375,7.0
features,net_profit,707,22592,22623,32,-0.0010846033692359924,0.0176212704797749,25643,1.0,4.3125,5.0
features,net_profit,708,22624,22655,32,-0.0015864521265029907,0.01939296614773685,25675,1.0,4.5625,7.0
features,net_profit,709,22656,22687,32,-0.003100421279668808,0.04126440194078875,25707,1.0,4.265625,5.5
features,net_profit,710,22688,22719,32,-0.0004211738705635071,0.007670669265943319,25739,1.0,4.09375,7.0
features,net_profit,711,22720,22751,32,-0.0015451647341251373,0.02230715646921352,25771,1.0,4.203125,5.0
features,net_profit,712,22752,22783,32,-0.0014143213629722595,0.018437309508571583,25803,1.0,4.15625,7.0
features,net_profit,713,22784,22815,32,-0.002588067203760147,0.03628388597620631,25835,1.0,4.421875,7.0
features,net_profit,714,22816,22847,32,-0.003158770501613617,0.03794192586865445,25867,1.0,3.90625,7.0
features,net_profit,715,22848,22879,32,0.0032239779829978943,0.03737549230680356,25899,1.0,4.390625,5.5
features,net_profit,716,22880,22911,32,0.0009979791939258575,0.015240206292148544,25931,1.0,4.53125,7.0
features,net_profit,717,22912,22943,32,-0.002172306180000305,0.02896215771650281,25963,1.0,4.515625,7.0
features,net_profit,718,22944,22975,32,0.0010166950523853302,0.01697118382132276,25995,1.0,4.453125,7.0
features,net_profit,719,22976,23007,32,0.0016104243695735931,0.02024394402547245,26027,1.0,4.328125,7.0
features,net_profit,720,23008,23039,32,-0.00110694020986557,0.018091441933044697,26059,1.0,4.109375,5.5
features,net_profit,721,23040,23071,32,-0.002619631588459015,0.03378497793338164,26091,1.0,4.609375,5.5
features,net_profit,722,23072,23103,32,1.214444637298584e-06,0.00817138644994387,26123,1.0,4.421875,5.5
features,net_profit,723,23104,23135,32,-0.00405670702457428,0.04884269161455036,26155,1.0,4.296875,5.5
features,net_profit,724,23136,23167,32,-0.0026542842388153076,0.03295130123521236,26187,1.0,4.53125,14.0
features,net_profit,725,23168,23199,32,-0.0006205886602401733,0.010598476752471208,26219,1.0,4.375,7.0
features,net_profit,726,23200,23231,32,-0.0023271143436431885,0.031393434031170175,26251,1.0,4.59375,5.0
features,net_profit,727,23232,23263,32,-0.006271868944168091,0.07497888260619995,26283,1.0,4.484375,5.5
features,net_profit,728,23264,23295,32,-0.0025805681943893433,0.03205233848589037,26315,1.0,4.4375,7.0
features,net_profit,729,23296,23327,32,-0.002602003514766693,0.035873961080709525,26347,1.0,4.46875,7.0
features,net_profit,730,23328,23359,32,-0.0001285076141357422,0.007275958459765601,26379,1.0,4.484375,7.0
features,net_profit,731,23360,23391,32,-0.001679636538028717,0.02519228593404169,26411,1.0,4.59375,7.0
features,net_profit,732,23392,23423,32,-0.0038103535771369934,0.04947048207468555,26443,1.0,4.375,7.0
features,net_profit,733,23424,23455,32,4.86522912979126e-06,0.008513727678406514,26475,1.0,4.234375,7.0
features,net_profit,734,23456,23487,32,-0.004306383430957794,0.05287892249427899,26507,1.0,4.0625,7.0
features,net_profit,735,23488,23519,32,-1.070792317390442,2.2279971841206865,26540,1.03125,3.84375,5.0
features,net_profit,736,23520,23551,32,-0.003357246518135071,0.04204746540872631,26572,1.0,4.53125,7.0
features,net_profit,737,23552,23583,32,0.002164125442504883,0.02840982001252038,26604,1.0,4.3125,5.0
features,net_profit,738,23584,23615,32,-0.0008187182247638702,0.013009273083445218,26636,1.0,4.390625,5.5
features,net_profit,739,23616,23647,32,0.0008058622479438782,0.014066029846599567,26668,1.0,4.265625,7.0
features,net_profit,740,23648,23679,32,-0.0012362673878669739,0.016082739773125045,26700,1.0,4.125,5.5
features,net_profit,741,23680,23711,32,0.00011724606156349182,0.01382085983491526,26732,1.0,4.453125,7.0
features,net_profit,742,23712,23743,32,-0.00026668235659599304,0.008892884403754017,26764,1.0,4.234375,7.0
features,net_profit,743,23744,23775,32,-0.001827925443649292,0.023016791595580528,26796,1.0,4.75,14.0
features,net_profit,744,23776,23807,32,-0.0032254233956336975,0.03967395290183269,26828,1.0,4.328125,5.5
features,net_profit,745,23808,23839,32,-0.0007581152021884918,0.012334504504401737,26860,1.0,4.421875,7.0
features,net_profit,746,23840,23871,32,-9.316205978393555e-05,0.00508826601497047,26892,1.0,4.21875,7.0
features,net_profit,747,23872,23903,32,-0.0010389536619186401,0.01603075362338473,26924,1.0,4.0,5.0
features,net_profit,748,23904,23935,32,0.001146949827671051,0.016101987799254695,26956,1.0,3.90625,5.0
features,net_profit,749,23936,23967,32,-0.00013912469148635864,0.005367475454022574,26988,1.0,4.28125,5.0
features,net_profit,750,23968,23999,32,0.0009282901883125305,0.013749513993870553,27020,1.0,4.4375,7.0
features,net_profit,751,24000,24031,32,-0.000411011278629303,0.006987755490186887,27052,1.0,4.125,5.0
features,net_profit,752,24032,24063,32,-0.0004285871982574463,0.006690681874888274,27084,1.0,4.328125,7.0
features,net_profit,753,24064,24095,32,-0.0014924779534339905,0.02158537818730673,27116,1.0,4.65625,7.0
features,net_profit,754,24096,24127,32,0.00016905367374420166,0.00451124615668267,27148,1.0,4.34375,5.0
features,net_profit,755,24128,24159,32,-5.1662325859069824e-05,0.003362432613757689,27180,1.0,4.484375,7.0
features,net_profit,756,24160,24191,32,-0.00042372941970825195,0.007947306053834225,27212,1.0,4.125,5.0
features,net_profit,757,24192,24223,32,0.0019877180457115173,0.026608867393462392,27244,1.0,4.21875,7.0
features,net_profit,758,24224,24255,32,0.00044889748096466064,0.007890259238946781,27276,1.0,4.421875,5.5
features,net_profit,759,24256,24287,32,-0.0019503086805343628,0.027971663695251066,27308,1.0,4.25,5.0
features,net_profit,760,24288,24319,32,-0.00048802047967910767,0.009211282726841753,27340,1.0,4.40625,7.0
features,net_profit,761,24320,24351,32,-0.0009756982326507568,0.012618664598882423,27372,1.0,3.96875,5.5
features,net_profit,762,24352,24383,32,-0.00033064186573028564,0.006292746635166219,27404,1.0,4.140625,5.5
features,net_profit,763,24384,24415,32,-0.0016503110527992249,0.022143660955101948,27436,1.0,4.3125,7.0
features,net_profit,764,24416,24447,32,0.00040754303336143494,0.010095425865963667,27468,1.0,3.953125,5.0
features,net_profit,765,24448,24479,32,-7.627531886100769e-05,0.0026762668846454568,27500,1.0,4.328125,7.0
features,net_profit,766,24480,24511,32,0.0007962062954902649,0.014037591644886044,27532,1.0,5.921875,54.0
features,net_profit,767,24512,24543,32,0.0007602274417877197,0.011541454421755623,27564,1.0,4.140625,5.0
features,net_profit,768,24544,24575,32,-0.0032958239316940308,0.04604565441162788,27596,1.0,4.25,5.0
features,net_profit,769,24576,24607,32,-0.0003739073872566223,0.007939992065947398,27628,1.0,4.59375,7.0
features,net_profit,770,24608,24639,32,-0.0006245970726013184,0.009007247942155874,27660,1.0,4.328125,7.0
features,net_profit,771,24640,24671,32,-0.0016469471156597137,0.022591858454219946,27692,1.0,4.21875,7.0
features,net_profit,772,24672,24703,32,-0.000956319272518158,0.013469691884450763,27724,1.0,4.390625,7.0
features,net_profit,773,24704,24735,32,-0.0010978877544403076,0.01610981912414918,27756,1.0,4.3125,5.0
features,net_profit,774,24736,24767,32,-0.0010470114648342133,0.013900007646114074,27788,1.0,4.265625,7.0
features,net_profit,775,24768,24799,32,1.2237391471862793,2.629802773233589,27820,1.0,4.265625,5.0
features,net_profit,776,24800,24831,32,-0.0004836432635784149,0.008366806576662531,27852,1.0,4.390625,5.5
features,net_profit,777,24832,24863,32,-0.0015693753957748413,0.022411386805090583,27884,1.0,4.4375,5.0
features,net_profit,778,24864,24895,32,-0.005345158278942108,0.06916426574231649,27916,1.0,4.4375,5.0
features,net_profit,779,24896,24927,32,-0.002781681716442108,0.0394854152219458,27948,1.0,4.65625,14.0
features,net_profit,780,24928,24959,32,-0.0028297454118728638,0.04088867574917666,27980,1.0,4.46875,7.0
features,net_profit,781,24960,24991,32,-0.00621221587061882,0.07775556595405345,28012,1.0,4.578125,5.5
features,net_profit,782,24992,25023,32,-0.0005283094942569733,0.011278604251817285,28044,1.0,4.5625,7.0
features,net_profit,783,25024,25055,32,0.0015530437231063843,0.025510051189069387,28076,1.0,4.40625,7.0
features,net_profit,784,25056,25087,32,0.003632090985774994,0.052263888435449275,28108,1.0,3.890625,7.0
features,net_profit,785,25088,25119,32,-0.008311651647090912,0.10011650195021476,28140,1.0,4.234375,5.5
features,net_profit,786,25120,25151,32,0.0014469139277935028,0.021468601500958424,28172,1.0,4.265625,7.0
features,net_profit,787,25152,25183,32,-0.0009603351354598999,0.01881037329945883,28204,1.0,3.875,5.0
features,net_profit,788,25184,25215,32,-0.0006188042461872101,0.019780506318876276,28236,1.0,4.34375,5.5
features,net_profit,789,25216,25247,32,-0.0049855709075927734,0.057835861262399445,28268,1.0,4.0625,5.0
features,net_profit,790,25248,25279,32,-0.0012185722589492798,0.020007799922733827,28300,1.0,4.3125,7.0
features,net_profit,791,25280,25311,32,-0.000634118914604187,0.016152200806628263,28332,1.0,4.546875,7.0
features,net_profit,792,25312,25343,32,-0.008899509906768799,0.10534674608208021,28364,1.0,4.40625,7.0
features,net_profit,793,25344,25375,32,-0.00423644483089447,0.05341517468555182,28396,1.0,3.84375,5.0
features,net_profit,794,25376,25407,32,-0.0011550374329090118,0.029697105323296915,28428,1.0,4.609375,7.0
features,net_profit,795,25408,25439,32,-0.005418606102466583,0.06598184411532439,28460,1.0,4.25,7.0
features,net_profit,796,25440,25471,32,0.003602888435125351,0.04762579481897487,28492,1.0,3.953125,7.0
features,net_profit,797,25472,25503,32,-0.003062136471271515,0.04084268874394872,28524,1.0,4.59375,7.0
features,net_profit,798,25504,25535,32,-0.0008809491991996765,0.018426852521938115,28556,1.0,3.953125,7.0
features,net_profit,799,25536,25567,32,0.770394504070282,2.092838980419268,28588,1.0,4.453125,5.5
features,net_profit,800,25568,25599,32,0.0023920610547065735,0.03644738922740921,28620,1.0,4.25,5.0
features,net_profit,801,25600,25631,32,-0.002166271209716797,0.030071574776078764,28652,1.0,4.28125,7.0
features,net_profit,802,25632,25663,32,-0.011239022016525269,0.12146290323542781,28684,1.0,4.34375,7.0
features,net_profit,803,25664,25695,32,-0.006857134401798248,0.09301710219259038,28716,1.0,4.28125,7.0
features,net_profit,804,25696,25727,32,0.010773327201604843,0.12056441689787682,28748,1.0,4.65625,14.0
features,net_profit,805,25728,25759,32,-0.0012756213545799255,0.040855784585439286,28780,1.0,4.59375,7.0
features,net_profit,806,25760,25791,32,-0.8918812870979309,2.4581819529961475,28812,1.0,4.265625,7.0
features,net_profit,807,25792,25823,32,-0.014497682452201843,0.1688735806825845,28844,1.0,4.34375,7.0
features,net_profit,808,25824,25855,32,-0.01170487329363823,0.1251268307134725,28876,1.0,4.46875,7.0
features,net_profit,809,25856,25887,32,-0.005826223641633987,0.07228975564024014,28908,1.0,4.546875,7.0
features,net_profit,810,25888,25919,32,0.0008455105125904083,0.02044544995858619,28940,1.0,3.921875,7.0
features,net_profit,811,25920,25951,32,-0.0001345798373222351,0.01576956958431932,28972,1.0,4.0,5.0
features,net_profit,812,25952,25983,32,0.005506377667188644,0.06486967714044635,29004,1.0,4.21875,7.0
features,net_profit,813,25984,26015,32,-0.006247289478778839,0.0800407961911282,29036,1.0,4.5625,7.0
features,net_profit,814,26016,26047,32,0.0026447661221027374,0.04060079128867964,29068,1.0,4.390625,5.5
features,net_profit,815,26048,26079,32,-0.0012879632413387299,0.03961190503043231,29100,1.0,4.46875,7.0
features,net_profit,816,26080,26111,32,-0.011284850537776947,0.12297353672271989,29132,1.0,4.1875,7.0
features,net_profit,817,26112,26143,32,0.6001650094985962,1.9196138846862802,29164,1.0,4.296875,5.5
features,net_profit,818,26144,26175,32,-0.0041009001433849335,0.06411227003286671,29196,1.0,4.28125,5.5
features,net_profit,819,26176,26207,32,3.177672624588013e-05,0.029429982683721496,29228,1.0,4.21875,5.5
features,net_profit,820,26208,26239,32,-0.003156844526529312,0.04082882745353472,29260,1.0,4.265625,5.5
features,net_profit,821,26240,26271,32,-0.017287254333496094,0.20896657047507747,29292,1.0,4.1875,5.0
features,net_profit,822,26272,26303,32,-0.009058915078639984,0.09749148684244334,29324,1.0,4.625,5.5
features,net_profit,823,26304,26335,32,0.003608342260122299,0.05550230617138695,29356,1.0,4.296875,5.5
features,net_profit,824,26336,26367,32,-0.01224064826965332,0.14361575032582505,29388,1.0,4.1875,5.0
features,net_profit,825,26368,26399,32,1.4956185817718506,4.394685188725532,29420,1.0,4.75,7.0
features,net_profit,826,26400,26431,32,-0.009440794587135315,0.11445113676238902,29452,1.0,4.15625,5.0
features,net_profit,827,26432,26463,32,0.0067879073321819305,0.12282200254346216,29484,1.0,4.25,7.0
features,net_profit,828,26464,26495,32,-0.027781914919614792,0.31332984663472335,29516,1.0,4.453125,7.0
features,net_profit,829,26496,26527,32,-1.4890919923782349,3.5309200184525444,29549,1.03125,3.546875,6.0
features,net_profit,830,26528,26559,32,-0.6619277596473694,2.0629855556298513,29581,1.0,4.484375,7.0
features,net_profit,831,26560,26591,32,-0.0006893351674079895,0.05628272753132933,29613,1.0,4.15625,7.0
features,net_profit,832,26592,26623,32,-0.022811703383922577,0.2328936157961477,29645,1.0,4.53125,7.0
features,net_profit,833,26624,26655,32,-0.0038307681679725647,0.053524199422657716,29677,1.0,4.1875,7.0
features,net_profit,834,26656,26687,32,-0.02360501140356064,0.231220769530301,29709,1.0,4.46875,7.0
features,net_profit,835,26688,26719,32,-0.927439272403717,2.8823986103998873,29741,1.0,4.25,6.0
features,net_profit,836,26720,26751,32,-0.012375090271234512,0.18777350287142955,29773,1.0,4.109375,5.5
features,net_profit,837,26752,26783,32,-0.017451196908950806,0.19796340452547742,29805,1.0,4.25,5.0
features,net_profit,838,26784,26815,32,-0.012363962829113007,0.16326019080014592,29837,1.0,4.21875,7.0
features,net_profit,839,26816,26847,32,-0.825874924659729,2.507689858127519,29869,1.0,4.5,6.0
features,net_profit,840,26848,26879,32,-0.009668312966823578,0.10752930965291842,29901,1.0,4.40625,7.0
features,net_profit,841,26880,26911,32,0.008359141647815704,0.11428897242231992,29933,1.0,4.28125,5.5
features,net_profit,842,26912,26943,32,-0.004784382879734039,0.07719969848569012,29965,1.0,4.96875,14.0
features,net_profit,843,26944,26975,32,-0.009327881038188934,0.11860243019952031,29997,1.0,4.5,5.0
features,net_profit,844,26976,27007,32,0.006516013294458389,0.08469146722461306,30029,1.0,3.84375,7.0
features,net_profit,845,27008,27039,32,0.8102151155471802,2.212406650606513,30061,1.0,4.09375,5.0
features,net_profit,846,27040,27071,32,-0.010885998606681824,0.1435919404879986,30093,1.0,4.75,7.0
features,net_profit,847,27072,27103,32,0.003577031195163727,0.057620271670359366,30125,1.0,4.375,7.0
features,net_profit,848,27104,27135,32,-1.06795072555542,2.6693886685307016,30157,1.0,4.5625,7.0
features,net_profit,849,27136,27167,32,-0.0005444660782814026,0.019915944243080682,30189,1.0,4.15625,7.0
features,net_profit,850,27168,27199,32,-0.0008981786668300629,0.03047085986029994,30221,1.0,4.4375,7.0
features,net_profit,851,27200,27231,32,-0.0005963444709777832,0.022426249247185656,30253,1.0,4.34375,5.0
features,net_profit,852,27232,27263,32,-0.003113098442554474,0.037345248233956456,30285,1.0,4.21875,5.0
features,net_profit,853,27264,27295,32,-0.004460807889699936,0.050810472417729236,30317,1.0,4.046875,7.0
features,net_profit,854,27296,27327,32,-0.0015322491526603699,0.028592221637101657,30349,1.0,4.03125,5.0
features,net_profit,855,27328,27359,32,-0.012471936643123627,0.1403449218777409,30381,1.0,4.6875,7.0
features,net_profit,856,27360,27391,32,-0.0003426894545555115,0.014575229213866992,30413,1.0,4.296875,5.5
features,net_profit,857,27392,27423,32,-0.006624080240726471,0.08059881355573853,30445,1.0,4.453125,5.5
features,net_profit,858,27424,27455,32,-0.0006815120577812195,0.010911715675246354,30477,1.0,4.15625,7.0
features,net_profit,859,27456,27487,32,-0.00030240416526794434,0.015775591466713455,30509,1.0,4.25,7.0
features,net_profit,860,27488,27519,32,-0.0012412965297698975,0.02661137996621915,30541,1.0,4.03125,5.0
features,net_profit,861,27520,27551,32,-0.0036868974566459656,0.04979459849162831,30573,1.0,4.59375,7.0
features,net_profit,862,27552,27583,32,-0.001114875078201294,0.019373786167267495,30605,1.0,4.59375,7.0
features,net_profit,863,27584,27615,32,-0.0014286413788795471,0.023300562792825205,30637,1.0,4.5,7.0
features,net_profit,864,27616,27647,32,-1.1441529989242554,2.720922032833044,30669,1.0,4.640625,14.0
features,net_profit,865,27648,27679,32,-0.00502033531665802,0.06855703328389755,30701,1.0,4.515625,5.5
features,net_profit,866,27680,27711,32,-0.0013963468372821808,0.02091140450617453,30733,1.0,3.90625,5.5
features,net_profit,867,27712,27743,32,-0.003277719020843506,0.04582589469164897,30765,1.0,4.125,5.0
features,net_profit,868,27744,27775,32,-0.002620972692966461,0.0334079304402192,30797,1.0,4.21875,7.0
features,net_profit,869,27776,27807,32,0.0001586228609085083,0.012187064653046493,30829,1.0,4.125,5.0
features,net_profit,870,27808,27839,32,-0.0030581988394260406,0.041450246779800026,30861,1.0,4.359375,7.0
features,net_profit,871,27840,27871,32,-0.001993052661418915,0.02960571688149209,30893,1.0,4.34375,5.0
features,net_profit,872,27872,27903,32,0.00222710520029068,0.03054175030917015,30925,1.0,4.203125,5.5
features,net_profit,873,27904,27935,32,0.0020734816789627075,0.029939253826916295,30957,1.0,4.125,5.5
features,net_profit,874,27936,27967,32,-0.0017100051045417786,0.02518634074954094,30989,1.0,4.734375,7.0
features,net_profit,875,27968,27999,32,0.0008467212319374084,0.013978480078124599,31021,1.0,4.25,7.0
features,net_profit,876,28000,28031,32,0.0007187426090240479,0.010527785202932028,31053,1.0,4.78125,14.0
features,net_profit,877,28032,28063,32,-0.0014477446675300598,0.018594623204053667,31085,1.0,4.109375,5.5
features,net_profit,878,28064,28095,32,-0.0006991177797317505,0.011898082046381243,31117,1.0,4.53125,7.0
features,net_profit,879,28096,28127,32,0.0007226355373859406,0.013250068429861225,31149,1.0,4.34375,7.0
features,net_profit,880,28128,28159,32,-0.0002366378903388977,0.004476734758022188,31181,1.0,4.0625,7.0
features,net_profit,881,28160,28191,32,0.0005926266312599182,0.00941770246389986,31213,1.0,4.3125,5.0
features,net_profit,882,28192,28223,32,0.0008357018232345581,0.012178180356086714,31245,1.0,4.375,5.5
features,net_profit,883,28224,28255,32,-0.002531275153160095,0.03429843376132789,31277,1.0,4.234375,7.0
features,net_profit,884,28256,28287,32,0.0007940493524074554,0.013096657295386366,31309,1.0,4.09375,5.5
features,net_profit,885,28288,28319,32,-0.001007668673992157,0.014039199051494217,31341,1.0,4.5,7.0
features,net_profit,886,28320,28351,32,-1.0795891284942627e-05,0.0076545903122396805,31373,1.0,4.125,5.0
features,net_profit,887,28352,28383,32,-0.002562806010246277,0.035392945413824185,31405,1.0,4.5,5.5
features,net_profit,888,28384,28415,32,0.0007304474711418152,0.010785886964563377,31437,1.0,4.515625,7.0
features,net_profit,889,28416,28447,32,-0.0021636076271533966,0.03088337121195729,31469,1.0,4.328125,5.5
features,net_profit,890,28448,28479,32,-0.00030831247568130493,0.007702025514168882,31501,1.0,4.0,5.0
features,net_profit,891,28480,28511,32,-0.0012325234711170197,0.016598942944736406,31533,1.0,4.4375,7.0
features,net_profit,892,28512,28543,32,-0.0018569305539131165,0.026846601756914713,31565,1.0,4.453125,7.0
features,net_profit,893,28544,28575,32,0.000737268477678299,0.012196221818615158,31597,1.0,4.46875,7.0
features,net_profit,894,28576,28607,32,-0.0005347877740859985,0.009812658941129405,31629,1.0,4.03125,5.0
features,net_profit,895,28608,28639,32,0.00018134713172912598,0.0057838530849611365,31661,1.0,4.390625,5.0
features,net_profit,896,28640,28671,32,-0.0008683502674102783,0.015078890458248572,31693,1.0,4.46875,7.0
features,net_profit,897,28672,28703,32,-0.0004377588629722595,0.006519869476319251,31725,1.0,4.28125,7.0
features,net_profit,898,28704,28735,32,-0.0003025531768798828,0.007317109082717257,31757,1.0,4.703125,14.0
features,net_profit,899,28736,28767,32,-0.0021363496780395508,0.029547630583067697,31789,1.0,4.328125,5.5
features,net_profit,900,28768,28799,32,-0.0026671141386032104,0.03459115896278367,31821,1.0,4.125,5.0
features,net_profit,901,28800,28831,32,-0.0013075470924377441,0.01772837908224379,31853,1.0,4.78125,14.0
features,net_profit,902,28832,28863,32,-0.00021757930517196655,0.007807722747427217,31885,1.0,3.84375,5.0
features,net_profit,903,28864,28895,32,-0.0007251761853694916,0.010899180485989125,31917,1.0,4.109375,7.0
features,net_profit,904,28896,28927,32,-0.00032813847064971924,0.008100718246674072,31949,1.0,4.09375,5.0
features,net_profit,905,28928,28959,32,-0.0016932487487792969,0.022096610256267395,31981,1.0,4.890625,14.0
features,net_profit,906,28960,28991,32,-0.00028333812952041626,0.006398661641649715,32013,1.0,4.390625,5.5
features,net_profit,907,28992,29023,32,-0.002409178763628006,0.034338540228327365,32045,1.0,4.65625,7.0
features,net_profit,908,29024,29055,32,-0.00013949722051620483,0.005298239785865821,32077,1.0,4.421875,5.0
features,net_profit,909,29056,29087,32,-0.0013137832283973694,0.019427716300366542,32109,1.0,4.609375,7.0
features,net_profit,910,29088,29119,32,-0.0019767284393310547,0.027378228896104802,32141,1.0,4.546875,7.0
features,net_profit,911,29120,29151,32,-0.0003070235252380371,0.005540216174434921,32173,1.0,4.359375,7.0
features,net_profit,912,29152,29183,32,0.0005912259221076965,0.008537374750431925,32205,1.0,4.359375,5.5
features,net_profit,913,29184,29215,32,-0.0015955418348312378,0.02333926045228998,32237,1.0,4.625,14.0
features,net_profit,914,29216,29247,32,0.0004352256655693054,0.011711557446285227,32269,1.0,4.09375,7.0
features,net_profit,915,29248,29279,32,-0.0016948580741882324,0.02602667918249604,32301,1.0,4.453125,5.5
features,net_profit,916,29280,29311,32,0.00043905898928642273,0.00688465010115927,32333,1.0,4.03125,7.0
features,net_profit,917,29312,29343,32,0.00048805028200149536,0.008129879208900839,32365,1.0,4.375,5.5
features,net_profit,918,29344,29375,32,-0.0009379163384437561,0.014079070648864099,32397,1.0,4.3125,5.0
features,net_profit,919,29376,29407,32,0.002811633050441742,0.036754078581623585,32429,1.0,3.84375,5.0
features,net_profit,920,29408,29439,32,-0.0004340708255767822,0.011257899977517744,32461,1.0,4.09375,5.0
features,net_profit,921,29440,29471,32,-0.0002418309450149536,0.007759704568039044,32493,1.0,4.171875,7.0
features,net_profit,922,29472,29503,32,-1.5944242477416992e-06,0.004028165003053692,32525,1.0,4.25,7.0
features,net_profit,923,29504,29535,32,-0.000837668776512146,0.01338900071714607,32557,1.0,4.671875,7.0
features,net_profit,924,29536,29567,32,-0.0010549947619438171,0.015238087478627697,32589,1.0,4.390625,5.5
features,net_profit,925,29568,29599,32,-0.0023551061749458313,0.03161710284068655,32621,1.0,4.5,5.0
features,net_profit,926,29600,29631,32,-0.0009109079837799072,0.013755709899251858,32653,1.0,4.0625,5.0
features,net_profit,927,29632,29663,32,0.001161731779575348,0.016399284397469127,32685,1.0,4.421875,7.0
features,net_profit,928,29664,29695,32,-0.005256667733192444,0.07203110692737133,32717,1.0,4.453125,5.5
features,net_profit,929,29696,29727,32,-0.0002822950482368469,0.005555816133073226,32749,1.0,4.6875,7.0
features,net_profit,930,29728,29759,32,-0.00029915571212768555,0.01049992101492101,32781,1.0,4.4375,5.5
features,net_profit,931,29760,29791,32,-0.00035784393548965454,0.012746515760031385,32813,1.0,4.4375,5.5
features,net_profit,932,29792,29823,32,-0.00024382397532463074,0.005222846323086643,32845,1.0,4.265625,5.5
features,net_profit,933,29824,29855,32,0.00192917138338089,0.025704363677205144,32877,1.0,4.546875,7.0
features,net_profit,934,29856,29887,32,-0.0012258440256118774,0.016737479042126385,32909,1.0,4.5625,7.0
features,net_profit,935,29888,29919,32,-0.0008564814925193787,0.01353385086950265,32941,1.0,4.6875,7.0
features,net_profit,936,29920,29951,32,1.044227123260498,2.377562534715921,32973,1.0,4.390625,7.0
features,net_profit,937,29952,29983,32,-2.902001142501831e-05,0.006666064718789645,33005,1.0,4.109375,5.0
features,net_profit,938,29984,30015,32,-2.6248395442962646e-05,0.007357252632031593,33037,1.0,4.1875,7.0
features,net_profit,939,30016,30047,32,0.0014195144176483154,0.02177887027732787,33069,1.0,4.28125,7.0
features,net_profit,940,30048,30079,32,-5.996972322463989e-05,0.008095025239352864,33101,1.0,3.953125,7.0
features,net_profit,941,30080,30111,32,0.0005295127630233765,0.008699983415916665,33133,1.0,4.25,7.0
features,net_profit,942,30112,30143,32,-0.0002476051449775696,0.019283201438745876,33165,1.0,4.25,7.0
features,net_profit,943,30144,30175,32,0.0009240247309207916,0.01843751735976971,33197,1.0,4.28125,5.5
features,net_profit,944,30176,30207,32,-0.0016365870833396912,0.027147012846841796,33229,1.0,4.171875,5.5
features,net_profit,945,30208,30239,32,-0.977303147315979,2.6639528029185704,33261,1.0,4.375,6.0
features,net_profit,946,30240,30271,32,-0.004827804863452911,0.06845028401291164,33293,1.0,4.5625,5.0
features,net_profit,947,30272,30303,32,-0.0004457533359527588,0.016012774862883637,33325,1.0,4.15625,5.0
features,net_profit,948,30304,30335,32,-0.0003964751958847046,0.009657869240915037,33357,1.0,4.53125,7.0
features,net_profit,949,30336,30367,32,-0.002408944070339203,0.03418779728015289,33389,1.0,4.5625,7.0
features,net_profit,950,30368,30399,32,0.00038613006472587585,0.01072821596467733,33421,1.0,4.625,7.0
features,net_profit,951,30400,30431,32,0.00028605014085769653,0.0072705551135398205,33453,1.0,4.421875,7.0
features,net_profit,952,30432,30463,32,8.635222911834717e-05,0.004835769038611078,33485,1.0,4.046875,5.5
features,net_profit,953,30464,30495,32,-0.0006354600191116333,0.010439120874010709,33517,1.0,4.140625,5.0
features,net_profit,954,30496,30527,32,2.261251211166382e-05,0.014885085388994638,33549,1.0,4.3125,7.0
features,net_profit,955,30528,30559,32,-0.0017977356910705566,0.025419751970475434,33581,1.0,4.40625,7.0
features,net_profit,956,30560,30591,32,-0.0008534863591194153,0.015111778867415828,33613,1.0,4.109375,5.5
features,net_profit,957,30592,30623,32,-0.0015631988644599915,0.0186179174947873,33645,1.0,4.40625,7.0
features,net_profit,958,30624,30655,32,-0.002258211374282837,0.030296427167760927,33677,1.0,4.265625,5.5
features,net_profit,959,30656,30687,32,-0.002064615488052368,0.027358346953944783,33709,1.0,4.4375,7.0
features,net_profit,960,30688,30719,32,0.0006247684359550476,0.012424698603838226,33741,1.0,4.265625,7.0
features,net_profit,961,30720,30751,32,9.148567914962769e-05,0.007100515960355526,33773,1.0,4.25,5.0
features,net_profit,962,30752,30783,32,-0.0015742965042591095,0.021368587622714274,33805,1.0,4.46875,7.0
features,net_profit,963,30784,30815,32,2.5779008865356445e-05,0.005597206199212451,33837,1.0,4.3125,7.0
features,net_profit,964,30816,30847,32,-0.0021838024258613586,0.030758151601079375,33869,1.0,4.40625,7.0
features,net_profit,965,30848,30879,32,1.0558468103408813,2.5248327970784463,33901,1.0,4.8125,7.0
features,net_profit,966,30880,30911,32,-0.00026794523000717163,0.006642121125954194,33933,1.0,4.34375,5.0
features,net_profit,967,30912,30943,32,-0.004260562360286713,0.057146335397944996,33965,1.0,4.359375,5.0
features,net_profit,968,30944,30975,32,-0.0013349056243896484,0.020789241396965724,33997,1.0,4.375,7.0
features,net_profit,969,30976,31007,32,0.0010590031743049622,0.017603533357154543,34029,1.0,3.78125,5.0
features,net_profit,970,31008,31039,32,0.0006788372993469238,0.0135730346177015,34061,1.0,4.390625,7.0
features,net_profit,971,31040,31071,32,-0.002878233790397644,0.041484355805194696,34093,1.0,4.34375,5.0
features,net_profit,972,31072,31103,32,-0.0008021146059036255,0.011143474100447408,34125,1.0,4.0625,5.5
features,net_profit,973,31104,31135,32,0.003449074923992157,0.04135170863032979,34157,1.0,4.375,7.0
features,net_profit,974,31136,31167,32,1.1020419597625732,2.586223840811408,34189,1.0,4.03125,5.0
features,net_profit,975,31168,31199,32,0.002947460860013962,0.048278665557038636,34221,1.0,4.265625,5.5
features,net_profit,976,31200,31231,32,-1.1673609018325806,2.9187034415566098,34253,1.0,4.34375,7.0
features,net_profit,977,31232,31263,32,-0.0014927461743354797,0.027755012686891407,34285,1.0,4.859375,14.0
features,net_profit,978,31264,31295,32,-0.0009295940399169922,0.024664960074504007,34317,1.0,4.375,7.0
features,net_profit,979,31296,31327,32,-0.0017278939485549927,0.026178524633580207,34349,1.0,4.375,5.5
features,net_profit,980,31328,31359,32,0.00482458621263504,0.06977935073672718,34381,1.0,4.265625,7.0
features,net_profit,981,31360,31391,32,0.0030341707170009613,0.04127884216142148,34413,1.0,4.0625,5.5
features,net_profit,982,31392,31423,32,-0.0012807287275791168,0.018868818267741894,34445,1.0,4.296875,7.0
features,net_profit,983,31424,31455,32,-0.0020402520895004272,0.02934770432736,34477,1.0,4.328125,5.5
features,net_profit,984,31456,31487,32,-0.00674978643655777,0.08336297853344653,34509,1.0,4.46875,5.0
features,net_profit,985,31488,31519,32,0.000981070101261139,0.014485973947552506,34541,1.0,4.03125,5.0
features,net_profit,986,31520,31551,32,0.004942920058965683,0.06669224311622929,34573,1.0,4.234375,7.0
features,net_profit,987,31552,31583,32,-0.005763038992881775,0.06560850746812712,34605,1.0,4.375,7.0
features,net_profit,988,31584,31615,32,-0.9066385626792908,2.436322454500292,34637,1.0,4.359375,7.0
features,net_profit,989,31616,31647,32,0.002175368368625641,0.02785193659139175,34669,1.0,4.3125,7.0
features,net_profit,990,31648,31679,32,0.0021649301052093506,0.027240002569457394,34701,1.0,4.3125,5.5
features,net_profit,991,31680,31711,32,-0.002074718475341797,0.030249956514100527,34733,1.0,4.484375,7.0
features,net_profit,992,31712,31743,32,-0.004098683595657349,0.05017408719921057,34765,1.0,4.515625,7.0
features,net_profit,993,31744,31775,32,0.0014771819114685059,0.018898996127756373,34797,1.0,4.609375,7.0
features,net_profit,994,31776,31807,32,0.0006868243217468262,0.012336223390628188,34829,1.0,3.9375,5.5
features,net_profit,995,31808,31839,32,-0.004481308162212372,0.057521884969928085,34861,1.0,4.5625,5.5
features,net_profit,996,31840,31871,32,-0.0016785189509391785,0.021183342645592764,34893,1.0,4.375,7.0
features,net_profit,997,31872,31903,32,-0.0014455243945121765,0.01976882100552073,34925,1.0,4.28125,5.5
features,net_profit,998,31904,31935,32,-0.0026208534836769104,0.035852066121042095,34957,1.0,4.59375,14.0
features,net_profit,999,31936,31967,32,0.001868460327386856,0.023402479384353175,34989,1.0,4.109375,5.5
features,net_profit,1000,31968,31999,32,0.0002369210124015808,0.006438661611707514,35021,1.0,3.890625,5.5
features,stake_scaled_net_profit,1,0,31,32,-0.2890123426914215,0.10723843615099607,44,1.375,0.75,1.1666666666666667
features,stake_scaled_net_profit,2,32,63,32,0.060578685253858566,0.14484053419385629,95,1.59375,0.6119791666666666,1.0833333333333333
features,stake_scaled_net_profit,3,64,95,32,0.118663489818573,0.10677336297426367,138,1.34375,0.71875,1.0833333333333333
features,stake_scaled_net_profit,4,96,127,32,-0.18006904423236847,0.1223853145757632,176,1.1875,0.7734374999999999,1.0
features,stake_scaled_net_profit,5,128,159,32,-0.12190099060535431,0.0740472592723278,224,1.5,0.6197916666666667,1.0
features,stake_scaled_net_profit,6,160,191,32,-0.260434627532959,0.1709932254738519,268,1.375,0.7578124999999999,1.1666666666666667
features,stake_scaled_net_profit,7,192,223,32,-0.20029589533805847,0.1494011574003972,316,1.5,0.640625,1.1666666666666667
features,stake_scaled_net_profit,8,224,255,32,0.0128339733928442,0.1673224293065212,368,1.625,0.6380208333333333,1.3333333333333333
features,stake_scaled_net_profit,9,256,287,32,-0.22456803917884827,0.13293979599327868,412,1.375,0.7031249999999999,1.0
features,stake_scaled_net_profit,10,288,319,32,-0.08772194385528564,0.09625092654514279,457,1.40625,0.671875,1.0
features,stake_scaled_net_profit,11,320,351,32,-0.05898226797580719,0.16383794432336884,500,1.34375,0.7499999999999998,1.1666666666666667
features,stake_scaled_net_profit,12,352,383,32,-0.3867006301879883,0.16014795431049775,546,1.4375,0.7526041666666666,1.3333333333333333
features,stake_scaled_net_profit,13,384,415,32,-0.13164904713630676,0.15899941017199323,589,1.34375,0.7239583333333333,1.0
features,stake_scaled_net_profit,14,416,447,32,-0.4840051233768463,0.22319030665864717,643,1.6875,0.7135416666666667,1.3333333333333333
features,stake_scaled_net_profit,15,448,479,32,-0.1536330133676529,0.19063713756676298,693,1.5625,0.6692708333333335,1.0833333333333333
features,stake_scaled_net_profit,16,480,511,32,-0.285753458738327,0.13006074437911233,742,1.53125,0.6953124999999999,1.3333333333333333
features,stake_scaled_net_profit,17,512,543,32,0.04239679500460625,0.14555168166315657,790,1.5,0.6901041666666665,1.0
features,stake_scaled_net_profit,18,544,575,32,-0.26873689889907837,0.16347161629075224,834,1.375,0.6354166666666665,1.0
features,stake_scaled_net_profit,19,576,607,32,-0.02014847844839096,0.1594218741693684,879,1.40625,0.7447916666666666,2.5
features,stake_scaled_net_profit,20,608,639,32,-0.162328839302063,0.19544276221734463,922,1.34375,0.6848958333333334,1.0
features,stake_scaled_net_profit,21,640,671,32,0.48614853620529175,0.26577712340072046,966,1.375,0.7838541666666669,2.3333333333333335
features,stake_scaled_net_profit,22,672,703,32,0.21695485711097717,0.24792819329116117,1006,1.25,0.6848958333333335,1.0
features,stake_scaled_net_profit,23,704,735,32,-0.2976842522621155,0.31053701208626244,1052,1.4375,0.6770833333333333,1.0
features,stake_scaled_net_profit,24,736,767,32,-0.11800689250230789,0.4082471318513703,1089,1.15625,0.7265624999999999,1.1666666666666667
features,stake_scaled_net_profit,25,768,799,32,-0.17308259010314941,0.2992984571208764,1138,1.53125,0.7317708333333333,1.0
features,stake_scaled_net_profit,26,800,831,32,-0.11614897847175598,0.2507641326622561,1175,1.15625,0.7291666666666669,1.0
features,stake_scaled_net_profit,27,832,863,32,-0.35760730504989624,0.2748803477738259,1217,1.3125,0.703125,1.0
features,stake_scaled_net_profit,28,864,895,32,0.13753727078437805,0.201204992973164,1261,1.375,0.7291666666666669,1.3333333333333333
features,stake_scaled_net_profit,29,896,927,32,-0.12717780470848083,0.1455647202248426,1304,1.34375,0.75,1.3333333333333333
features,stake_scaled_net_profit,30,928,959,32,-0.16725224256515503,0.29590339158803186,1350,1.4375,0.71875,1.1666666666666667
features,stake_scaled_net_profit,31,960,991,32,-0.022317081689834595,0.17675065566110748,1393,1.34375,0.7317708333333333,1.1666666666666667
features,stake_scaled_net_profit,32,992,1023,32,-0.3136480450630188,0.2957442889802921,1434,1.28125,0.765625,1.0
features,stake_scaled_net_profit,33,1024,1055,32,-0.32779526710510254,0.09749575317365405,1475,1.28125,0.8124999999999999,1.3333333333333333
features,stake_scaled_net_profit,34,1056,1087,32,-0.15336894989013672,0.22973308390936467,1509,1.0625,0.8177083333333333,1.0
features,stake_scaled_net_profit,35,1088,1119,32,-0.017543086782097816,0.2860763286989665,1549,1.25,0.7578124999999999,1.3333333333333333
features,stake_scaled_net_profit,36,1120,1151,32,0.10628865659236908,0.19547122751219817,1585,1.125,0.859375,2.1666666666666665
features,stake_scaled_net_profit,37,1152,1183,32,-0.06563588976860046,0.1440121136314895,1624,1.21875,0.78125,1.0833333333333333
features,stake_scaled_net_profit,38,1184,1215,32,-0.14273186028003693,0.20260672414453126,1660,1.125,0.7447916666666664,1.0
features,stake_scaled_net_profit,39,1216,1247,32,-0.16963380575180054,0.4147264942697999,1695,1.09375,0.8072916666666664,1.1666666666666667
features,stake_scaled_net_profit,40,1248,1279,32,-0.3491603136062622,0.19951001581265196,1732,1.15625,0.8307291666666667,1.0833333333333333
features,stake_scaled_net_profit,41,1280,1311,32,-0.3646395802497864,0.19196005707996303,1769,1.15625,0.8359374999999998,1.3333333333333333
features,stake_scaled_net_profit,42,1312,1343,32,-0.2024032324552536,0.15991628446618475,1804,1.09375,0.8020833333333333,1.1666666666666667
features,stake_scaled_net_profit,43,1344,1375,32,0.012895038351416588,0.23328794109274287,1841,1.15625,0.7109375,1.3333333333333333
features,stake_scaled_net_profit,44,1376,1407,32,-0.0397302508354187,0.22428776069927306,1883,1.3125,0.734375,1.0833333333333333
features,stake_scaled_net_profit,45,1408,1439,32,-0.10528815537691116,0.11451121666174005,1919,1.125,0.778645833333333,1.0833333333333333
features,stake_scaled_net_profit,46,1440,1471,32,0.021418755874037743,0.14151751949932137,1960,1.28125,0.7500000000000002,1.0
features,stake_scaled_net_profit,47,1472,1503,32,-0.2790676951408386,0.3482450697881412,2000,1.25,0.7942708333333335,1.1666666666666667
features,stake_scaled_net_profit,48,1504,1535,32,-0.04001966863870621,0.5652519955453206,2038,1.1875,0.7317708333333331,1.3333333333333333
features,stake_scaled_net_profit,49,1536,1567,32,0.15227580070495605,0.2518126016581584,2076,1.1875,0.8177083333333331,2.5
features,stake_scaled_net_profit,50,1568,1599,32,-0.34813758730888367,0.29766393594699053,2112,1.125,0.8177083333333333,1.3333333333333333
features,stake_scaled_net_profit,51,1600,1631,32,-0.03317510709166527,0.4193960454653209,2150,1.1875,0.7682291666666667,1.3333333333333333
features,stake_scaled_net_profit,52,1632,1663,32,-0.018185973167419434,0.2509270584830076,2188,1.1875,0.8307291666666666,2.5
features,stake_scaled_net_profit,53,1664,1695,32,-0.06434047967195511,0.41393093007375725,2231,1.34375,0.7109375,1.1666666666666667
features,stake_scaled_net_profit,54,1696,1727,32,0.018086254596710205,0.08804575038782878,2269,1.1875,0.7239583333333334,1.0833333333333333
features,stake_scaled_net_profit,55,1728,1759,32,-0.34362107515335083,0.24984316503713067,2303,1.0625,0.7291666666666667,1.0
features,stake_scaled_net_profit,56,1760,1791,32,-0.1342044323682785,0.17721633130395364,2341,1.1875,0.8098958333333334,1.3333333333333333
features,stake_scaled_net_profit,57,1792,1823,32,0.11250247806310654,0.4425915281688646,2382,1.28125,0.6927083333333333,1.3333333333333333
features,stake_scaled_net_profit,58,1824,1855,32,0.10634490102529526,0.2378414111173224,2421,1.21875,0.7395833333333334,1.0
features,stake_scaled_net_profit,59,1856,1887,32,0.00926128774881363,0.49316243099302354,2457,1.125,0.7604166666666665,1.3333333333333333
features,stake_scaled_net_profit,60,1888,1919,32,-0.27628231048583984,0.08979966269076445,2493,1.125,0.8541666666666667,1.3333333333333333
features,stake_scaled_net_profit,61,1920,1951,32,-0.0769355446100235,0.5580410698844764,2532,1.21875,0.7812499999999999,1.0
features,stake_scaled_net_profit,62,1952,1983,32,-0.12073574960231781,0.10449094523383816,2566,1.0625,0.7239583333333333,1.0
features,stake_scaled_net_profit,63,1984,2015,32,0.047815680503845215,0.19174553481153478,2608,1.3125,0.7369791666666665,1.0833333333333333
features,stake_scaled_net_profit,64,2016,2047,32,0.009269312024116516,0.1445960840253194,2642,1.0625,0.7812499999999998,1.0833333333333333
features,stake_scaled_net_profit,65,2048,2079,32,-0.16816388070583344,0.1268616697832823,2679,1.15625,0.7708333333333334,1.0
features,stake_scaled_net_profit,66,2080,2111,32,0.11259612441062927,0.20659440490464492,2723,1.375,0.7552083333333333,2.3333333333333335
features,stake_scaled_net_profit,67,2112,2143,32,-0.10793187469244003,0.29110424335363955,2757,1.0625,0.7994791666666666,1.3333333333333333
features,stake_scaled_net_profit,68,2144,2175,32,-0.02660830318927765,0.21360795622318968,2797,1.25,0.8229166666666667,1.0
features,stake_scaled_net_profit,69,2176,2207,32,-0.4979154169559479,0.1663953501698588,2835,1.1875,0.7552083333333333,1.3333333333333333
features,stake_scaled_net_profit,70,2208,2239,32,-0.44475531578063965,0.22276981115192135,2873,1.1875,0.7760416666666665,1.0
features,stake_scaled_net_profit,71,2240,2271,32,-0.3639037013053894,0.14631412038902974,2908,1.09375,0.8020833333333335,1.0
features,stake_scaled_net_profit,72,2272,2303,32,0.003523208200931549,0.13800164929958655,2944,1.125,0.7578125,1.3333333333333333
features,stake_scaled_net_profit,73,2304,2335,32,-0.13631993532180786,0.13793039430242218,2985,1.28125,0.7968749999999999,1.3333333333333333
features,stake_scaled_net_profit,74,2336,2367,32,-0.13529318571090698,0.2337946952051837,3021,1.125,0.8437499999999999,1.0833333333333333
features,stake_scaled_net_profit,75,2368,2399,32,-0.022593289613723755,0.09657158753565606,3058,1.15625,0.765625,1.3333333333333333
features,stake_scaled_net_profit,76,2400,2431,32,-0.14105825126171112,0.2990190085010473,3096,1.1875,0.7734375000000001,1.3333333333333333
features,stake_scaled_net_profit,77,2432,2463,32,-0.046626925468444824,0.33424049511969706,3136,1.25,0.8098958333333331,1.3333333333333333
features,stake_scaled_net_profit,78,2464,2495,32,-0.12412106990814209,0.20133444543460605,3173,1.15625,0.765625,1.0
features,stake_scaled_net_profit,79,2496,2527,32,0.05572444945573807,0.7354487420554013,3210,1.15625,0.7708333333333334,1.0
features,stake_scaled_net_profit,80,2528,2559,32,-0.13936257362365723,0.2818993006372826,3249,1.21875,0.7890625000000001,1.1666666666666667
features,stake_scaled_net_profit,81,2560,2591,32,-0.05781087279319763,0.2877024260705757,3287,1.1875,0.8072916666666665,1.3333333333333333
features,stake_scaled_net_profit,82,2592,2623,32,-0.009676493704319,0.35629550815983574,3323,1.125,0.7708333333333333,1.0833333333333333
features,stake_scaled_net_profit,83,2624,2655,32,-0.13488569855690002,0.23830178678093347,3366,1.34375,0.7526041666666666,1.3333333333333333
features,stake_scaled_net_profit,84,2656,2687,32,-0.24823212623596191,0.3093684752803595,3405,1.21875,0.7526041666666667,1.0833333333333333
features,stake_scaled_net_profit,85,2688,2719,32,-0.0023575536906719208,0.1447579818961537,3443,1.1875,0.7708333333333333,1.0833333333333333
features,stake_scaled_net_profit,86,2720,2751,32,-0.05624093860387802,0.2007186390086734,3481,1.1875,0.7239583333333334,1.0
features,stake_scaled_net_profit,87,2752,2783,32,-0.2579876780509949,0.38270730575702444,3519,1.1875,0.8072916666666665,1.1666666666666667
features,stake_scaled_net_profit,88,2784,2815,32,-0.06173184514045715,0.6638584227987975,3557,1.1875,0.8125,1.1666666666666667
features,stake_scaled_net_profit,89,2816,2847,32,-0.13984519243240356,0.15008904115271063,3592,1.09375,0.7421875000000001,1.0
features,stake_scaled_net_profit,90,2848,2879,32,-0.13707244396209717,0.3560899619267471,3629,1.15625,0.8541666666666664,2.3333333333333335
features,stake_scaled_net_profit,91,2880,2911,32,-0.03543943911790848,0.2684375399147104,3668,1.21875,0.7552083333333334,1.0
features,stake_scaled_net_profit,92,2912,2943,32,-0.23069876432418823,0.1506640674407749,3704,1.125,0.7604166666666666,1.0
features,stake_scaled_net_profit,93,2944,2975,32,0.02462059259414673,0.24164726960097088,3742,1.1875,0.8177083333333331,2.5
features,stake_scaled_net_profit,94,2976,3007,32,-0.030948899686336517,0.10000831889190805,3776,1.0625,0.7447916666666666,1.0
features,stake_scaled_net_profit,95,3008,3039,32,0.019788354635238647,0.13043057273906472,3814,1.1875,0.7161458333333335,1.0
features,stake_scaled_net_profit,96,3040,3071,32,-0.12492434680461884,0.09896255583626501,3851,1.15625,0.7239583333333335,1.0833333333333333
features,stake_scaled_net_profit,97,3072,3103,32,0.05482124909758568,0.5657625566278295,3888,1.15625,0.8333333333333331,1.3333333333333333
features,stake_scaled_net_profit,98,3104,3135,32,-0.34295904636383057,0.3333185339790295,3920,1.0,0.8281249999999999,1.0
features,stake_scaled_net_profit,99,3136,3167,32,0.0006790608167648315,0.23773151966053624,3959,1.21875,0.7656249999999998,1.0
features,stake_scaled_net_profit,100,3168,3199,32,0.01911007985472679,0.09495709862497934,3996,1.15625,0.7916666666666666,1.3333333333333333
features,stake_scaled_net_profit,101,3200,3231,32,-0.20274493098258972,0.12228324719056313,4038,1.3125,0.6718750000000001,1.0
features,stake_scaled_net_profit,102,3232,3263,32,-0.016578778624534607,0.20546074997746025,4076,1.1875,0.7682291666666667,2.3333333333333335
features,stake_scaled_net_profit,103,3264,3295,32,-0.35817718505859375,0.17080012308322423,4116,1.25,0.7812499999999999,1.3333333333333333
features,stake_scaled_net_profit,104,3296,3327,32,0.07737560570240021,0.2174428319450128,4158,1.3125,0.6770833333333334,1.0
features,stake_scaled_net_profit,105,3328,3359,32,0.047149527817964554,0.3643978472575135,4194,1.125,0.7708333333333335,1.3333333333333333
features,stake_scaled_net_profit,106,3360,3391,32,-0.185468852519989,0.21667408800560586,4230,1.125,0.7395833333333334,1.3333333333333333
features,stake_scaled_net_profit,107,3392,3423,32,-0.2790590226650238,0.3198167402281696,4268,1.1875,0.7916666666666667,1.3333333333333333
features,stake_scaled_net_profit,108,3424,3455,32,0.06695453822612762,0.22103417195657352,4305,1.15625,0.7708333333333335,1.3333333333333333
features,stake_scaled_net_profit,109,3456,3487,32,-0.32857969403266907,0.18021559256808883,4343,1.1875,0.7708333333333333,1.3333333333333333
features,stake_scaled_net_profit,110,3488,3519,32,-0.06025403365492821,0.22694658697089867,4380,1.15625,0.7213541666666667,1.1666666666666667
features,stake_scaled_net_profit,111,3520,3551,32,-0.18995526432991028,0.30539415634342165,4419,1.21875,0.7604166666666664,1.0
features,stake_scaled_net_profit,112,3552,3583,32,0.028581075370311737,0.23594745839559106,4456,1.15625,0.8567708333333334,2.3333333333333335
features,stake_scaled_net_profit,113,3584,3615,32,-0.10798872262239456,0.3338294333325835,4495,1.21875,0.7187499999999999,1.3333333333333333
features,stake_scaled_net_profit,114,3616,3647,32,-0.14541561901569366,0.11418098612619997,4533,1.1875,0.7552083333333334,1.0833333333333333
features,stake_scaled_net_profit,115,3648,3679,32,-0.07690222561359406,0.10468899770446641,4566,1.03125,0.7630208333333334,1.0
features,stake_scaled_net_profit,116,3680,3711,32,-0.10565821826457977,0.21167669923574647,4601,1.09375,0.7734374999999999,1.0833333333333333
features,stake_scaled_net_profit,117,3712,3743,32,0.02713770419359207,0.278413559941606,4640,1.21875,0.6874999999999998,1.0
features,stake_scaled_net_profit,118,3744,3775,32,-0.274572491645813,0.11981984049101667,4678,1.1875,0.7916666666666667,1.1666666666666667
features,stake_scaled_net_profit,119,3776,3807,32,0.041545987129211426,0.27884640236706626,4714,1.125,0.703125,1.0
features,stake_scaled_net_profit,120,3808,3839,32,-0.034427762031555176,0.3963869706527746,4747,1.03125,0.7552083333333334,1.1666666666666667
features,stake_scaled_net_profit,121,3840,3871,32,-0.08323828876018524,0.14521947877698066,4786,1.21875,0.7760416666666666,1.0
features,stake_scaled_net_profit,122,3872,3903,32,-0.007697170600295067,0.15990542213340903,4824,1.1875,0.6718749999999998,1.0
features,stake_scaled_net_profit,123,3904,3935,32,-0.010680064558982849,0.21337459819955598,4858,1.0625,0.7395833333333331,1.0
features,stake_scaled_net_profit,124,3936,3967,32,-0.04224483668804169,0.27895592756840304,4895,1.15625,0.7760416666666665,1.1666666666666667
features,stake_scaled_net_profit,125,3968,3999,32,0.1313026249408722,0.25768740073342233,4932,1.15625,0.6848958333333334,1.0
features,stake_scaled_net_profit,126,4000,4031,32,-0.28532734513282776,0.17827688618131243,4967,1.09375,0.8151041666666665,1.0
features,stake_scaled_net_profit,127,4032,4063,32,0.09598619490861893,0.657134699686736,5001,1.0625,0.8046874999999999,1.3333333333333333
features,stake_scaled_net_profit,128,4064,4095,32,0.058522772043943405,0.17849654880863136,5039,1.1875,0.6796875,1.0833333333333333
features,stake_scaled_net_profit,129,4096,4127,32,0.061185549944639206,0.5025947213872713,5076,1.15625,0.7682291666666665,1.0
features,stake_scaled_net_profit,130,4128,4159,32,-0.1244579404592514,0.4079964178350251,5112,1.125,0.7812499999999999,1.0
features,stake_scaled_net_profit,131,4160,4191,32,0.16680985689163208,0.16065556855847302,5147,1.09375,0.7890624999999999,1.1666666666666667
features,stake_scaled_net_profit,132,4192,4223,32,-0.008207306265830994,0.29159015969458213,5181,1.0625,0.7604166666666665,1.0833333333333333
features,stake_scaled_net_profit,133,4224,4255,32,-0.0011202916502952576,0.13306051471902025,5220,1.21875,0.7682291666666665,1.0833333333333333
features,stake_scaled_net_profit,134,4256,4287,32,0.004586651921272278,0.07014476101598294,5256,1.125,0.7083333333333331,1.0
features,stake_scaled_net_profit,135,4288,4319,32,-0.21432694792747498,0.25656280809132975,5291,1.09375,0.8229166666666666,1.3333333333333333
features,stake_scaled_net_profit,136,4320,4351,32,-0.2281266450881958,0.3429788379407491,5328,1.15625,0.796875,1.0
features,stake_scaled_net_profit,137,4352,4383,32,-0.06994043290615082,0.35506561247180113,5363,1.09375,0.7630208333333334,1.1666666666666667
features,stake_scaled_net_profit,138,4384,4415,32,-0.17256668210029602,0.28010311952948075,5402,1.21875,0.6640625,1.0
features,stake_scaled_net_profit,139,4416,4447,32,-0.05806836485862732,0.2033646788316948,5443,1.28125,0.703125,1.0
features,stake_scaled_net_profit,140,4448,4479,32,-0.24212905764579773,0.16267135797377202,5478,1.09375,0.7864583333333333,1.3333333333333333
features,stake_scaled_net_profit,141,4480,4511,32,0.08439522981643677,0.46959129559094337,5512,1.0625,0.7083333333333331,1.0
features,stake_scaled_net_profit,142,4512,4543,32,-0.032628051936626434,0.15762312644145038,5546,1.0625,0.8046874999999999,1.1666666666666667
features,stake_scaled_net_profit,143,4544,4575,32,-0.1285112500190735,0.12885779641365813,5581,1.09375,0.7291666666666666,1.1666666666666667
features,stake_scaled_net_profit,144,4576,4607,32,0.221030592918396,0.15005098994607477,5616,1.09375,0.7473958333333333,1.3333333333333333
features,stake_scaled_net_profit,145,4608,4639,32,-0.11390574276447296,0.44486529555840204,5652,1.125,0.765625,1.0
features,stake_scaled_net_profit,146,4640,4671,32,0.13975957036018372,0.4732852732232565,5691,1.21875,0.7838541666666667,1.1666666666666667
features,stake_scaled_net_profit,147,4672,4703,32,-0.000682637095451355,0.1167681925169906,5737,1.4375,0.7187500000000001,1.0
features,stake_scaled_net_profit,148,4704,4735,32,-0.12580245733261108,0.19287532517803105,5773,1.125,0.75,1.0
features,stake_scaled_net_profit,149,4736,4767,32,-0.13610661029815674,0.22770785412734562,5809,1.125,0.78125,1.3333333333333333
features,stake_scaled_net_profit,150,4768,4799,32,-0.25511229038238525,0.2930375934010809,5849,1.25,0.6927083333333334,1.0
features,stake_scaled_net_profit,151,4800,4831,32,-0.013017360121011734,0.38515031268270367,5887,1.1875,0.8098958333333333,1.3333333333333333
features,stake_scaled_net_profit,152,4832,4863,32,-0.20256653428077698,0.33513158516675867,5927,1.25,0.8151041666666665,1.0
features,stake_scaled_net_profit,153,4864,4895,32,-0.48793286085128784,0.14062014568686254,5972,1.40625,0.8020833333333334,1.3333333333333333
features,stake_scaled_net_profit,154,4896,4927,32,-0.27406325936317444,0.38808684353782,6011,1.21875,0.7812500000000001,1.0
features,stake_scaled_net_profit,155,4928,4959,32,-0.03507613390684128,0.15769060365043489,6048,1.15625,0.7708333333333333,1.3333333333333333
features,stake_scaled_net_profit,156,4960,4991,32,0.1169581487774849,0.25335140559342295,6088,1.25,0.7291666666666665,1.0
features,stake_scaled_net_profit,157,4992,5023,32,0.17767831683158875,0.2964201986016645,6128,1.25,0.7656250000000001,1.1666666666666667
features,stake_scaled_net_profit,158,5024,5055,32,-0.1574287712574005,0.3400655153983823,6170,1.3125,0.7526041666666666,1.0
features,stake_scaled_net_profit,159,5056,5087,32,0.0809813067317009,0.17202960336157028,6209,1.21875,0.7265625,1.1666666666666667
features,stake_scaled_net_profit,160,5088,5119,32,-0.10468226671218872,0.1927981634104212,6247,1.1875,0.7994791666666665,1.3333333333333333
features,stake_scaled_net_profit,161,5120,5151,32,-0.09417998790740967,0.2071836171214515,6290,1.34375,0.7343750000000002,1.3333333333333333
features,stake_scaled_net_profit,162,5152,5183,32,0.0581887885928154,0.2617697056273714,6329,1.21875,0.7395833333333335,1.1666666666666667
features,stake_scaled_net_profit,163,5184,5215,32,0.003408702090382576,0.22469421139230725,6365,1.125,0.7890625,1.0
features,stake_scaled_net_profit,164,5216,5247,32,0.009039193391799927,0.38834630602897374,6402,1.15625,0.7734375000000001,1.1666666666666667
features,stake_scaled_net_profit,165,5248,5279,32,0.23837456107139587,0.27214991675467703,6443,1.28125,0.7369791666666667,1.3333333333333333
features,stake_scaled_net_profit,166,5280,5311,32,-0.27856019139289856,0.2502089725278961,6478,1.09375,0.7604166666666666,1.0
features,stake_scaled_net_profit,167,5312,5343,32,-0.23111607134342194,0.19283995827741462,6517,1.21875,0.8333333333333334,1.3333333333333333
features,stake_scaled_net_profit,168,5344,5375,32,-0.1849040985107422,0.19521295302926994,6556,1.21875,0.765625,1.0
features,stake_scaled_net_profit,169,5376,5407,32,-0.009840758517384529,0.11420375190335669,6590,1.0625,0.7994791666666665,1.0
features,stake_scaled_net_profit,170,5408,5439,32,0.08909761905670166,0.272885944993753,6635,1.40625,0.7682291666666667,1.3333333333333333
features,stake_scaled_net_profit,171,5440,5471,32,-0.06719928979873657,0.12065708420786184,6671,1.125,0.8463541666666666,2.3333333333333335
features,stake_scaled_net_profit,172,5472,5503,32,-0.14586709439754486,0.226566289725202,6712,1.28125,0.7916666666666666,1.0833333333333333
features,stake_scaled_net_profit,173,5504,5535,32,-0.1550542712211609,0.22284469076081684,6749,1.15625,0.7786458333333333,1.0
features,stake_scaled_net_profit,174,5536,5567,32,-0.510582447052002,0.18155466331431275,6789,1.25,0.7734374999999999,1.0
features,stake_scaled_net_profit,175,5568,5599,32,0.015079990029335022,0.39314749573082924,6829,1.25,0.7604166666666666,2.1666666666666665
features,stake_scaled_net_profit,176,5600,5631,32,0.0411902479827404,0.1707154693341108,6874,1.40625,0.7057291666666665,1.1666666666666667
features,stake_scaled_net_profit,177,5632,5663,32,0.06666122376918793,0.21884919346598294,6912,1.1875,0.7630208333333334,1.3333333333333333
features,stake_scaled_net_profit,178,5664,5695,32,-0.3044005036354065,0.19332904569105425,6949,1.15625,0.8489583333333331,2.3333333333333335
features,stake_scaled_net_profit,179,5696,5727,32,-0.22688166797161102,0.25697723204346784,6987,1.1875,0.7890625000000001,1.0
features,stake_scaled_net_profit,180,5728,5759,32,0.22547954320907593,0.16954116587952392,7026,1.21875,0.6979166666666666,1.0833333333333333
features,stake_scaled_net_profit,181,5760,5791,32,-0.1423555612564087,0.2282691890411504,7068,1.3125,0.7578125000000001,1.3333333333333333
features,stake_scaled_net_profit,182,5792,5823,32,-0.1894950419664383,0.2463581219755296,7112,1.375,0.7552083333333334,1.1666666666666667
features,stake_scaled_net_profit,183,5824,5855,32,-0.231917604804039,0.13120513624117708,7149,1.15625,0.7083333333333331,1.0
features,stake_scaled_net_profit,184,5856,5887,32,-0.03483933210372925,0.11562527540857108,7181,1.0,0.7604166666666667,1.0
features,stake_scaled_net_profit,185,5888,5919,32,-0.18281441926956177,0.15473613445240356,7223,1.3125,0.7734375,1.3333333333333333
features,stake_scaled_net_profit,186,5920,5951,32,0.006531905382871628,0.12657601464097956,7263,1.25,0.6536458333333335,1.0
features,stake_scaled_net_profit,187,5952,5983,32,-0.07590224593877792,0.18104427443157123,7300,1.15625,0.7942708333333334,1.1666666666666667
features,stake_scaled_net_profit,188,5984,6015,32,0.005760236643254757,0.1807807620515314,7336,1.125,0.6953125,1.0
features,stake_scaled_net_profit,189,6016,6047,32,0.026176199316978455,0.19555270261807908,7375,1.21875,0.6848958333333335,1.0833333333333333
features,stake_scaled_net_profit,190,6048,6079,32,0.07320989668369293,0.1430723911271952,7412,1.15625,0.640625,1.0
features,stake_scaled_net_profit,191,6080,6111,32,-0.20947478711605072,0.16952842765702228,7456,1.375,0.7135416666666665,1.0
features,stake_scaled_net_profit,192,6112,6143,32,0.016859762370586395,0.23998468993873406,7496,1.25,0.7369791666666667,1.1666666666666667
features,stake_scaled_net_profit,193,6144,6175,32,-0.09274804592132568,0.46816225545179,7539,1.34375,0.7083333333333333,1.1666666666666667
features,stake_scaled_net_profit,194,6176,6207,32,0.04353093355894089,0.183747838722394,7578,1.21875,0.6458333333333334,1.0
features,stake_scaled_net_profit,195,6208,6239,32,0.07288576662540436,0.6412158790104854,7616,1.1875,0.7760416666666666,2.0
features,stake_scaled_net_profit,196,6240,6271,32,-0.2641206383705139,0.2631723834615425,7658,1.3125,0.7734375,1.1666666666666667
features,stake_scaled_net_profit,197,6272,6303,32,-0.17695274949073792,0.15892303521321782,7697,1.21875,0.7369791666666666,1.0
features,stake_scaled_net_profit,198,6304,6335,32,-0.06616359204053879,0.13497196259725763,7740,1.34375,0.6718750000000001,1.0
features,stake_scaled_net_profit,199,6336,6367,32,0.06785005331039429,0.25165072129640254,7783,1.34375,0.7005208333333335,1.3333333333333333
features,stake_scaled_net_profit,200,6368,6399,32,-0.050239261239767075,0.2325884193026712,7820,1.15625,0.7682291666666665,1.1666666666666667
features,stake_scaled_net_profit,201,6400,6431,32,0.04500354826450348,0.17902184476218067,7864,1.375,0.7161458333333333,1.3333333333333333
features,stake_scaled_net_profit,202,6432,6463,32,0.11807708442211151,0.13536282730244334,7913,1.53125,0.6302083333333333,1.1666666666666667
features,stake_scaled_net_profit,203,6464,6495,32,-0.2034069150686264,0.3521141222110393,7953,1.25,0.8177083333333331,1.0
features,stake_scaled_net_profit,204,6496,6527,32,-0.1786331832408905,0.10423142147295421,7992,1.21875,0.7161458333333333,1.0
features,stake_scaled_net_profit,205,6528,6559,32,-0.204668790102005,0.1742144376342751,8033,1.28125,0.7213541666666667,1.0833333333333333
features,stake_scaled_net_profit,206,6560,6591,32,-0.2089197188615799,0.18659564606440956,8075,1.3125,0.7760416666666666,1.0
features,stake_scaled_net_profit,207,6592,6623,32,-0.03480572625994682,0.2465455289767081,8123,1.5,0.7369791666666665,1.0
features,stake_scaled_net_profit,208,6624,6655,32,-0.1502111554145813,0.3287473820747324,8178,1.71875,0.6484375000000001,1.1666666666666667
features,stake_scaled_net_profit,209,6656,6687,32,-0.18396516144275665,0.10375744126245512,8222,1.375,0.7265625,1.1666666666666667
features,stake_scaled_net_profit,210,6688,6719,32,0.053289078176021576,0.10513265100116931,8265,1.34375,0.7291666666666665,1.1666666666666667
features,stake_scaled_net_profit,211,6720,6751,32,-0.10476348549127579,0.2978199832629048,8312,1.46875,0.6927083333333333,1.1666666666666667
features,stake_scaled_net_profit,212,6752,6783,32,-0.11552223563194275,0.13053366686703716,8359,1.46875,0.7135416666666667,1.0
features,stake_scaled_net_profit,213,6784,6815,32,-0.12323480099439621,0.1992044534589623,8397,1.1875,0.7499999999999998,1.0
features,stake_scaled_net_profit,214,6816,6847,32,-0.4206140339374542,0.1863256556083441,8439,1.3125,0.7578124999999998,1.0833333333333333
features,stake_scaled_net_profit,215,6848,6879,32,-0.2148381471633911,0.10966784034324704,8482,1.34375,0.7187500000000001,1.3333333333333333
features,stake_scaled_net_profit,216,6880,6911,32,-0.00513065978884697,0.1083836183398133,8525,1.34375,0.6562499999999999,1.0
features,stake_scaled_net_profit,217,6912,6943,32,-0.24084319174289703,0.13006396953624533,8567,1.3125,0.734375,1.0
features,stake_scaled_net_profit,218,6944,6975,32,-0.18308381736278534,0.08371714707510461,8617,1.5625,0.59375,1.0
features,stake_scaled_net_profit,219,6976,7007,32,-0.13841432332992554,0.20066425528326545,8668,1.59375,0.6328125000000002,1.0833333333333333
features,stake_scaled_net_profit,220,7008,7039,32,-0.11323826760053635,0.18820322530141964,8719,1.59375,0.65625,1.0
features,stake_scaled_net_profit,221,7040,7071,32,-0.0867498517036438,0.13439880675572802,8769,1.5625,0.6927083333333331,1.1666666666666667
features,stake_scaled_net_profit,222,7072,7103,32,-0.023074612021446228,0.15367723978529235,8811,1.3125,0.7291666666666665,1.0833333333333333
features,stake_scaled_net_profit,223,7104,7135,32,0.0020249243825674057,0.12350873063303104,8854,1.34375,0.7343749999999999,1.1666666666666667
features,stake_scaled_net_profit,224,7136,7167,32,-0.15957438945770264,0.145278329338462,8897,1.34375,0.7213541666666666,1.0
features,stake_scaled_net_profit,225,7168,7199,32,-0.240719735622406,0.2078153032716762,8940,1.34375,0.7317708333333333,1.0
features,stake_scaled_net_profit,226,7200,7231,32,-0.03314243257045746,0.2546173540157729,8987,1.46875,0.7317708333333331,2.3333333333333335
features,stake_scaled_net_profit,227,7232,7263,32,-0.17593714594841003,0.12408799831141673,9040,1.65625,0.6171875,1.0
features,stake_scaled_net_profit,228,7264,7295,32,-0.3426089882850647,0.21869935652278366,9082,1.3125,0.7942708333333333,1.1666666666666667
features,stake_scaled_net_profit,229,7296,7327,32,-0.199051171541214,0.12739642317067812,9131,1.53125,0.6536458333333333,1.3333333333333333
features,stake_scaled_net_profit,230,7328,7359,32,-0.24059659242630005,0.13508987580237772,9179,1.5,0.7005208333333334,1.0
features,stake_scaled_net_profit,231,7360,7391,32,-0.06991122663021088,0.18883516701451908,9224,1.40625,0.7291666666666665,2.3333333333333335
features,stake_scaled_net_profit,232,7392,7423,32,-0.15135356783866882,0.23090417228635912,9276,1.625,0.6328124999999999,1.0
features,stake_scaled_net_profit,233,7424,7455,32,-0.08405551314353943,0.09824801420885271,9323,1.46875,0.6718750000000001,1.0833333333333333
features,stake_scaled_net_profit,234,7456,7487,32,0.009522508829832077,0.15800213944032437,9369,1.4375,0.6328125000000001,1.0
features,stake_scaled_net_profit,235,7488,7519,32,0.06812462210655212,0.12902498747132032,9412,1.34375,0.6458333333333333,1.3333333333333333
features,stake_scaled_net_profit,236,7520,7551,32,-0.4597485661506653,0.14680705007580422,9458,1.4375,0.7239583333333333,1.0833333333333333
features,stake_scaled_net_profit,237,7552,7583,32,-0.17071931064128876,0.1741628716066577,9506,1.5,0.6666666666666666,1.0
features,stake_scaled_net_profit,238,7584,7615,32,-0.11487959325313568,0.30161497925217556,9554,1.5,0.6927083333333331,1.0
features,stake_scaled_net_profit,239,7616,7647,32,0.07923950254917145,0.11368462493958759,9605,1.59375,0.6041666666666667,1.0
features,stake_scaled_net_profit,240,7648,7679,32,-0.1920056939125061,0.1196595381578502,9646,1.28125,0.6979166666666665,1.0
features,stake_scaled_net_profit,241,7680,7711,32,0.13796007633209229,0.09791379308970147,9690,1.375,0.59375,1.0
features,stake_scaled_net_profit,242,7712,7743,32,-0.6432504057884216,0.15938883946443075,9736,1.4375,0.7552083333333331,1.0
features,stake_scaled_net_profit,243,7744,7775,32,-0.1886143833398819,0.1330996954941876,9782,1.4375,0.6354166666666665,1.0
features,stake_scaled_net_profit,244,7776,7807,32,-0.13746798038482666,0.15031891736331252,9833,1.59375,0.6979166666666667,1.3333333333333333
features,stake_scaled_net_profit,245,7808,7839,32,0.01141928881406784,0.10270028317282998,9877,1.375,0.6692708333333334,1.0
features,stake_scaled_net_profit,246,7840,7871,32,-0.12475913763046265,0.22928925433060127,9928,1.59375,0.5885416666666665,1.0
features,stake_scaled_net_profit,247,7872,7903,32,-0.2167510688304901,0.32387086054793246,9971,1.34375,0.7734374999999997,2.3333333333333335
features,stake_scaled_net_profit,248,7904,7935,32,-0.24955403804779053,0.1991501234236784,10016,1.40625,0.6979166666666667,1.0
features,stake_scaled_net_profit,249,7936,7967,32,-0.24604839086532593,0.1653164436526048,10066,1.5625,0.6927083333333334,1.1666666666666667
features,stake_scaled_net_profit,250,7968,7999,32,-0.1366872787475586,0.1482139656205366,10114,1.5,0.7057291666666667,1.1666666666666667
features,stake_scaled_net_profit,251,8000,8031,32,0.11193738132715225,0.1380244578129503,10156,1.3125,0.6458333333333334,1.0
features,stake_scaled_net_profit,252,8032,8063,32,-0.2097530961036682,0.13126959307355487,10207,1.59375,0.6718749999999999,1.3333333333333333
features,stake_scaled_net_profit,253,8064,8095,32,-0.2625126540660858,0.18862534148123963,10259,1.625,0.6927083333333334,1.1666666666666667
features,stake_scaled_net_profit,254,8096,8127,32,-0.17466655373573303,0.1888023744688598,10306,1.46875,0.7291666666666666,1.3333333333333333
features,stake_scaled_net_profit,255,8128,8159,32,0.05457676202058792,0.3121291093896194,10358,1.625,0.6406249999999999,1.0
features,stake_scaled_net_profit,256,8160,8191,32,-0.3091809153556824,0.19245051627018878,10406,1.5,0.6770833333333333,1.0
features,stake_scaled_net_profit,257,8192,8223,32,0.08059216290712357,0.14320296975176694,10461,1.71875,0.6380208333333335,1.0
features,stake_scaled_net_profit,258,8224,8255,32,-0.1819477528333664,0.1503369118103937,10515,1.6875,0.6250000000000002,1.1666666666666667
features,stake_scaled_net_profit,259,8256,8287,32,-0.07131726294755936,0.10704460115160655,10566,1.59375,0.6145833333333334,1.0
features,stake_scaled_net_profit,260,8288,8319,32,-0.2407451570034027,0.19079535674949188,10612,1.4375,0.6822916666666665,1.0
features,stake_scaled_net_profit,261,8320,8351,32,-0.12402009963989258,0.2582382541190459,10658,1.4375,0.6458333333333334,1.0
features,stake_scaled_net_profit,262,8352,8383,32,0.2643618583679199,0.1309990562372869,10705,1.46875,0.5651041666666667,1.0833333333333333
features,stake_scaled_net_profit,263,8384,8415,32,-0.2540140748023987,0.1735564386625115,10756,1.59375,0.6874999999999999,1.1666666666666667
features,stake_scaled_net_profit,264,8416,8447,32,0.011733973398804665,0.14369163881064206,10804,1.5,0.6953124999999999,1.0
features,stake_scaled_net_profit,265,8448,8479,32,-0.20091025531291962,0.16203776408695642,10853,1.53125,0.6250000000000002,1.0
features,stake_scaled_net_profit,266,8480,8511,32,-0.11166636645793915,0.22483525759091652,10902,1.53125,0.7057291666666664,1.1666666666666667
features,stake_scaled_net_profit,267,8512,8543,32,0.1310805231332779,0.2527980063623743,10955,1.65625,0.5885416666666666,1.0
features,stake_scaled_net_profit,268,8544,8575,32,-0.039421483874320984,0.2525356257585178,11006,1.59375,0.6406249999999999,1.0
features,stake_scaled_net_profit,269,8576,8607,32,-0.17694197595119476,0.15196868890334322,11055,1.53125,0.6901041666666667,1.0
features,stake_scaled_net_profit,270,8608,8639,32,-0.3117186725139618,0.21127389805338856,11102,1.46875,0.7265624999999998,1.0
features,stake_scaled_net_profit,271,8640,8671,32,-0.3536641597747803,0.21796426467048574,11153,1.59375,0.7369791666666666,1.3333333333333333
features,stake_scaled_net_profit,272,8672,8703,32,0.11043872684240341,0.26699520576099756,11204,1.59375,0.6562500000000002,1.3333333333333333
features,stake_scaled_net_profit,273,8704,8735,32,0.033707790076732635,0.21915191363047787,11251,1.46875,0.6875000000000002,1.0
features,stake_scaled_net_profit,274,8736,8767,32,0.2915346026420593,0.13778030310455833,11303,1.625,0.6666666666666667,1.3333333333333333
features,stake_scaled_net_profit,275,8768,8799,32,-0.2619173228740692,0.21286542958877475,11353,1.5625,0.6796875,1.0
features,stake_scaled_net_profit,276,8800,8831,32,0.20987342298030853,0.17584746964098483,11401,1.5,0.6692708333333334,1.1666666666666667
features,stake_scaled_net_profit,277,8832,8863,32,0.004149511456489563,0.15375082957709926,11447,1.4375,0.6145833333333334,1.0
features,stake_scaled_net_profit,278,8864,8895,32,-0.02674250304698944,0.3991843297373656,11500,1.65625,0.6927083333333334,1.3333333333333333
features,stake_scaled_net_profit,279,8896,8927,32,-0.2796625792980194,0.24464529573675403,11543,1.34375,0.703125,1.0
features,stake_scaled_net_profit,280,8928,8959,32,-0.1023307740688324,0.27867103950976874,11593,1.5625,0.7109375,1.3333333333333333
features,stake_scaled_net_profit,281,8960,8991,32,0.033989038318395615,0.21272166198840853,11649,1.75,0.6718750000000001,1.1666666666666667
features,stake_scaled_net_profit,282,8992,9023,32,0.12022049725055695,0.36789668716764296,11699,1.5625,0.640625,1.0
features,stake_scaled_net_profit,283,9024,9055,32,-0.2441501021385193,0.20798157960938757,11753,1.6875,0.6614583333333333,1.0833333333333333
features,stake_scaled_net_profit,284,9056,9087,32,-0.45761796832084656,0.18581823713156922,11800,1.46875,0.7187500000000001,1.0
features,stake_scaled_net_profit,285,9088,9119,32,-0.3234007954597473,0.28539476832120075,11849,1.53125,0.6458333333333334,1.0
features,stake_scaled_net_profit,286,9120,9151,32,-0.14444176852703094,0.1889929311583345,11897,1.5,0.6901041666666667,1.3333333333333333
features,stake_scaled_net_profit,287,9152,9183,32,0.05105135589838028,0.3105205137675804,11954,1.78125,0.5729166666666666,1.0
features,stake_scaled_net_profit,288,9184,9215,32,-0.10339009761810303,0.18271561649774418,12005,1.59375,0.7005208333333333,1.0
features,stake_scaled_net_profit,289,9216,9247,32,0.0892907977104187,0.20342971889270134,12054,1.53125,0.6796875,1.3333333333333333
features,stake_scaled_net_profit,290,9248,9279,32,-0.038044605404138565,0.2620857928453092,12103,1.53125,0.7369791666666666,2.1666666666666665
features,stake_scaled_net_profit,291,9280,9311,32,-0.4109974801540375,0.22992913372586204,12159,1.75,0.6614583333333334,1.0
features,stake_scaled_net_profit,292,9312,9343,32,0.0608891099691391,0.15582106399019063,12209,1.5625,0.5937499999999999,1.3333333333333333
features,stake_scaled_net_profit,293,9344,9375,32,-0.09384498000144958,0.2771629455547644,12262,1.65625,0.6484375,1.0
features,stake_scaled_net_profit,294,9376,9407,32,-0.11022480577230453,0.14471368512817484,12317,1.71875,0.6953125000000001,1.3333333333333333
features,stake_scaled_net_profit,295,9408,9439,32,0.08548940718173981,0.3809041399945718,12367,1.5625,0.609375,1.0
features,stake_scaled_net_profit,296,9440,9471,32,0.013385102152824402,0.23785314635876129,12416,1.53125,0.7005208333333335,1.1666666666666667
features,stake_scaled_net_profit,297,9472,9503,32,0.2190166711807251,0.16975983328293512,12463,1.46875,0.671875,1.3333333333333333
features,stake_scaled_net_profit,298,9504,9535,32,-0.29983869194984436,0.2782037418463932,12519,1.75,0.5989583333333334,1.0833333333333333
features,stake_scaled_net_profit,299,9536,9567,32,-0.26686370372772217,0.18054966343833143,12563,1.375,0.7526041666666666,1.3333333333333333
features,stake_scaled_net_profit,300,9568,9599,32,0.051911234855651855,0.13949671325868188,12608,1.40625,0.6875000000000002,1.1666666666666667
features,stake_scaled_net_profit,301,9600,9631,32,-0.17580099403858185,0.14513402530349975,12653,1.40625,0.6979166666666666,1.0
features,stake_scaled_net_profit,302,9632,9663,32,-0.1497531533241272,0.12158453067546232,12706,1.65625,0.6666666666666666,1.1666666666666667
features,stake_scaled_net_profit,303,9664,9695,32,0.022910557687282562,0.1435614120868877,12762,1.75,0.6302083333333333,1.3333333333333333
features,stake_scaled_net_profit,304,9696,9727,32,-0.3912247121334076,0.14334267937130504,12810,1.5,0.7239583333333333,1.3333333333333333
features,stake_scaled_net_profit,305,9728,9759,32,-0.06918369978666306,0.14094633345413748,12855,1.40625,0.7005208333333336,1.0
features,stake_scaled_net_profit,306,9760,9791,32,-0.2971816658973694,0.19190566096239356,12909,1.6875,0.6848958333333334,1.1666666666666667
features,stake_scaled_net_profit,307,9792,9823,32,-0.04283326864242554,0.11972886635445282,12954,1.40625,0.6432291666666666,1.0
features,stake_scaled_net_profit,308,9824,9855,32,-0.07571130990982056,0.13108251181919017,13001,1.46875,0.6458333333333335,1.0
features,stake_scaled_net_profit,309,9856,9887,32,0.16177847981452942,0.25090945883993016,13054,1.65625,0.6744791666666666,1.3333333333333333
features,stake_scaled_net_profit,310,9888,9919,32,-0.27335622906684875,0.15102189551413817,13108,1.6875,0.6171875,1.0
features,stake_scaled_net_profit,311,9920,9951,32,-0.4370269477367401,0.3250841229621889,13159,1.59375,0.6718750000000001,1.0
features,stake_scaled_net_profit,312,9952,9983,32,-0.04025823995471001,0.2543154845417533,13204,1.40625,0.6822916666666666,1.0
features,stake_scaled_net_profit,313,9984,10015,32,-0.19802643358707428,0.21751500491109038,13252,1.5,0.5703125000000001,1.0
features,stake_scaled_net_profit,314,10016,10047,32,-0.005330292508006096,0.21407307877434154,13304,1.625,0.7317708333333334,1.0
features,stake_scaled_net_profit,315,10048,10079,32,0.05296710506081581,0.233529069484842,13354,1.5625,0.6197916666666667,1.3333333333333333
features,stake_scaled_net_profit,316,10080,10111,32,0.04001264274120331,0.343291723713491,13403,1.53125,0.6953125,1.3333333333333333
features,stake_scaled_net_profit,317,10112,10143,32,-0.3296539783477783,0.22536535176572545,13454,1.59375,0.6510416666666666,1.0
features,stake_scaled_net_profit,318,10144,10175,32,-0.28684908151626587,0.1365648310996739,13503,1.53125,0.6874999999999999,1.0
features,stake_scaled_net_profit,319,10176,10207,32,-0.1195383071899414,0.2673913632430729,13546,1.34375,0.7395833333333331,1.0833333333333333
features,stake_scaled_net_profit,320,10208,10239,32,-0.11544065922498703,0.16254951734112685,13596,1.5625,0.6666666666666666,1.0
features,stake_scaled_net_profit,321,10240,10271,32,-0.19898788630962372,0.17123527259376312,13643,1.46875,0.6744791666666667,1.0
features,stake_scaled_net_profit,322,10272,10303,32,-0.295612096786499,0.34559536866071616,13696,1.65625,0.6796875000000001,1.0
features,stake_scaled_net_profit,323,10304,10335,32,-0.5575568079948425,0.33167353646210596,13739,1.34375,0.7500000000000001,1.0
features,stake_scaled_net_profit,324,10336,10367,32,-0.05463176220655441,0.11561208849246504,13782,1.34375,0.671875,1.3333333333333333
features,stake_scaled_net_profit,325,10368,10399,32,0.1918734610080719,0.10241683076993979,13827,1.40625,0.6744791666666666,1.0
features,stake_scaled_net_profit,326,10400,10431,32,0.06176992505788803,0.26719629951834684,13869,1.3125,0.7239583333333333,1.3333333333333333
features,stake_scaled_net_profit,327,10432,10463,32,0.17743736505508423,0.10514468771320015,13913,1.375,0.7005208333333333,1.1666666666666667
features,stake_scaled_net_profit,328,10464,10495,32,-0.20337004959583282,0.21203086018784595,13956,1.34375,0.734375,1.0
features,stake_scaled_net_profit,329,10496,10527,32,0.10242211818695068,0.13103187194848037,14001,1.40625,0.6666666666666667,1.1666666666666667
features,stake_scaled_net_profit,330,10528,10559,32,0.10947532951831818,0.19927842550797936,14047,1.4375,0.6666666666666666,1.0833333333333333
features,stake_scaled_net_profit,331,10560,10591,32,-0.3494815230369568,0.11224183643743761,14091,1.375,0.7447916666666666,1.3333333333333333
features,stake_scaled_net_profit,332,10592,10623,32,0.01912168227136135,0.3239788341476437,14141,1.5625,0.6250000000000001,1.3333333333333333
features,stake_scaled_net_profit,333,10624,10655,32,-0.11110719293355942,0.22844314056141876,14187,1.4375,0.6875000000000001,1.0833333333333333
features,stake_scaled_net_profit,334,10656,10687,32,-0.11822004616260529,0.11225764685753357,14231,1.375,0.6875000000000001,1.0
features,stake_scaled_net_profit,335,10688,10719,32,-0.1776895523071289,0.2741255057689914,14286,1.71875,0.6562499999999999,1.0
features,stake_scaled_net_profit,336,10720,10751,32,0.2881276607513428,0.1804768286241633,14330,1.375,0.7031249999999999,2.1666666666666665
features,stake_scaled_net_profit,337,10752,10783,32,0.11223046481609344,0.1582952247847455,14381,1.59375,0.5963541666666665,1.0
features,stake_scaled_net_profit,338,10784,10815,32,-0.012542583048343658,0.18817722721330862,14427,1.4375,0.5520833333333333,0.8333333333333334
features,stake_scaled_net_profit,339,10816,10847,32,-0.14799119532108307,0.21993979505306377,14469,1.3125,0.6302083333333331,1.0
features,stake_scaled_net_profit,340,10848,10879,32,-0.2387453317642212,0.1745270240732062,14512,1.34375,0.7890625,1.3333333333333333
features,stake_scaled_net_profit,341,10880,10911,32,-0.22311623394489288,0.2115649316682296,14556,1.375,0.7447916666666665,1.0
features,stake_scaled_net_profit,342,10912,10943,32,-0.31835436820983887,0.2292787165999587,14601,1.40625,0.6927083333333331,1.0
features,stake_scaled_net_profit,343,10944,10975,32,-0.13975119590759277,0.12351106037154733,14640,1.21875,0.7239583333333335,1.0
features,stake_scaled_net_profit,344,10976,11007,32,-0.38558101654052734,0.3890057034666197,14686,1.4375,0.6953125,1.0
features,stake_scaled_net_profit,345,11008,11039,32,-0.13570597767829895,0.25910701403494774,14730,1.375,0.7239583333333335,1.1666666666666667
features,stake_scaled_net_profit,346,11040,11071,32,-0.21727736294269562,0.2334169364659915,14773,1.34375,0.7031250000000001,1.0833333333333333
features,stake_scaled_net_profit,347,11072,11103,32,-0.066459521651268,0.19205088853508392,14816,1.34375,0.7135416666666666,1.1666666666666667
features,stake_scaled_net_profit,348,11104,11135,32,0.1132453978061676,0.16715959238458708,14864,1.5,0.6197916666666667,1.1666666666666667
features,stake_scaled_net_profit,349,11136,11167,32,0.028265252709388733,0.3205591495935704,14913,1.53125,0.7291666666666666,2.5
features,stake_scaled_net_profit,350,11168,11199,32,0.02736213244497776,0.20027953807085705,14966,1.65625,0.6145833333333333,1.0
features,stake_scaled_net_profit,351,11200,11231,32,-0.25078243017196655,0.20672252696145946,15009,1.34375,0.6354166666666666,1.0
features,stake_scaled_net_profit,352,11232,11263,32,-0.046784285455942154,0.3299911886061578,15058,1.53125,0.671875,1.1666666666666667
features,stake_scaled_net_profit,353,11264,11295,32,-0.26760926842689514,0.35159135623103116,15097,1.21875,0.7734375,1.0833333333333333
features,stake_scaled_net_profit,354,11296,11327,32,-0.07843215763568878,0.1884037486890263,15143,1.4375,0.6458333333333334,1.0
features,stake_scaled_net_profit,355,11328,11359,32,-0.2059456706047058,0.25860848465399494,15185,1.3125,0.6770833333333333,1.0
features,stake_scaled_net_profit,356,11360,11391,32,-0.06877477467060089,0.13954354491867035,15231,1.4375,0.6614583333333335,1.1666666666666667
features,stake_scaled_net_profit,357,11392,11423,32,-0.6938737630844116,0.38086379265152986,15273,1.3125,0.7812499999999999,1.0
features,stake_scaled_net_profit,358,11424,11455,32,0.021527603268623352,0.18728439650438794,15318,1.40625,0.6927083333333333,1.1666666666666667
features,stake_scaled_net_profit,359,11456,11487,32,-0.43891745805740356,0.2225043868000944,15360,1.3125,0.734375,1.0
features,stake_scaled_net_profit,360,11488,11519,32,0.0027980729937553406,0.2252799192293162,15402,1.3125,0.6562499999999999,1.1666666666666667
features,stake_scaled_net_profit,361,11520,11551,32,-0.4486631453037262,0.36217530080803,15447,1.40625,0.7630208333333335,1.0
features,stake_scaled_net_profit,362,11552,11583,32,-0.1252104490995407,0.238238513004608,15494,1.46875,0.6588541666666666,1.0
features,stake_scaled_net_profit,363,11584,11615,32,-0.13032715022563934,0.22014728429861258,15536,1.3125,0.7942708333333333,1.3333333333333333
features,stake_scaled_net_profit,364,11616,11647,32,-0.38937637209892273,0.3070075737394941,15580,1.375,0.7369791666666665,1.0833333333333333
features,stake_scaled_net_profit,365,11648,11679,32,-0.023713305592536926,0.14643371650572015,15621,1.28125,0.7187499999999999,1.3333333333333333
features,stake_scaled_net_profit,366,11680,11711,32,-0.35402417182922363,0.22599216698172608,15664,1.34375,0.7239583333333333,1.0
features,stake_scaled_net_profit,367,11712,11743,32,-0.2141999453306198,0.21273777342479455,15705,1.28125,0.7734375,1.3333333333333333
features,stake_scaled_net_profit,368,11744,11775,32,0.013136303052306175,0.17344869417319447,15749,1.375,0.6510416666666667,1.0
features,stake_scaled_net_profit,369,11776,11807,32,-0.14164584875106812,0.20155861878269407,15791,1.3125,0.7109375000000001,1.0
features,stake_scaled_net_profit,370,11808,11839,32,0.11157096922397614,0.31729013141454465,15834,1.34375,0.6875,1.3333333333333333
features,stake_scaled_net_profit,371,11840,11871,32,-0.17861264944076538,0.30654041940010696,15885,1.59375,0.6614583333333333,1.0833333333333333
features,stake_scaled_net_profit,372,11872,11903,32,7.086247205734253e-05,0.3972492962981093,15938,1.65625,0.6067708333333334,1.3333333333333333
features,stake_scaled_net_profit,373,11904,11935,32,-0.15653806924819946,0.22676506467844273,15984,1.4375,0.6692708333333333,1.1666666666666667
features,stake_scaled_net_profit,374,11936,11967,32,-0.022938378155231476,0.327850833704846,16028,1.375,0.7552083333333334,1.1666666666666667
features,stake_scaled_net_profit,375,11968,11999,32,0.05765603482723236,0.17521208283857007,16067,1.21875,0.7317708333333335,1.0
features,stake_scaled_net_profit,376,12000,12031,32,-0.06983482837677002,0.23957572958968326,16106,1.21875,0.6770833333333333,1.1666666666666667
features,stake_scaled_net_profit,377,12032,12063,32,-0.06650149077177048,0.1753452411797048,16152,1.4375,0.6197916666666666,1.0833333333333333
features,stake_scaled_net_profit,378,12064,12095,32,0.17443639039993286,0.281385899292056,16199,1.46875,0.5807291666666665,1.3333333333333333
features,stake_scaled_net_profit,379,12096,12127,32,-0.25078296661376953,0.3730886248002699,16243,1.375,0.6614583333333335,1.0
features,stake_scaled_net_profit,380,12128,12159,32,0.0066834744065999985,0.47122271323892784,16280,1.15625,0.7109375000000001,1.1666666666666667
features,stake_scaled_net_profit,381,12160,12191,32,0.002059686928987503,0.33233926850297935,16326,1.4375,0.6614583333333331,1.1666666666666667
features,stake_scaled_net_profit,382,12192,12223,32,-0.3338846266269684,0.32164128226383526,16367,1.28125,0.7317708333333333,1.0833333333333333
features,stake_scaled_net_profit,383,12224,12255,32,-0.04058453068137169,0.30383860739563445,16409,1.3125,0.6927083333333335,1.0
features,stake_scaled_net_profit,384,12256,12287,32,0.05541322007775307,0.1353506087495899,16446,1.15625,0.6588541666666669,1.0
features,stake_scaled_net_profit,385,12288,12319,32,-0.17647647857666016,0.18320394472194715,16484,1.1875,0.7109375000000002,1.1666666666666667
features,stake_scaled_net_profit,386,12320,12351,32,0.21124979853630066,0.28653948167937554,16520,1.125,0.7656250000000002,1.3333333333333333
features,stake_scaled_net_profit,387,12352,12383,32,-0.027208244428038597,0.16715139727140116,16554,1.0625,0.7317708333333333,1.0833333333333333
features,stake_scaled_net_profit,388,12384,12415,32,-0.061485715210437775,0.41084569191763154,16588,1.0625,0.7317708333333333,1.0
features,stake_scaled_net_profit,389,12416,12447,32,0.1384822279214859,0.4559192027884644,16630,1.3125,0.6770833333333334,1.3333333333333333
features,stake_scaled_net_profit,390,12448,12479,32,-0.09809590131044388,0.37158434869218143,16667,1.15625,0.7187499999999999,1.0
features,stake_scaled_net_profit,391,12480,12511,32,0.0759129673242569,0.32651857561863806,16707,1.25,0.7083333333333335,1.1666666666666667
features,stake_scaled_net_profit,392,12512,12543,32,-0.19017362594604492,0.2660129221531959,16743,1.125,0.7500000000000003,1.0
features,stake_scaled_net_profit,393,12544,12575,32,-0.32971325516700745,0.27732284742821844,16779,1.125,0.8020833333333333,1.3333333333333333
features,stake_scaled_net_profit,394,12576,12607,32,-0.19170159101486206,0.3163037209841473,16821,1.3125,0.763020833333333,1.3333333333333333
features,stake_scaled_net_profit,395,12608,12639,32,-0.3482667803764343,0.4049201364399787,16857,1.125,0.7864583333333334,1.1666666666666667
features,stake_scaled_net_profit,396,12640,12671,32,-0.11559979617595673,0.27640235688381765,16898,1.28125,0.6614583333333333,1.1666666666666667
features,stake_scaled_net_profit,397,12672,12703,32,-0.2931913137435913,0.3761941745566689,16940,1.3125,0.7213541666666669,1.1666666666666667
features,stake_scaled_net_profit,398,12704,12735,32,-0.11208103597164154,0.41951716649346976,16983,1.34375,0.7213541666666666,1.0
features,stake_scaled_net_profit,399,12736,12767,32,-0.10127526521682739,0.2938315398151445,17022,1.21875,0.6536458333333334,1.1666666666666667
features,stake_scaled_net_profit,400,12768,12799,32,0.18733356893062592,0.3365000660457954,17060,1.1875,0.6979166666666667,1.0
features,stake_scaled_net_profit,401,12800,12831,32,-0.05817652493715286,0.20270106319982673,17100,1.25,0.625,1.1666666666666667
features,stake_scaled_net_profit,402,12832,12863,32,-0.04256071150302887,0.21474469395646495,17141,1.28125,0.6302083333333334,1.0
features,stake_scaled_net_profit,403,12864,12895,32,-0.28060033917427063,0.3554276209303817,17187,1.4375,0.6927083333333333,1.0
features,stake_scaled_net_profit,404,12896,12927,32,-0.18686847388744354,0.1917757719931999,17231,1.375,0.6901041666666666,1.1666666666666667
features,stake_scaled_net_profit,405,12928,12959,32,-0.30718451738357544,0.3616387641524123,17274,1.34375,0.671875,1.1666666666666667
features,stake_scaled_net_profit,406,12960,12991,32,-0.11766894906759262,0.20339114708123662,17316,1.3125,0.6614583333333331,1.0
features,stake_scaled_net_profit,407,12992,13023,32,-0.11707638204097748,0.18709320848779115,17359,1.34375,0.6718750000000001,1.1666666666666667
features,stake_scaled_net_profit,408,13024,13055,32,-0.18943266570568085,0.23207654183073734,17396,1.15625,0.625,1.0
features,stake_scaled_net_profit,409,13056,13087,32,-0.08294212818145752,0.2607913529119235,17436,1.25,0.6666666666666667,0.8333333333333334
features,stake_scaled_net_profit,410,13088,13119,32,0.03395961970090866,0.16335048980124642,17478,1.3125,0.6432291666666665,1.1666666666666667
features,stake_scaled_net_profit,411,13120,13151,32,-0.11613036692142487,0.33621492956340776,17518,1.25,0.7604166666666666,2.3333333333333335
features,stake_scaled_net_profit,412,13152,13183,32,-0.31909075379371643,0.4497115199181232,17558,1.25,0.7708333333333335,1.1666666666666667
features,stake_scaled_net_profit,413,13184,13215,32,-0.04068053141236305,0.3179739726380571,17602,1.375,0.7057291666666665,1.1666666666666667
features,stake_scaled_net_profit,414,13216,13247,32,-0.148890882730484,0.2208630398720862,17640,1.1875,0.7395833333333336,1.0
features,stake_scaled_net_profit,415,13248,13279,32,-0.33231988549232483,0.6892257400149298,17679,1.21875,0.6979166666666667,1.0
features,stake_scaled_net_profit,416,13280,13311,32,0.05243748798966408,0.4146952948611143,17716,1.15625,0.7317708333333335,2.3333333333333335
features,stake_scaled_net_profit,417,13312,13343,32,-0.24100254476070404,0.23465257261279848,17751,1.09375,0.7187499999999999,1.0
features,stake_scaled_net_profit,418,13344,13375,32,-0.1417142152786255,0.1717900023790747,17787,1.125,0.6770833333333335,1.0
features,stake_scaled_net_profit,419,13376,13407,32,-0.12327595055103302,0.2016731507870836,17821,1.0625,0.7161458333333334,1.0
features,stake_scaled_net_profit,420,13408,13439,32,-0.24365893006324768,0.5678873377731581,17854,1.03125,0.7291666666666665,1.0
features,stake_scaled_net_profit,421,13440,13471,32,-0.04154735803604126,0.141267143054033,17889,1.09375,0.7317708333333336,1.1666666666666667
features,stake_scaled_net_profit,422,13472,13503,32,0.07243547588586807,0.2656156729701161,17924,1.09375,0.6979166666666667,1.1666666666666667
features,stake_scaled_net_profit,423,13504,13535,32,-0.13877105712890625,0.21445192360133838,17960,1.125,0.7187500000000002,0.9166666666666666
features,stake_scaled_net_profit,424,13536,13567,32,-0.1676093488931656,0.25450829095857463,17996,1.125,0.7031250000000001,1.1666666666666667
features,stake_scaled_net_profit,425,13568,13599,32,-0.01613718643784523,0.1264217878981484,18028,1.0,0.6927083333333334,0.8333333333333334
features,stake_scaled_net_profit,426,13600,13631,32,0.10272007435560226,0.2986910441755768,18060,1.0,0.6848958333333334,1.0
features,stake_scaled_net_profit,427,13632,13663,32,-0.12168343365192413,0.28405111804078337,18094,1.0625,0.7161458333333333,1.1666666666666667
features,stake_scaled_net_profit,428,13664,13695,32,0.1703009158372879,0.7117336350763652,18127,1.03125,0.7942708333333331,2.1666666666666665
features,stake_scaled_net_profit,429,13696,13727,32,-0.006157759111374617,0.05918174240177208,18159,1.0,0.7265625000000001,1.1666666666666667
features,stake_scaled_net_profit,430,13728,13759,32,0.18557536602020264,0.46133723165317625,18193,1.0625,0.7395833333333333,1.3333333333333333
features,stake_scaled_net_profit,431,13760,13791,32,0.07840793579816818,0.27620839731624736,18228,1.09375,0.7135416666666667,1.1666666666666667
features,stake_scaled_net_profit,432,13792,13823,32,-0.05952366441488266,0.19746239518969957,18262,1.0625,0.6770833333333333,1.0
features,stake_scaled_net_profit,433,13824,13855,32,0.04540373757481575,0.13997458749965191,18295,1.03125,0.6536458333333334,0.9166666666666666
features,stake_scaled_net_profit,434,13856,13887,32,-0.08290328085422516,0.17898005986263288,18329,1.0625,0.7317708333333333,0.9166666666666666
features,stake_scaled_net_profit,435,13888,13919,32,-0.02888963185250759,0.21371620606318908,18361,1.0,0.7447916666666665,0.8333333333333334
features,stake_scaled_net_profit,436,13920,13951,32,-0.11021097749471664,0.36591186996023856,18394,1.03125,0.7447916666666665,0.8333333333333334
features,stake_scaled_net_profit,437,13952,13983,32,0.08347711712121964,0.18774429171682155,18428,1.0625,0.6822916666666664,0.8333333333333334
features,stake_scaled_net_profit,438,13984,14015,32,-0.049452733248472214,0.3507619262168182,18462,1.0625,0.7005208333333334,1.1666666666666667
features,stake_scaled_net_profit,439,14016,14047,32,-0.11581458151340485,0.3324948008663582,18502,1.25,0.6614583333333334,1.1666666666666667
features,stake_scaled_net_profit,440,14048,14079,32,0.23433277010917664,0.6663335844499245,18536,1.0625,0.7317708333333335,1.0833333333333333
features,stake_scaled_net_profit,441,14080,14111,32,-0.11279134452342987,0.19261885175044785,18572,1.125,0.6666666666666666,1.0
features,stake_scaled_net_profit,442,14112,14143,32,-0.0702538788318634,0.16831108627242192,18611,1.21875,0.7005208333333333,1.0
features,stake_scaled_net_profit,443,14144,14175,32,-0.04159403592348099,0.1530922597346857,18651,1.25,0.7031249999999999,1.1666666666666667
features,stake_scaled_net_profit,444,14176,14207,32,0.09173329174518585,0.27098238027637267,18687,1.125,0.6874999999999998,1.1666666666666667
features,stake_scaled_net_profit,445,14208,14239,32,-0.037494201213121414,0.3934607676586027,18724,1.15625,0.7083333333333334,1.1666666666666667
features,stake_scaled_net_profit,446,14240,14271,32,-0.1953640580177307,0.23782734035598987,18763,1.21875,0.7213541666666667,1.0
features,stake_scaled_net_profit,447,14272,14303,32,0.2051037698984146,0.3161956773377191,18808,1.40625,0.5911458333333334,1.1666666666666667
features,stake_scaled_net_profit,448,14304,14335,32,-0.12219522893428802,0.21977510442749595,18846,1.1875,0.6666666666666665,1.1666666666666667
features,stake_scaled_net_profit,449,14336,14367,32,-0.1264854222536087,0.22306185045665294,18884,1.1875,0.7187499999999999,1.0
features,stake_scaled_net_profit,450,14368,14399,32,0.13723620772361755,0.3311269557580073,18922,1.1875,0.6927083333333334,1.3333333333333333
features,stake_scaled_net_profit,451,14400,14431,32,-0.10803413391113281,0.4871578462297262,18961,1.21875,0.7317708333333333,1.3333333333333333
features,stake_scaled_net_profit,452,14432,14463,32,-0.08295147120952606,0.4036286279015715,19003,1.3125,0.671875,1.0
features,stake_scaled_net_profit,453,14464,14495,32,-0.07786843925714493,0.5766874547319809,19048,1.40625,0.6614583333333334,1.1666666666666667
features,stake_scaled_net_profit,454,14496,14527,32,-0.05222395807504654,0.2198125225193388,19091,1.34375,0.6588541666666666,1.1666666666666667
features,stake_scaled_net_profit,455,14528,14559,32,-0.25040215253829956,0.3314566580070127,19136,1.40625,0.6822916666666666,1.0
features,stake_scaled_net_profit,456,14560,14591,32,-0.22712594270706177,0.311347814033835,19179,1.34375,0.7578125000000002,1.1666666666666667
features,stake_scaled_net_profit,457,14592,14623,32,-0.3205890953540802,0.27412720574748584,19222,1.34375,0.6562499999999999,1.0
features,stake_scaled_net_profit,458,14624,14655,32,-0.03502071276307106,0.3322284457027138,19266,1.375,0.65625,1.0
features,stake_scaled_net_profit,459,14656,14687,32,0.036744534969329834,0.45451774910724857,19311,1.40625,0.7291666666666665,1.0
features,stake_scaled_net_profit,460,14688,14719,32,-0.3339757025241852,0.2674193649698774,19355,1.375,0.6927083333333334,1.0
features,stake_scaled_net_profit,461,14720,14751,32,-0.027338296175003052,0.6235347853923977,19396,1.28125,0.7369791666666667,1.3333333333333333
features,stake_scaled_net_profit,462,14752,14783,32,0.03763943165540695,0.3532516737159724,19447,1.59375,0.6302083333333333,1.1666666666666667
features,stake_scaled_net_profit,463,14784,14815,32,-0.19206269085407257,0.23412857532739786,19492,1.40625,0.6927083333333333,1.0
features,stake_scaled_net_profit,464,14816,14847,32,-0.2619040310382843,0.31781667735209485,19542,1.5625,0.6666666666666666,1.1666666666666667
features,stake_scaled_net_profit,465,14848,14879,32,0.02325429394841194,0.3835531171293672,19593,1.59375,0.6458333333333334,1.1666666666666667
features,stake_scaled_net_profit,466,14880,14911,32,-0.2619650959968567,0.4073952720620518,19641,1.5,0.6197916666666667,1.0
features,stake_scaled_net_profit,467,14912,14943,32,0.1772555559873581,0.31252881239296537,19695,1.6875,0.6927083333333334,1.3333333333333333
features,stake_scaled_net_profit,468,14944,14975,32,-0.2200469970703125,0.21268286932414532,19744,1.53125,0.7317708333333333,1.3333333333333333
features,stake_scaled_net_profit,469,14976,15007,32,-0.009152866899967194,0.31751113333178327,19799,1.71875,0.6302083333333333,1.0
features,stake_scaled_net_profit,470,15008,15039,32,0.23274652659893036,0.4724933957020676,19843,1.375,0.7109375000000001,1.1666666666666667
features,stake_scaled_net_profit,471,15040,15071,32,0.011090151965618134,0.1672299485318263,19892,1.53125,0.6171875,0.9166666666666666
features,stake_scaled_net_profit,472,15072,15103,32,-0.22263111174106598,0.28602620893749997,19942,1.5625,0.6848958333333334,1.1666666666666667
features,stake_scaled_net_profit,473,15104,15135,32,-0.051204029470682144,0.315337967808685,19986,1.375,0.6458333333333333,1.0
features,stake_scaled_net_profit,474,15136,15167,32,0.1631626933813095,0.2629221589276486,20050,2.0,0.5781249999999999,1.1666666666666667
features,stake_scaled_net_profit,475,15168,15199,32,-0.17300841212272644,0.21970627426073255,20105,1.71875,0.6822916666666665,1.1666666666666667
features,stake_scaled_net_profit,476,15200,15231,32,-0.3324832618236542,0.5011727630800127,20156,1.59375,0.6614583333333334,1.0
features,stake_scaled_net_profit,477,15232,15263,32,-0.05789678171277046,0.34832367149611887,20205,1.53125,0.65625,1.1666666666666667
features,stake_scaled_net_profit,478,15264,15295,32,-0.1309499591588974,0.32992694121569477,20261,1.75,0.6380208333333334,1.3333333333333333
features,stake_scaled_net_profit,479,15296,15327,32,-0.1948544830083847,0.15071888760760407,20311,1.5625,0.6510416666666666,1.0
features,stake_scaled_net_profit,480,15328,15359,32,0.003878360614180565,0.22857595833894234,20357,1.4375,0.5885416666666667,1.3333333333333333
features,stake_scaled_net_profit,481,15360,15391,32,-0.0646594688296318,0.40069907670804156,20409,1.625,0.6406249999999999,1.3333333333333333
features,stake_scaled_net_profit,482,15392,15423,32,-0.22114530205726624,0.31148764283617525,20466,1.78125,0.5937500000000001,1.1666666666666667
features,stake_scaled_net_profit,483,15424,15455,32,0.08959711343050003,0.3989086896098997,20513,1.46875,0.6588541666666667,1.3333333333333333
features,stake_scaled_net_profit,484,15456,15487,32,-0.10094205290079117,0.26475303778830667,20573,1.875,0.5911458333333333,1.0
features,stake_scaled_net_profit,485,15488,15519,32,-0.3126488924026489,0.25564828873061596,20628,1.71875,0.6119791666666666,1.0
features,stake_scaled_net_profit,486,15520,15551,32,0.008862417191267014,0.2525746512176266,20681,1.65625,0.6744791666666669,1.0833333333333333
features,stake_scaled_net_profit,487,15552,15583,32,-0.45602947473526,0.26511628229021567,20736,1.71875,0.7109375000000001,1.1666666666666667
features,stake_scaled_net_profit,488,15584,15615,32,-0.08765169978141785,0.26164264698365114,20799,1.96875,0.5625,1.1666666666666667
features,stake_scaled_net_profit,489,15616,15647,32,-0.17261183261871338,0.38072483829362475,20851,1.625,0.6953125,1.0833333333333333
features,stake_scaled_net_profit,490,15648,15679,32,-0.2972067594528198,0.21228687997709528,20904,1.65625,0.6614583333333334,1.0
features,stake_scaled_net_profit,491,15680,15711,32,-0.08524109423160553,0.5654251459045009,20964,1.875,0.5520833333333334,1.0
features,stake_scaled_net_profit,492,15712,15743,32,-0.23074258863925934,0.38840027782426106,21016,1.625,0.671875,1.0
features,stake_scaled_net_profit,493,15744,15775,32,-0.2691403925418854,0.27301408387509457,21075,1.84375,0.6041666666666666,0.8333333333333334
features,stake_scaled_net_profit,494,15776,15807,32,-0.045477934181690216,0.2857265890435456,21132,1.78125,0.6354166666666666,1.3333333333333333
features,stake_scaled_net_profit,495,15808,15839,32,-0.017359551042318344,0.3201698505271276,21186,1.6875,0.6484375,1.0833333333333333
features,stake_scaled_net_profit,496,15840,15871,32,-0.18938088417053223,0.4286144849244104,21245,1.84375,0.6302083333333333,1.0
features,stake_scaled_net_profit,497,15872,15903,32,-0.08097828924655914,0.2025379364022903,21296,1.59375,0.5859375,1.0
features,stake_scaled_net_profit,498,15904,15935,32,0.13268013298511505,0.2545260098894217,21348,1.625,0.578125,0.8333333333333334
features,stake_scaled_net_profit,499,15936,15967,32,-0.046454962342977524,0.3753195845870947,21406,1.8125,0.6145833333333334,1.0
features,stake_scaled_net_profit,500,15968,15999,32,0.0975639820098877,0.33649285065547835,21459,1.65625,0.5963541666666669,1.0
features,stake_scaled_net_profit,501,16000,16031,32,-0.22115585207939148,0.3198738292917528,21513,1.6875,0.671875,1.0
features,stake_scaled_net_profit,502,16032,16063,32,0.06588014215230942,0.26100654526685046,21563,1.5625,0.6692708333333334,1.1666666666666667
features,stake_scaled_net_profit,503,16064,16095,32,-0.3278349041938782,0.3278942767441933,21610,1.46875,0.7005208333333335,1.0
features,stake_scaled_net_profit,504,16096,16127,32,-0.41512662172317505,0.3470484337441486,21665,1.71875,0.6354166666666666,1.0
features,stake_scaled_net_profit,505,16128,16159,32,-0.12742979824543,0.27750081519040704,21722,1.78125,0.6796875,2.3333333333333335
features,stake_scaled_net_profit,506,16160,16191,32,-0.3041214942932129,0.2725354982614126,21781,1.84375,0.5520833333333334,1.0
features,stake_scaled_net_profit,507,16192,16223,32,-0.17803621292114258,0.45822213727236655,21841,1.875,0.6276041666666666,1.0
features,stake_scaled_net_profit,508,16224,16255,32,0.10998430848121643,0.4191809723080751,21899,1.8125,0.6223958333333334,1.0
features,stake_scaled_net_profit,509,16256,16287,32,-0.2937871217727661,0.19406451224861015,21954,1.71875,0.6640625,1.0
features,stake_scaled_net_profit,510,16288,16319,32,-0.27576765418052673,0.3271090428937545,22009,1.71875,0.6458333333333334,1.1666666666666667
features,stake_scaled_net_profit,511,16320,16351,32,0.07642869651317596,0.5378493155253172,22070,1.90625,0.5989583333333333,1.0
features,stake_scaled_net_profit,512,16352,16383,32,-0.015514075756072998,0.39152915673993294,22122,1.625,0.6848958333333335,1.3333333333333333
features,stake_scaled_net_profit,513,16384,16415,32,-0.15727826952934265,0.5282676376728497,22171,1.53125,0.6458333333333334,1.3333333333333333
features,stake_scaled_net_profit,514,16416,16447,32,-0.18786996603012085,0.5451750995358033,22237,2.0625,0.5390624999999999,1.0
features,stake_scaled_net_profit,515,16448,16479,32,-0.2750341296195984,0.4142057515509107,22301,2.0,0.6145833333333334,1.1666666666666667
features,stake_scaled_net_profit,516,16480,16511,32,0.2751983404159546,0.2896235678889863,22362,1.90625,0.5364583333333333,1.0
features,stake_scaled_net_profit,517,16512,16543,32,-0.03396080806851387,0.2536964986417507,22430,2.125,0.515625,1.0
features,stake_scaled_net_profit,518,16544,16575,32,-0.2320837378501892,0.48933927520143133,22495,2.03125,0.6223958333333333,1.0
features,stake_scaled_net_profit,519,16576,16607,32,-0.18631240725517273,0.5442237838793107,22561,2.0625,0.5859374999999999,1.0
features,stake_scaled_net_profit,520,16608,16639,32,-0.18929484486579895,0.34114094879075824,22637,2.375,0.5286458333333334,1.0
features,stake_scaled_net_profit,521,16640,16671,32,-0.14208385348320007,0.528708994177953,22705,2.125,0.6041666666666665,1.1666666666666667
features,stake_scaled_net_profit,522,16672,16703,32,-0.06489318609237671,0.6012414061414534,22776,2.21875,0.5026041666666666,0.8333333333333334
features,stake_scaled_net_profit,523,16704,16735,32,0.14465782046318054,0.335375303304359,22845,2.15625,0.6171874999999999,2.1666666666666665
features,stake_scaled_net_profit,524,16736,16767,32,-0.028145940974354744,0.48885765806957154,22925,2.5,0.5026041666666665,1.1666666666666667
features,stake_scaled_net_profit,525,16768,16799,32,-0.42867663502693176,0.6954728804435696,22998,2.28125,0.5052083333333335,1.0
features,stake_scaled_net_profit,526,16800,16831,32,0.086966872215271,0.35490339204762905,23079,2.53125,0.4557291666666666,0.8333333333333334
features,stake_scaled_net_profit,527,16832,16863,32,-0.14697518944740295,0.25303837999343937,23160,2.53125,0.4583333333333335,0.8333333333333334
features,stake_scaled_net_profit,528,16864,16895,32,-0.11994480341672897,0.4743969274014386,23243,2.59375,0.4713541666666667,1.0
features,stake_scaled_net_profit,529,16896,16927,32,-0.13302451372146606,1.122756431208387,23323,2.5,0.47656249999999994,2.0
features,stake_scaled_net_profit,530,16928,16959,32,0.10444925725460052,0.4518528257461984,23403,2.5,0.4739583333333333,1.0
features,stake_scaled_net_profit,531,16960,16991,32,0.11580444127321243,0.3982517044450498,23484,2.53125,0.48437500000000006,0.8333333333333334
features,stake_scaled_net_profit,532,16992,17023,32,-0.3234702944755554,0.8342020157698214,23569,2.65625,0.453125,0.8333333333333334
features,stake_scaled_net_profit,533,17024,17055,32,0.001061663031578064,0.2141404248709787,23658,2.78125,0.43750000000000006,0.8333333333333334
features,stake_scaled_net_profit,534,17056,17087,32,-0.08814910054206848,0.13169045530452186,23752,2.9375,0.3958333333333333,0.8333333333333334
features,stake_scaled_net_profit,535,17088,17119,32,-0.16344738006591797,0.2683459020821024,23845,2.90625,0.39583333333333326,0.6666666666666666
features,stake_scaled_net_profit,536,17120,17151,32,-0.17984414100646973,0.4754871241506505,23933,2.75,0.43750000000000006,0.8333333333333334
features,stake_scaled_net_profit,537,17152,17183,32,-0.021261584013700485,0.05584699679240196,24029,3.0,0.3489583333333333,0.5
features,stake_scaled_net_profit,538,17184,17215,32,0.0021757283248007298,0.1675114145693373,24120,2.84375,0.453125,0.8333333333333334
features,stake_scaled_net_profit,539,17216,17247,32,-0.0009982248302549124,0.021075650685041043,24216,3.0,0.37500000000000006,0.5
features,stake_scaled_net_profit,540,17248,17279,32,-0.15930840373039246,0.45095497201025964,24307,2.84375,0.4296875,0.8333333333333334
features,stake_scaled_net_profit,541,17280,17311,32,0.13770081102848053,0.3803021064902466,24399,2.875,0.42968750000000006,0.6666666666666666
features,stake_scaled_net_profit,542,17312,17343,32,-0.2001791000366211,0.3682571307143892,24493,2.9375,0.42968750000000006,1.0
features,stake_scaled_net_profit,543,17344,17375,32,-0.2364598512649536,0.5706808280093472,24581,2.75,0.4713541666666668,0.8333333333333334
features,stake_scaled_net_profit,544,17376,17407,32,0.05386556684970856,0.20815380018056373,24676,2.96875,0.6223958333333331,8.666666666666666
features,stake_scaled_net_profit,545,17408,17439,32,-0.0010067856637760997,0.010751259143737759,24772,3.0,0.3854166666666667,0.5
features,stake_scaled_net_profit,546,17440,17471,32,0.061441682279109955,0.29251157089659835,24866,2.9375,0.4322916666666667,0.6666666666666666
features,stake_scaled_net_profit,547,17472,17503,32,-0.1609722375869751,0.31969588311049335,24960,2.9375,0.4296875,0.8333333333333334
features,stake_scaled_net_profit,548,17504,17535,32,-0.005341407842934132,0.04299860058325959,25056,3.0,0.34895833333333337,0.5
features,stake_scaled_net_profit,549,17536,17567,32,-0.0028992334846407175,0.03225504114337808,25152,3.0,0.3854166666666667,0.8333333333333334
features,stake_scaled_net_profit,550,17568,17599,32,-0.09781476110219955,0.25341707679334347,25247,2.96875,0.40624999999999994,0.8333333333333334
features,stake_scaled_net_profit,551,17600,17631,32,-0.0015052133239805698,0.01668601540910708,25343,3.0,0.39583333333333337,0.5
features,stake_scaled_net_profit,552,17632,17663,32,-0.0019584698602557182,0.021189560601771584,25439,3.0,0.37760416666666663,0.8333333333333334
features,stake_scaled_net_profit,553,17664,17695,32,-0.002519498812034726,0.022689833424469518,25535,3.0,0.4505208333333334,2.0
features,stake_scaled_net_profit,554,17696,17727,32,-0.0026377036701887846,0.025788108557034863,25631,3.0,0.40625,0.8333333333333334
features,stake_scaled_net_profit,555,17728,17759,32,-0.0030986936762928963,0.030785939425503343,25727,3.0,0.39322916666666663,0.5833333333333334
features,stake_scaled_net_profit,556,17760,17791,32,-0.0006723807891830802,0.008572241339112077,25823,3.0,0.38802083333333337,0.5833333333333334
features,stake_scaled_net_profit,557,17792,17823,32,-0.0005841839010827243,0.007432384125287974,25919,3.0,0.3697916666666667,0.8333333333333334
features,stake_scaled_net_profit,558,17824,17855,32,-0.001932512386702001,0.022726586712790407,26015,3.0,0.390625,0.8333333333333334
features,stake_scaled_net_profit,559,17856,17887,32,-0.029812898486852646,0.11169969234232238,26111,3.0,0.38541666666666674,0.5833333333333334
features,stake_scaled_net_profit,560,17888,17919,32,-0.0018163783242926002,0.022813303095602033,26207,3.0,0.3567708333333335,0.5
features,stake_scaled_net_profit,561,17920,17951,32,-0.001408862415701151,0.016324057432689595,26303,3.0,0.44270833333333337,0.8333333333333334
features,stake_scaled_net_profit,562,17952,17983,32,-0.0017195084365084767,0.01578085201612505,26399,3.0,0.4166666666666667,0.8333333333333334
features,stake_scaled_net_profit,563,17984,18015,32,-0.010528109967708588,0.34617455902627153,26493,2.9375,0.375,0.5
features,stake_scaled_net_profit,564,18016,18047,32,-1.6215562936849892e-05,0.003839740529018137,26589,3.0,0.3802083333333333,0.5
features,stake_scaled_net_profit,565,18048,18079,32,-0.001008369610644877,0.010430790377347152,26685,3.0,0.4010416666666668,0.5833333333333334
features,stake_scaled_net_profit,566,18080,18111,32,-0.0013929572887718678,0.014846733827140149,26781,3.0,0.375,0.5
features,stake_scaled_net_profit,567,18112,18143,32,-0.0006960487808100879,0.008234871763473206,26877,3.0,0.3645833333333333,0.5
features,stake_scaled_net_profit,568,18144,18175,32,0.09881256520748138,0.23059371636785517,26972,2.96875,0.421875,2.0
features,stake_scaled_net_profit,569,18176,18207,32,-0.0019091350259259343,0.02088012112276852,27068,3.0,0.4010416666666668,0.5
features,stake_scaled_net_profit,570,18208,18239,32,-0.0009176935418508947,0.009619906628876735,27164,3.0,0.4166666666666667,0.8333333333333334
features,stake_scaled_net_profit,571,18240,18271,32,-0.00029809895204380155,0.0031444798026796818,27260,3.0,0.3619791666666667,0.5
features,stake_scaled_net_profit,572,18272,18303,32,-0.0009447428747080266,0.008478233897397682,27356,3.0,0.42447916666666674,0.8333333333333334
features,stake_scaled_net_profit,573,18304,18335,32,-0.1496395468711853,0.3256463341336767,27451,2.96875,0.4348958333333334,0.6666666666666666
features,stake_scaled_net_profit,574,18336,18367,32,-0.0010423200437799096,0.012206080342909997,27547,3.0,0.42708333333333337,0.8333333333333334
features,stake_scaled_net_profit,575,18368,18399,32,-0.0015541581669822335,0.015795029468721935,27643,3.0,0.375,0.5
features,stake_scaled_net_profit,576,18400,18431,32,-0.0005735388258472085,0.005479993568318784,27739,3.0,0.3958333333333333,0.5833333333333334
features,stake_scaled_net_profit,577,18432,18463,32,-0.001013991073705256,0.013186922236654299,27835,3.0,0.3958333333333334,0.5833333333333334
features,stake_scaled_net_profit,578,18464,18495,32,7.598916999995708e-05,0.007779923130158805,27931,3.0,0.6848958333333333,8.666666666666666
features,stake_scaled_net_profit,579,18496,18527,32,0.0002917821111623198,0.0028902829799345455,28027,3.0,0.34895833333333337,0.5
features,stake_scaled_net_profit,580,18528,18559,32,-0.0007322598248720169,0.00987825114047988,28123,3.0,0.41145833333333337,0.8333333333333334
features,stake_scaled_net_profit,581,18560,18591,32,-0.00019322955631650984,0.002885760600830797,28219,3.0,0.390625,0.5
features,stake_scaled_net_profit,582,18592,18623,32,5.325430538505316e-05,0.005739309455732544,28315,3.0,0.34375000000000006,0.5
features,stake_scaled_net_profit,583,18624,18655,32,-0.0008271715487353504,0.008602616284201049,28411,3.0,0.39062500000000006,0.5833333333333334
features,stake_scaled_net_profit,584,18656,18687,32,-0.0013649562606588006,0.014858238645210185,28507,3.0,0.4244791666666667,0.8333333333333334
features,stake_scaled_net_profit,585,18688,18719,32,-0.0006643478409387171,0.011300470180797688,28603,3.0,0.3880208333333334,0.5833333333333334
features,stake_scaled_net_profit,586,18720,18751,32,-0.0016222409904003143,0.019372611581068348,28699,3.0,0.3802083333333333,0.5833333333333334
features,stake_scaled_net_profit,587,18752,18783,32,0.0009974900167435408,0.03392274049542864,28795,3.0,0.3958333333333334,0.8333333333333334
features,stake_scaled_net_profit,588,18784,18815,32,-0.002245162380859256,0.021041067036518705,28891,3.0,0.4010416666666667,0.8333333333333334
features,stake_scaled_net_profit,589,18816,18847,32,-0.10628671944141388,0.23814876948496824,28983,2.875,0.42968750000000006,0.8333333333333334
features,stake_scaled_net_profit,590,18848,18879,32,-0.0018094070255756378,0.023575605802082195,29079,3.0,0.36458333333333337,0.5
features,stake_scaled_net_profit,591,18880,18911,32,-0.0003661413793452084,0.004595696278663212,29175,3.0,0.37500000000000006,0.8333333333333334
features,stake_scaled_net_profit,592,18912,18943,32,0.1395798623561859,0.30079484533306466,29269,2.9375,0.4322916666666667,0.8333333333333334
features,stake_scaled_net_profit,593,18944,18975,32,-0.0017880982486531138,0.024386090830559707,29365,3.0,0.40625,0.8333333333333334
features,stake_scaled_net_profit,594,18976,19007,32,-0.07605313509702682,0.18765676236190698,29461,3.0,0.421875,0.8333333333333334
features,stake_scaled_net_profit,595,19008,19039,32,-0.06786347925662994,0.26030042629794486,29557,3.0,0.40364583333333337,0.5833333333333334
features,stake_scaled_net_profit,596,19040,19071,32,-0.0018749256851151586,0.02054652564117862,29653,3.0,0.4375,2.0
features,stake_scaled_net_profit,597,19072,19103,32,-0.0004309042706154287,0.004530550621033658,29749,3.0,0.42447916666666674,0.8333333333333334
features,stake_scaled_net_profit,598,19104,19135,32,-0.0007070439169183373,0.007872359306518806,29845,3.0,0.39322916666666674,0.5833333333333334
features,stake_scaled_net_profit,599,19136,19167,32,0.0001037648762576282,0.005836204152797988,29941,3.0,0.43489583333333337,0.8333333333333334
features,stake_scaled_net_profit,600,19168,19199,32,-0.0008556575630791485,0.01222065080122355,30037,3.0,0.40364583333333337,0.5
features,stake_scaled_net_profit,601,19200,19231,32,-0.001263325335457921,0.013269661853138007,30133,3.0,0.36718749999999994,0.5833333333333334
features,stake_scaled_net_profit,602,19232,19263,32,9.684016549726948e-05,0.0022985761303751973,30229,3.0,0.3880208333333334,0.8333333333333334
features,stake_scaled_net_profit,603,19264,19295,32,-0.00032404932426288724,0.0051493706762562675,30325,3.0,0.4010416666666667,0.8333333333333334
features,stake_scaled_net_profit,604,19296,19327,32,-0.0383121520280838,0.14257424631209425,30421,3.0,0.41145833333333337,0.5
features,stake_scaled_net_profit,605,19328,19359,32,-8.351418364327401e-05,0.0034862401118823205,30517,3.0,0.39062500000000006,0.8333333333333334
features,stake_scaled_net_profit,606,19360,19391,32,-0.0006573100108653307,0.012342877994816578,30613,3.0,0.4635416666666667,0.8333333333333334
features,stake_scaled_net_profit,607,19392,19423,32,-0.000513418868649751,0.005679515184642577,30709,3.0,0.4192708333333334,0.8333333333333334
features,stake_scaled_net_profit,608,19424,19455,32,-0.000439327210187912,0.004385126377029767,30805,3.0,0.4114583333333333,0.8333333333333334
features,stake_scaled_net_profit,609,19456,19487,32,-0.001057951943948865,0.009306640997624393,30901,3.0,0.3958333333333333,0.5833333333333334
features,stake_scaled_net_profit,610,19488,19519,32,-0.00029681992600671947,0.0037827957305266516,30997,3.0,0.41666666666666663,0.8333333333333334
features,stake_scaled_net_profit,611,19520,19551,32,-0.00030586071079596877,0.007729241624905893,31093,3.0,0.3463541666666667,0.5
features,stake_scaled_net_profit,612,19552,19583,32,-0.0003063008189201355,0.0034277086968051004,31189,3.0,0.3802083333333333,0.5
features,stake_scaled_net_profit,613,19584,19615,32,-0.00016300627612508833,0.002579814529356336,31285,3.0,0.36458333333333337,0.5
features,stake_scaled_net_profit,614,19616,19647,32,-9.785031579667702e-05,0.0016854881760068408,31381,3.0,0.3958333333333333,0.8333333333333334
features,stake_scaled_net_profit,615,19648,19679,32,-0.00043322143028490245,0.004491542296673822,31477,3.0,0.39322916666666663,0.5833333333333334
features,stake_scaled_net_profit,616,19680,19711,32,0.0006930665113031864,0.020249391147381293,31573,3.0,0.41406250000000006,0.8333333333333334
features,stake_scaled_net_profit,617,19712,19743,32,-0.1291208416223526,0.3364941448467302,31668,2.96875,0.39843749999999994,0.8333333333333334
features,stake_scaled_net_profit,618,19744,19775,32,-1.76355242729187e-05,0.0032133683146384363,31764,3.0,0.375,0.8333333333333334
features,stake_scaled_net_profit,619,19776,19807,32,0.00020465132547542453,0.002985441901625255,31860,3.0,0.41406250000000006,0.8333333333333334
features,stake_scaled_net_profit,620,19808,19839,32,-0.00042985379695892334,0.004841040310848138,31956,3.0,0.390625,0.5
features,stake_scaled_net_profit,621,19840,19871,32,-3.438567364355549e-05,0.001626011215162109,32052,3.0,0.42447916666666674,0.8333333333333334
features,stake_scaled_net_profit,622,19872,19903,32,0.09434059262275696,0.2091920385224544,32146,2.9375,0.4192708333333333,0.8333333333333334
features,stake_scaled_net_profit,623,19904,19935,32,5.022685945732519e-05,0.001144788118391041,32242,3.0,0.40625,0.8333333333333334
features,stake_scaled_net_profit,624,19936,19967,32,3.5462282539810985e-05,0.0011312914220619455,32338,3.0,0.38802083333333337,0.8333333333333334
features,stake_scaled_net_profit,625,19968,19999,32,-6.874153041280806e-05,0.003063680250433076,32434,3.0,0.375,0.8333333333333334
features,stake_scaled_net_profit,626,20000,20031,32,0.00036642514169216156,0.0033908382535608535,32530,3.0,0.4114583333333334,0.8333333333333334
features,stake_scaled_net_profit,627,20032,20063,32,-0.0008011292666196823,0.008472093253105144,32626,3.0,0.4010416666666667,0.8333333333333334
features,stake_scaled_net_profit,628,20064,20095,32,-0.00020679585577454418,0.0024555316551688943,32722,3.0,0.46093750000000006,0.8333333333333334
features,stake_scaled_net_profit,629,20096,20127,32,7.617845403729007e-05,0.0020696913389818064,32818,3.0,0.3385416666666667,0.5
features,stake_scaled_net_profit,630,20128,20159,32,-0.00026967996382154524,0.003348569133958093,32914,3.0,0.40104166666666674,0.5833333333333334
features,stake_scaled_net_profit,631,20160,20191,32,0.00035447630216367543,0.004142667588687232,33010,3.0,0.3255208333333333,0.5833333333333334
features,stake_scaled_net_profit,632,20192,20223,32,-2.3803346266504377e-05,0.0011430645188375054,33106,3.0,0.421875,0.8333333333333334
features,stake_scaled_net_profit,633,20224,20255,32,-0.15852981805801392,0.3656810944496251,33200,2.9375,0.4010416666666668,0.8333333333333334
features,stake_scaled_net_profit,634,20256,20287,32,-0.00027397897792980075,0.0028082398145094223,33296,3.0,0.30208333333333326,0.5
features,stake_scaled_net_profit,635,20288,20319,32,-9.914860856952146e-05,0.0015749181274167968,33392,3.0,0.39062500000000006,0.8333333333333334
features,stake_scaled_net_profit,636,20320,20351,32,-4.021945642307401e-05,0.0015580923394666315,33488,3.0,0.3828125,0.5833333333333334
features,stake_scaled_net_profit,637,20352,20383,32,-0.00015900531434454024,0.002792389712558176,33584,3.0,0.421875,0.8333333333333334
features,stake_scaled_net_profit,638,20384,20415,32,8.355078171007335e-05,0.001700330246402646,33680,3.0,0.421875,0.8333333333333334
features,stake_scaled_net_profit,639,20416,20447,32,-6.793314241804183e-05,0.0015942306398912707,33776,3.0,0.3619791666666667,0.5833333333333334
features,stake_scaled_net_profit,640,20448,20479,32,1.314531073148828e-05,0.0020217634209017334,33872,3.0,0.39843750000000006,0.8333333333333334
features,stake_scaled_net_profit,641,20480,20511,32,-0.000157210961333476,0.0017871423467046771,33968,3.0,0.4010416666666667,0.8333333333333334
features,stake_scaled_net_profit,642,20512,20543,32,-0.00013655549264512956,0.0019129678701817045,34064,3.0,0.4348958333333335,0.8333333333333334
features,stake_scaled_net_profit,643,20544,20575,32,-0.0002993568778038025,0.0033407271543648355,34160,3.0,0.41145833333333337,0.8333333333333334
features,stake_scaled_net_profit,644,20576,20607,32,-0.08882085233926773,0.21355696611751385,34256,3.0,0.49479166666666674,2.0
features,stake_scaled_net_profit,645,20608,20639,32,-0.00020618365670088679,0.002293688220598902,34352,3.0,0.4140625,0.8333333333333334
features,stake_scaled_net_profit,646,20640,20671,32,-0.0002627962385304272,0.005274685796789429,34448,3.0,0.41145833333333337,0.5833333333333334
features,stake_scaled_net_profit,647,20672,20703,32,4.765888297697529e-05,0.0009855371790353548,34544,3.0,0.38541666666666674,0.8333333333333334
features,stake_scaled_net_profit,648,20704,20735,32,-3.5006567486561835e-05,0.0013197288085325185,34640,3.0,0.38802083333333337,0.8333333333333334
features,stake_scaled_net_profit,649,20736,20767,32,-0.00025899955653585494,0.002760715686018912,34736,3.0,0.4166666666666667,0.5
features,stake_scaled_net_profit,650,20768,20799,32,-0.00016289824270643294,0.002011701139273208,34832,3.0,0.4635416666666668,0.8333333333333334
features,stake_scaled_net_profit,651,20800,20831,32,-0.17596441507339478,0.3689398428557016,34926,2.9375,0.40625000000000006,0.8333333333333334
features,stake_scaled_net_profit,652,20832,20863,32,3.601217031246051e-07,0.00037780854815224743,35022,3.0,0.3489583333333333,0.5
features,stake_scaled_net_profit,653,20864,20895,32,-0.0001223944127559662,0.0016255061775219779,35118,3.0,0.35937500000000006,0.8333333333333334
features,stake_scaled_net_profit,654,20896,20927,32,5.721300476579927e-05,0.0013733585039634474,35214,3.0,0.421875,0.8333333333333334
features,stake_scaled_net_profit,655,20928,20959,32,6.941445462871343e-07,0.0005814200047545025,35310,3.0,0.39583333333333337,0.5833333333333334
features,stake_scaled_net_profit,656,20960,20991,32,-0.00023127099848352373,0.002507447673173956,35406,3.0,0.3880208333333333,0.5833333333333334
features,stake_scaled_net_profit,657,20992,21023,32,-0.0002161723969038576,0.0023507147108615795,35502,3.0,0.39583333333333337,0.5
features,stake_scaled_net_profit,658,21024,21055,32,-0.0001613286731299013,0.001904521079986291,35598,3.0,0.4036458333333333,0.5833333333333334
features,stake_scaled_net_profit,659,21056,21087,32,7.053222361719236e-07,0.00020678974509348238,35694,3.0,0.4010416666666667,0.8333333333333334
features,stake_scaled_net_profit,660,21088,21119,32,-7.739911961834878e-05,0.0009225672851742882,35790,3.0,0.40364583333333337,0.8333333333333334
features,stake_scaled_net_profit,661,21120,21151,32,-9.674827742855996e-05,0.0010960368543087168,35886,3.0,0.39583333333333337,0.8333333333333334
features,stake_scaled_net_profit,662,21152,21183,32,3.8729362131562084e-05,0.0006821571923104941,35982,3.0,0.3645833333333333,0.5
features,stake_scaled_net_profit,663,21184,21215,32,-4.584584530675784e-06,0.000457794598829853,36078,3.0,0.36458333333333337,0.5
features,stake_scaled_net_profit,664,21216,21247,32,-8.871281897882e-05,0.0010929599873734275,36174,3.0,0.39583333333333337,0.8333333333333334
features,stake_scaled_net_profit,665,21248,21279,32,6.196399772306904e-05,0.0009494387635331061,36270,3.0,0.43750000000000006,0.8333333333333334
features,stake_scaled_net_profit,666,21280,21311,32,-6.398309778887779e-05,0.0011683848739727485,36366,3.0,0.3802083333333334,0.8333333333333334
features,stake_scaled_net_profit,667,21312,21343,32,-1.3597309589385986e-06,0.0004144429089604432,36462,3.0,0.4010416666666667,0.5833333333333334
features,stake_scaled_net_profit,668,21344,21375,32,-0.00011345867096679285,0.0018280155201397036,36558,3.0,0.38020833333333337,0.5833333333333334
features,stake_scaled_net_profit,669,21376,21407,32,-1.439824791305e-05,0.0003451541840377884,36654,3.0,0.37500000000000006,0.5833333333333334
features,stake_scaled_net_profit,670,21408,21439,32,-5.428493022918701e-05,0.0008208941565397183,36750,3.0,0.390625,0.8333333333333334
features,stake_scaled_net_profit,671,21440,21471,32,5.553290247917175e-05,0.0007899757456455354,36846,3.0,0.3723958333333333,0.8333333333333334
features,stake_scaled_net_profit,672,21472,21503,32,9.041283192345873e-06,0.0003609045756047921,36942,3.0,0.41927083333333337,0.5833333333333334
features,stake_scaled_net_profit,673,21504,21535,32,1.1373311281204224e-05,0.00021239431125270994,37038,3.0,0.39322916666666674,0.8333333333333334
features,stake_scaled_net_profit,674,21536,21567,32,-1.3435872006084537e-06,0.0001792649599132675,37134,3.0,0.3541666666666667,0.5
features,stake_scaled_net_profit,675,21568,21599,32,-8.348499977728352e-05,0.0015102476612138978,37230,3.0,0.3958333333333334,0.8333333333333334
features,stake_scaled_net_profit,676,21600,21631,32,-4.256019747117534e-05,0.0005702457584249275,37326,3.0,0.44010416666666674,0.5833333333333334
features,stake_scaled_net_profit,677,21632,21663,32,-7.527818524977192e-05,0.0010502477264001451,37422,3.0,0.453125,0.5
features,stake_scaled_net_profit,678,21664,21695,32,-0.00010441492486279458,0.0012138269381742795,37518,3.0,0.4166666666666668,0.8333333333333334
features,stake_scaled_net_profit,679,21696,21727,32,-4.990895467926748e-05,0.0009435115142395645,37614,3.0,0.42968750000000006,0.5833333333333334
features,stake_scaled_net_profit,680,21728,21759,32,5.235026401351206e-05,0.0006409249603746524,37710,3.0,0.41666666666666674,0.8333333333333334
features,stake_scaled_net_profit,681,21760,21791,32,0.00030833357595838606,0.003962977053324123,37806,3.0,0.669270833333333,8.666666666666666
features,stake_scaled_net_profit,682,21792,21823,32,-2.9326725780265406e-05,0.0005422333332600194,37902,3.0,0.4296875000000001,0.8333333333333334
features,stake_scaled_net_profit,683,21824,21855,32,-4.781286042998545e-05,0.0007473154042968833,37998,3.0,0.4010416666666667,0.8333333333333334
features,stake_scaled_net_profit,684,21856,21887,32,-8.669371891301125e-05,0.0013150943561140614,38094,3.0,0.39583333333333337,0.8333333333333334
features,stake_scaled_net_profit,685,21888,21919,32,3.675619518617168e-05,0.0008192562656792783,38190,3.0,0.40104166666666663,0.8333333333333334
features,stake_scaled_net_profit,686,21920,21951,32,-0.0001678814587648958,0.0018667847616563754,38286,3.0,0.43229166666666663,0.8333333333333334
features,stake_scaled_net_profit,687,21952,21983,32,-0.00010453164577484131,0.0013551841611331,38382,3.0,0.3802083333333333,0.8333333333333334
features,stake_scaled_net_profit,688,21984,22015,32,-6.083771586418152e-05,0.000764071443539961,38478,3.0,0.4114583333333333,0.8333333333333334
features,stake_scaled_net_profit,689,22016,22047,32,-6.545334326801822e-05,0.0010125217238522556,38574,3.0,0.40104166666666674,0.5
features,stake_scaled_net_profit,690,22048,22079,32,-7.750714576104656e-05,0.0009628971479945064,38670,3.0,0.36979166666666663,0.5
features,stake_scaled_net_profit,691,22080,22111,32,-0.00011978670954704285,0.0014413191493791425,38766,3.0,0.40364583333333337,0.5833333333333334
features,stake_scaled_net_profit,692,22112,22143,32,-3.309423118480481e-05,0.00041114716731048285,38862,3.0,0.35937500000000006,0.5
features,stake_scaled_net_profit,693,22144,22175,32,-4.04330603487324e-05,0.0004929075964124742,38958,3.0,0.3828125,0.5833333333333334
features,stake_scaled_net_profit,694,22176,22207,32,3.293157533335034e-06,0.00020075215282734123,39054,3.0,0.3906250000000001,0.8333333333333334
features,stake_scaled_net_profit,695,22208,22239,32,-4.858274769503623e-05,0.0006527359511161973,39150,3.0,0.44531250000000006,0.8333333333333334
features,stake_scaled_net_profit,696,22240,22271,32,-1.0025994015450124e-05,0.00031368096376566086,39246,3.0,0.38281250000000006,0.8333333333333334
features,stake_scaled_net_profit,697,22272,22303,32,-8.496146620018408e-06,0.0004270974405170856,39342,3.0,0.3645833333333333,0.5
features,stake_scaled_net_profit,698,22304,22335,32,1.493843228672631e-06,0.0001413360547024421,39438,3.0,0.33593749999999994,0.5
features,stake_scaled_net_profit,699,22336,22367,32,2.8304755687713623e-05,0.00039042936495686906,39534,3.0,0.4401041666666668,0.5833333333333334
features,stake_scaled_net_profit,700,22368,22399,32,-3.4513563150539994e-05,0.000489306098305269,39630,3.0,0.3802083333333334,0.5
features,stake_scaled_net_profit,701,22400,22431,32,-2.945835149148479e-05,0.0004429485699621457,39726,3.0,0.39843749999999994,0.8333333333333334
features,stake_scaled_net_profit,702,22432,22463,32,-0.0002641181054059416,0.0028924245695293787,39822,3.0,0.4270833333333334,0.5
features,stake_scaled_net_profit,703,22464,22495,32,-1.911198160087224e-05,0.0003487712707481703,39918,3.0,0.40104166666666674,0.5833333333333334
features,stake_scaled_net_profit,704,22496,22527,32,0.12373128533363342,0.25599497701366264,40012,2.9375,0.4114583333333333,0.8333333333333334
features,stake_scaled_net_profit,705,22528,22559,32,-5.786369365523569e-05,0.000707990148812057,40108,3.0,0.46875000000000006,2.0
features,stake_scaled_net_profit,706,22560,22591,32,-4.019463813165203e-05,0.000479291354215266,40204,3.0,0.3828125,0.8333333333333334
features,stake_scaled_net_profit,707,22592,22623,32,1.668681943556294e-05,0.0005697983351760658,40300,3.0,0.3854166666666667,0.5
features,stake_scaled_net_profit,708,22624,22655,32,-0.00011702129995683208,0.0017130121452044575,40396,3.0,0.4270833333333333,0.8333333333333334
features,stake_scaled_net_profit,709,22656,22687,32,-7.385511707980186e-05,0.0009649610973670654,40492,3.0,0.3984375000000001,0.5833333333333334
features,stake_scaled_net_profit,710,22688,22719,32,0.00016179804515559226,0.0024382009320595252,40588,3.0,0.38020833333333337,0.8333333333333334
features,stake_scaled_net_profit,711,22720,22751,32,-2.6235975383315235e-05,0.0004783401209348698,40684,3.0,0.38802083333333337,0.5
features,stake_scaled_net_profit,712,22752,22783,32,3.473212564131245e-05,0.0006392605623646406,40780,3.0,0.39062500000000006,0.8333333333333334
features,stake_scaled_net_profit,713,22784,22815,32,-6.021682929713279e-05,0.0007863091785592133,40876,3.0,0.41406250000000006,0.8333333333333334
features,stake_scaled_net_profit,714,22816,22847,32,-0.1614311933517456,0.3526321837199834,40970,2.9375,0.36979166666666674,0.8333333333333334
features,stake_scaled_net_profit,715,22848,22879,32,-0.000210493803024292,0.0029414528241736237,41066,3.0,0.40885416666666663,0.5833333333333334
features,stake_scaled_net_profit,716,22880,22911,32,7.000938057899475e-05,0.0009100106211678954,41162,3.0,0.42187500000000006,0.8333333333333334
features,stake_scaled_net_profit,717,22912,22943,32,-2.3202350348583423e-05,0.0007207849167808066,41258,3.0,0.42968749999999994,0.8333333333333334
features,stake_scaled_net_profit,718,22944,22975,32,9.327258158009499e-05,0.0013315788273651457,41354,3.0,0.4088541666666668,0.8333333333333334
features,stake_scaled_net_profit,719,22976,23007,32,-3.48078683600761e-05,0.00048696407461600657,41450,3.0,0.3984375,0.8333333333333334
features,stake_scaled_net_profit,720,23008,23039,32,-6.690124428132549e-05,0.0007944591925361449,41546,3.0,0.3828125,0.5833333333333334
features,stake_scaled_net_profit,721,23040,23071,32,-0.00011778870975831524,0.0014269669248304407,41642,3.0,0.4348958333333333,0.5833333333333334
features,stake_scaled_net_profit,722,23072,23103,32,-0.00010337307321606204,0.0013577963645302904,41738,3.0,0.4140625000000001,0.5833333333333334
features,stake_scaled_net_profit,723,23104,23135,32,-4.5161694288253784e-05,0.0005986319179739736,41834,3.0,0.39322916666666663,0.5833333333333334
features,stake_scaled_net_profit,724,23136,23167,32,0.0001647546887397766,0.0025369852856179514,41930,3.0,0.4427083333333334,2.0
features,stake_scaled_net_profit,725,23168,23199,32,-4.202624404570088e-05,0.0005202161803925597,42026,3.0,0.3958333333333334,0.8333333333333334
features,stake_scaled_net_profit,726,23200,23231,32,-7.116049528121948e-05,0.000840046050366717,42122,3.0,0.4322916666666667,0.5
features,stake_scaled_net_profit,727,23232,23263,32,-0.00011316935706418008,0.0015187709175689761,42218,3.0,0.4140625,0.5833333333333334
features,stake_scaled_net_profit,728,23264,23295,32,-3.488858783384785e-05,0.0005751939966264909,42314,3.0,0.4270833333333335,0.8333333333333334
features,stake_scaled_net_profit,729,23296,23327,32,-2.9275815904838964e-05,0.0007173002990383888,42410,3.0,0.421875,0.8333333333333334
features,stake_scaled_net_profit,730,23328,23359,32,2.838546788552776e-05,0.0004727620032771771,42506,3.0,0.4244791666666668,0.8333333333333334
features,stake_scaled_net_profit,731,23360,23391,32,-0.00038272017263807356,0.004355455639140561,42602,3.0,0.44270833333333337,0.8333333333333334
features,stake_scaled_net_profit,732,23392,23423,32,-3.8228925404837355e-05,0.0006629786957420109,42698,3.0,0.4166666666666666,0.8333333333333334
features,stake_scaled_net_profit,733,23424,23455,32,-2.0265579223632812e-06,9.277747459161542e-05,42794,3.0,0.39322916666666674,0.8333333333333334
features,stake_scaled_net_profit,734,23456,23487,32,5.4322190408129245e-05,0.0007845395153193423,42890,3.0,0.37500000000000006,0.8333333333333334
features,stake_scaled_net_profit,735,23488,23519,32,-3.1244006095221266e-05,0.0007515833655384441,42986,3.0,0.34375,0.5
features,stake_scaled_net_profit,736,23520,23551,32,-8.34837555885315e-05,0.0009859549983372465,43082,3.0,0.42187500000000006,0.8333333333333334
features,stake_scaled_net_profit,737,23552,23583,32,-8.679962775204331e-07,0.0004236887060180108,43178,3.0,0.3854166666666667,0.5
features,stake_scaled_net_profit,738,23584,23615,32,-9.123608469963074e-05,0.0010606026064567632,43274,3.0,0.4088541666666667,0.5833333333333334
features,stake_scaled_net_profit,739,23616,23647,32,-5.848954970133491e-05,0.0015837057952847937,43370,3.0,0.37760416666666663,0.8333333333333334
features,stake_scaled_net_profit,740,23648,23679,32,1.2060009794367943e-05,0.00021916405652436317,43466,3.0,0.37499999999999994,0.5833333333333334
features,stake_scaled_net_profit,741,23680,23711,32,-2.503146606613882e-05,0.00032155097114800753,43562,3.0,0.40885416666666674,0.8333333333333334
features,stake_scaled_net_profit,742,23712,23743,32,-0.00016631311154924333,0.0018660097084713296,43658,3.0,0.3932291666666667,0.8333333333333334
features,stake_scaled_net_profit,743,23744,23775,32,6.47467968519777e-05,0.0010695046230610556,43754,3.0,0.4583333333333334,2.0
features,stake_scaled_net_profit,744,23776,23807,32,-1.1314945368212648e-05,0.00019018625973874528,43850,3.0,0.39843750000000006,0.5833333333333334
features,stake_scaled_net_profit,745,23808,23839,32,-0.00020113711070735008,0.0027362756791343367,43946,3.0,0.4036458333333334,0.8333333333333334
features,stake_scaled_net_profit,746,23840,23871,32,-0.00024893321096897125,0.0032721292792425873,44042,3.0,0.36979166666666663,0.8333333333333334
features,stake_scaled_net_profit,747,23872,23903,32,-0.0002755162422545254,0.0036065213639309207,44138,3.0,0.3645833333333333,0.5
features,stake_scaled_net_profit,748,23904,23935,32,-1.8877286493079737e-05,0.0002556174445219139,44234,3.0,0.328125,0.5
features,stake_scaled_net_profit,749,23936,23967,32,-4.263221853761934e-05,0.0006416010991722619,44330,3.0,0.39062500000000006,0.5
features,stake_scaled_net_profit,750,23968,23999,32,2.9714159609284252e-05,0.0004614773110940543,44426,3.0,0.4166666666666667,0.8333333333333334
features,stake_scaled_net_profit,751,24000,24031,32,-4.087884008185938e-06,0.0002872314533168309,44522,3.0,0.37500000000000006,0.5
features,stake_scaled_net_profit,752,24032,24063,32,3.819912672042847e-05,0.0006204520661314763,44618,3.0,0.38802083333333337,0.8333333333333334
features,stake_scaled_net_profit,753,24064,24095,32,4.568448639474809e-05,0.0006872038436842073,44714,3.0,0.4427083333333333,0.8333333333333334
features,stake_scaled_net_profit,754,24096,24127,32,-0.00012163445353507996,0.001771704547232901,44810,3.0,0.3906250000000001,0.5
features,stake_scaled_net_profit,755,24128,24159,32,-3.0178574888850562e-05,0.0004373575998886849,44906,3.0,0.41406249999999994,0.8333333333333334
features,stake_scaled_net_profit,756,24160,24191,32,4.8932935897028074e-05,0.0010801604042349753,45002,3.0,0.3645833333333333,0.5
features,stake_scaled_net_profit,757,24192,24223,32,8.004904520930722e-05,0.0010061999038267569,45098,3.0,0.38020833333333326,0.8333333333333334
features,stake_scaled_net_profit,758,24224,24255,32,-1.1039264791179448e-06,0.00028237880805330847,45194,3.0,0.40364583333333337,0.5833333333333334
features,stake_scaled_net_profit,759,24256,24287,32,-0.00016069287084974349,0.0019178112597259716,45290,3.0,0.3958333333333333,0.5
features,stake_scaled_net_profit,760,24288,24319,32,-0.0001284653990296647,0.0014610997285685009,45386,3.0,0.40104166666666663,0.8333333333333334
features,stake_scaled_net_profit,761,24320,24351,32,1.500174494140083e-05,0.00034209149489240043,45482,3.0,0.359375,0.5833333333333334
features,stake_scaled_net_profit,762,24352,24383,32,-5.0193317292723805e-05,0.0006632909010021681,45578,3.0,0.36718750000000006,0.5833333333333334
features,stake_scaled_net_profit,763,24384,24415,32,-1.9649660316645168e-05,0.0003144050861987254,45674,3.0,0.3958333333333334,0.8333333333333334
features,stake_scaled_net_profit,764,24416,24447,32,-5.194544792175293e-05,0.0006414768128412809,45770,3.0,0.3463541666666667,0.5
features,stake_scaled_net_profit,765,24448,24479,32,-7.277354598045349e-05,0.0007809703585490548,45866,3.0,0.39843750000000006,0.8333333333333334
features,stake_scaled_net_profit,766,24480,24511,32,-1.72331856447272e-05,0.0007414791072472486,45962,3.0,0.6640624999999999,8.666666666666666
features,stake_scaled_net_profit,767,24512,24543,32,-4.0554750739829615e-05,0.0008936615443164767,46058,3.0,0.3567708333333334,0.5
features,stake_scaled_net_profit,768,24544,24575,32,-0.00010205432772636414,0.0013733625755491204,46154,3.0,0.3854166666666667,0.5
features,stake_scaled_net_profit,769,24576,24607,32,0.00018981099128723145,0.0018185212140171888,46250,3.0,0.44270833333333337,0.8333333333333334
features,stake_scaled_net_profit,770,24608,24639,32,2.2778909624321386e-05,0.00037848871399086276,46346,3.0,0.39843750000000006,0.8333333333333334
features,stake_scaled_net_profit,771,24640,24671,32,-6.953723641345277e-08,0.00018379777396806951,46442,3.0,0.390625,0.8333333333333334
features,stake_scaled_net_profit,772,24672,24703,32,-6.667400884907693e-05,0.0007523845068594185,46538,3.0,0.4088541666666667,0.8333333333333334
features,stake_scaled_net_profit,773,24704,24735,32,-1.980612796614878e-05,0.0004196261467021495,46634,3.0,0.39583333333333337,0.5
features,stake_scaled_net_profit,774,24736,24767,32,-0.00020595267415046692,0.003344617277062084,46730,3.0,0.3984375,0.8333333333333334
features,stake_scaled_net_profit,775,24768,24799,32,-4.322081440477632e-05,0.000609715496939565,46826,3.0,0.38281250000000006,0.5
features,stake_scaled_net_profit,776,24800,24831,32,-5.2408624469535425e-05,0.0006499170868532238,46922,3.0,0.3984375000000001,0.5833333333333334
features,stake_scaled_net_profit,777,24832,24863,32,-0.0007744281901977956,0.009543692529248953,47018,3.0,0.40625000000000006,0.5
features,stake_scaled_net_profit,778,24864,24895,32,-0.00012692809104919434,0.0015249641984499038,47114,3.0,0.40625000000000006,0.5
features,stake_scaled_net_profit,779,24896,24927,32,-1.7680224118521437e-05,0.00038861727890695754,47210,3.0,0.4531249999999999,2.0
features,stake_scaled_net_profit,780,24928,24959,32,-0.07828230410814285,0.2298231427749911,47306,3.0,0.41666666666666663,0.8333333333333334
features,stake_scaled_net_profit,781,24960,24991,32,-0.00015335902571678162,0.0016594995763115124,47402,3.0,0.4296875000000001,0.5833333333333334
features,stake_scaled_net_profit,782,24992,25023,32,-1.4785678104090039e-05,0.0003195858348958362,47498,3.0,0.43750000000000006,0.8333333333333334
features,stake_scaled_net_profit,783,25024,25055,32,5.258744567981921e-05,0.0012880978857158273,47594,3.0,0.421875,0.8333333333333334
features,stake_scaled_net_profit,784,25056,25087,32,5.698452514479868e-05,0.0008748217866254059,47690,3.0,0.34635416666666674,0.8333333333333334
features,stake_scaled_net_profit,785,25088,25119,32,-4.29426618211437e-05,0.0005492751188697259,47786,3.0,0.3828125,0.5833333333333334
features,stake_scaled_net_profit,786,25120,25151,32,6.814796051912708e-06,0.00036734487327825865,47882,3.0,0.3880208333333333,0.8333333333333334
features,stake_scaled_net_profit,787,25152,25183,32,-5.213543408899568e-05,0.0006485352569763701,47978,3.0,0.34375000000000006,0.5
features,stake_scaled_net_profit,788,25184,25215,32,-4.0742259443504736e-05,0.000490901028726665,48074,3.0,0.40104166666666674,0.5833333333333334
features,stake_scaled_net_profit,789,25216,25247,32,3.833325536106713e-06,0.00015751250170151047,48170,3.0,0.35416666666666674,0.5
features,stake_scaled_net_profit,790,25248,25279,32,-1.1956944945268333e-05,0.0005556088620665857,48266,3.0,0.4062500000000001,0.8333333333333334
features,stake_scaled_net_profit,791,25280,25311,32,-2.5384124455740675e-05,0.0003670930043291005,48362,3.0,0.4244791666666667,0.8333333333333334
features,stake_scaled_net_profit,792,25312,25343,32,1.0946145266643725e-05,0.00040823757578386887,48458,3.0,0.4010416666666667,0.8333333333333334
features,stake_scaled_net_profit,793,25344,25375,32,-4.366537177702412e-05,0.0006421747106500753,48554,3.0,0.33854166666666674,0.5
features,stake_scaled_net_profit,794,25376,25407,32,-8.848806828609668e-06,0.0002567635304783712,48650,3.0,0.4453125,0.8333333333333334
features,stake_scaled_net_profit,795,25408,25439,32,-6.803248834330589e-05,0.0010052968498581115,48746,3.0,0.38541666666666663,0.8333333333333334
features,stake_scaled_net_profit,796,25440,25471,32,-2.5670971808722243e-05,0.0003797728039044183,48842,3.0,0.35677083333333326,0.8333333333333334
features,stake_scaled_net_profit,797,25472,25503,32,-2.5341909349663183e-05,0.00035124610921309423,48938,3.0,0.43229166666666674,0.8333333333333334
features,stake_scaled_net_profit,798,25504,25535,32,-2.2873282432556152e-05,0.0003313747194986267,49034,3.0,0.35677083333333326,0.8333333333333334
features,stake_scaled_net_profit,799,25536,25567,32,-1.1228022231080104e-05,0.0003286467856429908,49130,3.0,0.4036458333333333,0.5833333333333334
features,stake_scaled_net_profit,800,25568,25599,32,3.4846365451812744e-05,0.0005665062848690463,49226,3.0,0.375,0.5
features,stake_scaled_net_profit,801,25600,25631,32,-2.3269405573955737e-05,0.00033795939430976456,49322,3.0,0.38020833333333337,0.8333333333333334
features,stake_scaled_net_profit,802,25632,25663,32,-3.150353950331919e-05,0.00048318094314039737,49418,3.0,0.4114583333333333,0.8333333333333334
features,stake_scaled_net_profit,803,25664,25695,32,-4.799415546585806e-05,0.0006209355392217017,49514,3.0,0.4010416666666667,0.8333333333333334
features,stake_scaled_net_profit,804,25696,25727,32,-2.4531036615371704e-05,0.00036214591983843553,49610,3.0,0.45312500000000006,2.0
features,stake_scaled_net_profit,805,25728,25759,32,-4.021823770017363e-05,0.0005721479827259974,49706,3.0,0.4322916666666667,0.8333333333333334
features,stake_scaled_net_profit,806,25760,25791,32,4.032008291687816e-06,0.00020005471387088509,49802,3.0,0.3932291666666668,0.8333333333333334
features,stake_scaled_net_profit,807,25792,25823,32,-6.717444193782285e-05,0.0008973544747003762,49898,3.0,0.42187500000000006,0.8333333333333334
features,stake_scaled_net_profit,808,25824,25855,32,-2.8032809495925903e-05,0.00038940868266988785,49994,3.0,0.4322916666666667,0.8333333333333334
features,stake_scaled_net_profit,809,25856,25887,32,5.354607492336072e-05,0.0009513675791801275,50090,3.0,0.42447916666666674,0.8333333333333334
features,stake_scaled_net_profit,810,25888,25919,32,1.7384991224389523e-08,0.0002706317502633846,50186,3.0,0.3619791666666667,0.8333333333333334
features,stake_scaled_net_profit,811,25920,25951,32,-2.953658258775249e-05,0.0004374524499917361,50282,3.0,0.3541666666666667,0.5
features,stake_scaled_net_profit,812,25952,25983,32,-2.9792387067573145e-05,0.00048349407591238413,50378,3.0,0.3906250000000001,0.8333333333333334
features,stake_scaled_net_profit,813,25984,26015,32,-3.455206751823425e-05,0.00045827327738146695,50474,3.0,0.42708333333333337,0.8333333333333334
features,stake_scaled_net_profit,814,26016,26047,32,3.69312874681782e-05,0.000666731770403928,50570,3.0,0.39843750000000006,0.5833333333333334
features,stake_scaled_net_profit,815,26048,26079,32,-7.792934775352478e-05,0.0010739339849944846,50666,3.0,0.421875,0.8333333333333334
features,stake_scaled_net_profit,816,26080,26111,32,-1.87903679034207e-05,0.00028668800299336077,50762,3.0,0.39583333333333337,0.8333333333333334
features,stake_scaled_net_profit,817,26112,26143,32,-2.0590920030372217e-05,0.000304150577531187,50858,3.0,0.3880208333333333,0.5833333333333334
features,stake_scaled_net_profit,818,26144,26175,32,-7.186954462667927e-05,0.0009645365903377947,50954,3.0,0.39062499999999994,0.5833333333333334
features,stake_scaled_net_profit,819,26176,26207,32,-4.79916634503752e-05,0.0006823097799422245,51050,3.0,0.3802083333333333,0.5833333333333334
features,stake_scaled_net_profit,820,26208,26239,32,-1.668681579758413e-05,0.00031345161116649986,51146,3.0,0.38802083333333337,0.5833333333333334
features,stake_scaled_net_profit,821,26240,26271,32,-6.90855085849762e-05,0.0009970070991071778,51242,3.0,0.3958333333333333,0.5
features,stake_scaled_net_profit,822,26272,26303,32,-2.6612233341438696e-05,0.00042209681553068677,51338,3.0,0.43750000000000006,0.5833333333333334
features,stake_scaled_net_profit,823,26304,26335,32,3.633772939792834e-05,0.0005857624190101771,51434,3.0,0.38281250000000006,0.5833333333333334
features,stake_scaled_net_profit,824,26336,26367,32,5.044045337854186e-06,0.00019437461740481123,51530,3.0,0.3958333333333333,0.5
features,stake_scaled_net_profit,825,26368,26399,32,4.609176539815962e-05,0.0007074341577309563,51626,3.0,0.4479166666666667,0.8333333333333334
features,stake_scaled_net_profit,826,26400,26431,32,1.0336442755942699e-05,0.00018512566811843597,51722,3.0,0.3697916666666667,0.5
features,stake_scaled_net_profit,827,26432,26463,32,-4.5468412281479686e-05,0.0005989674064190727,51818,3.0,0.3854166666666667,0.8333333333333334
features,stake_scaled_net_profit,828,26464,26495,32,0.0002658019366208464,0.004590830895017677,51914,3.0,0.41927083333333337,0.8333333333333334
features,stake_scaled_net_profit,829,26496,26527,32,-3.101179754594341e-05,0.00041918567025551996,52010,3.0,0.3098958333333333,0.5833333333333334
features,stake_scaled_net_profit,830,26528,26559,32,-3.061816096305847e-05,0.0004130073829365253,52106,3.0,0.4088541666666667,0.8333333333333334
features,stake_scaled_net_profit,831,26560,26591,32,1.713882011245005e-05,0.0002593819556852781,52202,3.0,0.3697916666666667,0.8333333333333334
features,stake_scaled_net_profit,832,26592,26623,32,-2.1189449398661964e-05,0.00042376908550934933,52298,3.0,0.4218750000000001,0.8333333333333334
features,stake_scaled_net_profit,833,26624,26655,32,1.795590105757583e-05,0.00028528639124896784,52394,3.0,0.38541666666666674,0.8333333333333334
features,stake_scaled_net_profit,834,26656,26687,32,1.100202280213125e-05,0.00021343620939390178,52490,3.0,0.4114583333333334,0.8333333333333334
features,stake_scaled_net_profit,835,26688,26719,32,-1.615782457520254e-05,0.0002693183957844799,52586,3.0,0.3802083333333334,0.5
features,stake_scaled_net_profit,836,26720,26751,32,-4.396090662339702e-05,0.0006411503527009245,52682,3.0,0.3828125,0.5833333333333334
features,stake_scaled_net_profit,837,26752,26783,32,-4.31835615017917e-05,0.0006042442678309278,52778,3.0,0.3854166666666667,0.5
features,stake_scaled_net_profit,838,26784,26815,32,-0.0001239602715941146,0.0015222207000121352,52874,3.0,0.4010416666666667,0.8333333333333334
features,stake_scaled_net_profit,839,26816,26847,32,-2.208351725130342e-05,0.0005435583828431695,52970,3.0,0.4218750000000001,0.5
features,stake_scaled_net_profit,840,26848,26879,32,-2.4254124582512304e-05,0.0003409722095084168,53066,3.0,0.41145833333333337,0.8333333333333334
features,stake_scaled_net_profit,841,26880,26911,32,3.175189340254292e-05,0.0004620179845443582,53162,3.0,0.390625,0.5833333333333334
features,stake_scaled_net_profit,842,26912,26943,32,0.0005555500974878669,0.008525884589201959,53258,3.0,0.5052083333333334,2.0
features,stake_scaled_net_profit,843,26944,26975,32,-7.336089765885845e-05,0.001009597807662852,53354,3.0,0.4166666666666667,0.5
features,stake_scaled_net_profit,844,26976,27007,32,6.243959069252014e-05,0.000989220761754007,53450,3.0,0.34895833333333337,0.8333333333333334
features,stake_scaled_net_profit,845,27008,27039,32,1.7444297554902732e-05,0.00031576021979152737,53546,3.0,0.3541666666666667,0.5
features,stake_scaled_net_profit,846,27040,27071,32,-2.8302267310209572e-05,0.0005665722033929145,53642,3.0,0.4583333333333334,0.8333333333333334
features,stake_scaled_net_profit,847,27072,27103,32,4.281599558453308e-06,0.00035280196433631265,53738,3.0,0.40625000000000006,0.8333333333333334
features,stake_scaled_net_profit,848,27104,27135,32,-1.3940033568360377e-05,0.00039058370565637834,53834,3.0,0.42187500000000006,0.8333333333333334
features,stake_scaled_net_profit,849,27136,27167,32,-2.98917293548584e-05,0.00045476012789358815,53930,3.0,0.3802083333333334,0.8333333333333334
features,stake_scaled_net_profit,850,27168,27199,32,-5.820517981192097e-05,0.0008113162722451466,54026,3.0,0.41666666666666674,0.8333333333333334
features,stake_scaled_net_profit,851,27200,27231,32,-5.463014167617075e-05,0.0007426824720253765,54122,3.0,0.390625,0.5
features,stake_scaled_net_profit,852,27232,27263,32,-3.504505002638325e-05,0.000516786461259962,54218,3.0,0.38020833333333337,0.5
features,stake_scaled_net_profit,853,27264,27295,32,-3.7041804716864135e-06,0.0002305567174400741,54314,3.0,0.3828125,0.8333333333333334
features,stake_scaled_net_profit,854,27296,27327,32,-5.9703975239244755e-06,0.00023781472064014802,54410,3.0,0.359375,0.5
features,stake_scaled_net_profit,855,27328,27359,32,-7.929653656901792e-05,0.0010703437289133581,54506,3.0,0.45833333333333337,0.8333333333333334
features,stake_scaled_net_profit,856,27360,27391,32,-2.0208459318382666e-05,0.0003296984607561107,54602,3.0,0.3932291666666667,0.5833333333333334
features,stake_scaled_net_profit,857,27392,27423,32,-4.35685105912853e-05,0.0006508815798194822,54698,3.0,0.41927083333333337,0.5833333333333334
features,stake_scaled_net_profit,858,27424,27455,32,-1.9306931790197268e-05,0.0003176489622507508,54794,3.0,0.38020833333333337,0.8333333333333334
features,stake_scaled_net_profit,859,27456,27487,32,-1.4081588233239017e-06,0.0002562830248666162,54890,3.0,0.39583333333333337,0.8333333333333334
features,stake_scaled_net_profit,860,27488,27519,32,1.3982253221911378e-06,0.0003902865058996191,54986,3.0,0.35937499999999994,0.5
features,stake_scaled_net_profit,861,27520,27551,32,-5.036344373365864e-05,0.0006275392789152474,55082,3.0,0.4322916666666667,0.8333333333333334
features,stake_scaled_net_profit,862,27552,27583,32,0.00027052685618400574,0.0039051055939406235,55178,3.0,0.4322916666666666,0.8333333333333334
features,stake_scaled_net_profit,863,27584,27615,32,-3.693501275847666e-05,0.0005899845183226819,55274,3.0,0.42708333333333337,0.8333333333333334
features,stake_scaled_net_profit,864,27616,27647,32,2.558653795858845e-05,0.0004199799763546855,55370,3.0,0.45572916666666674,2.0
features,stake_scaled_net_profit,865,27648,27679,32,-0.00012443587183952332,0.0015417175290637598,55466,3.0,0.4192708333333335,0.5833333333333334
features,stake_scaled_net_profit,866,27680,27711,32,-7.2527676820755e-05,0.0011043452200799222,55562,3.0,0.359375,0.5833333333333334
features,stake_scaled_net_profit,867,27712,27743,32,0.16511811316013336,0.3383082348890564,55656,2.9375,0.37500000000000006,0.6666666666666666
features,stake_scaled_net_profit,868,27744,27775,32,-3.01984473480843e-05,0.0005754796384600269,55752,3.0,0.390625,0.8333333333333334
features,stake_scaled_net_profit,869,27776,27807,32,-8.38811174617149e-05,0.0010849974003378708,55848,3.0,0.36458333333333337,0.5
features,stake_scaled_net_profit,870,27808,27839,32,-3.124773138551973e-05,0.0006274255795044424,55944,3.0,0.41406250000000006,0.8333333333333334
features,stake_scaled_net_profit,871,27840,27871,32,-3.542005651979707e-05,0.0006184956400367232,56040,3.0,0.39062499999999994,0.5
features,stake_scaled_net_profit,872,27872,27903,32,2.108519765897654e-06,0.0003785149937668574,56136,3.0,0.3776041666666667,0.5833333333333334
features,stake_scaled_net_profit,873,27904,27935,32,4.700820136349648e-05,0.0006691100314093279,56232,3.0,0.3645833333333333,0.5833333333333334
features,stake_scaled_net_profit,874,27936,27967,32,-2.5043882487807423e-05,0.0005156037438493395,56328,3.0,0.4557291666666667,0.8333333333333334
features,stake_scaled_net_profit,875,27968,27999,32,-3.931421815650538e-06,0.00031848560375012116,56424,3.0,0.3854166666666667,0.8333333333333334
features,stake_scaled_net_profit,876,28000,28031,32,-1.6316735127475113e-06,0.00042957640480590997,56520,3.0,0.4739583333333333,2.0
features,stake_scaled_net_profit,877,28032,28063,32,0.145415261387825,0.3065175122720665,56614,2.9375,0.38281250000000006,0.6666666666666666
features,stake_scaled_net_profit,878,28064,28095,32,-2.6442114176461473e-05,0.0010210222847860128,56710,3.0,0.42187499999999994,0.8333333333333334
features,stake_scaled_net_profit,879,28096,28127,32,4.3965883378405124e-05,0.000711913891116727,56806,3.0,0.4114583333333334,0.8333333333333334
features,stake_scaled_net_profit,880,28128,28159,32,7.00602977303788e-05,0.0009253927071308284,56902,3.0,0.36458333333333337,0.8333333333333334
features,stake_scaled_net_profit,881,28160,28191,32,-0.00018416842794977129,0.002342448929226796,56998,3.0,0.39583333333333337,0.5
features,stake_scaled_net_profit,882,28192,28223,32,-8.889286982594058e-05,0.0014002601704864838,57094,3.0,0.39583333333333326,0.5833333333333334
features,stake_scaled_net_profit,883,28224,28255,32,5.88757247896865e-05,0.0011218983853310384,57190,3.0,0.4036458333333334,0.8333333333333334
features,stake_scaled_net_profit,884,28256,28287,32,-0.00013102838420309126,0.0015297037606852473,57286,3.0,0.3697916666666667,0.5833333333333334
features,stake_scaled_net_profit,885,28288,28319,32,0.000245983392233029,0.002995467382099753,57382,3.0,0.4375000000000001,0.8333333333333334
features,stake_scaled_net_profit,886,28320,28351,32,-0.17805787920951843,0.37987066495369354,57476,2.9375,0.375,0.8333333333333334
features,stake_scaled_net_profit,887,28352,28383,32,-0.0001469266862841323,0.00190536564276883,57572,3.0,0.41666666666666674,0.5833333333333334
features,stake_scaled_net_profit,888,28384,28415,32,0.00011500342952786013,0.001398241506751635,57668,3.0,0.4192708333333334,0.8333333333333334
features,stake_scaled_net_profit,889,28416,28447,32,-0.0006717356154695153,0.007477423597510565,57764,3.0,0.40885416666666663,0.5833333333333334
features,stake_scaled_net_profit,890,28448,28479,32,-8.373706805286929e-05,0.0011303724363615013,57860,3.0,0.35416666666666674,0.5
features,stake_scaled_net_profit,891,28480,28511,32,-2.772609695966821e-05,0.0007440303080867705,57956,3.0,0.41666666666666663,0.8333333333333334
features,stake_scaled_net_profit,892,28512,28543,32,-7.480134081561118e-05,0.0011488030528151846,58052,3.0,0.4296875,0.8333333333333334
features,stake_scaled_net_profit,893,28544,28575,32,0.00017347931861877441,0.002250474594170659,58148,3.0,0.4114583333333334,0.8333333333333334
features,stake_scaled_net_profit,894,28576,28607,32,-8.799126590020023e-06,0.00044082674579223424,58244,3.0,0.35937500000000006,0.5
features,stake_scaled_net_profit,895,28608,28639,32,-0.00010188294254476205,0.0014422113562047912,58340,3.0,0.3984375,0.5
features,stake_scaled_net_profit,896,28640,28671,32,-6.521742034237832e-05,0.0009854175520859132,58436,3.0,0.421875,0.8333333333333334
features,stake_scaled_net_profit,897,28672,28703,32,7.698930858168751e-06,0.0008184057374569312,58532,3.0,0.38020833333333326,0.8333333333333334
features,stake_scaled_net_profit,898,28704,28735,32,-0.00011226287460885942,0.0014884897358261062,58628,3.0,0.46093750000000006,2.0
features,stake_scaled_net_profit,899,28736,28767,32,-8.973479270935059e-05,0.001227594152225234,58724,3.0,0.39843749999999994,0.5833333333333334
features,stake_scaled_net_profit,900,28768,28799,32,-0.00015477585839107633,0.0019184462219570685,58820,3.0,0.3645833333333333,0.5
features,stake_scaled_net_profit,901,28800,28831,32,0.00010289001511409879,0.001955332835347389,58916,3.0,0.47395833333333337,2.0
features,stake_scaled_net_profit,902,28832,28863,32,-0.00013403594493865967,0.0018215322900658134,59012,3.0,0.33854166666666674,0.5
features,stake_scaled_net_profit,903,28864,28895,32,9.845446038525552e-05,0.0015929478748497755,59108,3.0,0.3828125,0.8333333333333334
features,stake_scaled_net_profit,904,28896,28927,32,-8.722143320483156e-06,0.000353485894026865,59204,3.0,0.3697916666666667,0.5
features,stake_scaled_net_profit,905,28928,28959,32,-8.046554285101593e-07,0.001209031661338374,59300,3.0,0.48177083333333337,2.0
features,stake_scaled_net_profit,906,28960,28991,32,5.286310988594778e-05,0.0008066063863316189,59396,3.0,0.3984375,0.5833333333333334
features,stake_scaled_net_profit,907,28992,29023,32,-0.0002349329588469118,0.0028862012460308976,59492,3.0,0.4427083333333333,0.8333333333333334
features,stake_scaled_net_profit,908,29024,29055,32,-3.638986891019158e-05,0.0008193868645417333,59588,3.0,0.41406250000000006,0.5
features,stake_scaled_net_profit,909,29056,29087,32,-8.544698357582092e-05,0.0011461794242907958,59684,3.0,0.4557291666666668,0.8333333333333334
features,stake_scaled_net_profit,910,29088,29119,32,-4.8430010792799294e-05,0.0007729796150978798,59780,3.0,0.4244791666666667,0.8333333333333334
features,stake_scaled_net_profit,911,29120,29151,32,-0.00010797753202496096,0.0012509506654662498,59876,3.0,0.4036458333333333,0.8333333333333334
features,stake_scaled_net_profit,912,29152,29183,32,-0.00013398873852565885,0.001629685333194881,59972,3.0,0.4036458333333334,0.5833333333333334
features,stake_scaled_net_profit,913,29184,29215,32,-8.180984877981246e-05,0.0012213299439988825,60068,3.0,0.4479166666666667,2.0
features,stake_scaled_net_profit,914,29216,29247,32,6.207328260643408e-05,0.0008194201856803066,60164,3.0,0.3697916666666667,0.8333333333333334
features,stake_scaled_net_profit,915,29248,29279,32,-0.0002307047398062423,0.0027729378229714536,60260,3.0,0.4088541666666667,0.5833333333333334
features,stake_scaled_net_profit,916,29280,29311,32,-0.00015206757234409451,0.0018568659536969214,60356,3.0,0.38020833333333337,0.8333333333333334
features,stake_scaled_net_profit,917,29312,29343,32,-5.2285686251707375e-05,0.0008209826289153479,60452,3.0,0.40625000000000006,0.5833333333333334
features,stake_scaled_net_profit,918,29344,29375,32,-4.7148510930128396e-05,0.0007192336103188512,60548,3.0,0.3854166666666667,0.5
features,stake_scaled_net_profit,919,29376,29407,32,5.805740875075571e-05,0.0007270179433763631,60644,3.0,0.328125,0.5
features,stake_scaled_net_profit,920,29408,29439,32,-3.2931511668721214e-06,0.0004885113577000443,60740,3.0,0.3697916666666667,0.5
features,stake_scaled_net_profit,921,29440,29471,32,-1.1677526345010847e-05,0.0007597801137902282,60836,3.0,0.3828125,0.8333333333333334
features,stake_scaled_net_profit,922,29472,29503,32,1.635153967072256e-05,0.0004456914252343268,60932,3.0,0.3854166666666667,0.8333333333333334
features,stake_scaled_net_profit,923,29504,29535,32,-6.687020504614338e-05,0.0009477131614363528,61028,3.0,0.44531250000000006,0.8333333333333334
features,stake_scaled_net_profit,924,29536,29567,32,-5.5316832003882155e-05,0.000951755033525364,61124,3.0,0.39843749999999994,0.5833333333333334
features,stake_scaled_net_profit,925,29568,29599,32,-7.34726563678123e-05,0.0012816336875723909,61220,3.0,0.4166666666666667,0.5
features,stake_scaled_net_profit,926,29600,29631,32,-0.00019191205501556396,0.0024065348880549812,61316,3.0,0.3750000000000001,0.5
features,stake_scaled_net_profit,927,29632,29663,32,0.00012126442015869543,0.001558370893691282,61412,3.0,0.41406250000000006,0.8333333333333334
features,stake_scaled_net_profit,928,29664,29695,32,-0.00027182447956874967,0.0033715269566176073,61508,3.0,0.4296875,0.5833333333333334
features,stake_scaled_net_profit,929,29696,29727,32,-9.103367483476177e-05,0.0012766632711412578,61604,3.0,0.44791666666666674,0.8333333333333334
features,stake_scaled_net_profit,930,29728,29759,32,-0.000289086252450943,0.003196950121125239,61700,3.0,0.4166666666666667,0.5833333333333334
features,stake_scaled_net_profit,931,29760,29791,32,-0.0002322929649380967,0.0028577598532421333,61796,3.0,0.41666666666666674,0.5833333333333334
features,stake_scaled_net_profit,932,29792,29823,32,-1.2520697964646388e-05,0.00031463795966557134,61892,3.0,0.3880208333333334,0.5833333333333334
features,stake_scaled_net_profit,933,29824,29855,32,3.226225089747459e-05,0.000568948309203464,61988,3.0,0.43489583333333337,0.8333333333333334
features,stake_scaled_net_profit,934,29856,29887,32,0.00013996414782013744,0.001989917926397402,62084,3.0,0.43750000000000006,0.8333333333333334
features,stake_scaled_net_profit,935,29888,29919,32,0.00010000168549595401,0.0012123491667381755,62180,3.0,0.4479166666666667,0.8333333333333334
features,stake_scaled_net_profit,936,29920,29951,32,-7.514282333431765e-05,0.0009750227063345102,62276,3.0,0.40364583333333337,0.8333333333333334
features,stake_scaled_net_profit,937,29952,29983,32,-8.702401828486472e-05,0.001066058140768327,62372,3.0,0.36197916666666663,0.5
features,stake_scaled_net_profit,938,29984,30015,32,8.153412636602297e-06,0.0011748855089628548,62468,3.0,0.3854166666666667,0.8333333333333334
features,stake_scaled_net_profit,939,30016,30047,32,1.6594924090895802e-05,0.0005306142541941486,62564,3.0,0.40104166666666674,0.8333333333333334
features,stake_scaled_net_profit,940,30048,30079,32,8.180116856237873e-05,0.0011914383229311145,62660,3.0,0.3567708333333333,0.8333333333333334
features,stake_scaled_net_profit,941,30080,30111,32,-0.0002015903446590528,0.002424645229458623,62756,3.0,0.3958333333333333,0.8333333333333334
features,stake_scaled_net_profit,942,30112,30143,32,-9.210407733917236e-05,0.0012093167751427848,62852,3.0,0.375,0.8333333333333334
features,stake_scaled_net_profit,943,30144,30175,32,-3.022461896762252e-06,0.0006763878571922978,62948,3.0,0.39062500000000006,0.5833333333333334
features,stake_scaled_net_profit,944,30176,30207,32,-0.00012974813580513,0.0017201799812134773,63044,3.0,0.3932291666666667,0.5833333333333334
features,stake_scaled_net_profit,945,30208,30239,32,1.0505355021450669e-06,0.0004216155489555746,63140,3.0,0.4010416666666666,0.5
features,stake_scaled_net_profit,946,30240,30271,32,-0.00017010295414365828,0.002186981114227678,63236,3.0,0.4375,0.5
features,stake_scaled_net_profit,947,30272,30303,32,-5.123511982674245e-06,0.000611719093329917,63332,3.0,0.39062500000000006,0.5
features,stake_scaled_net_profit,948,30304,30335,32,-6.281957030296326e-05,0.0010968389132310432,63428,3.0,0.4322916666666667,0.8333333333333334
features,stake_scaled_net_profit,949,30336,30367,32,0.00011285270738881081,0.0013337653414149072,63524,3.0,0.4270833333333334,0.8333333333333334
features,stake_scaled_net_profit,950,30368,30399,32,-0.00015573576092720032,0.0021462269100296994,63620,3.0,0.43749999999999994,0.8333333333333334
features,stake_scaled_net_profit,951,30400,30431,32,7.533781172242016e-05,0.0009171055092484487,63716,3.0,0.41406250000000006,0.8333333333333334
features,stake_scaled_net_profit,952,30432,30463,32,-6.978709279792383e-06,0.0005000876804520852,63812,3.0,0.36197916666666674,0.5833333333333334
features,stake_scaled_net_profit,953,30464,30495,32,7.26170910638757e-05,0.0009594432463919734,63908,3.0,0.3671875,0.5
features,stake_scaled_net_profit,954,30496,30527,32,-8.105610322672874e-05,0.0011408223993766735,64004,3.0,0.39583333333333337,0.8333333333333334
features,stake_scaled_net_profit,955,30528,30559,32,-4.3886386265512556e-05,0.0009052162311599834,64100,3.0,0.4114583333333333,0.8333333333333334
features,stake_scaled_net_profit,956,30560,30591,32,7.131695747375488e-05,0.0008713742555885408,64196,3.0,0.3723958333333333,0.5833333333333334
features,stake_scaled_net_profit,957,30592,30623,32,4.187972081126645e-05,0.0007379805716342997,64292,3.0,0.4114583333333334,0.8333333333333334
features,stake_scaled_net_profit,958,30624,30655,32,-8.607033669250086e-05,0.0013311988676800893,64388,3.0,0.39843750000000006,0.5833333333333334
features,stake_scaled_net_profit,959,30656,30687,32,-2.9740236641373485e-05,0.0013334684313572156,64484,3.0,0.4166666666666667,0.8333333333333334
features,stake_scaled_net_profit,960,30688,30719,32,-8.256480214186013e-06,0.0007425007577075209,64580,3.0,0.38802083333333337,0.8333333333333334
features,stake_scaled_net_profit,961,30720,30751,32,-3.0443068681051955e-05,0.0006422234832540824,64676,3.0,0.38541666666666663,0.5
features,stake_scaled_net_profit,962,30752,30783,32,-7.229919719975442e-05,0.0010073402289239612,64772,3.0,0.4322916666666667,0.8333333333333334
features,stake_scaled_net_profit,963,30784,30815,32,-3.869830834446475e-05,0.0005939765383994384,64868,3.0,0.3958333333333334,0.8333333333333334
features,stake_scaled_net_profit,964,30816,30847,32,-0.00014842052769381553,0.0018480768176634382,64964,3.0,0.41145833333333337,0.8333333333333334
features,stake_scaled_net_profit,965,30848,30879,32,-0.15735608339309692,0.3367899866931306,65058,2.9375,0.4739583333333334,0.8333333333333334
features,stake_scaled_net_profit,966,30880,30911,32,-5.732725185225718e-05,0.0008148604739016768,65154,3.0,0.4010416666666667,0.5
features,stake_scaled_net_profit,967,30912,30943,32,-0.00020516413496807218,0.0026779435365676917,65250,3.0,0.40364583333333337,0.5
features,stake_scaled_net_profit,968,30944,30975,32,-7.253636431414634e-05,0.0010322803133903824,65346,3.0,0.40625000000000006,0.8333333333333334
features,stake_scaled_net_profit,969,30976,31007,32,0.0001161073669209145,0.001494974776291103,65442,3.0,0.3177083333333334,0.5
features,stake_scaled_net_profit,970,31008,31039,32,3.682946407934651e-05,0.0004918579138899596,65538,3.0,0.40885416666666674,0.8333333333333334
features,stake_scaled_net_profit,971,31040,31071,32,-5.441407120088115e-05,0.0008482954215167183,65634,3.0,0.39062500000000006,0.5
features,stake_scaled_net_profit,972,31072,31103,32,3.7478908780030906e-05,0.0005453035518215312,65730,3.0,0.3645833333333334,0.5833333333333334
features,stake_scaled_net_profit,973,31104,31135,32,1.2591479389811866e-05,0.0002942376934679113,65826,3.0,0.4062500000000001,0.8333333333333334
features,stake_scaled_net_profit,974,31136,31167,32,-3.8002923247404397e-05,0.0005871875747689699,65922,3.0,0.3541666666666667,0.5
features,stake_scaled_net_profit,975,31168,31199,32,-3.630419814726338e-05,0.0005203404832043637,66018,3.0,0.3984375,0.5833333333333334
features,stake_scaled_net_profit,976,31200,31231,32,-0.00010119875514646992,0.001250198452768911,66114,3.0,0.40625000000000006,0.8333333333333334
features,stake_scaled_net_profit,977,31232,31263,32,0.00012561802577693015,0.001916930392270929,66210,3.0,0.47656250000000006,2.0
features,stake_scaled_net_profit,978,31264,31295,32,-3.820905840257183e-05,0.0005596851674566801,66306,3.0,0.41666666666666663,0.8333333333333334
features,stake_scaled_net_profit,979,31296,31327,32,-3.198658305336721e-05,0.0005475081927253644,66402,3.0,0.4166666666666667,0.5833333333333334
features,stake_scaled_net_profit,980,31328,31359,32,4.6975910663604736e-05,0.0012576576888161483,66498,3.0,0.37760416666666674,0.8333333333333334
features,stake_scaled_net_profit,981,31360,31391,32,-4.151836037635803e-05,0.0004807562057865226,66594,3.0,0.3645833333333334,0.5833333333333334
features,stake_scaled_net_profit,982,31392,31423,32,-1.6231086192419752e-05,0.0002976578712031553,66690,3.0,0.40364583333333337,0.8333333333333334
features,stake_scaled_net_profit,983,31424,31455,32,1.2500834600359667e-05,0.0001876416987079886,66786,3.0,0.39843750000000006,0.5833333333333334
features,stake_scaled_net_profit,984,31456,31487,32,-0.0001239602715941146,0.0015925444429592528,66882,3.0,0.41145833333333337,0.5
features,stake_scaled_net_profit,985,31488,31519,32,-4.988412183593027e-05,0.0006426032945999479,66978,3.0,0.35937500000000006,0.5
features,stake_scaled_net_profit,986,31520,31551,32,0.00010259076952934265,0.0013008413950932854,67074,3.0,0.37239583333333337,0.8333333333333334
features,stake_scaled_net_profit,987,31552,31583,32,-6.132572889328003e-05,0.0008317860263204621,67170,3.0,0.40625000000000006,0.8333333333333334
features,stake_scaled_net_profit,988,31584,31615,32,-4.2955078242812306e-05,0.0006054574624675664,67266,3.0,0.40885416666666663,0.8333333333333334
features,stake_scaled_net_profit,989,31616,31647,32,2.4221841158578172e-05,0.0003468970802342208,67362,3.0,0.3958333333333335,0.8333333333333334
features,stake_scaled_net_profit,990,31648,31679,32,-3.719205778907053e-05,0.0005709624215770156,67458,3.0,0.3958333333333333,0.5833333333333334
features,stake_scaled_net_profit,991,31680,31711,32,5.48499301658012e-05,0.0008439612905854681,67554,3.0,0.41406250000000006,0.8333333333333334
features,stake_scaled_net_profit,992,31712,31743,32,-6.518885493278503e-05,0.0007753191378168994,67650,3.0,0.4296875,0.8333333333333334
features,stake_scaled_net_profit,993,31744,31775,32,2.702822348510381e-05,0.00039455951556203805,67746,3.0,0.4348958333333333,0.8333333333333334
features,stake_scaled_net_profit,994,31776,31807,32,1.41275431815302e-05,0.00032556921437827116,67842,3.0,0.3541666666666667,0.5833333333333334
features,stake_scaled_net_profit,995,31808,31839,32,-5.8047473430633545e-05,0.0008632085090830297,67938,3.0,0.42708333333333337,0.5833333333333334
features,stake_scaled_net_profit,996,31840,31871,32,-1.0746218322310597e-05,0.00017074541653987473,68034,3.0,0.39583333333333326,0.8333333333333334
features,stake_scaled_net_profit,997,31872,31903,32,-7.557496428489685e-05,0.0010190458927596885,68130,3.0,0.39062500000000006,0.5833333333333334
features,stake_scaled_net_profit,998,31904,31935,32,0.0001887616963358596,0.002951027101434766,68226,3.0,0.4322916666666667,2.0
features,stake_scaled_net_profit,999,31936,31967,32,3.200148785253987e-05,0.0004951415551910271,68322,3.0,0.36197916666666663,0.5833333333333334
features,stake_scaled_net_profit,1000,31968,31999,32,-2.6781110136653297e-05,0.00039694674704894746,68418,3.0,0.34635416666666674,0.5833333333333334
